# This file uses centimeters as units for non-parametric coordinates.

mtllib Chair_001.mtl
g default
v -117.909817 -89.512469 -852.918101
v -111.290472 -88.686149 -852.918101
v -117.909817 -89.512469 -873.695629
v -111.290472 -88.686149 -873.695629
v -115.905519 -89.512473 -845.837513
v -110.722132 -88.670288 -845.837513
v -116.241197 -89.512466 -879.485954
v -111.057673 -88.679659 -879.485954
v -122.100767 -30.180975 -873.695629
v -122.100767 -30.180975 -852.918101
v -119.985628 -34.124865 -845.837513
v -122.219402 -34.729934 -845.837513
v -124.223592 -30.728622 -852.918101
v -124.223592 -30.728622 -873.695629
v -122.555081 -34.304404 -879.485954
v -120.333050 -33.708855 -879.485954
v -120.029585 -36.672660 -838.101998
v -113.715809 -89.512481 -838.101998
v -109.256532 -88.629413 -838.101998
v -117.742629 -36.005761 -838.101998
v -120.128584 -36.531402 -887.906346
v -113.814752 -89.512475 -887.906346
v -109.355449 -88.632188 -887.906346
v -117.845504 -35.867316 -887.906346
v -112.411421 -80.426280 -852.918101
v -111.827342 -80.974376 -845.837513
v -110.354138 -81.207264 -838.101998
v -114.605932 -82.062623 -838.101998
v -116.795621 -81.788731 -845.837513
v -118.800003 -81.224581 -852.918101
v -118.800003 -81.224581 -873.695629
v -117.131375 -81.728680 -879.485954
v -114.704976 -82.042693 -887.906346
v -110.453587 -81.190098 -887.906346
v -112.164535 -80.923744 -879.485954
v -112.411421 -80.426280 -873.695629
v -111.973833 -70.254487 -838.101998
v -115.919640 -71.068939 -838.101998
v -118.109273 -70.390838 -845.837513
v -120.113604 -68.994171 -852.918101
v -120.113604 -68.994171 -873.695629
v -118.445034 -70.242286 -879.485954
v -116.018583 -71.019612 -887.906346
v -112.074105 -70.207943 -887.906346
v -122.613623 -26.401733 -852.918101
v -124.631051 -26.936145 -852.918101
v -122.613623 -26.401733 -873.695629
v -124.631051 -26.936145 -873.695629
v -112.246348 -89.512484 -832.910882
v -111.421595 -89.356320 -832.276194
v -111.937010 -89.468985 -832.452944
v -112.312809 -82.109200 -832.276194
v -112.827556 -82.218031 -832.454180
v -113.137377 -82.246291 -832.914176
v -108.439407 -88.606632 -833.076393
v -108.588493 -88.662140 -832.518666
v -109.100042 -88.794413 -832.276194
v -109.532013 -81.362380 -833.076040
v -109.678920 -81.438652 -832.518254
v -110.188186 -81.582245 -832.276194
v -120.923501 -27.796567 -846.172597
v -121.194746 -27.332520 -845.940657
v -121.766988 -27.255375 -845.837513
v -122.975119 -25.152430 -849.881874
v -122.420883 -25.195753 -850.057682
v -122.165686 -25.627578 -850.354815
v -122.345239 -27.420378 -845.837513
v -122.807337 -27.726261 -845.912650
v -122.982242 -28.224319 -846.106168
v -124.160626 -26.021225 -850.273148
v -123.981331 -25.538864 -850.063272
v -123.525421 -25.224513 -850.015142
v -121.274667 -27.333364 -879.140397
v -121.544490 -26.865372 -879.379692
v -122.116435 -26.785316 -879.485954
v -119.573172 -29.717961 -888.045851
v -119.019864 -29.762457 -887.867571
v -118.746404 -30.224966 -887.640809
v -122.680266 -26.944592 -879.485954
v -123.143429 -27.246668 -879.410170
v -123.320000 -27.737512 -879.214886
v -120.284581 -29.836639 -887.803967
v -120.721476 -30.179161 -887.819206
v -120.877596 -30.697912 -887.696646
v -116.290429 -37.223497 -833.093927
v -116.381379 -37.439890 -832.526197
v -116.889239 -37.678596 -832.276194
v -117.369559 -34.456534 -832.276194
v -116.857349 -34.331748 -832.539848
v -116.729379 -34.370760 -833.123993
v -117.738328 -37.938893 -832.276194
v -118.251206 -38.033907 -832.460358
v -118.565004 -37.972131 -832.927827
v -118.923024 -35.024444 -832.912117
v -118.641703 -34.877792 -832.453238
v -118.142805 -34.698876 -832.276194
v -117.739144 -37.939146 -893.972504
v -118.252265 -38.031625 -893.788752
v -118.567891 -37.963798 -893.322224
v -114.454886 -71.520535 -893.332638
v -114.142429 -71.516755 -893.793636
v -113.628017 -71.413742 -893.972504
v -116.294766 -37.212820 -893.155182
v -116.383707 -37.436925 -893.722559
v -116.892316 -37.679550 -893.972504
v -111.800961 -70.942123 -893.972504
v -111.293042 -70.778930 -893.730855
v -111.152224 -70.668627 -893.173187
v -118.639057 -30.387956 -838.360651
v -118.924991 -29.906792 -838.181547
v -119.502077 -29.830361 -838.101998
v -120.157255 -30.030220 -838.101998
v -120.613425 -30.350267 -838.159424
v -120.775482 -30.865806 -838.307343
v -118.677187 -30.603673 -891.087785
v -118.101963 -30.671105 -890.969873
v -117.832394 -31.137771 -890.707161
v -119.983206 -31.608859 -890.801008
v -119.806105 -31.122791 -891.008000
v -119.348384 -30.813620 -891.087785
v -111.143784 -70.672371 -833.072687
v -111.288640 -70.779662 -832.516548
v -111.796630 -70.940994 -832.276194
v -113.626988 -71.413482 -832.276194
v -114.141343 -71.517417 -832.455651
v -114.452156 -71.523376 -832.917824
v -111.938159 -89.469098 -893.796401
v -111.422744 -89.356614 -893.972504
v -112.249011 -89.512483 -893.339758
v -112.313907 -82.109454 -893.972504
v -112.828662 -82.217846 -893.795165
v -113.140120 -82.245184 -893.336463
v -108.593024 -88.662648 -893.728384
v -108.447820 -88.606870 -893.169068
v -109.104549 -88.795490 -893.972504
v -109.540479 -81.360993 -893.169539
v -109.683411 -81.438660 -893.728972
v -110.192579 -81.583329 -893.972504
v -119.340821 -30.848709 -835.188802
v -119.798132 -31.159196 -835.266939
v -119.973386 -31.648075 -835.469460
v -117.820415 -31.175456 -835.560071
v -118.092144 -30.706554 -835.303713
v -118.667608 -30.638176 -835.188802
v -118.145431 -34.683663 -893.972504
v -118.644392 -34.862159 -893.795813
v -118.927040 -35.008022 -893.337640
v -116.735048 -34.354667 -893.123822
v -116.861533 -34.316438 -893.708320
v -117.373544 -34.441737 -893.972504
v -118.649047 -32.282044 -833.083572
v -119.125467 -32.543939 -833.231726
v -119.358767 -32.908400 -833.618764
v -117.200572 -32.367889 -833.797514
v -117.396692 -32.056207 -833.307039
v -117.939863 -32.057726 -833.083572
v -118.651950 -32.266868 -893.174599
v -119.128551 -32.527205 -893.026444
v -119.363482 -32.888039 -892.639113
v -117.206642 -32.345504 -892.461009
v -117.401050 -32.039016 -892.951073
v -117.944016 -32.042947 -893.174599
v -122.963536 -23.823649 -856.496815
v -123.270204 -23.334780 -856.476634
v -123.839976 -23.243011 -856.467926
v -123.839976 -23.243011 -870.123622
v -123.270204 -23.334780 -870.114267
v -122.963460 -23.823626 -870.092614
v -124.327754 -23.375746 -856.467926
v -124.783875 -23.700509 -856.475046
v -124.920247 -24.243563 -856.492992
v -124.920246 -24.243570 -870.096733
v -124.783875 -23.700509 -870.115973
v -124.327754 -23.375746 -870.123622
v -122.169262 -25.749654 -876.180072
v -122.421790 -25.323471 -876.487442
v -122.975270 -25.282076 -876.666075
v -123.528569 -25.355214 -876.539573
v -123.985301 -25.667374 -876.485442
v -124.166764 -26.144404 -876.265446
v -123.389174 -24.316642 -851.459737
v -122.823947 -24.384929 -851.601714
v -122.579297 -24.816896 -851.918499
v -123.873498 -24.449842 -851.459737
v -124.345122 -24.733774 -851.558409
v -124.544321 -25.187987 -851.814179
v -123.665003 -23.731993 -853.069668
v -123.073279 -23.838357 -853.055900
v -122.775028 -24.367027 -853.024598
v -124.128757 -23.858804 -853.069668
v -124.586673 -24.184112 -853.059195
v -124.743758 -24.738916 -853.032953
v -123.827605 -23.374444 -854.750969
v -123.227466 -23.472401 -854.608286
v -122.910122 -23.993043 -854.276910
v -124.270093 -23.495015 -854.750969
v -124.729818 -23.834629 -854.633293
v -124.870397 -24.412607 -854.337454
v -123.829407 -23.383842 -871.843227
v -123.224971 -23.504915 -872.001089
v -122.900116 -24.079517 -872.368063
v -124.268361 -23.503416 -871.843227
v -124.729794 -23.837116 -871.958608
v -124.872326 -24.399305 -872.249504
v -123.666158 -23.767326 -873.521880
v -123.071668 -23.887741 -873.538708
v -122.769802 -24.449042 -873.576835
v -124.127976 -23.893540 -873.521880
v -124.586494 -24.217440 -873.533765
v -124.743736 -24.768301 -873.564126
v -123.388336 -24.392893 -875.118807
v -122.823068 -24.459034 -874.976948
v -122.578823 -24.885958 -874.660458
v -123.875461 -24.526723 -875.118807
v -124.346506 -24.810864 -875.018547
v -124.546045 -25.266448 -874.759718
v -112.383337 -68.697967 -846.982093
v -113.515456 -67.431575 -853.590445
v -112.721602 -68.570732 -878.387092
v -113.515456 -67.431575 -872.982805
v -111.126754 -80.045568 -846.464375
v -110.548896 -78.196471 -846.982093
v -111.153044 -77.748939 -853.590445
v -111.769221 -79.598587 -853.254361
v -109.442143 -78.418986 -840.788197
v -109.662198 -80.272830 -839.002399
v -111.318876 -69.378048 -838.971332
v -110.868770 -69.306333 -840.798788
v -111.484146 -80.025468 -878.901867
v -110.883577 -78.153602 -878.387092
v -109.564955 -78.372443 -885.194258
v -109.761020 -80.255998 -887.005239
v -110.975959 -69.264668 -885.209556
v -111.419888 -69.335309 -887.038541
v -111.765595 -79.593928 -873.337187
v -111.151724 -77.754720 -872.982805
v -120.000052 -32.931492 -853.590445
v -121.110212 -31.185323 -853.310022
v -121.112354 -31.183134 -873.280997
v -119.998383 -32.940387 -872.982805
v -117.931960 -36.612682 -846.982093
v -119.024515 -34.959895 -846.497913
v -116.794615 -36.756612 -839.057001
v -116.258803 -38.086456 -840.876689
v -116.367626 -37.945535 -885.128712
v -116.893924 -36.626152 -886.948460
v -118.270337 -36.265121 -878.387092
v -119.373717 -34.557776 -878.854444
vt 0.228680 0.712948
vt 0.230156 0.685979
vt 0.143941 0.712845
vt 0.142619 0.685621
vt 0.258035 0.709379
vt 0.260707 0.687431
vt 0.119947 0.709529
vt 0.117552 0.687256
vt 0.290867 0.706505
vt 0.083875 0.706287
vt 0.080793 0.687145
vt 0.259694 0.742058
vt 0.229442 0.746878
vt 0.143324 0.746926
vt 0.118520 0.742757
vt 0.260832 0.789929
vt 0.230261 0.797466
vt 0.143068 0.797760
vt 0.117986 0.791315
vt 0.060147 0.704451
vt 0.045406 0.705778
vt 0.327155 0.703823
vt 0.329063 0.735847
vt 0.309420 0.955259
vt 0.298377 0.962214
vt 0.054175 0.736289
vt 0.055440 0.704734
vt 0.294284 0.687649
vt 0.312870 0.704668
vt 0.315305 0.735453
vt 0.217069 0.990285
vt 0.159157 0.992803
vt 0.131214 0.982255
vt 0.116878 0.977501
vt 0.263332 0.972237
vt 0.246862 0.983554
vt 0.118146 0.975376
vt 0.079237 0.964081
vt 0.261690 0.424266
vt 0.322543 0.924110
vt 0.325566 0.938713
vt 0.262033 0.940441
vt 0.242985 0.977837
vt 0.231595 0.958210
vt 0.159393 0.985982
vt 0.144071 0.958787
vt 0.120399 0.971228
vt 0.118981 0.943290
vt 0.083340 0.957594
vt 0.054745 0.939960
vt 0.050537 0.926675
vt 0.121302 0.420793
vt 0.296932 0.959710
vt 0.264660 0.974401
vt 0.261039 0.968085
vt 0.295555 0.438265
vt 0.081719 0.962005
vt 0.065640 0.959085
vt 0.082257 0.738690
vt 0.058324 0.687432
vt 0.059059 0.655891
vt 0.315526 0.657289
vt 0.319940 0.735278
vt 0.329388 0.782575
vt 0.292936 0.738201
vt 0.316846 0.781754
vt 0.058818 0.736261
vt 0.081463 0.786123
vt 0.053211 0.782941
vt 0.045056 0.737199
vt 0.058529 0.609344
vt 0.316703 0.611166
vt 0.321503 0.781687
vt 0.326220 0.924751
vt 0.294337 0.785003
vt 0.317879 0.924425
vt 0.057862 0.782945
vt 0.082384 0.932824
vt 0.054193 0.925951
vt 0.045358 0.783965
vt 0.060219 0.466210
vt 0.319402 0.948366
vt 0.311038 0.957663
vt 0.322342 0.937858
vt 0.320584 0.951806
vt 0.058660 0.950093
vt 0.051613 0.941156
vt 0.067484 0.956779
vt 0.056214 0.951858
vt 0.294891 0.955453
vt 0.295513 0.930829
vt 0.317932 0.936848
vt 0.317745 0.468707
vt 0.307542 0.442474
vt 0.058865 0.926200
vt 0.070122 0.952953
vt 0.084179 0.435548
vt 0.060457 0.454066
vt 0.217561 0.405796
vt 0.134167 0.413607
vt 0.239612 0.987169
vt 0.245078 0.981991
vt 0.232361 0.989860
vt 0.238673 0.985316
vt 0.224824 0.991535
vt 0.231706 0.987971
vt 0.217144 0.992408
vt 0.224471 0.989659
vt 0.151444 0.991980
vt 0.159200 0.990681
vt 0.143898 0.990295
vt 0.151778 0.990121
vt 0.136663 0.987539
vt 0.144540 0.988413
vt 0.129463 0.983859
vt 0.137599 0.985677
vt 0.226930 0.406624
vt 0.232233 0.408313
vt 0.236955 0.410358
vt 0.232508 0.416855
vt 0.243723 0.414073
vt 0.236326 0.981358
vt 0.231220 0.983296
vt 0.225795 0.984733
vt 0.231678 0.974149
vt 0.216811 0.985585
vt 0.140829 0.409814
vt 0.145492 0.407918
vt 0.150641 0.406348
vt 0.144973 0.416122
vt 0.160257 0.405326
vt 0.150421 0.985288
vt 0.144938 0.983749
vt 0.139896 0.981687
vt 0.144250 0.974727
vt 0.133294 0.978092
vt 0.317034 0.703085
vt 0.315745 0.688842
vt 0.318605 0.692560
vt 0.307058 0.951395
vt 0.315099 0.945878
vt 0.315065 0.447961
vt 0.059127 0.938579
vt 0.062320 0.947375
vt 0.063373 0.445452
vt 0.317825 0.456607
vt 0.070949 0.440055
vt 0.315098 0.704108
vt 0.317626 0.735247
vt 0.318174 0.688959
vt 0.317961 0.690046
vt 0.317957 0.657551
vt 0.265930 0.976515
vt 0.262625 0.421994
vt 0.244923 0.411942
vt 0.247959 0.985727
vt 0.262121 0.970205
vt 0.244032 0.979916
vt 0.115648 0.979643
vt 0.120390 0.418486
vt 0.083336 0.433249
vt 0.078394 0.966390
vt 0.119337 0.973336
vt 0.082536 0.959802
vt 0.328692 0.925488
vt 0.320334 0.456373
vt 0.320221 0.923989
vt 0.320144 0.937284
vt 0.056515 0.925788
vt 0.055530 0.782785
vt 0.048074 0.927484
vt 0.057773 0.467059
vt 0.056096 0.609701
vt 0.042937 0.784398
vt 0.299627 0.964353
vt 0.296251 0.435897
vt 0.295809 0.957629
vt 0.069963 0.437741
vt 0.064107 0.961032
vt 0.068879 0.954906
vt 0.331813 0.782959
vt 0.319179 0.781566
vt 0.058065 0.703414
vt 0.056498 0.736154
vt 0.056100 0.688528
vt 0.042627 0.737491
vt 0.056622 0.656120
vt 0.308176 0.953359
vt 0.312399 0.959702
vt 0.308562 0.440175
vt 0.056910 0.939179
vt 0.049342 0.942022
vt 0.057955 0.453767
vt 0.317150 0.947374
vt 0.324953 0.949787
vt 0.060483 0.948749
vt 0.054300 0.953248
vt 0.061333 0.443896
vt 0.217184 0.994835
vt 0.217671 0.403374
vt 0.160188 0.402903
vt 0.159155 0.995227
vt 0.216955 0.987934
vt 0.159280 0.988331
vt 0.128389 0.986041
vt 0.132970 0.411475
vt 0.132248 0.980173
vt 0.238260 0.408257
vt 0.240608 0.989390
vt 0.237548 0.983306
vt 0.232099 0.405764
vt 0.233604 0.992046
vt 0.231236 0.985690
vt 0.225558 0.404050
vt 0.226096 0.993843
vt 0.224657 0.987243
vt 0.152215 0.403584
vt 0.150092 0.994299
vt 0.151576 0.987719
vt 0.145716 0.405244
vt 0.142604 0.992473
vt 0.144982 0.986129
vt 0.139572 0.407706
vt 0.135648 0.989747
vt 0.138704 0.983661
vt 0.282044 0.643194
vt 0.283312 0.472463
vt 0.227737 0.639039
vt 0.255819 0.641676
vt 0.093805 0.642022
vt 0.093743 0.603595
vt 0.122785 0.640789
vt 0.145740 0.638674
vt 0.229270 0.447451
vt 0.146236 0.594340
vt 0.257353 0.464597
vt 0.227898 0.594798
vt 0.282605 0.605039
vt 0.255922 0.601177
vt 0.124521 0.461728
vt 0.095641 0.470137
vt 0.147769 0.446807
vt 0.123305 0.599620
vt 0.230293 0.651570
vt 0.257750 0.649930
vt 0.294020 0.655732
vt 0.290539 0.605179
vt 0.260105 0.654993
vt 0.289485 0.651094
vt 0.081591 0.654692
vt 0.120742 0.649237
vt 0.080887 0.606833
vt 0.086160 0.650030
vt 0.118478 0.654151
vt 0.144270 0.646776
vt 0.142804 0.651182
vt 0.229000 0.647180
vt 0.232230 0.432858
vt 0.146631 0.438045
vt 0.262205 0.450991
vt 0.230507 0.438768
vt 0.295417 0.608492
vt 0.290998 0.466581
vt 0.296113 0.462458
vt 0.259343 0.456249
vt 0.083043 0.459838
vt 0.085812 0.603602
vt 0.120167 0.447749
vt 0.088080 0.464126
vt 0.144924 0.432114
vt 0.122779 0.453106
vt 0.318739 0.949215
vt 0.322469 0.949362
vt 0.321733 0.953994
vt 0.327928 0.939336
vt 0.317144 0.446433
vt 0.331496 0.736062
vt 0.319127 0.611556
vt 0.320176 0.469574
vt 0.329596 0.703934
vt 0.042970 0.706001
vt 0.055440 0.690977
vt 0.057794 0.704507
vt 0.057003 0.701250
vt 0.055890 0.687509
vn -0.992658 -0.107284 -0.055851
vn -0.992143 -0.107434 0.064106
vn -0.991995 -0.107467 0.066308
vn -0.992542 -0.107310 -0.057840
vn 0.124616 -0.992204 0.001081
vn 0.127519 -0.991822 0.005304
vn 0.128792 -0.991644 -0.007429
vn 0.124833 -0.992177 -0.001449
vn 0.990803 0.135130 0.006992
vn 0.990652 0.135309 -0.017323
vn 0.990599 0.135407 -0.019434
vn 0.990789 0.135193 0.007679
vn -0.956011 -0.109080 -0.272294
vn -0.957192 -0.109317 -0.268017
vn 0.143453 -0.989356 0.024431
vn 0.165312 -0.985608 0.035342
vn 0.982872 0.139802 0.120074
vn 0.980891 0.140070 0.135027
vn -0.957244 -0.109311 0.267833
vn -0.958392 -0.109544 0.263598
vn 0.166408 -0.985433 -0.035079
vn 0.143350 -0.989338 -0.025701
vn 0.982410 0.139775 -0.123826
vn 0.980733 0.140221 -0.136017
vn -0.955306 -0.112977 -0.273180
vn -0.956112 -0.113095 -0.270296
vn 0.177232 -0.983335 0.040503
vn 0.204258 -0.977873 0.045204
vn 0.972781 0.142896 0.182421
vn 0.973724 0.143541 0.176799
vn -0.956492 -0.113574 0.268746
vn -0.957249 -0.113691 0.265984
vn 0.204635 -0.977855 -0.043862
vn 0.178529 -0.983145 -0.039415
vn 0.975497 0.144198 -0.166172
vn 0.974674 0.143626 -0.171412
vn -0.960076 -0.114035 0.255441
vn -0.962650 -0.110041 0.247377
vn -0.992392 -0.107507 0.060005
vn -0.992861 -0.107342 -0.052009
vn -0.961588 -0.109825 -0.251569
vn -0.959116 -0.113456 -0.259278
vn -0.961259 -0.113777 0.251071
vn -0.964370 -0.109705 0.240739
vn -0.992638 -0.107441 0.055904
vn -0.993088 -0.107289 -0.047592
vn -0.963373 -0.109483 -0.244796
vn -0.960362 -0.113192 -0.254738
vn -0.096049 0.915411 0.390894
vn 0.171483 0.945193 0.277856
vn 0.196590 0.892470 0.406017
vn -0.086707 0.871478 0.482710
vn 0.859649 0.510712 -0.013268
vn 0.961777 0.173285 -0.212031
vn 0.966574 0.158337 -0.201655
vn 0.869627 0.493384 0.017940
vn -0.967608 -0.090212 0.235788
vn -0.923181 0.195386 0.331001
vn -0.916284 0.185895 0.354777
vn -0.970831 -0.096120 0.219654
vn -0.534325 0.691624 0.485956
vn -0.434472 0.784045 0.443291
vn -0.439282 0.738396 0.511667
vn -0.525673 0.687159 0.501478
vn -0.126205 0.910633 -0.393472
vn 0.175131 0.943920 -0.279901
vn 0.161589 0.955910 -0.245202
vn 0.016678 0.951632 -0.306786
vn 0.859372 0.510998 0.018990
vn 0.960447 0.178502 0.213724
vn 0.958407 0.158771 0.237167
vn 0.845071 0.529751 0.072241
vn -0.963697 -0.081743 -0.254178
vn -0.923373 0.199450 -0.328029
vn -0.905373 0.160597 -0.393077
vn -0.962987 -0.098177 -0.251034
vn -0.549587 0.728085 -0.409692
vn -0.360108 0.848441 -0.387904
vn -0.378216 0.803530 -0.459664
vn -0.559395 0.723019 -0.405365
vn 0.105071 0.016131 0.994334
vn 0.414536 0.063592 0.907808
vn 0.414073 0.144904 0.898636
vn 0.179774 0.160649 0.970502
vn 0.959496 0.147360 0.240109
vn 0.974452 0.155515 -0.162044
vn 0.965294 0.146957 -0.215897
vn 0.953358 0.228101 0.197685
vn -0.953926 -0.115532 0.276908
vn -0.828875 -0.101721 0.550108
vn -0.840136 -0.072128 0.537558
vn -0.957865 -0.112163 0.264414
vn -0.326480 -0.040158 0.944351
vn -0.095872 -0.011793 0.995324
vn -0.146248 0.119248 0.982034
vn -0.365935 0.095345 0.925744
vn -0.953282 -0.115294 -0.279215
vn -0.827314 -0.101515 -0.552491
vn -0.825720 -0.101153 -0.554937
vn -0.951015 -0.115016 -0.286951
vn -0.325726 -0.040060 -0.944615
vn -0.095787 -0.011781 -0.995332
vn -0.087393 -0.010712 -0.996116
vn -0.324263 -0.039746 -0.945131
vn 0.105510 0.016188 -0.994286
vn 0.414894 0.063606 -0.907644
vn 0.413979 0.063113 -0.908096
vn 0.130249 0.019892 -0.991282
vn 0.960383 0.147391 -0.236517
vn 0.973257 0.155126 0.169432
vn 0.977314 0.153156 0.146287
vn 0.958402 0.146446 -0.244989
vn -0.063257 -0.007757 -0.997967
vn -0.316813 -0.038851 -0.947692
vn -0.318480 -0.039051 -0.947125
vn -0.066588 -0.008165 -0.997747
vn -0.819182 -0.100348 -0.564686
vn -0.946995 -0.114530 -0.300138
vn -0.947872 -0.114635 -0.297316
vn -0.820716 -0.100542 -0.562420
vn 0.981178 0.146512 0.125795
vn 0.954035 0.143915 -0.262881
vn 0.953432 0.143791 -0.265124
vn 0.981489 0.146553 0.123292
vn 0.416292 0.062782 -0.907061
vn 0.110515 0.016667 -0.993735
vn 0.094253 0.014219 -0.995447
vn 0.415228 0.062636 -0.907559
vn -0.037587 0.999257 0.008529
vn 0.158119 0.987377 0.009185
vn 0.160195 0.987029 -0.010595
vn -0.036061 0.999304 -0.009534
vn 0.847177 0.531305 0.002407
vn 0.988272 0.152703 0.000058
vn 0.988265 0.152746 -0.000144
vn 0.848145 0.529750 -0.003898
vn -0.995747 -0.092125 0.000308
vn -0.969629 0.244499 0.006339
vn -0.969470 0.245133 -0.006153
vn -0.995746 -0.092141 -0.000300
vn -0.580110 0.814501 0.007809
vn -0.439821 0.898043 0.008760
vn -0.439524 0.898184 -0.009160
vn -0.579673 0.814809 -0.008096
vn -0.066736 -0.008184 0.997737
vn -0.063405 -0.007776 0.997958
vn 0.109713 0.016551 0.993825
vn 0.093584 0.014121 0.995511
vn -0.384659 0.803893 0.453645
vn -0.049052 0.901541 0.429905
vn 0.008748 0.954154 0.299190
vn -0.357732 0.854086 0.377579
vn 0.982734 0.146905 -0.112487
vn 0.982451 0.146868 -0.114980
vn -0.947932 -0.114790 0.297068
vn -0.948759 -0.114901 0.294372
vn -0.422425 0.737627 -0.526749
vn -0.058590 0.866922 -0.494988
vn -0.451944 0.775098 -0.441553
vn 0.963212 0.134802 -0.232489
vn 0.988979 0.134733 -0.061371
vn 0.990096 0.134308 -0.040886
vn -0.993210 -0.106711 0.046320
vn -0.993545 -0.106646 -0.038662
vn -0.970775 -0.095126 -0.220332
vn -0.966677 -0.092617 -0.238659
vn -0.145551 0.117390 -0.982362
vn 0.180538 0.158995 -0.970632
vn 0.962202 0.134338 0.236900
vn 0.964653 0.149505 0.217009
vn -0.964613 -0.082441 0.250450
vn 0.959099 0.159095 -0.234132
vn 0.965723 0.150087 -0.211786
vn -0.042863 0.899911 -0.433961
vn 0.970085 0.154340 -0.187389
vn 0.978489 0.153542 -0.137784
vn 0.129752 0.019828 0.991348
vn -0.087519 -0.010729 0.996105
vn -0.951717 -0.115260 0.284516
vn 0.968872 0.153923 0.193892
vn -0.293558 0.543468 0.786426
vn 0.127340 0.842027 0.524190
vn -0.008739 0.317230 0.948308
vn -0.291541 0.537993 -0.790928
vn -0.007741 0.314018 -0.949386
vn 0.129033 0.836867 -0.531982
vn -0.961581 -0.102663 0.254602
vn -0.963810 -0.098940 0.247550
vn 0.959449 0.163264 -0.229790
vn 0.962894 0.154222 -0.221475
vn -0.960838 -0.103187 -0.257182
vn -0.957301 -0.112164 -0.266448
vn 0.958789 0.162297 0.233204
vn 0.964390 0.146516 0.220194
vn 0.962097 0.153343 0.225511
vn 0.989501 0.134692 0.052400
vn 0.990367 0.134267 0.033841
vn 0.966778 0.155909 0.202565
vn -0.028274 0.908935 0.415978
vn -0.405430 0.799628 0.442969
vn -0.053402 0.956682 0.286194
vn -0.426016 0.852865 0.301881
vn -0.076313 0.986509 0.144830
vn -0.443760 0.883231 0.151590
vn -0.066582 0.985617 -0.155326
vn -0.438651 0.884210 -0.160493
vn -0.041987 0.951936 -0.303405
vn -0.422332 0.848172 -0.319752
vn -0.023100 0.897053 -0.441319
vn -0.402427 0.787506 -0.466783
vn 0.967658 0.252181 -0.006586
vn 0.966293 0.252152 -0.051942
vn 0.959195 0.262160 -0.105911
vn -0.975422 0.032443 0.217943
vn -0.987306 0.070591 0.142277
vn -0.998705 0.019142 0.047141
vn 0.959488 0.264251 0.097747
vn 0.965663 0.255234 0.048480
vn 0.967653 0.252259 0.003514
vn -0.998675 0.020346 -0.047260
vn -0.986656 0.073418 -0.145327
vn -0.974534 0.034299 -0.221603
vn 0.212640 -0.976083 -0.045225
vn 0.212640 -0.976083 -0.045225
vn 0.212640 -0.976083 -0.045225
vn 0.212640 -0.976083 -0.045225
vn 0.212640 -0.976083 -0.045225
vn 0.212640 -0.976083 -0.045225
vn 0.212317 -0.976089 0.046604
vn 0.212317 -0.976089 0.046604
vn 0.212317 -0.976089 0.046604
vn 0.212317 -0.976089 0.046604
vn 0.212317 -0.976089 0.046604
vn 0.212317 -0.976089 0.046604
vn -0.821166 -0.100600 0.561752
vn -0.822641 -0.100793 0.559556
vn -0.317836 -0.038980 0.947344
vn -0.319468 -0.039176 0.946787
vn 0.414134 0.062474 0.908069
vn 0.413224 0.062348 0.908493
vn 0.952189 0.143661 0.269626
vn 0.951607 0.143544 0.271732
vn 0.844987 0.529798 -0.072878
vn 0.161308 0.958787 0.233895
vn 0.200107 0.896828 0.394534
vn 0.874155 0.484503 0.033314
vn -0.555043 0.728749 0.401063
vn -0.925922 0.199271 0.320874
vn 0.873004 0.486763 -0.030423
vn 0.201418 0.886856 -0.415834
vn 0.196448 0.861926 -0.467431
vn 0.842425 0.533200 0.077579
vn -0.532518 0.692477 -0.486724
vn -0.522043 0.675814 -0.520333
vn -0.920831 0.197222 -0.336413
vn -0.914603 0.184705 -0.359702
vn 0.957296 0.146388 0.249309
vn 0.413145 0.063019 0.908482
vn -0.325080 -0.039851 0.944847
vn -0.827372 -0.101371 0.552431
vn -0.364604 0.093540 -0.926452
vn -0.838606 -0.072420 -0.539903
vn 0.953802 0.227162 -0.196619
vn 0.414139 0.143685 -0.898801
vn 0.843339 0.531358 -0.080237
vn 0.196151 0.865520 0.460868
vn -0.561351 0.726623 0.396112
vn -0.907060 0.161565 0.388765
vn -0.501583 0.526998 0.686066
vn -0.864825 0.025230 0.501439
vn 0.890224 0.450922 0.064584
vn 0.201355 0.842813 0.499122
vn -0.498951 0.522050 -0.691746
vn -0.862995 0.024020 -0.504641
vn 0.890653 0.449948 -0.065460
vn 0.352234 0.369569 -0.859855
vn 0.351723 0.372749 0.858691
vn 0.202359 0.837926 -0.506884
vn 0.165227 0.973196 -0.159965
vn 0.857768 0.512912 -0.034000
vn -0.570884 0.810837 0.128979
vn -0.957658 0.270698 0.098054
vn -0.529665 0.740536 -0.413596
vn -0.920394 0.212201 -0.328398
vn 0.165786 0.944491 0.283641
vn 0.858678 0.510461 0.045843
vn -0.922032 0.217042 0.320545
vn -0.533356 0.749837 0.391505
vn 0.144737 0.978025 0.150061
vn 0.849180 0.527454 0.026189
vn -0.934821 0.278378 0.220489
vn -0.547877 0.794676 0.261382
vn 0.178773 0.937224 -0.299419
vn 0.870073 0.490947 -0.044083
vn -0.955470 0.277020 -0.101666
vn -0.565215 0.813581 -0.136447
vn 0.205782 0.883062 -0.421728
vn 0.878228 0.476762 -0.037597
vn -0.931958 0.279990 -0.230347
vn -0.540806 0.793833 -0.278133
vn 0.858065 -0.494233 -0.139495
vn 0.982332 0.091963 -0.162992
vn 0.990197 0.116119 -0.077628
vn 0.908174 -0.376139 -0.183684
vn 0.890221 -0.454734 -0.026910
vn 0.990585 0.133068 -0.032160
vn 0.896683 -0.442349 0.016958
vn 0.990668 0.135239 0.016950
vn 0.890983 0.135503 0.433346
vn 0.979538 0.167919 -0.110946
vn 0.912673 0.151902 0.379411
vn 0.977173 0.176459 -0.118300
vn 0.886976 0.253408 0.386080
vn 0.840619 -0.524529 0.135014
vn 0.982901 0.084179 0.163769
vn 0.905831 -0.375313 0.196498
vn 0.988729 0.114325 0.096664
vn 0.892847 0.134979 -0.429657
vn 0.913736 0.151576 -0.376977
vn 0.977732 0.166873 0.127253
vn 0.890066 0.260385 -0.374143
vn 0.975427 0.175527 0.133162
vn 0.976897 0.212528 -0.022444
vn 0.781599 0.622765 0.035598
vn 0.766071 0.642421 0.020725
vn 0.964101 0.195338 -0.179869
vn 0.977248 0.211476 0.016270
vn 0.784569 0.619009 -0.035763
vn 0.964183 0.197828 0.176680
vn 0.760680 0.648593 -0.026318
vn 0.967019 0.175756 -0.184348
vn 0.980738 0.189916 -0.045658
vn 0.966929 0.173568 0.186878
vn 0.981081 0.190370 0.035206
vn 0.750091 -0.649465 -0.124733
vn 0.785030 -0.619096 -0.021184
vn 0.739635 0.122234 0.661815
vn 0.734020 0.109124 0.670303
vn 0.723228 -0.671785 -0.160144
vn 0.751627 -0.649494 0.114953
vn 0.717852 -0.675249 0.169494
vn 0.734156 0.108902 -0.670190
vn 0.739746 0.121973 -0.661739
vn 0.786095 -0.617866 0.017221
vn 0.714293 0.699658 -0.016255
vn 0.713774 0.700179 0.016595
vn 0.711187 0.689829 0.135461
vn 0.740981 0.125445 0.659705
vn 0.638208 0.769862 -0.001540
vn 0.741089 0.125180 -0.659634
vn 0.644656 0.764471 -0.001760
vn 0.714926 0.683169 -0.148865
s 1
g Chair_Back Chair
usemtl initialShadingGroup
f 3/3/1 1/1/2 30/13/3 31/14/4
s 2
f 3/3/5 4/4/6 2/2/7 1/1/8
s 3
f 36/256/9 25/244/10 2/2/11 4/4/12
s 1
f 7/7/13 3/3/1 31/14/4 32/15/14
s 2
f 7/7/15 8/8/16 4/4/6 3/3/5
s 3
f 35/254/17 36/256/9 4/4/12 8/8/18
s 1
f 1/1/2 5/5/19 29/12/20 30/13/3
s 2
f 1/1/8 2/2/7 6/6/21 5/5/22
s 3
f 26/248/23 6/6/24 2/2/11 25/244/10
s 1
f 22/10/25 7/7/13 32/15/14 33/59/26
s 2
f 22/10/27 23/11/28 8/8/16 7/7/15
s 3
f 35/254/17 8/8/18 23/11/29 34/250/30
s 1
f 5/5/19 18/9/31 28/65/32 29/12/20
s 2
f 5/5/22 6/6/21 19/28/33 18/9/34
s 3
f 27/246/35 19/28/36 6/6/24 26/248/23
s 1
f 29/12/20 28/65/32 38/75/37 39/16/38
f 30/13/3 29/12/20 39/16/38 40/17/39
f 31/14/4 30/13/3 40/17/39 41/18/40
f 32/15/14 31/14/4 41/18/40 42/19/41
f 33/59/26 32/15/14 42/19/41 43/68/42
f 39/16/38 38/75/37 17/91/43 12/42/44
f 40/17/39 39/16/38 12/42/44 13/44/45
f 41/18/40 40/17/39 13/44/45 14/46/46
f 42/19/41 41/18/40 14/46/46 15/48/47
f 43/68/42 42/19/41 15/48/47 21/78/48
s 4
f 63/54/49 62/153/50 65/156/51 64/36/52
s 3
f 62/154/53 61/39/54 66/121/55 65/155/56
s 1
f 69/55/57 68/157/58 71/158/59 70/43/60
s 4
f 68/157/61 67/35/62 72/102/63 71/158/64
f 75/34/65 74/159/66 77/162/67 76/38/68
s 3
f 74/160/69 73/52/70 78/97/71 77/161/72
s 1
f 84/49/73 83/164/74 119/180/75 118/96/76
s 4
f 83/164/77 82/57/78 120/88/79 119/180/80
f 87/74/81 86/165/82 89/275/83 88/41/84
s 3
f 86/279/85 85/93/86 90/146/87 89/166/88
s 1
f 93/76/89 92/167/90 95/168/91 94/92/92
s 4
f 92/167/93 91/40/94 96/84/95 95/168/96
s 1
f 99/95/97 98/169/98 101/170/99 100/77/100
s 4
f 98/169/101 97/79/102 102/69/103 101/170/104
f 105/51/105 104/171/106 107/174/107 106/80/108
s 3
f 104/172/109 103/81/110 108/71/111 107/173/112
s 4
f 128/27/113 127/283/114 131/184/115 130/26/116
s 1
f 127/283/117 129/20/118 132/67/119 131/184/120
s 3
f 134/60/121 133/285/122 137/187/123 136/61/124
s 4
f 133/281/125 135/21/126 138/70/127 137/186/128
f 165/107/129 164/199/130 167/202/131 166/32/132
s 3
f 164/200/133 163/99/134 168/131/135 167/201/136
s 1
f 171/126/137 170/203/138 173/204/139 172/45/140
s 4
f 170/203/141 169/31/142 174/110/143 173/204/144
f 52/63/145 50/137/146 57/22/147 60/23/148
f 139/24/149 144/83/150 111/25/151 112/53/152
f 130/26/116 138/70/127 135/21/126 128/27/113
s 3
f 58/62/153 55/138/154 19/28/36 27/246/35
s 1
f 18/9/31 49/29/155 54/30/156 28/65/32
s 4
f 169/31/142 165/107/129 166/32/132 174/110/143
f 178/33/157 177/115/158 75/34/65 79/37/159
f 67/35/62 63/54/49 64/36/52 72/102/63
f 79/37/159 75/34/65 76/38/68 82/57/78
s 3
f 61/39/54 11/260/160 10/258/161 45/120/162 66/121/55
s 4
f 91/40/94 87/74/81 88/41/84 96/84/95
s 1
f 13/44/45 12/42/44 69/55/57 70/43/60 46/125/163
f 14/46/46 13/44/45 46/125/163 171/126/137 172/45/140 48/135/164
f 15/48/47 14/46/46 48/135/164 180/136/165 81/47/166
f 21/78/48 15/48/47 81/47/166 84/49/73
s 4
f 145/50/167 150/87/168 105/51/105 97/79/102
s 3
f 73/52/70 16/268/169 24/266/170 78/97/71
s 4
f 112/53/152 111/25/151 63/54/49 67/35/62
s 1
f 12/42/44 17/91/43 114/90/171 69/55/57
s 3
f 109/56/172 20/264/173 11/260/160 61/39/54
s 4
f 82/57/78 76/38/68 115/58/174 120/88/79
s 1
f 132/67/119 129/20/118 22/10/25 33/59/26
s 3
f 34/250/30 23/11/29 134/60/121 136/61/124
f 58/62/153 27/246/35 37/262/175 121/72/176
s 4
f 52/63/145 60/23/148 123/64/177 124/73/178
s 1
f 28/65/32 54/30/156 126/66/179 38/75/37
f 132/67/119 33/59/26 43/68/42 100/77/100
s 4
f 102/69/103 106/80/108 138/70/127 130/26/116
s 3
f 44/252/180 34/250/30 136/61/124 108/71/111
f 121/72/176 37/262/175 20/264/173 85/93/86
s 4
f 124/73/178 123/64/177 87/74/81 91/40/94
s 1
f 38/75/37 126/66/179 93/76/89 17/91/43
f 100/77/100 43/68/42 21/78/48 99/95/97
s 4
f 97/79/102 105/51/105 106/80/108 102/69/103
s 3
f 24/266/170 44/252/180 108/71/111 103/81/110
s 4
f 139/24/149 151/272/181 156/85/182 144/83/150
f 151/82/181 96/84/95 88/41/84 156/273/183
f 145/50/167 157/86/184 162/89/185 150/87/168
f 157/86/184 120/88/79 115/58/174 162/89/186
s 1
f 114/90/171 17/91/43 93/76/89 94/92/92 153/141/187 141/140/188
s 3
f 90/146/87 85/93/86 20/264/173 109/56/172 142/94/189 154/142/190
s 1
f 99/95/97 21/78/48 84/49/73 118/96/76 159/144/191 147/143/192
s 3
f 117/147/193 78/97/71 24/266/170 103/81/110 148/98/194 160/145/195
f 163/99/134 45/120/162 10/258/161 9/270/196 47/130/197 168/131/135
f 175/100/198 47/130/197 9/270/196 16/268/169 73/52/70
s 4
f 64/36/52 181/101/199 184/104/200 72/102/63
f 181/101/199 187/103/201 190/106/202 184/104/200
f 187/103/201 193/105/203 196/108/204 190/106/202
f 193/105/203 165/107/129 169/31/142 196/108/204
f 166/32/132 199/109/205 202/112/206 174/110/143
f 199/109/205 205/111/207 208/114/208 202/112/206
f 205/111/207 211/113/209 214/116/210 208/114/208
f 211/113/209 177/115/158 178/33/157 214/116/210
s 3
f 45/120/162 163/99/134 195/117/211
f 45/120/162 195/117/211 189/118/212
f 45/120/162 189/118/212 183/119/213
f 45/120/162 183/119/213 66/121/55
s 1
f 46/125/163 70/43/60 186/122/214
f 46/125/163 186/122/214 192/123/215
f 46/125/163 192/123/215 198/124/216
f 46/125/163 198/124/216 171/126/137
s 3
f 47/130/197 175/100/198 213/127/217
f 47/130/197 213/127/217 207/128/218
f 47/130/197 207/128/218 201/129/219
f 47/130/197 201/129/219 168/131/135
s 1
f 48/135/164 172/45/140 204/132/220
f 48/135/164 204/132/220 210/133/221
f 48/135/164 210/133/221 216/134/222
f 48/135/164 216/134/222 180/136/165
s 2
f 50/137/223 51/148/224 49/29/225 18/9/34 19/28/33 55/138/226 56/151/227 57/139/228
f 133/185/229 134/60/230 23/11/28 22/10/27 129/20/231 127/183/232 128/284/233 135/282/234
s 1
f 49/29/155 51/148/235 53/149/236 54/30/156
s 4
f 51/148/237 50/137/146 52/63/145 53/149/238
f 57/22/147 56/280/239 59/277/240 60/23/148
s 3
f 56/150/241 55/138/154 58/62/153 59/152/242
f 61/39/54 62/154/53 110/176/243 109/56/172
s 4
f 62/153/50 63/54/49 111/25/151 110/175/244
f 64/36/52 65/156/51 182/209/245 181/101/199
s 3
f 65/155/56 66/121/55 183/119/213 182/208/246
s 4
f 67/35/62 68/157/61 113/177/247 112/53/152
s 1
f 68/157/58 69/55/57 114/90/171 113/177/248
s 3
f 73/52/70 74/160/69 176/206/249 175/100/198
s 4
f 74/159/66 75/34/65 177/115/158 176/205/250
f 76/38/68 77/162/67 116/179/251 115/58/174
s 3
f 77/161/72 78/97/71 117/147/193 116/178/252
s 4
f 79/37/159 80/163/253 179/207/254 178/33/157
s 1
f 80/163/255 81/47/166 180/136/165 179/207/256
f 81/47/166 80/163/255 83/164/74 84/49/73
s 4
f 80/163/253 79/37/159 82/57/78 83/164/77
s 3
f 85/93/86 86/279/85 122/278/257 121/72/176
s 4
f 86/165/82 87/74/81 123/64/177 122/181/258
f 91/40/94 92/167/93 125/182/259 124/73/178
s 1
f 92/167/90 93/76/89 126/66/179 125/182/260
s 4
f 97/79/102 98/169/101 146/191/261 145/50/167
s 1
f 98/169/98 99/95/97 147/143/192 146/191/262
s 3
f 103/81/110 104/172/109 149/193/263 148/98/194
s 4
f 104/171/106 105/51/105 150/87/168 149/192/264
s 3
f 109/56/172 110/176/243 143/190/265 142/94/189
s 4
f 110/175/244 111/25/151 144/83/150 143/189/266
f 112/53/152 113/177/247 140/188/267 139/24/149
s 1
f 113/177/248 114/90/171 141/140/188 140/188/268
s 4
f 60/23/148 59/277/240 122/181/258 123/64/177
s 3
f 59/152/242 58/62/153 121/72/176 122/278/257
s 1
f 54/30/156 53/149/236 125/182/260 126/66/179
s 4
f 53/149/238 52/63/145 124/73/178 125/182/259
s 1
f 100/77/100 101/170/99 131/184/120 132/67/119
s 4
f 101/170/104 102/69/103 130/26/116 131/184/115
f 106/80/108 107/174/107 137/186/128 138/70/127
s 3
f 107/173/112 108/71/111 136/61/124 137/187/123
s 4
f 139/24/149 140/188/267 152/194/269 151/272/181
s 1
f 140/188/268 141/140/188 153/141/187 152/194/270
s 3
f 142/94/189 143/190/265 155/276/271 154/142/190
s 4
f 143/189/266 144/83/150 156/85/182 155/274/272
f 145/50/167 146/191/261 158/196/273 157/86/184
s 1
f 146/191/262 147/143/192 159/144/191 158/196/274
s 3
f 148/98/194 149/193/263 161/198/275 160/145/195
s 4
f 149/192/264 150/87/168 162/89/185 161/197/276
s 1
f 94/92/92 95/168/91 152/194/270 153/141/187
s 4
f 95/168/96 96/84/95 151/82/181 152/194/269
f 88/41/84 89/275/83 155/195/277 156/273/183
s 3
f 89/166/88 90/146/87 154/142/190 155/276/271
s 1
f 118/96/76 119/180/75 158/196/274 159/144/191
s 4
f 119/180/80 120/88/79 157/86/184 158/196/273
f 115/58/174 116/179/251 161/197/278 162/89/186
s 3
f 116/178/252 117/147/193 160/145/195 161/198/275
s 4
f 166/32/132 167/202/131 200/218/279 199/109/205
s 3
f 167/201/136 168/131/135 201/129/219 200/217/280
s 4
f 169/31/142 170/203/141 197/216/281 196/108/204
s 1
f 170/203/138 171/126/137 198/124/216 197/216/282
s 4
f 178/33/157 179/207/254 215/225/283 214/116/210
s 1
f 179/207/256 180/136/165 216/134/222 215/225/284
s 4
f 181/101/199 182/209/245 188/212/285 187/103/201
s 3
f 182/208/246 183/119/213 189/118/212 188/211/286
s 1
f 70/43/60 71/158/59 185/210/287 186/122/214
s 4
f 71/158/64 72/102/63 184/104/200 185/210/288
f 187/103/201 188/212/285 194/215/289 193/105/203
s 3
f 188/211/286 189/118/212 195/117/211 194/214/290
s 1
f 186/122/214 185/210/287 191/213/291 192/123/215
s 4
f 185/210/288 184/104/200 190/106/202 191/213/292
s 3
f 163/99/134 164/200/133 194/214/290 195/117/211
s 4
f 164/199/130 165/107/129 193/105/203 194/215/289
s 1
f 192/123/215 191/213/291 197/216/282 198/124/216
s 4
f 191/213/292 190/106/202 196/108/204 197/216/281
f 199/109/205 200/218/279 206/221/293 205/111/207
s 3
f 200/217/280 201/129/219 207/128/218 206/220/294
s 1
f 172/45/140 173/204/139 203/219/295 204/132/220
s 4
f 173/204/144 174/110/143 202/112/206 203/219/296
f 205/111/207 206/221/293 212/224/297 211/113/209
s 3
f 206/220/294 207/128/218 213/127/217 212/223/298
s 1
f 204/132/220 203/219/295 209/222/299 210/133/221
s 4
f 203/219/296 202/112/206 208/114/208 209/222/300
s 3
f 175/100/198 176/206/249 212/223/298 213/127/217
s 4
f 176/205/250 177/115/158 211/113/209 212/224/297
s 1
f 210/133/221 209/222/299 215/225/284 216/134/222
s 4
f 209/222/300 208/114/208 214/116/210 215/225/283
s 28
f 221/245/301 222/229/302 225/226/303 226/249/304
f 222/229/302 221/245/301 224/257/305 223/228/306
f 223/228/306 224/257/305 235/255/307 236/233/308
f 226/249/309 225/226/303 228/238/310 227/247/311
f 227/247/311 228/238/310 244/227/312 243/263/313
f 229/251/314 230/232/315 236/233/308 235/255/307
f 230/232/315 229/251/314 232/253/316 231/230/317
f 231/230/317 232/253/318 234/267/319 233/231/320
f 233/231/320 234/267/319 246/269/321 245/241/322
f 237/234/323 238/261/324 242/265/325 241/236/326
f 238/261/324 237/234/323 240/242/327 239/259/328
f 239/259/328 240/242/327 247/240/329 248/271/330
f 241/236/326 242/265/325 243/263/313 244/227/312
f 245/241/322 246/269/321 248/271/330 247/240/329
f 217/239/331 222/229/302 223/228/306 218/237/332
f 228/238/310 225/226/303 222/229/302 217/239/331
f 219/243/333 230/232/315 231/230/317 233/231/320
f 219/243/333 220/235/334 236/233/308 230/232/315
f 218/237/332 223/228/306 236/233/308 220/235/334
f 237/234/323 218/237/332 220/235/334 240/242/327
f 241/236/326 217/239/331 218/237/332 237/234/323
f 244/227/312 228/238/310 217/239/331 241/236/326
f 247/240/329 219/243/333 233/231/320 245/241/322
f 247/240/329 240/242/327 220/235/334 219/243/333
f 26/248/335 25/244/336 224/257/305 221/245/301
f 37/262/337 27/246/338 226/249/309 227/247/311
f 27/246/339 26/248/335 221/245/301 226/249/304
f 35/254/340 34/250/341 232/253/316 229/251/314
f 34/250/342 44/252/343 234/267/319 232/253/318
f 36/256/344 35/254/340 229/251/314 235/255/307
f 25/244/336 36/256/344 235/255/307 224/257/305
f 9/270/345 10/258/346 238/261/324 239/259/328
f 10/258/346 11/260/347 242/265/325 238/261/324
f 20/264/348 37/262/337 227/247/311 243/263/313
f 11/260/347 20/264/349 243/263/313 242/265/325
f 44/252/343 24/266/350 246/269/321 234/267/319
f 24/266/351 16/268/352 248/271/330 246/269/321
f 16/268/352 9/270/345 239/259/328 248/271/330
g default
v -98.776534 -63.386167 -827.722274
v -98.463529 -66.102432 -827.721937
v -98.047085 -63.320575 -829.987552
v -97.734028 -66.036802 -829.987208
v -75.218734 -60.707965 -824.486116
v -74.905676 -63.424224 -824.486116
v -86.129650 -61.965489 -828.976407
v -85.816605 -64.681738 -828.976408
v -82.230690 -61.516100 -827.464237
v -81.917654 -64.232372 -827.464240
v -75.175614 -60.656914 -823.196629
v -74.862418 -63.373020 -823.192415
v -74.710269 -60.649358 -829.499868
v -74.397205 -63.365621 -829.499867
v -114.739242 -65.262821 -833.891932
v -114.847927 -65.542320 -833.662949
v -114.828657 -65.351320 -833.730013
v -104.533240 -64.015250 -825.223175
v -104.615011 -64.101740 -825.054019
v -104.631137 -64.292304 -824.983738
v -114.426052 -67.979064 -833.891984
v -114.533315 -67.913164 -833.730003
v -114.595559 -67.731407 -833.662940
v -104.378818 -66.481391 -824.983805
v -104.320089 -66.663627 -825.053237
v -104.220998 -66.731587 -825.221628
v -85.303465 -62.137330 -831.740454
v -85.328558 -61.951375 -831.662932
v -85.346183 -61.875176 -831.475416
v -94.942381 -62.979777 -832.066583
v -94.926576 -63.056874 -832.253719
v -94.902272 -63.242931 -832.331134
v -85.033114 -64.591439 -831.475414
v -85.033279 -64.513232 -831.662930
v -85.051152 -64.326439 -831.740452
v -94.649982 -65.432032 -832.331135
v -94.631344 -65.618742 -832.253104
v -94.629378 -65.696043 -832.065214
v -81.120207 -61.655564 -831.602632
v -81.139563 -61.468942 -831.524731
v -81.143332 -61.391519 -831.336574
v -80.830320 -64.107809 -831.337336
v -80.844322 -64.030819 -831.525009
v -80.867914 -63.844691 -831.602634
v -95.279668 -63.246949 -824.615515
v -95.319025 -63.062628 -824.691276
v -95.370891 -62.990978 -824.874386
v -88.820681 -62.266352 -826.662971
v -88.766799 -62.338137 -826.480576
v -88.727304 -62.522437 -826.405003
v -95.057550 -65.707173 -824.873180
v -95.023656 -65.624442 -824.690781
v -95.027371 -65.436018 -824.615515
v -88.472804 -64.711315 -826.405551
v -88.470863 -64.899923 -826.480628
v -88.507524 -64.982599 -826.662477
v -97.438926 -63.487952 -824.174989
v -97.470862 -63.302765 -824.252359
v -97.504940 -63.228976 -824.438932
v -97.186568 -65.676977 -824.175050
v -97.175479 -65.864567 -824.252068
v -97.191667 -65.945178 -824.438010
v -99.636155 -63.738119 -824.019253
v -99.658081 -63.551793 -824.097287
v -99.667924 -63.475253 -824.285686
v -99.383853 -65.927229 -824.019253
v -99.362811 -66.113661 -824.096873
v -99.354856 -66.191516 -824.284654
v -101.834569 -63.992658 -824.151156
v -101.842629 -63.804651 -824.228128
v -101.819141 -63.723471 -824.414033
v -101.582238 -66.181623 -824.151151
v -101.547301 -66.366428 -824.228256
v -101.505988 -66.439688 -824.414364
v -113.387051 -65.185223 -836.103135
v -113.323290 -65.366721 -836.172756
v -113.498086 -65.119789 -835.935029
v -99.606461 -63.784726 -832.818901
v -99.644384 -63.600244 -832.743410
v -99.693160 -63.526569 -832.560700
v -113.091789 -67.747071 -836.103135
v -113.185018 -67.836036 -835.935028
v -113.071001 -67.555822 -836.172757
v -99.380580 -66.242867 -832.558628
v -99.349323 -66.162121 -832.742541
v -99.354172 -65.973822 -832.818902
v -98.055174 -63.606019 -832.513635
v -98.088002 -63.420950 -832.436951
v -98.124411 -63.345929 -832.251789
v -97.802874 -65.795114 -832.513635
v -97.792847 -65.982821 -832.436277
v -97.811625 -66.062208 -832.249898
v -96.482854 -63.424773 -832.350530
v -96.508735 -63.238903 -832.273383
v -96.528463 -63.161922 -832.086255
v -96.230565 -65.613863 -832.350531
v -96.213564 -65.800756 -832.272294
v -96.215508 -65.878172 -832.084342
v -66.400748 -59.958737 -825.596852
v -66.498210 -59.781117 -825.611590
v -66.690512 -59.725065 -825.647091
v -66.524562 -59.705934 -826.980589
v -66.328465 -59.761548 -826.975690
v -66.229420 -59.938996 -826.973612
v -66.377431 -62.441322 -825.647088
v -66.202908 -62.342971 -825.611585
v -66.148418 -62.147844 -825.596849
v -65.977118 -62.128106 -826.973612
v -66.033190 -62.323416 -826.975688
v -66.211493 -62.422191 -826.980588
v -66.683839 -59.991359 -824.505866
v -66.777461 -59.813297 -824.535385
v -66.960486 -59.756170 -824.606711
v -66.647404 -62.472437 -824.606708
v -66.482174 -62.375168 -824.535382
v -66.431514 -62.180471 -824.505863
v -67.237735 -60.055218 -823.525970
v -67.321314 -59.875988 -823.573132
v -67.480066 -59.816059 -823.687537
v -67.166997 -62.532311 -823.687536
v -67.026040 -62.437840 -823.573130
v -66.985431 -62.244297 -823.525969
v -68.024855 -60.145936 -822.723456
v -68.094132 -59.965052 -822.785318
v -68.218435 -59.901153 -822.934644
v -67.905370 -62.617432 -822.934643
v -67.798872 -62.526937 -822.785319
v -67.772554 -62.335041 -822.723456
v -68.991271 -60.257319 -822.153757
v -69.043039 -60.074412 -822.226063
v -69.125049 -60.005633 -822.400243
v -68.811985 -62.721896 -822.400380
v -68.747760 -62.636258 -822.226061
v -68.738969 -62.446382 -822.153756
v -70.071362 -60.381839 -821.855082
v -70.103655 -60.196662 -821.932703
v -70.138611 -60.122454 -822.120135
v -69.825541 -62.838727 -822.120134
v -69.808372 -62.758502 -821.932700
v -69.819074 -62.570825 -821.855082
v -71.194466 -60.511296 -821.848090
v -71.212642 -60.324502 -821.925650
v -71.217745 -60.246838 -822.113443
v -70.904687 -62.963097 -822.113306
v -70.915645 -62.886134 -821.925568
v -70.936244 -62.699656 -821.847893
v -69.066491 -60.265537 -831.289300
v -69.116213 -60.082399 -831.215502
v -69.193434 -60.012622 -831.037006
v -71.808304 -60.313632 -831.477812
v -71.770544 -60.388135 -831.662798
v -71.737157 -60.573150 -831.739343
v -68.880687 -62.728937 -831.036014
v -68.821062 -62.644286 -831.214966
v -68.814163 -62.454644 -831.289228
v -71.484861 -62.762256 -831.739344
v -71.475373 -62.950015 -831.662329
v -71.495437 -63.029923 -831.476598
v -67.850714 -60.125225 -830.506072
v -67.923308 -59.944745 -830.446986
v -68.055840 -59.881148 -830.304410
v -67.743609 -62.597487 -830.303414
v -67.628372 -62.506625 -830.446546
v -67.598386 -62.314312 -830.506069
v -66.881324 -60.013841 -829.361970
v -66.967515 -59.834912 -829.318762
v -67.132787 -59.775430 -829.214495
v -66.820234 -62.491737 -829.214146
v -66.672452 -62.396783 -829.318650
v -66.629020 -62.202920 -829.361969
v -66.319365 -59.949357 -828.233135
v -66.416764 -59.771730 -828.212108
v -66.608869 -59.715651 -828.161562
v -66.295794 -62.431913 -828.161560
v -66.121484 -62.333592 -828.212106
v -66.067047 -62.138460 -828.233133
v -75.383203 -63.499645 -824.623218
v -75.652231 -63.461109 -824.707232
v -75.790020 -63.252513 -824.743321
v -75.317964 -63.186762 -823.370338
v -75.223119 -63.364951 -823.402488
v -75.040577 -63.415571 -823.479037
v -84.574017 -62.053265 -826.699347
v -84.587375 -61.865946 -826.776644
v -84.576733 -61.786494 -826.963209
v -83.514798 -61.664103 -826.829317
v -83.532206 -61.744330 -826.643467
v -83.521787 -61.931986 -826.566679
v -84.263653 -64.502756 -826.963206
v -84.292073 -64.427806 -826.776639
v -84.321609 -64.242352 -826.699333
v -83.268848 -64.121044 -826.566599
v -83.236761 -64.306188 -826.643582
v -83.201762 -64.380375 -826.829320
v -85.408396 -62.149088 -826.771193
v -85.426285 -61.962298 -826.848854
v -85.426459 -61.884144 -827.036440
v -85.156040 -64.338192 -826.771255
v -85.130936 -64.524141 -826.849050
v -85.113317 -64.600388 -827.036567
v -86.245869 -62.244444 -826.777886
v -86.269749 -62.058360 -826.855684
v -86.284473 -61.981894 -827.043248
v -85.993556 -64.433569 -826.777954
v -85.974470 -64.620211 -826.855682
v -85.971405 -64.698141 -827.043247
v -87.081329 -62.338670 -826.718713
v -87.111232 -62.153275 -826.796033
v -87.140479 -62.078404 -826.982539
v -86.829020 -64.527790 -826.718712
v -86.815958 -64.715132 -826.796031
v -86.827419 -64.794658 -826.982607
v -87.909847 -62.431262 -826.594222
v -87.945670 -62.246554 -826.670500
v -87.989296 -62.173146 -826.854759
v -87.657531 -64.620392 -826.594220
v -87.650431 -64.808415 -826.670641
v -87.676278 -64.889410 -826.855315
v -75.716994 -60.805231 -824.637526
v -75.954221 -60.939146 -824.712836
v -76.030035 -61.170104 -824.743322
v -81.444234 -61.703067 -826.164610
v -81.446125 -61.514443 -826.239774
v -81.410988 -61.431927 -826.421734
v -81.097806 -64.148171 -826.422269
v -81.149506 -64.076172 -826.239465
v -81.187440 -63.891723 -826.163357
v -82.475422 -61.813741 -826.399646
v -82.482330 -61.625690 -826.475855
v -82.456080 -61.544093 -826.659828
v -82.223110 -64.002887 -826.399645
v -82.187035 -64.187561 -826.476057
v -82.142888 -64.260336 -826.660637
v -75.364730 -60.701189 -823.474118
v -75.523036 -60.804290 -823.400471
v -75.570121 -60.998759 -823.370336
v -73.658897 -60.740019 -821.942379
v -73.671549 -60.552636 -822.020068
v -73.659060 -60.473784 -822.207512
v -73.346218 -63.190052 -822.205751
v -73.376361 -63.114466 -822.019458
v -73.406606 -62.929031 -821.942379
v -74.278403 -60.807283 -822.061136
v -74.273331 -60.617961 -822.137073
v -74.218362 -60.538078 -822.318461
v -74.026154 -62.996084 -822.061138
v -73.979337 -63.179709 -822.133585
v -73.908268 -63.254374 -822.310166
v -74.835650 -60.873596 -822.359099
v -74.810426 -60.681958 -822.422525
v -74.706785 -60.593141 -822.575242
v -74.583383 -63.062601 -822.359102
v -74.515757 -63.243832 -822.421774
v -74.395073 -63.309503 -822.573486
v -75.279882 -60.937510 -822.808958
v -75.240234 -60.744109 -822.854336
v -75.100614 -60.645309 -822.965096
v -75.027663 -63.126005 -822.808960
v -74.941957 -63.305242 -822.856632
v -74.780115 -63.360285 -822.970615
v -77.104129 -61.193496 -831.953621
v -77.119704 -61.006439 -831.875656
v -77.114221 -60.928741 -831.687787
v -76.801328 -63.645009 -831.690214
v -76.824512 -63.568295 -831.876627
v -76.851824 -63.382590 -831.953620
v -76.208677 -61.089122 -832.012817
v -76.226718 -60.902349 -831.935093
v -76.227333 -60.824199 -831.747702
v -75.956368 -63.278242 -832.012816
v -75.931448 -63.464222 -831.935093
v -75.914251 -63.540471 -831.747699
v -75.311313 -60.985703 -832.034037
v -75.332622 -60.799306 -831.956245
v -75.341056 -60.722048 -831.768739
v -75.059005 -63.174812 -832.034036
v -75.037337 -63.361167 -831.956242
v -75.027966 -63.438313 -831.768666
v -74.413928 -60.882276 -832.017298
v -74.438480 -60.696243 -831.939708
v -74.454737 -60.619891 -831.752226
v -74.161643 -63.071394 -832.017300
v -74.143216 -63.258117 -831.939708
v -74.141689 -63.336167 -831.752227
v -73.518032 -60.779016 -831.962445
v -73.545826 -60.593372 -831.884989
v -73.569947 -60.517921 -831.697948
v -73.265717 -62.968135 -831.962444
v -73.250561 -63.155246 -831.884989
v -73.256881 -63.234200 -831.697948
v -72.625233 -60.676123 -831.869751
v -72.656251 -60.490846 -831.792633
v -72.688153 -60.416302 -831.606367
v -72.372923 -62.865249 -831.869751
v -72.360975 -63.052724 -831.792632
v -72.375083 -63.132570 -831.606366
vt 0.880253 0.996033
vt 0.860447 0.995966
vt 0.898717 0.995395
vt 0.871199 0.328862
vt 0.839314 0.677359
vt 0.810396 0.700579
vt 0.863541 0.995828
vt 0.866489 0.913702
vt 0.877663 0.661069
vt 0.863598 0.651817
vt 0.883158 0.419955
vt 0.885210 0.329142
vt 0.845081 0.995334
vt 0.816683 0.900665
vt 0.883350 0.996133
vt 0.878905 0.913487
vt 0.881017 0.512322
vt 0.868355 0.450144
vt 0.878738 0.864806
vt 0.863055 0.823207
vt 0.878666 0.617252
vt 0.865006 0.599510
vt 0.874601 0.715743
vt 0.865292 0.702567
vt 0.911709 0.800414
vt 0.881631 0.787273
vt 0.880419 0.539241
vt 0.866938 0.511995
vt 0.879071 0.794519
vt 0.863324 0.787395
vt 0.914042 0.775307
vt 0.881805 0.733265
vt 0.879839 0.565157
vt 0.866318 0.538926
vt 0.878493 0.772876
vt 0.861803 0.736039
vt 0.861691 0.864956
vt 0.830613 0.800998
vt 0.878548 0.876469
vt 0.864335 0.864686
vt 0.878245 0.887600
vt 0.864635 0.876400
vt 0.877558 0.898504
vt 0.865000 0.887499
vt 0.876987 0.913482
vt 0.865734 0.898625
vt 0.879745 0.898533
vt 0.880722 0.887688
vt 0.881133 0.876668
vt 0.881386 0.865036
vt 0.862054 0.876613
vt 0.862528 0.887638
vt 0.863559 0.898646
vt 0.839106 0.884904
vt 0.864566 0.913714
vt 0.927175 0.864695
vt 0.904169 0.884676
vt 0.882616 0.823257
vt 0.882919 0.430132
vt 0.869066 0.419629
vt 0.882681 0.440303
vt 0.868815 0.429791
vt 0.882421 0.450455
vt 0.868568 0.439960
vt 0.928537 0.876025
vt 0.928791 0.888289
vt 0.917618 0.883476
vt 0.926676 0.900293
vt 0.814494 0.888721
vt 0.814644 0.876504
vt 0.825643 0.883823
vt 0.815889 0.865207
vt 0.877652 0.668250
vt 0.863246 0.660682
vt 0.877956 0.675427
vt 0.862875 0.667889
vt 0.878707 0.682497
vt 0.862219 0.675087
vt 0.876947 0.689013
vt 0.861225 0.682322
vt 0.875668 0.695604
vt 0.863141 0.689283
vt 0.875142 0.702119
vt 0.864597 0.696027
vt 0.878451 0.626518
vt 0.864659 0.616853
vt 0.878197 0.636113
vt 0.864373 0.626118
vt 0.877940 0.644145
vt 0.864088 0.635711
vt 0.877793 0.652220
vt 0.863895 0.643783
vt 0.846014 0.677509
vt 0.852295 0.679564
vt 0.857722 0.683667
vt 0.860792 0.690386
vt 0.862682 0.696745
vt 0.863519 0.702981
vt 0.864746 0.716180
vt 0.813205 0.692458
vt 0.818427 0.685297
vt 0.864024 0.729208
vt 0.879022 0.736136
vt 0.879217 0.727407
vt 0.883518 0.729745
vt 0.859246 0.733134
vt 0.860206 0.794535
vt 0.827878 0.775966
vt 0.879270 0.800279
vt 0.863139 0.794650
vt 0.879421 0.806061
vt 0.863023 0.800397
vt 0.879561 0.811819
vt 0.862956 0.806204
vt 0.879624 0.817483
vt 0.862899 0.811975
vt 0.879565 0.823032
vt 0.862918 0.817646
vt 0.882733 0.817775
vt 0.882616 0.811998
vt 0.882406 0.806106
vt 0.882240 0.800193
vt 0.895432 0.804939
vt 0.882006 0.794383
vt 0.860055 0.800354
vt 0.859975 0.806281
vt 0.859849 0.812184
vt 0.859809 0.817966
vt 0.846951 0.805304
vt 0.860005 0.823443
vt 0.860602 0.772895
vt 0.818557 0.751598
vt 0.857584 0.729893
vt 0.878607 0.780094
vt 0.863360 0.772799
vt 0.878792 0.787336
vt 0.863398 0.780113
vt 0.881377 0.780043
vt 0.886906 0.779366
vt 0.881259 0.772866
vt 0.860623 0.780102
vt 0.855080 0.779526
vt 0.860481 0.787378
vt 0.874688 0.719013
vt 0.866242 0.715913
vt 0.875124 0.722303
vt 0.866249 0.719345
vt 0.875984 0.725526
vt 0.865905 0.722753
vt 0.877045 0.728598
vt 0.865130 0.726058
vt 0.877868 0.724510
vt 0.876703 0.721723
vt 0.876162 0.718903
vt 0.876098 0.715914
vt 0.864787 0.719254
vt 0.864302 0.722168
vt 0.863164 0.725005
vt 0.862360 0.726060
vt 0.861817 0.727884
vt 0.929253 0.716649
vt 0.878764 0.725562
vt 0.900443 0.676837
vt 0.908795 0.677578
vt 0.929932 0.699243
vt 0.879724 0.570934
vt 0.865768 0.564873
vt 0.879606 0.576707
vt 0.865654 0.570641
vt 0.879488 0.582479
vt 0.865528 0.576413
vt 0.879371 0.588251
vt 0.865402 0.582185
vt 0.879258 0.594020
vt 0.865274 0.587958
vt 0.879152 0.599784
vt 0.865142 0.593732
vt 0.928889 0.722504
vt 0.928278 0.728318
vt 0.927392 0.734065
vt 0.926202 0.739703
vt 0.924705 0.745221
vt 0.912999 0.734223
vt 0.922911 0.750656
vt 0.816677 0.746227
vt 0.815075 0.740772
vt 0.813768 0.735194
vt 0.812752 0.729499
vt 0.812002 0.723726
vt 0.828174 0.735012
vt 0.811502 0.717903
vt 0.869461 0.327281
vt 0.869771 0.311740
vt 0.871511 0.309966
vt 0.885926 0.310628
vt 0.887563 0.312458
vt 0.887030 0.327684
vt 0.893765 0.677187
vt 0.887567 0.679419
vt 0.882274 0.683624
vt 0.879315 0.690108
vt 0.877587 0.696356
vt 0.876926 0.702562
vt 0.926920 0.691183
vt 0.921519 0.684164
vt 0.915902 0.679730
vt 0.823937 0.680703
vt 0.830980 0.678347
vt 0.887110 0.311215
vt 0.881798 0.996030
vt 0.877947 0.913469
vt 0.870291 0.310502
vt 0.861996 0.995848
vt 0.865526 0.913694
vt 0.913012 0.800359
vt 0.882314 0.512351
vt 0.883717 0.450492
vt 0.928476 0.864656
vt 0.865641 0.511965
vt 0.829309 0.800961
vt 0.814587 0.865183
vt 0.867057 0.450122
vt 0.915337 0.775479
vt 0.881717 0.539271
vt 0.865020 0.538899
vt 0.826588 0.776160
vt 0.880062 0.864915
vt 0.881090 0.823136
vt 0.863013 0.864812
vt 0.861530 0.823316
vt 0.879840 0.876558
vt 0.863345 0.876496
vt 0.879482 0.887639
vt 0.863765 0.887564
vt 0.878652 0.898520
vt 0.864648 0.898633
vt 0.886492 0.328900
vt 0.900074 0.995380
vt 0.927922 0.900647
vt 0.884455 0.419988
vt 0.869931 0.328550
vt 0.843724 0.995328
vt 0.867767 0.419599
vt 0.815437 0.901026
vt 0.930057 0.888492
vt 0.884217 0.430163
vt 0.867514 0.429759
vt 0.813227 0.888934
vt 0.929819 0.876180
vt 0.883977 0.440341
vt 0.813364 0.876672
vt 0.867269 0.439937
vt 0.900409 0.675535
vt 0.878961 0.661107
vt 0.879092 0.652244
vt 0.908978 0.676288
vt 0.861949 0.660650
vt 0.839306 0.676056
vt 0.830754 0.677064
vt 0.862300 0.651770
vt 0.893457 0.675915
vt 0.878955 0.668304
vt 0.861571 0.667874
vt 0.846282 0.676227
vt 0.886891 0.678290
vt 0.879277 0.675519
vt 0.860897 0.675128
vt 0.852939 0.678415
vt 0.880573 0.682826
vt 0.859384 0.682745
vt 0.878151 0.689517
vt 0.861943 0.689786
vt 0.876633 0.695946
vt 0.863632 0.696349
vt 0.876033 0.702326
vt 0.864405 0.702757
vt 0.931222 0.698926
vt 0.879960 0.617282
vt 0.880451 0.599830
vt 0.930549 0.716605
vt 0.863363 0.616818
vt 0.809096 0.700301
vt 0.810205 0.717896
vt 0.863705 0.599496
vt 0.928008 0.690455
vt 0.879747 0.626552
vt 0.863076 0.626080
vt 0.812094 0.691763
vt 0.922376 0.683178
vt 0.879494 0.636154
vt 0.862790 0.635680
vt 0.817538 0.684337
vt 0.916440 0.678525
vt 0.879234 0.644181
vt 0.862601 0.643744
vt 0.823361 0.679516
vt 0.859939 0.735044
vt 0.862884 0.728588
vt 0.880538 0.794458
vt 0.880211 0.787306
vt 0.861672 0.794597
vt 0.861904 0.787389
vt 0.880759 0.800239
vt 0.861535 0.800378
vt 0.880920 0.806082
vt 0.861459 0.806239
vt 0.881094 0.811900
vt 0.861369 0.812070
vt 0.881180 0.817612
vt 0.861362 0.817787
vt 0.880841 0.735138
vt 0.879874 0.772863
vt 0.861984 0.772841
vt 0.879994 0.780074
vt 0.862011 0.780109
vt 0.878154 0.728037
vt 0.875353 0.715819
vt 0.865491 0.716035
vt 0.875427 0.718959
vt 0.865513 0.719294
vt 0.875921 0.722032
vt 0.865095 0.722501
vt 0.876931 0.725070
vt 0.864132 0.725605
vt 0.924181 0.750943
vt 0.881137 0.565188
vt 0.864472 0.564848
vt 0.817296 0.751908
vt 0.925983 0.745444
vt 0.881021 0.570963
vt 0.864356 0.570616
vt 0.815403 0.746474
vt 0.927489 0.739860
vt 0.880903 0.576734
vt 0.864230 0.576386
vt 0.813791 0.740955
vt 0.928685 0.734160
vt 0.880785 0.582506
vt 0.864104 0.582157
vt 0.812477 0.735318
vt 0.929574 0.728359
vt 0.880669 0.588278
vt 0.863976 0.587930
vt 0.811457 0.729571
vt 0.930187 0.722494
vt 0.880557 0.594048
vt 0.810705 0.723749
vt 0.863842 0.593705
vn -0.116346 0.993201 -0.003914
vn -0.353314 0.890136 0.287796
vn -0.310627 0.897774 0.312271
vn -0.133604 0.990800 0.021585
vn -0.636878 0.312735 0.704687
vn -0.644006 -0.040577 0.763943
vn -0.588532 -0.034558 0.807735
vn -0.590689 0.321797 0.739955
vn -0.635766 -0.109185 0.764121
vn -0.546700 -0.447163 0.707930
vn -0.496509 -0.445213 0.745160
vn -0.577571 -0.096427 0.810625
vn -0.137010 -0.944909 0.297280
vn 0.111135 -0.993754 0.010127
vn 0.091491 -0.995248 0.033326
vn -0.100591 -0.942759 0.317943
vn -0.112274 0.993527 -0.017297
vn -0.086311 0.919766 -0.382858
vn -0.084225 0.919467 -0.384039
vn -0.112018 0.993626 -0.012609
vn 0.004757 0.385204 -0.922819
vn 0.048363 0.038002 -0.998107
vn 0.050005 0.038859 -0.997993
vn 0.005665 0.384989 -0.922904
vn 0.055727 -0.026106 -0.998105
vn 0.092224 -0.374779 -0.922516
vn 0.093159 -0.375243 -0.922233
vn 0.057565 -0.026582 -0.997988
vn 0.124897 -0.915966 -0.381323
vn 0.113866 -0.993421 -0.012184
vn 0.112945 -0.993588 -0.005144
vn 0.126854 -0.916266 -0.379954
vn -0.106719 0.994137 0.017413
vn -0.012376 0.929679 0.368162
vn -0.003883 0.930437 0.366431
vn -0.111483 0.993766 -0.000136
vn 0.184886 0.406931 0.894553
vn 0.240727 0.060142 0.968728
vn 0.252524 0.062318 0.965582
vn 0.194061 0.407727 0.892244
vn 0.248513 -0.002209 0.968626
vn 0.270305 -0.353136 0.895673
vn 0.278249 -0.352261 0.893583
vn 0.259754 -0.005297 0.965660
vn 0.192550 -0.906898 0.374781
vn 0.117809 -0.992713 0.025332
vn 0.113311 -0.993534 0.007142
vn 0.201091 -0.906047 0.372346
vn 0.230775 0.058138 -0.971269
vn 0.172978 0.404187 -0.898171
vn 0.168675 0.403666 -0.899223
vn 0.226141 0.059744 -0.972261
vn -0.015381 0.927055 -0.374611
vn -0.109177 0.993700 -0.025311
vn -0.111918 0.993614 -0.014316
vn -0.016605 0.926841 -0.375087
vn 0.118072 -0.992939 -0.011425
vn 0.195102 -0.908685 -0.369090
vn 0.193799 -0.908926 -0.369182
vn 0.115335 -0.993327 -0.000181
vn 0.260506 -0.356104 -0.897400
vn 0.237986 -0.004381 -0.971259
vn 0.233824 -0.006864 -0.972255
vn 0.256182 -0.356732 -0.898395
vn -0.111898 0.993718 -0.001785
vn 0.267178 0.961086 0.070214
vn 0.272600 0.962070 0.010559
vn -0.111805 0.993728 -0.001989
vn 0.858296 0.484890 0.167958
vn 0.972563 0.144681 0.182178
vn 0.988711 0.146593 0.031000
vn 0.872656 0.487439 0.029575
vn 0.979975 0.080375 0.182177
vn 0.946106 -0.276900 0.167957
vn 0.960669 -0.276119 0.029567
vn 0.996135 0.082179 0.031000
vn 0.478848 -0.875085 0.070219
vn 0.114711 -0.993396 0.002306
vn 0.114804 -0.993386 0.002101
vn 0.484354 -0.874808 0.010561
vn -0.112101 0.993682 -0.005486
vn -0.008455 0.929852 -0.367837
vn -0.044909 0.923805 -0.380221
vn -0.112660 0.993614 -0.006286
vn 0.237154 0.417820 -0.877032
vn 0.294181 0.066405 -0.953440
vn 0.155148 0.050230 -0.986613
vn 0.103178 0.396222 -0.912339
vn 0.301626 0.001951 -0.953424
vn 0.326043 -0.355037 -0.876154
vn 0.190810 -0.364138 -0.911589
vn 0.162464 -0.013519 -0.986622
vn 0.201912 -0.909837 -0.362530
vn 0.114503 -0.993422 -0.001364
vn 0.114035 -0.993474 -0.002225
vn 0.166355 -0.911861 -0.375281
vn -0.933557 -0.144683 0.327930
vn -0.817564 -0.488623 0.304690
vn -0.804932 -0.487859 0.337754
vn -0.918693 -0.142174 0.368496
vn -0.116796 -0.857562 0.500945
vn 0.112627 -0.993631 0.003413
vn 0.019856 -0.996884 0.076349
vn -0.189889 -0.968085 0.163563
vn -0.115168 0.993321 0.007078
vn -0.146068 0.913218 0.380390
vn -0.158588 0.911531 0.379421
vn -0.115440 0.993285 0.007641
vn -0.142134 0.368716 0.918611
vn -0.110015 0.020157 0.993726
vn -0.143117 0.017153 0.989557
vn -0.172078 0.364997 0.914968
vn -0.102600 -0.044931 0.993707
vn -0.054730 -0.391704 0.918462
vn -0.085587 -0.395208 0.914596
vn -0.136027 -0.047924 0.989545
vn 0.065167 -0.922458 0.380557
vn 0.113622 -0.993498 0.007213
vn 0.113270 -0.993534 0.007768
vn 0.051436 -0.924279 0.378236
vn -0.252860 -0.016538 0.967361
vn -0.272139 0.149169 0.950626
vn -0.267699 0.189368 0.944710
vn -0.248178 -0.005830 0.968697
vn -0.274313 0.680181 0.679784
vn -0.274313 0.680181 0.679784
vn -0.117715 0.992986 0.011029
vn -0.263823 0.719311 0.642642
vn 0.113135 -0.993563 0.005720
vn 0.113128 -0.993564 0.005711
vn -0.113128 0.993564 -0.005711
vn -0.113136 0.993563 -0.005719
vn -0.078873 0.033600 0.996318
vn -0.060645 -0.030252 0.997701
vn -0.017916 -0.045086 0.998823
vn -0.028117 0.021670 0.999370
vn -0.112830 0.993610 -0.002989
vn -0.115387 0.993317 0.002610
vn -0.115651 0.993277 -0.004978
vn -0.029559 0.029795 -0.999119
vn -0.022158 -0.035558 -0.999122
vn -0.118470 0.992949 0.004067
vn -0.113971 0.993483 -0.001155
vn -0.114226 0.993455 0.000083
vn -0.117217 0.993016 -0.013358
vn -0.085634 0.021638 -0.996092
vn -0.078488 -0.040681 -0.996085
vn -0.244572 -0.048248 0.968430
vn -0.249986 -0.043988 0.967250
vn 0.112828 -0.993610 0.002991
vn 0.129008 0.047733 0.990494
vn 0.137920 -0.016249 0.990310
vn 0.001299 0.032879 0.999459
vn 0.008899 -0.030666 0.999490
vn -0.192945 0.007054 0.981184
vn -0.180432 -0.054647 0.982068
vn -0.122825 0.990402 0.063391
vn -0.113105 0.992483 0.046734
vn -0.105900 0.993513 0.041449
vn 0.119855 -0.991568 0.049275
vn 0.114798 -0.991896 0.054434
vn 0.098391 -0.993267 0.061161
vn 0.142549 0.049593 -0.988544
vn 0.150128 -0.016273 -0.988533
vn 0.053182 0.039282 -0.997812
vn 0.060677 -0.026403 -0.997808
vn -0.110544 0.992191 -0.057758
vn -0.106205 0.992814 -0.055136
vn 0.120300 -0.991892 -0.040973
vn 0.117024 -0.992163 -0.043807
vn 0.915899 0.138292 0.376834
vn 0.923343 0.073705 0.376835
vn 0.787567 0.123440 0.603739
vn 0.794996 0.058964 0.603742
vn 0.605240 0.102425 0.789426
vn 0.612675 0.037940 0.789424
vn 0.381371 0.076600 0.921243
vn 0.388803 0.012172 0.921240
vn 0.131529 0.047544 0.990172
vn 0.138871 -0.016268 0.990177
vn 0.650095 0.107584 -0.752198
vn 0.657532 0.043011 -0.752198
vn 0.817734 0.126990 -0.561413
vn 0.825251 0.062252 -0.561325
vn 0.953526 0.142901 -0.265267
vn 0.961062 0.077711 -0.265183
vn 0.114488 -0.993421 0.002511
vn 0.114337 -0.993438 0.002790
vn 0.114131 -0.993461 0.003039
vn 0.113874 -0.993490 0.003265
vn 0.113577 -0.993523 0.003644
vn 0.113211 -0.993563 0.004020
vn 0.112788 -0.993595 0.006850
vn 0.113346 -0.993553 0.002057
vn 0.113780 -0.993505 0.001465
vn 0.114053 -0.993475 0.000480
vn 0.114518 -0.993421 0.000778
vn 0.114595 -0.993412 0.001225
vn 0.114679 -0.993401 0.001716
vn -0.924017 -0.067666 0.376315
vn -0.941548 -0.084962 0.325988
vn -0.304042 0.952532 0.015527
vn -0.113364 0.993551 -0.002058
vn 0.115072 -0.993307 -0.009966
vn 0.115057 -0.993358 -0.001538
vn -0.049660 0.027207 0.998396
vn -0.042722 -0.038445 0.998347
vn 0.027944 0.036102 0.998957
vn 0.034301 -0.029335 0.998981
vn 0.105481 0.045017 0.993402
vn 0.111457 -0.020210 0.993564
vn 0.181963 0.053925 0.981826
vn 0.187896 -0.011135 0.982126
vn -0.098580 0.992616 0.070681
vn -0.104629 0.992393 0.064878
vn -0.110912 0.992002 0.060252
vn -0.116420 0.991511 0.057902
vn 0.110368 -0.992176 0.058358
vn 0.113524 -0.991662 0.060977
vn 0.117279 -0.990979 0.064856
vn 0.123537 -0.989741 0.071770
vn 0.113545 -0.993525 0.003963
vn 0.113944 -0.993304 -0.019077
vn -0.190095 0.012747 0.981683
vn -0.185599 -0.053027 0.981194
vn -0.129846 0.984980 0.113814
vn 0.087780 -0.989937 0.110994
vn -0.336091 -0.003757 0.941822
vn -0.322779 -0.066068 0.944166
vn -0.590060 -0.034065 0.806641
vn -0.590718 -0.099038 0.800777
vn -0.797060 -0.058688 0.601041
vn -0.801547 -0.124112 0.584909
vn -0.386924 0.908112 0.160071
vn -0.250931 0.954813 0.159269
vn -0.175470 0.971070 0.161966
vn -0.113409 0.993547 0.001653
vn 0.040456 -0.981020 0.189642
vn -0.037314 -0.980177 0.194576
vn -0.124638 -0.974022 0.189070
vn -0.113278 0.993563 0.000511
vn -0.113033 0.993591 -0.000445
vn -0.112734 0.993625 -0.000827
vn -0.112477 0.993654 -0.001053
vn -0.112271 0.993677 -0.001302
vn -0.112120 0.993693 -0.001582
vn -0.111926 0.993714 -0.002375
vn -0.112004 0.993704 -0.002870
vn -0.112080 0.993694 -0.003322
vn -0.047795 0.027411 -0.998481
vn -0.040506 -0.036887 -0.998498
vn -0.006094 0.031801 -0.999476
vn 0.001300 -0.032352 -0.999476
vn 0.035710 0.036545 -0.998694
vn 0.043087 -0.027467 -0.998694
vn 0.077438 0.041314 -0.996141
vn 0.084807 -0.022608 -0.996141
vn 0.119018 0.045845 -0.991833
vn 0.126281 -0.018091 -0.991830
vn -0.107131 0.992208 -0.063612
vn -0.109145 0.991966 -0.063954
vn -0.111936 0.991653 -0.063990
vn -0.114699 0.991404 -0.062940
vn -0.118135 0.991181 -0.060037
vn 0.112075 -0.991744 -0.062314
vn 0.113847 -0.991503 -0.062936
vn 0.116576 -0.991117 -0.064010
vn 0.119360 -0.990789 -0.063958
vn 0.122641 -0.990529 -0.061731
vn -0.847532 -0.097698 -0.521674
vn -0.847532 -0.097698 -0.521674
vn -0.847532 -0.097698 -0.521674
vn -0.847532 -0.097698 -0.521674
vn -0.847532 -0.097698 -0.521674
vn -0.847532 -0.097698 -0.521674
vn -0.847532 -0.097698 -0.521674
vn -0.847532 -0.097698 -0.521674
vn -0.847532 -0.097698 -0.521674
vn -0.847532 -0.097698 -0.521674
vn -0.847532 -0.097698 -0.521674
vn -0.847532 -0.097698 -0.521674
vn -0.128632 -0.401499 0.906781
vn 0.032717 -0.926636 0.374534
vn -0.064928 0.378835 -0.923184
vn -0.120091 0.917587 -0.378962
vn 0.090732 -0.918637 -0.384545
vn 0.022469 -0.382181 -0.923814
vn 0.097715 -0.376320 -0.921323
vn 0.125570 -0.917611 -0.377125
vn -0.120103 0.372565 -0.920201
vn -0.136655 0.915835 -0.377585
vn 0.075016 -0.919799 -0.385152
vn -0.032567 -0.387612 -0.921247
vn 0.083226 0.396218 0.914377
vn -0.060308 0.924503 0.376373
vn 0.210334 -0.361145 0.908479
vn 0.178320 -0.909637 0.375183
vn -0.036535 0.382157 0.923375
vn -0.108671 0.918446 0.380324
vn 0.147389 -0.912089 0.382584
vn 0.170931 -0.365175 0.915112
vn -0.219211 0.362463 0.905851
vn -0.168657 0.911885 0.374192
vn 0.102142 -0.917830 0.383609
vn 0.051130 -0.379372 0.923831
vn 0.091246 0.394499 -0.914355
vn -0.048151 0.922398 -0.383228
vn 0.010186 0.385073 -0.922830
vn -0.085158 0.918382 -0.386422
vn 0.161851 -0.913678 -0.372824
vn 0.178787 -0.366907 -0.912915
vn 0.805913 0.480899 0.345312
vn 0.241515 0.959003 0.148269
vn 0.453361 -0.878906 0.148280
vn 0.894181 -0.284938 0.345326
vn 0.689486 0.467323 0.553370
vn 0.188366 0.952843 0.237926
vn 0.400191 -0.885008 0.237923
vn 0.777716 -0.298218 0.553376
vn 0.523597 0.448316 0.724472
vn 0.114309 0.944204 0.308888
vn 0.326040 -0.893482 0.308849
vn 0.611858 -0.317457 0.724466
vn 0.318909 0.424931 0.847190
vn 0.025518 0.933919 0.356573
vn 0.237267 -0.903669 0.356493
vn 0.407211 -0.341233 0.847195
vn 0.087504 0.397981 0.913211
vn -0.069351 0.923052 0.378372
vn 0.142528 -0.914631 0.378334
vn 0.176009 -0.367745 0.913118
vn -0.061148 0.378229 0.923690
vn -0.100919 0.918762 0.381695
vn 0.078733 -0.920277 0.383263
vn 0.019400 -0.382386 0.923799
vn -0.107123 0.374988 0.920819
vn -0.111938 0.918835 0.378435
vn 0.060336 -0.920955 0.384969
vn -0.020739 -0.386431 0.922085
vn 0.566421 0.453269 -0.688269
vn 0.130557 0.945252 -0.299088
vn 0.338930 -0.893327 -0.295115
vn 0.654354 -0.314467 -0.687700
vn 0.157297 -0.367370 -0.916677
vn 0.153257 -0.912732 -0.378724
vn 0.717961 0.469909 -0.513534
vn 0.201871 0.953290 -0.224691
vn 0.410081 -0.884356 -0.223041
vn 0.805725 -0.295397 -0.513369
vn 0.839407 0.488307 -0.238648
vn 0.251711 0.961315 -0.111870
vn 0.462829 -0.879351 -0.111941
vn 0.928406 -0.284803 -0.238642
vn -0.069511 -0.825384 0.560277
vn -0.234481 -0.201659 0.950974
vn -0.224121 -0.233323 0.946219
vn -0.695850 -0.474624 0.539003
vn -0.159967 -0.954649 0.251109
vn -0.087019 0.375462 0.922744
vn -0.120865 0.916234 0.381977
vn -0.132164 -0.400975 0.906505
vn 0.028895 -0.927309 0.373181
vn -0.015739 0.383804 0.923280
vn -0.088946 0.919855 0.382041
vn 0.089221 -0.919693 0.382366
vn -0.000604 -0.385778 0.922591
vn 0.055991 0.391908 0.918299
vn -0.057477 0.923252 0.379870
vn 0.119337 -0.916222 0.382486
vn 0.069482 -0.377601 0.923358
vn 0.126765 0.399820 0.907786
vn -0.027869 0.926783 0.374561
vn 0.148753 -0.913069 0.379708
vn 0.140027 -0.369367 0.918673
vn -0.512622 0.854905 0.079724
vn -0.504089 0.857212 0.105272
vn -0.923448 0.266540 0.276042
vn -0.906920 0.270009 0.323406
vn -0.213147 0.360320 0.908151
vn -0.174918 0.909266 0.377677
vn -0.357081 0.352620 0.864958
vn -0.210106 0.912971 0.349770
vn -0.594320 0.321154 0.737322
vn -0.317541 0.897740 0.305337
vn -0.012596 -0.926708 0.375570
vn -0.263598 -0.414239 0.871161
vn -0.787144 0.291558 0.543505
vn -0.430701 0.874692 0.222283
vn -0.102114 -0.939289 0.327581
vn -0.510228 -0.446260 0.735201
vn -0.086011 0.376123 -0.922569
vn -0.121510 0.916453 -0.381247
vn -0.046978 0.380008 -0.923790
vn -0.105046 0.917845 -0.382787
vn 0.091586 -0.918949 -0.383595
vn 0.002250 -0.384689 -0.923043
vn -0.008071 0.384249 -0.923194
vn -0.089449 0.919683 -0.382337
vn 0.106512 -0.917702 -0.382724
vn 0.040699 -0.380744 -0.923784
vn 0.030841 0.388722 -0.920839
vn -0.074044 0.921500 -0.381256
vn 0.122096 -0.915935 -0.382302
vn 0.079553 -0.376025 -0.923188
vn 0.069450 0.392996 -0.916914
vn -0.059262 0.922871 -0.380522
vn 0.137510 -0.914190 -0.381245
vn 0.118460 -0.371512 -0.920840
s 1
g Chair Armrest_R
usemtl initialShadingGroup
f 263/300/353 265/495/354 267/496/355 266/301/356
s 2
f 265/495/357 264/286/358 268/330/359 267/496/360
f 271/292/361 270/498/362 273/499/363 272/293/364
s 4
f 270/498/365 269/287/366 274/340/367 273/499/368
s 1
f 277/310/369 276/500/370 279/503/371 278/341/372
s 6
f 276/501/373 275/302/374 280/348/375 279/502/376
f 283/313/377 282/504/378 285/507/379 284/303/380
s 4
f 282/505/381 281/323/382 286/357/383 285/506/384
s 1
f 295/335/385 294/512/386 297/513/387 296/343/388
s 2
f 294/512/389 293/304/390 298/402/391 297/513/392
f 301/325/393 300/514/394 303/515/395 302/305/396
s 4
f 300/514/397 299/322/398 304/415/399 303/515/400
s 6
f 324/297/401 323/522/402 327/525/403 326/296/404
s 1
f 323/523/405 325/288/406 328/353/407 327/524/408
s 4
f 330/298/409 329/527/410 333/529/411 332/299/412
s 6
f 329/526/413 331/289/414 334/345/415 333/528/416
s 1
f 349/448/417 348/538/418 351/541/419 350/449/420
s 6
f 348/539/421 347/294/422 352/376/423 351/540/424
f 355/359/425 354/542/426 357/545/427 356/295/428
s 4
f 354/543/429 353/290/430 358/493/431 357/544/432
s 1
f 397/450/433 396/562/434 399/565/435 398/446/436
s 6
f 396/563/437 395/306/438 400/461/439 399/564/440
f 403/371/441 402/566/442 405/569/443 404/307/444
s 4
f 402/567/445 401/291/446 406/476/447 405/568/448
s 6
f 427/321/449 426/582/450 429/583/451 428/387/452
s 4
f 426/582/453 425/391/454 430/445/455 429/583/456
s 1
f 433/409/457 432/584/458 435/585/459 434/311/460
s 2
f 432/584/461 431/314/462 436/421/463 435/585/464
f 439/395/465 438/586/466 441/587/467 440/315/468
s 4
f 438/586/469 437/392/470 442/428/471 441/587/472
s 2
f 469/388/473 468/596/474 471/597/475 470/320/476
s 1
f 468/596/477 467/317/478 472/425/479 471/597/480
s 2
f 268/330/359 264/286/358 271/292/361 272/293/364
s 6
f 347/294/422 355/359/425 356/295/428 352/376/423
f 326/296/404 334/345/415 331/289/414 324/297/401
s 4
f 274/340/367 269/287/366 330/298/409 332/299/412 252/356/481 250/339/482
s 1
f 328/353/407 325/288/406 263/300/353 266/301/356 249/342/483 251/352/484
s 6
f 275/302/374 283/313/377 284/303/380 280/348/375
s 2
f 293/304/390 301/325/393 302/305/396 298/402/391
s 6
f 395/306/438 403/371/441 404/307/444 400/461/439
f 485/308/485 490/430/486 394/309/487 389/368/488
s 1
f 277/310/369 255/408/489 433/409/457 434/311/460 257/424/490 289/316/491
s 6
f 287/312/492 292/319/493 283/313/377 275/302/374
s 2
f 431/314/462 439/395/465 440/315/468 436/421/463
s 1
f 289/316/491 257/424/490 472/425/479 467/317/494 253/390/495 261/468/496 511/469/497
s 6
f 509/318/498 514/452/499 292/319/493 287/312/492
s 2
f 470/320/476 475/420/500 427/321/501 469/388/473
s 4
f 299/322/398 250/339/482 252/356/481 286/357/383 281/323/382 256/414/502 304/415/399
s 2
f 293/304/390 305/324/503 308/327/504 301/325/393
f 305/324/503 311/326/505 314/329/506 308/327/504
f 311/326/505 317/328/507 320/331/508 314/329/506
f 317/328/507 268/330/359 272/293/364 320/331/508
s 1
f 249/342/483 266/301/356 319/332/509
f 249/342/483 319/332/509 313/333/510
f 249/342/483 313/333/510 307/334/511
f 249/342/483 307/334/511 295/335/385
s 4
f 250/339/482 299/322/398 310/336/512
f 250/339/482 310/336/512 316/337/513
f 250/339/482 316/337/513 322/338/514
f 250/339/482 322/338/514 274/340/367
s 1
f 278/341/372 251/352/484 249/342/483 295/335/385 296/343/388 255/408/489 277/310/369
s 6
f 326/296/404 335/344/515 338/347/516 334/345/415
f 335/344/515 341/346/517 344/349/518 338/347/516
f 341/346/517 280/348/375 284/303/380 344/349/518
s 1
f 251/352/484 278/341/372 343/350/519
f 251/352/484 343/350/519 337/351/520
f 251/352/484 337/351/520 328/353/407
s 4
f 252/356/481 332/299/412 340/354/521
f 252/356/481 340/354/521 346/355/522
f 252/356/481 346/355/522 286/357/383
s 6
f 347/294/422 359/358/523 364/361/524 355/359/425
f 359/358/523 365/360/525 370/363/526 364/361/524
f 365/360/525 371/362/527 376/365/528 370/363/526
f 371/362/527 377/364/529 382/367/530 376/365/528
f 377/364/529 383/366/531 388/369/532 382/367/530
f 383/366/531 389/368/488 394/309/487 388/369/532
f 395/306/438 407/370/533 412/373/534 403/371/441
f 407/370/533 413/372/535 418/375/536 412/373/534
f 413/372/535 419/374/537 424/377/538 418/375/536
f 419/374/537 352/376/423 356/295/428 424/377/538
s 4
f 358/493/431 353/290/430 362/378/539 368/379/540 374/380/541 380/381/542 386/382/543 392/383/544 488/384/545 260/444/546 254/418/547 262/475/548 406/476/447 401/291/446 410/385/549 416/386/550 422/492/551
s 6
f 428/387/452 484/435/552 469/388/553 427/321/449
s 1
f 467/317/494 482/389/554 259/447/555 253/390/495
s 4
f 425/391/454 254/418/547 260/444/546 430/445/455
f 437/392/470 256/414/502 281/323/382 290/393/556 258/427/557 442/428/471
s 2
f 431/314/462 443/394/558 446/397/559 439/395/465
f 443/394/558 449/396/560 452/399/561 446/397/559
f 449/396/560 455/398/562 458/401/563 452/399/561
f 455/398/562 461/400/564 464/403/565 458/401/563
f 461/400/564 298/402/391 302/305/396 464/403/565
s 1
f 255/408/489 296/343/388 463/404/566
f 255/408/489 463/404/566 457/405/567
f 255/408/489 457/405/567 451/406/568
f 255/408/489 451/406/568 445/407/569
f 255/408/489 445/407/569 433/409/457
s 4
f 256/414/502 437/392/470 448/410/570
f 256/414/502 448/410/570 454/411/571
f 256/414/502 454/411/571 460/412/572
f 256/414/502 460/412/572 466/413/573
f 256/414/502 466/413/573 304/415/399
f 473/416/574 258/427/557 290/393/556 512/417/575 262/475/548 254/418/547 425/391/454
s 2
f 470/320/476 476/419/576 479/422/577 475/420/500
f 476/419/576 436/421/463 440/315/468 479/422/577
s 1
f 257/424/490 434/311/460 478/423/578
f 257/424/490 478/423/578 472/425/479
s 4
f 258/427/557 473/416/574 481/426/579
f 258/427/557 481/426/579 442/428/471
s 6
f 485/308/485 491/429/580 494/432/581 490/430/486
f 491/429/580 497/431/582 500/434/583 494/432/581
f 497/431/582 503/433/584 506/436/585 500/434/583
f 503/433/584 484/435/552 428/387/452 506/436/585
s 1
f 259/447/555 482/389/554 505/437/586
f 259/447/555 505/437/586 499/438/587
f 259/447/555 499/438/587 493/439/588
f 259/447/555 493/439/588 487/440/589
s 4
f 260/444/546 488/384/545 496/441/590
f 260/444/546 496/441/590 502/442/591
f 260/444/546 502/442/591 508/443/592
f 260/444/546 508/443/592 430/445/455
s 1
f 398/446/436 261/468/496 253/390/495 259/447/555 487/440/589 391/488/593 385/487/594 379/486/595 373/485/596 367/484/597 361/483/598 349/448/417 350/449/420 421/491/599 415/490/600 409/489/601 397/450/433
s 6
f 509/318/498 515/451/602 518/454/603 514/452/499
f 515/451/602 521/453/604 524/456/605 518/454/603
f 521/453/604 527/455/606 530/458/607 524/456/605
f 527/455/606 533/457/608 536/460/609 530/458/607
f 533/457/608 539/459/610 542/462/611 536/460/609
f 539/459/610 400/461/439 404/307/444 542/462/611
s 1
f 261/468/496 398/446/436 541/463/612
f 261/468/496 541/463/612 535/464/613
f 261/468/496 535/464/613 529/465/614
f 261/468/496 529/465/614 523/466/615
f 261/468/496 523/466/615 517/467/616
f 261/468/496 517/467/616 511/469/497
s 4
f 262/475/548 512/417/575 520/470/617
f 262/475/548 520/470/617 526/471/618
f 262/475/548 526/471/618 532/472/619
f 262/475/548 532/472/619 538/473/620
f 262/475/548 538/473/620 544/474/621
f 262/475/548 544/474/621 406/476/447
s off
f 329/526/622 330/477/623 269/478/624 270/497/625 271/479/626 264/480/627 265/494/628 263/481/629 325/482/630 323/522/631 324/297/632 331/289/633
s 2
f 272/293/364 273/499/363 321/521/634 320/331/508
s 4
f 273/499/368 274/340/367 322/338/514 321/521/635
s 6
f 275/302/374 276/501/373 288/509/636 287/312/492
s 1
f 276/500/370 277/310/369 289/316/491 288/508/637
s 4
f 281/323/382 282/505/381 291/511/638 290/393/556
s 6
f 282/504/378 283/313/377 292/319/493 291/510/639
f 284/303/380 285/507/379 345/537/640 344/349/518
s 4
f 285/506/384 286/357/383 346/355/522 345/536/641
s 6
f 287/312/492 288/509/636 510/611/642 509/318/498
s 1
f 288/508/637 289/316/491 511/469/497 510/610/643
s 4
f 290/393/556 291/511/638 513/613/644 512/417/575
s 6
f 291/510/639 292/319/493 514/452/499 513/612/645
s 2
f 293/304/390 294/512/389 306/516/646 305/324/503
s 1
f 294/512/386 295/335/385 307/334/511 306/516/647
s 2
f 302/305/396 303/515/395 465/595/648 464/403/565
s 4
f 303/515/400 304/415/399 466/413/573 465/595/649
s 2
f 305/324/503 306/516/646 312/518/650 311/326/505
s 1
f 306/516/647 307/334/511 313/333/510 312/518/651
s 4
f 299/322/398 300/514/397 309/517/652 310/336/512
s 2
f 300/514/394 301/325/393 308/327/504 309/517/653
f 311/326/505 312/518/650 318/520/654 317/328/507
s 1
f 312/518/651 313/333/510 319/332/509 318/520/655
s 4
f 310/336/512 309/517/652 315/519/656 316/337/513
s 2
f 309/517/653 308/327/504 314/329/506 315/519/657
s 1
f 266/301/356 267/496/355 318/520/655 319/332/509
s 2
f 267/496/360 268/330/359 317/328/507 318/520/654
s 4
f 316/337/513 315/519/656 321/521/635 322/338/514
s 2
f 315/519/657 314/329/506 320/331/508 321/521/634
s 6
f 326/296/404 327/525/403 336/531/658 335/344/515
s 1
f 327/524/408 328/353/407 337/351/520 336/530/659
s 6
f 335/344/515 336/531/658 342/535/660 341/346/517
s 1
f 336/530/659 337/351/520 343/350/519 342/534/661
s 4
f 332/299/412 333/529/411 339/533/662 340/354/521
s 6
f 333/528/416 334/345/415 338/347/516 339/532/663
s 1
f 278/341/372 279/503/371 342/534/661 343/350/519
s 6
f 279/502/376 280/348/375 341/346/517 342/535/660
s 4
f 340/354/521 339/533/662 345/536/641 346/355/522
s 6
f 339/532/663 338/347/516 344/349/518 345/537/640
f 347/294/422 348/539/421 360/547/664 359/358/523
s 1
f 348/538/418 349/448/417 361/483/598 360/546/665
s 4
f 353/290/430 354/543/429 363/549/666 362/378/539
s 6
f 354/542/426 355/359/425 364/361/524 363/548/667
f 359/358/523 360/547/664 366/551/668 365/360/525
s 1
f 360/546/665 361/483/598 367/484/597 366/550/669
s 4
f 362/378/539 363/549/666 369/553/670 368/379/540
s 6
f 363/548/667 364/361/524 370/363/526 369/552/671
f 365/360/525 366/551/668 372/554/672 371/362/527
s 1
f 366/550/669 367/484/597 373/485/596 372/554/673
s 4
f 368/379/540 369/553/670 375/555/674 374/380/541
s 6
f 369/552/671 370/363/526 376/365/528 375/555/675
f 371/362/527 372/554/672 378/556/676 377/364/529
s 1
f 372/554/673 373/485/596 379/486/595 378/556/677
s 4
f 374/380/541 375/555/674 381/557/678 380/381/542
s 6
f 375/555/675 376/365/528 382/367/530 381/557/679
f 377/364/529 378/556/676 384/558/680 383/366/531
s 1
f 378/556/677 379/486/595 385/487/594 384/558/681
s 4
f 380/381/542 381/557/678 387/559/682 386/382/543
s 6
f 381/557/679 382/367/530 388/369/532 387/559/683
f 383/366/531 384/558/680 390/560/684 389/368/488
s 1
f 384/558/681 385/487/594 391/488/593 390/560/685
s 4
f 386/382/543 387/559/682 393/561/686 392/383/544
s 6
f 387/559/683 388/369/532 394/309/487 393/561/687
f 389/368/488 390/560/684 486/602/688 485/308/485
s 1
f 390/560/685 391/488/593 487/440/589 486/602/689
s 4
f 392/383/544 393/561/686 489/603/690 488/384/545
s 6
f 393/561/687 394/309/487 490/430/486 489/603/691
f 395/306/438 396/563/437 408/571/692 407/370/533
s 1
f 396/562/434 397/450/433 409/489/601 408/570/693
s 4
f 401/291/446 402/567/445 411/573/694 410/385/549
s 6
f 402/566/442 403/371/441 412/373/534 411/572/695
f 404/307/444 405/569/443 543/633/696 542/462/611
s 4
f 405/568/448 406/476/447 544/474/621 543/632/697
s 6
f 407/370/533 408/571/692 414/575/698 413/372/535
s 1
f 408/570/693 409/489/601 415/490/600 414/574/699
s 4
f 410/385/549 411/573/694 417/577/700 416/386/550
s 6
f 411/572/695 412/373/534 418/375/536 417/576/701
f 413/372/535 414/575/698 420/579/702 419/374/537
s 1
f 414/574/699 415/490/600 421/491/599 420/578/703
s 4
f 416/386/550 417/577/700 423/581/704 422/492/551
s 6
f 417/576/701 418/375/536 424/377/538 423/580/705
s 1
f 350/449/420 351/541/419 420/578/703 421/491/599
s 6
f 351/540/424 352/376/423 419/374/537 420/579/702
f 356/295/428 357/545/427 423/580/705 424/377/538
s 4
f 357/544/432 358/493/431 422/492/551 423/581/704
f 425/391/454 426/582/453 474/598/706 473/416/574
s 2
f 426/582/707 427/321/501 475/420/500 474/598/708
s 6
f 428/387/452 429/583/451 507/609/709 506/436/585
s 4
f 429/583/456 430/445/455 508/443/592 507/609/710
s 2
f 431/314/462 432/584/461 444/588/711 443/394/558
s 1
f 432/584/458 433/409/457 445/407/569 444/588/712
s 2
f 440/315/468 441/587/467 480/600/713 479/422/577
s 4
f 441/587/472 442/428/471 481/426/579 480/600/714
s 2
f 443/394/558 444/588/711 450/590/715 449/396/560
s 1
f 444/588/712 445/407/569 451/406/568 450/590/716
s 4
f 437/392/470 438/586/469 447/589/717 448/410/570
s 2
f 438/586/466 439/395/465 446/397/559 447/589/718
f 449/396/560 450/590/715 456/592/719 455/398/562
s 1
f 450/590/716 451/406/568 457/405/567 456/592/720
s 4
f 448/410/570 447/589/717 453/591/721 454/411/571
s 2
f 447/589/718 446/397/559 452/399/561 453/591/722
f 455/398/562 456/592/719 462/594/723 461/400/564
s 1
f 456/592/720 457/405/567 463/404/566 462/594/724
s 4
f 454/411/571 453/591/721 459/593/725 460/412/572
s 2
f 453/591/722 452/399/561 458/401/563 459/593/726
s 1
f 296/343/388 297/513/387 462/594/724 463/404/566
s 2
f 297/513/392 298/402/391 461/400/564 462/594/723
s 4
f 460/412/572 459/593/725 465/595/649 466/413/573
s 2
f 459/593/726 458/401/563 464/403/565 465/595/648
s 1
f 467/317/494 468/596/727 483/601/728 482/389/554
s 6
f 468/596/729 469/388/553 484/435/552 483/601/730
s 2
f 470/320/476 471/597/475 477/599/731 476/419/576
s 1
f 471/597/480 472/425/479 478/423/578 477/599/732
f 434/311/460 435/585/459 477/599/732 478/423/578
s 2
f 435/585/464 436/421/463 476/419/576 477/599/731
s 4
f 473/416/574 474/598/706 480/600/714 481/426/579
s 2
f 474/598/708 475/420/500 479/422/577 480/600/713
s 6
f 485/308/485 486/602/688 492/604/733 491/429/580
s 1
f 486/602/689 487/440/589 493/439/588 492/604/734
s 6
f 491/429/580 492/604/733 498/606/735 497/431/582
s 1
f 492/604/734 493/439/588 499/438/587 498/606/736
s 4
f 488/384/545 489/603/690 495/605/737 496/441/590
s 6
f 489/603/691 490/430/486 494/432/581 495/605/738
f 497/431/582 498/606/735 504/608/739 503/433/584
s 1
f 498/606/736 499/438/587 505/437/586 504/608/740
s 4
f 496/441/590 495/605/737 501/607/741 502/442/591
s 6
f 495/605/738 494/432/581 500/434/583 501/607/742
s 1
f 482/389/554 483/601/728 504/608/740 505/437/586
s 6
f 483/601/730 484/435/552 503/433/584 504/608/739
s 4
f 502/442/591 501/607/741 507/609/710 508/443/592
s 6
f 501/607/742 500/434/583 506/436/585 507/609/709
f 509/318/498 510/611/642 516/615/743 515/451/602
s 1
f 510/610/643 511/469/497 517/467/616 516/614/744
s 6
f 515/451/602 516/615/743 522/619/745 521/453/604
s 1
f 516/614/744 517/467/616 523/466/615 522/618/746
s 4
f 512/417/575 513/613/644 519/617/747 520/470/617
s 6
f 513/612/645 514/452/499 518/454/603 519/616/748
f 521/453/604 522/619/745 528/623/749 527/455/606
s 1
f 522/618/746 523/466/615 529/465/614 528/622/750
s 4
f 520/470/617 519/617/747 525/621/751 526/471/618
s 6
f 519/616/748 518/454/603 524/456/605 525/620/752
f 527/455/606 528/623/749 534/627/753 533/457/608
s 1
f 528/622/750 529/465/614 535/464/613 534/626/754
s 4
f 526/471/618 525/621/751 531/625/755 532/472/619
s 6
f 525/620/752 524/456/605 530/458/607 531/624/756
f 533/457/608 534/627/753 540/631/757 539/459/610
s 1
f 534/626/754 535/464/613 541/463/612 540/630/758
s 4
f 532/472/619 531/625/755 537/629/759 538/473/620
s 6
f 531/624/756 530/458/607 536/460/609 537/628/760
s 1
f 398/446/436 399/565/435 540/630/758 541/463/612
s 6
f 399/564/440 400/461/439 539/459/610 540/631/757
s 4
f 538/473/620 537/629/759 543/632/697 544/474/621
s 6
f 537/628/760 536/460/609 542/462/611 543/633/696
g default
v -77.782299 -78.467346 -825.878364
v -77.778871 -79.939509 -825.805871
v -77.781337 -81.418133 -825.857978
v -77.789631 -82.875736 -826.033467
v -77.806803 -85.064911 -826.393270
v -77.810676 -85.064911 -826.474891
v -77.811364 -85.251299 -826.489344
v -77.807522 -85.251299 -826.408408
v -77.807522 -86.949749 -826.408408
v -77.811364 -86.949749 -826.489344
v -77.810603 -87.135936 -826.473294
v -77.806718 -87.135936 -826.391597
v -77.768421 -91.538469 -825.584969
v -77.767039 -91.911134 -825.555910
v -77.769200 -92.287433 -825.601323
v -77.774645 -92.631418 -825.716034
v -77.796360 -93.144152 -826.173205
v -77.794618 -93.630816 -826.136768
v -77.783627 -93.737557 -825.905292
v -77.775692 -93.902131 -825.738246
v -77.770936 -94.151200 -825.638216
v -77.769718 -95.094021 -825.612201
v -77.770364 -95.164371 -825.629545
v -77.772337 -95.216683 -825.680282
v -77.775053 -95.235887 -825.750265
v -77.775205 -95.235887 -825.727749
v -77.775101 -95.476945 -825.725771
v -77.774730 -95.476945 -825.746690
v -77.772099 -95.495838 -825.676783
v -77.770169 -95.547396 -825.625817
v -77.769487 -95.617426 -825.607637
v -77.772446 -102.000947 -825.669709
v -77.773080 -102.072252 -825.683173
v -77.774803 -102.129502 -825.719457
v -77.777245 -102.161385 -825.770879
v -77.783511 -102.200014 -825.902858
v -77.786556 -102.299547 -825.966831
v -77.781209 -102.333498 -825.854250
v -77.778834 -102.369868 -825.804349
v -77.777440 -102.435952 -825.774987
v -77.777452 -102.509204 -825.775291
v -77.787384 -103.411519 -825.989043
v -77.799538 -104.026447 -826.248816
v -77.819561 -104.516755 -826.693892
v -77.852267 -104.946962 -827.245691
v -77.823665 -104.946962 -829.088446
v -77.813355 -104.516986 -829.639484
v -77.797961 -104.026537 -830.084255
v -77.787816 -103.411569 -830.344105
v -77.777452 -102.509204 -830.557704
v -77.777440 -102.435952 -830.558009
v -77.778834 -102.369868 -830.528570
v -77.781209 -102.333498 -830.478670
v -77.786556 -102.299547 -830.366012
v -77.783511 -102.200014 -830.430138
v -77.777245 -102.161385 -830.562040
v -77.774803 -102.129502 -830.613386
v -77.773080 -102.072252 -830.649747
v -77.772446 -102.000947 -830.663135
v -77.769487 -95.617436 -830.725435
v -77.770150 -95.547396 -830.707179
v -77.771996 -95.495858 -830.656137
v -77.774541 -95.476955 -830.586230
v -77.775101 -95.476955 -830.607149
v -77.775205 -95.235887 -830.605171
v -77.774517 -95.235887 -830.582731
v -77.772056 -95.216683 -830.652638
v -77.770297 -95.164371 -830.703375
v -77.769718 -95.094041 -830.720795
v -77.770936 -94.151200 -830.694932
v -77.775692 -93.902141 -830.594750
v -77.783633 -93.737557 -830.427704
v -77.794618 -93.630816 -830.196228
v -77.796360 -93.144152 -830.159639
v -77.774645 -92.631418 -830.616810
v -77.769200 -92.287433 -830.731597
v -77.767039 -91.911134 -830.777009
v -77.768421 -91.538469 -830.747951
v -77.806718 -87.135936 -829.941475
v -77.810603 -87.135936 -829.859778
v -77.811364 -86.949749 -829.843651
v -77.807522 -86.949749 -829.924588
v -77.807522 -85.251299 -829.924588
v -77.811364 -85.251299 -829.843651
v -77.810676 -85.064911 -829.858181
v -77.806803 -85.064911 -829.939726
v -77.789795 -82.875751 -830.299529
v -77.781428 -81.418148 -830.474942
v -77.778944 -79.939509 -830.527125
v -77.782403 -78.467310 -830.454556
v -77.840527 -69.261637 -829.229476
v -77.843091 -68.425883 -829.175544
v -77.840356 -67.583751 -829.233051
v -77.832483 -66.772953 -829.398956
v -77.816388 -65.556750 -829.737841
v -77.816388 -65.136572 -829.737841
v -77.828104 -64.700016 -829.448325
v -77.836063 -64.669208 -829.286223
v -77.836118 -64.589320 -829.322356
v -77.828171 -64.558506 -829.489706
v -77.828171 -62.841906 -829.489706
v -77.828171 -62.841906 -826.843290
v -77.828171 -64.558506 -826.843290
v -77.836118 -64.589320 -827.010640
v -77.836063 -64.669208 -827.047077
v -77.828104 -64.700016 -826.884976
v -77.816388 -65.136572 -826.595308
v -77.816388 -65.556750 -826.595308
v -77.832483 -66.772953 -826.934040
v -77.840356 -67.583751 -827.099945
v -77.843091 -68.425883 -827.157452
v -77.840527 -69.261637 -827.103520
v -74.934183 -81.418143 -828.209553
v -75.158940 -82.875751 -828.206282
v -75.619794 -85.064911 -828.199740
v -75.724314 -85.064911 -828.198142
v -75.742826 -85.251299 -828.197838
v -75.639195 -85.251299 -828.199359
v -75.639195 -86.949749 -828.199359
v -75.742826 -86.949749 -828.197838
v -75.722262 -87.135936 -828.198142
v -75.617638 -87.135936 -828.199740
v -74.584529 -91.538469 -828.214649
v -74.547304 -91.911134 -828.215182
v -74.605502 -92.287433 -828.214345
v -74.752472 -92.631418 -828.212215
v -75.338051 -93.144152 -828.203695
v -75.291241 -93.630816 -828.204380
v -74.994761 -93.737557 -828.208716
v -74.780721 -93.902141 -828.211835
v -74.652458 -94.151200 -828.213812
v -74.619367 -95.094041 -828.214193
v -74.636156 -95.164371 -828.213888
v -74.686498 -95.216683 -828.212976
v -74.756320 -95.235887 -828.211911
v -74.767397 -95.235887 -828.212063
v -74.764834 -95.476955 -828.212063
v -74.752186 -95.476955 -828.211759
v -74.682327 -95.495858 -828.212976
v -74.631479 -95.547396 -828.213965
v -74.613442 -95.617436 -828.214345
v -74.693093 -102.000947 -828.213052
v -74.710259 -102.072252 -828.212824
v -74.756795 -102.129502 -828.212139
v -74.822617 -102.161385 -828.211226
v -74.991540 -102.200014 -828.208792
v -75.073657 -102.299547 -828.207499
v -74.929445 -102.333498 -828.209629
v -74.865499 -102.369868 -828.210541
v -74.827848 -102.435952 -828.211150
v -74.828250 -102.509204 -828.211150
v -75.101894 -103.411569 -828.207118
v -75.402587 -104.026507 -828.203163
v -75.880151 -104.516916 -828.197306
v -76.459890 -104.946962 -828.197914
v -77.837695 -104.946962 -828.184298
v -79.321610 -104.946962 -828.169465
v -79.901751 -104.516805 -828.190764
v -80.379406 -104.026467 -828.201565
v -80.680130 -103.411539 -828.207423
v -80.953768 -102.509204 -828.211150
v -80.954170 -102.435952 -828.211150
v -80.916519 -102.369868 -828.210541
v -80.852573 -102.333498 -828.209629
v -80.708361 -102.299547 -828.207499
v -80.790478 -102.200014 -828.208792
v -80.959401 -102.161385 -828.211226
v -81.025222 -102.129502 -828.212139
v -81.071758 -102.072252 -828.212824
v -81.088925 -102.000947 -828.213052
v -81.168575 -95.617436 -828.214345
v -81.150538 -95.547396 -828.213965
v -81.099679 -95.495858 -828.212976
v -81.029832 -95.476955 -828.211530
v -81.017184 -95.476955 -828.212063
v -81.014621 -95.235887 -828.212063
v -81.025673 -95.235887 -828.211454
v -81.095514 -95.216683 -828.212747
v -81.145862 -95.164371 -828.213812
v -81.162656 -95.094041 -828.214193
v -81.129560 -94.151200 -828.213812
v -81.001297 -93.902141 -828.211835
v -80.787257 -93.737557 -828.208716
v -80.490777 -93.630816 -828.204380
v -80.443967 -93.144152 -828.203695
v -81.029546 -92.631418 -828.212215
v -81.176516 -92.287433 -828.214345
v -81.234714 -91.911134 -828.215182
v -81.197488 -91.538469 -828.214649
v -80.164379 -87.135936 -828.199740
v -80.059756 -87.135936 -828.198142
v -80.039198 -86.949749 -828.197838
v -80.142823 -86.949749 -828.199359
v -80.142823 -85.251299 -828.199359
v -80.039198 -85.251299 -828.197838
v -80.057704 -85.064911 -828.198142
v -80.162224 -85.064911 -828.199740
v -80.623090 -82.875736 -828.206358
v -80.847835 -81.418143 -828.209553
v -80.914600 -79.939509 -828.210618
v -80.821772 -78.467325 -828.209248
v -79.252573 -69.261637 -828.186428
v -79.183476 -68.425883 -828.185363
v -79.257195 -67.583751 -828.186428
v -79.469616 -66.772953 -828.189547
v -79.903688 -65.556750 -828.196012
v -79.903688 -65.136572 -828.196012
v -79.587740 -64.700016 -828.190612
v -79.373134 -64.669208 -828.187569
v -79.371514 -64.589320 -828.188101
v -79.585889 -64.558506 -828.191220
v -79.585889 -62.841906 -828.191220
v -77.828171 -62.841906 -828.191220
v -76.196129 -62.841906 -828.191220
v -76.196129 -64.558506 -828.191220
v -76.410504 -64.589320 -828.188101
v -76.408884 -64.669208 -828.187569
v -76.194278 -64.700016 -828.190612
v -75.878330 -65.136572 -828.196012
v -75.878330 -65.556750 -828.196012
v -76.312402 -66.772953 -828.189547
v -76.524822 -67.583751 -828.186428
v -76.598542 -68.425883 -828.185363
v -76.529444 -69.261637 -828.186428
v -74.960246 -78.467310 -828.209172
v -74.867429 -79.939509 -828.210618
v -80.443967 -93.144152 -826.751628
v -80.366326 -93.144152 -826.462492
v -80.154222 -93.144152 -826.250718
v -79.864484 -93.144152 -826.173205
v -79.910739 -93.630816 -826.136768
v -80.200752 -93.630816 -826.214358
v -80.413063 -93.630816 -826.426360
v -80.490777 -93.630816 -826.715724
v -75.917534 -93.144152 -826.173205
v -75.627796 -93.144152 -826.250718
v -75.415692 -93.144152 -826.462492
v -75.338051 -93.144152 -826.751628
v -75.291241 -93.630816 -826.715724
v -75.368955 -93.630816 -826.426360
v -75.581266 -93.630816 -826.214358
v -75.871278 -93.630816 -826.136768
v -80.490777 -93.630816 -829.617272
v -80.413075 -93.630816 -829.906712
v -80.200770 -93.630816 -830.118638
v -79.910752 -93.630816 -830.196228
v -79.864490 -93.144152 -830.159639
v -80.154228 -93.144152 -830.082126
v -80.366326 -93.144152 -829.870504
v -80.443967 -93.144152 -829.581216
v -75.871266 -93.630816 -830.196228
v -75.581247 -93.630816 -830.118638
v -75.368943 -93.630816 -829.906712
v -75.291241 -93.630816 -829.617272
v -75.338051 -93.144152 -829.581216
v -75.415692 -93.144152 -829.870504
v -75.627789 -93.144152 -830.082126
v -75.917528 -93.144152 -830.159639
v -75.162874 -91.538469 -825.584969
v -74.873696 -91.538469 -825.662254
v -74.662012 -91.538469 -825.873496
v -74.584529 -91.538469 -826.162175
v -75.125363 -91.911134 -825.555910
v -74.836330 -91.911134 -825.633272
v -74.624751 -91.911134 -825.844361
v -74.547304 -91.911134 -826.132964
v -75.184845 -92.287433 -825.601323
v -74.895173 -92.287433 -825.678609
v -74.683118 -92.287433 -825.889622
v -74.605502 -92.287433 -826.177997
v -74.752472 -92.631418 -826.286927
v -74.831367 -92.631418 -826.001442
v -75.046905 -92.631418 -825.792635
v -75.341339 -92.631418 -825.716034
v -80.597173 -92.287433 -825.601323
v -80.886844 -92.287433 -825.678609
v -81.098899 -92.287433 -825.889622
v -81.176516 -92.287433 -826.177997
v -80.440679 -92.631418 -825.716034
v -80.735112 -92.631418 -825.792635
v -80.950650 -92.631418 -826.001442
v -81.029546 -92.631418 -826.286927
v -80.656558 -91.911134 -825.555910
v -80.945633 -91.911134 -825.633272
v -81.157249 -91.911134 -825.844514
v -81.234714 -91.911134 -826.132964
v -81.197488 -91.538469 -826.162175
v -81.120006 -91.538469 -825.873496
v -80.908322 -91.538469 -825.662254
v -80.619144 -91.538469 -825.584969
v -80.597173 -92.287433 -830.731597
v -80.886844 -92.287433 -830.654387
v -81.098899 -92.287433 -830.443222
v -81.176516 -92.287433 -830.154999
v -81.029546 -92.631418 -830.045917
v -80.950656 -92.631418 -830.331401
v -80.735118 -92.631418 -830.540437
v -80.440691 -92.631418 -830.616810
v -80.656655 -91.911134 -830.777009
v -80.945687 -91.911134 -830.699800
v -81.157267 -91.911134 -830.488558
v -81.234714 -91.911134 -830.200031
v -80.619144 -91.538469 -830.747951
v -80.908322 -91.538469 -830.670742
v -81.120006 -91.538469 -830.459348
v -81.197488 -91.538469 -830.170745
v -74.605502 -92.287433 -830.154999
v -74.683118 -92.287433 -830.443222
v -74.895173 -92.287433 -830.654387
v -75.184845 -92.287433 -830.731597
v -75.341327 -92.631418 -830.616810
v -75.046899 -92.631418 -830.540437
v -74.831361 -92.631418 -830.331401
v -74.752472 -92.631418 -830.045917
v -74.547304 -91.911134 -830.200031
v -74.624751 -91.911134 -830.488558
v -74.836330 -91.911134 -830.699800
v -75.125363 -91.911134 -830.777009
v -74.584529 -91.538469 -830.170745
v -74.662012 -91.538469 -830.459348
v -74.873696 -91.538469 -830.670742
v -75.162874 -91.538469 -830.747951
v -80.408532 -93.902141 -830.594750
v -80.704920 -93.902141 -830.518681
v -80.921883 -93.902141 -830.310787
v -81.001297 -93.902141 -830.026824
v -80.161109 -93.737557 -830.427704
v -80.474177 -93.737557 -830.354830
v -80.703362 -93.737557 -830.155912
v -80.787251 -93.737557 -829.883892
v -80.408489 -93.902131 -825.738246
v -80.704896 -93.902131 -825.814390
v -80.921883 -93.902131 -826.022285
v -81.001309 -93.902131 -826.306248
v -80.787263 -93.737557 -826.449180
v -80.703380 -93.737557 -826.177236
v -80.474195 -93.737557 -825.978242
v -80.161128 -93.737557 -825.905292
v -74.780721 -93.902141 -830.026824
v -74.860134 -93.902141 -830.310787
v -75.077097 -93.902141 -830.518681
v -75.373486 -93.902141 -830.594750
v -74.994767 -93.737557 -829.883892
v -75.078656 -93.737557 -830.155912
v -75.307841 -93.737557 -830.354830
v -75.620908 -93.737557 -830.427704
v -75.373528 -93.902131 -825.738246
v -75.077122 -93.902131 -825.814390
v -74.860134 -93.902131 -826.022285
v -74.780709 -93.902131 -826.306248
v -75.620890 -93.737557 -825.905292
v -75.307829 -93.737557 -825.978242
v -75.078638 -93.737557 -826.177236
v -74.994755 -93.737557 -826.449180
v -81.129560 -94.151200 -826.216335
v -81.052095 -94.151200 -825.927276
v -80.840479 -94.151200 -825.715730
v -80.551404 -94.151200 -825.638216
v -80.551404 -94.151200 -830.694932
v -80.840479 -94.151200 -830.617494
v -81.052095 -94.151200 -830.405948
v -81.129560 -94.151200 -830.116965
v -74.652458 -94.151200 -830.116965
v -74.729922 -94.151200 -830.405948
v -74.941539 -94.151200 -830.617494
v -75.230614 -94.151200 -830.694932
v -75.230614 -94.151200 -825.638216
v -74.941539 -94.151200 -825.715730
v -74.729922 -94.151200 -825.927276
v -74.652458 -94.151200 -826.216335
v -81.014621 -95.235887 -826.951079
v -80.850740 -95.235887 -826.339338
v -80.403015 -95.235887 -825.891752
v -79.791416 -95.235887 -825.727749
v -79.499399 -95.476945 -825.725771
v -80.258298 -95.476945 -825.929101
v -80.813837 -95.476945 -826.484628
v -81.017184 -95.476955 -827.243561
v -74.764834 -95.476955 -827.198225
v -74.962115 -95.476945 -826.462036
v -75.501085 -95.476945 -825.923016
v -76.237337 -95.476945 -825.725771
v -75.918034 -95.235887 -825.727749
v -75.342715 -95.235887 -825.881939
v -74.921559 -95.235887 -826.303129
v -74.767397 -95.235887 -826.878510
v -79.863984 -95.235887 -830.605171
v -80.439302 -95.235887 -830.450981
v -80.860459 -95.235887 -830.029867
v -81.014621 -95.235887 -829.454486
v -81.017184 -95.476955 -829.140704
v -80.820706 -95.476955 -829.873927
v -80.283923 -95.476955 -830.410664
v -79.550661 -95.476955 -830.607149
v -76.282618 -95.476955 -830.607149
v -75.523720 -95.476955 -830.403894
v -74.968180 -95.476955 -829.848292
v -74.764834 -95.476955 -829.089511
v -74.767397 -95.235887 -829.373093
v -74.932465 -95.235887 -829.989094
v -75.383436 -95.235887 -830.440103
v -75.999475 -95.235887 -830.605171
v -80.100239 -102.299547 -825.966831
v -80.404300 -102.299547 -826.041530
v -80.626890 -102.299547 -826.245698
v -80.708361 -102.299547 -826.524564
v -80.790478 -102.200014 -826.460515
v -80.709000 -102.200014 -826.181724
v -80.486423 -102.200014 -825.977633
v -80.182368 -102.200014 -825.902858
v -80.182642 -102.200014 -830.430138
v -80.486557 -102.200014 -830.355439
v -80.709043 -102.200014 -830.151272
v -80.790478 -102.200014 -829.872405
v -80.708361 -102.299547 -829.808204
v -80.626932 -102.299547 -830.087146
v -80.404458 -102.299547 -830.291313
v -80.100549 -102.299547 -830.366012
v -75.073657 -102.299547 -826.524564
v -75.155128 -102.299547 -826.245698
v -75.377718 -102.299547 -826.041530
v -75.681779 -102.299547 -825.966831
v -75.599650 -102.200014 -825.902858
v -75.295595 -102.200014 -825.977633
v -75.073017 -102.200014 -826.181724
v -74.991540 -102.200014 -826.460515
v -74.991540 -102.200014 -829.872405
v -75.072981 -102.200014 -830.151272
v -75.295461 -102.200014 -830.355439
v -75.599376 -102.200014 -830.430138
v -75.681468 -102.299547 -830.366012
v -75.377560 -102.299547 -830.291313
v -75.155086 -102.299547 -830.087146
v -75.073657 -102.299547 -829.808204
v -76.677036 -95.476945 -825.746690
v -75.714632 -95.476945 -826.054462
v -75.010094 -95.476945 -826.895169
v -74.752192 -95.476955 -828.043419
v -74.682369 -95.495838 -826.254446
v -74.759706 -95.495838 -825.965614
v -74.971006 -95.495838 -825.754220
v -75.259624 -95.495838 -825.676783
v -74.631486 -95.547396 -826.203404
v -74.708828 -95.547396 -825.914648
v -74.920128 -95.547396 -825.703255
v -75.208771 -95.547396 -825.625817
v -74.613442 -95.617426 -826.185147
v -74.690803 -95.617426 -825.896392
v -74.902164 -95.617426 -825.685150
v -75.190880 -95.617426 -825.607637
v -80.573290 -95.547396 -825.625817
v -80.861920 -95.547396 -825.703255
v -81.073214 -95.547396 -825.914648
v -81.150550 -95.547396 -826.203404
v -80.591138 -95.617426 -825.607637
v -80.879854 -95.617426 -825.685150
v -81.091214 -95.617426 -825.896392
v -81.168575 -95.617426 -826.185147
v -80.522698 -95.495838 -825.676783
v -80.811213 -95.495838 -825.754220
v -81.022415 -95.495838 -825.965766
v -81.099721 -95.495838 -826.254598
v -81.029832 -95.476955 -828.121161
v -80.761736 -95.476955 -826.933887
v -80.029186 -95.476945 -826.064807
v -79.028486 -95.476945 -825.746690
v -74.752186 -95.476955 -828.212063
v -75.020264 -95.476955 -829.399108
v -75.752789 -95.476955 -830.268189
v -76.753434 -95.476955 -830.586230
v -75.258972 -95.495858 -830.656137
v -74.970628 -95.495858 -830.578699
v -74.759548 -95.495858 -830.367001
v -74.682290 -95.495858 -830.077942
v -75.208673 -95.547396 -830.707179
v -74.920067 -95.547396 -830.629817
v -74.708798 -95.547396 -830.418423
v -74.631467 -95.547396 -830.129668
v -75.190880 -95.617436 -830.725435
v -74.902164 -95.617436 -830.648074
v -74.690803 -95.617436 -830.436756
v -74.613442 -95.617436 -830.148001
v -75.196872 -95.094021 -825.612201
v -74.908120 -95.094021 -825.689562
v -74.696735 -95.094021 -825.901032
v -74.619367 -95.094021 -826.189635
v -74.636187 -95.164361 -826.207435
v -74.713487 -95.164361 -825.918604
v -74.924671 -95.164361 -825.707058
v -75.213155 -95.164361 -825.629545
v -74.686602 -95.216683 -826.258705
v -74.763847 -95.216683 -825.969570
v -74.974867 -95.216683 -825.757872
v -75.263101 -95.216683 -825.680358
v -74.756406 -95.235887 -827.480742
v -74.941082 -95.235887 -826.615694
v -75.445445 -95.235887 -825.982197
v -76.134394 -95.235887 -825.750341
v -80.519337 -95.216683 -825.680206
v -80.807480 -95.216683 -825.757720
v -81.018420 -95.216683 -825.969570
v -81.095617 -95.216683 -826.258857
v -79.525548 -95.235887 -825.750113
v -80.275690 -95.235887 -825.998932
v -80.824817 -95.235887 -826.678983
v -81.025746 -95.235887 -827.607929
v -80.568984 -95.164371 -825.629545
v -80.857438 -95.164371 -825.707058
v -81.068598 -95.164371 -825.918604
v -81.145886 -95.164371 -826.207587
v -81.162656 -95.094021 -826.189635
v -81.085283 -95.094021 -825.901032
v -80.873898 -95.094021 -825.689562
v -80.585146 -95.094021 -825.612201
v -74.619367 -95.094041 -830.143437
v -74.696735 -95.094041 -830.432116
v -74.908120 -95.094041 -830.643586
v -75.196872 -95.094041 -830.720795
v -75.213021 -95.164371 -830.703451
v -74.924573 -95.164371 -830.626014
v -74.713414 -95.164371 -830.414468
v -74.636126 -95.164371 -830.125484
v -75.262669 -95.216683 -830.652790
v -74.974520 -95.216683 -830.575276
v -74.763591 -95.216683 -830.363502
v -74.686389 -95.216683 -830.074214
v -76.271602 -95.235887 -830.582883
v -75.513885 -95.235887 -830.331934
v -74.959217 -95.235887 -829.646026
v -74.756266 -95.235887 -828.709169
v -80.518923 -95.216683 -830.652486
v -80.807163 -95.216683 -830.574972
v -81.018171 -95.216683 -830.363350
v -81.095416 -95.216683 -830.074138
v -81.025606 -95.235887 -828.853699
v -80.841015 -95.235887 -829.718139
v -80.336877 -95.235887 -830.350951
v -79.648239 -95.235887 -830.582579
v -80.569039 -95.164371 -830.703299
v -80.857432 -95.164371 -830.625862
v -81.068555 -95.164371 -830.414316
v -81.145831 -95.164371 -830.125332
v -80.585146 -95.094041 -830.720795
v -80.873898 -95.094041 -830.643586
v -81.085283 -95.094041 -830.432116
v -81.162656 -95.094041 -830.143437
v -80.573308 -95.547396 -830.707179
v -80.861920 -95.547396 -830.629817
v -81.073202 -95.547396 -830.418423
v -81.150532 -95.547396 -830.129668
v -81.168575 -95.617436 -830.148001
v -81.091214 -95.617436 -830.436756
v -80.879854 -95.617436 -830.648074
v -80.591138 -95.617436 -830.725435
v -80.522923 -95.495858 -830.656061
v -80.811280 -95.495858 -830.578699
v -81.022372 -95.495858 -830.367001
v -81.099642 -95.495858 -830.077942
v -79.115261 -95.476955 -830.586154
v -80.072525 -95.476955 -830.279903
v -80.773306 -95.476955 -829.443076
v -81.029832 -95.476955 -828.300074
v -75.270530 -102.000947 -825.669709
v -74.981815 -102.000947 -825.747222
v -74.770454 -102.000947 -825.958464
v -74.693093 -102.000947 -826.247219
v -74.710259 -102.072252 -826.258934
v -74.788223 -102.072252 -825.971091
v -75.001240 -102.072252 -825.760306
v -75.292215 -102.072252 -825.683173
v -74.756795 -102.129502 -826.277266
v -74.838115 -102.129502 -825.998400
v -75.060284 -102.129502 -825.794156
v -75.363773 -102.129502 -825.719457
v -74.822617 -102.161385 -826.302673
v -74.908783 -102.161385 -826.036738
v -75.144204 -102.161385 -825.842079
v -75.465803 -102.161385 -825.770879
v -80.418245 -102.129502 -825.719457
v -80.721734 -102.129502 -825.794156
v -80.943903 -102.129502 -825.998400
v -81.025222 -102.129502 -826.277266
v -80.316215 -102.161385 -825.770879
v -80.637814 -102.161385 -825.842079
v -80.873234 -102.161385 -826.036738
v -80.959401 -102.161385 -826.302673
v -80.489803 -102.072252 -825.683173
v -80.780777 -102.072252 -825.760306
v -80.993794 -102.072252 -825.971091
v -81.071758 -102.072252 -826.258934
v -81.088925 -102.000947 -826.247219
v -81.011564 -102.000947 -825.958464
v -80.800203 -102.000947 -825.747222
v -80.511487 -102.000947 -825.669709
v -80.418391 -102.129502 -830.613386
v -80.721813 -102.129502 -830.538611
v -80.943927 -102.129502 -830.334444
v -81.025222 -102.129502 -830.055502
v -80.959401 -102.161385 -830.030399
v -80.873186 -102.161385 -830.296258
v -80.637638 -102.161385 -830.490840
v -80.315874 -102.161385 -830.562040
v -80.489766 -102.072252 -830.649747
v -80.780759 -102.072252 -830.572614
v -80.993782 -102.072252 -830.361905
v -81.071758 -102.072252 -830.074062
v -80.511487 -102.000947 -830.663135
v -80.800203 -102.000947 -830.585774
v -81.011564 -102.000947 -830.374380
v -81.088925 -102.000947 -830.085701
v -80.953774 -102.509204 -829.979738
v -80.876340 -102.509204 -830.268721
v -80.664772 -102.509204 -830.480267
v -80.375783 -102.509204 -830.557704
v -80.376014 -102.435952 -830.558009
v -80.665095 -102.435952 -830.480571
v -80.876718 -102.435952 -830.268949
v -80.954182 -102.435952 -829.979890
v -80.321081 -102.369868 -830.528570
v -80.618803 -102.369868 -830.452730
v -80.836746 -102.369868 -830.245368
v -80.916519 -102.369868 -829.962090
v -80.214368 -102.333498 -830.478670
v -80.533470 -102.333498 -830.407013
v -80.767070 -102.333498 -830.210985
v -80.852573 -102.333498 -829.943301
v -80.916519 -102.369868 -826.370754
v -80.836716 -102.369868 -826.087552
v -80.618693 -102.369868 -825.880342
v -80.320855 -102.369868 -825.804349
v -80.852573 -102.333498 -826.389695
v -80.767070 -102.333498 -826.121935
v -80.533458 -102.333498 -825.925983
v -80.214350 -102.333498 -825.854250
v -80.954170 -102.435952 -826.353182
v -80.876712 -102.435952 -826.064047
v -80.665077 -102.435952 -825.852501
v -80.375984 -102.435952 -825.774987
v -80.375783 -102.509204 -825.775291
v -80.664772 -102.509204 -825.852805
v -80.876328 -102.509204 -826.064351
v -80.953768 -102.509204 -826.353334
v -75.406235 -102.509204 -830.557704
v -75.117245 -102.509204 -830.480267
v -74.905678 -102.509204 -830.268721
v -74.828244 -102.509204 -829.979738
v -75.406004 -102.435952 -830.558009
v -75.116923 -102.435952 -830.480571
v -74.905300 -102.435952 -830.268949
v -74.827836 -102.435952 -829.979890
v -75.460937 -102.369868 -830.528570
v -75.163221 -102.369868 -830.452730
v -74.945272 -102.369868 -830.245368
v -74.865499 -102.369868 -829.962090
v -74.929445 -102.333498 -829.943301
v -75.014948 -102.333498 -830.210985
v -75.248547 -102.333498 -830.407013
v -75.567650 -102.333498 -830.478670
v -74.865499 -102.369868 -826.370754
v -74.945302 -102.369868 -826.087552
v -75.163325 -102.369868 -825.880342
v -75.461162 -102.369868 -825.804349
v -75.567668 -102.333498 -825.854250
v -75.248559 -102.333498 -825.925983
v -75.014948 -102.333498 -826.121935
v -74.929445 -102.333498 -826.389695
v -74.827848 -102.435952 -826.353182
v -74.905306 -102.435952 -826.064047
v -75.116941 -102.435952 -825.852501
v -75.406034 -102.435952 -825.774987
v -74.828250 -102.509204 -826.353334
v -74.905690 -102.509204 -826.064351
v -75.117245 -102.509204 -825.852805
v -75.406235 -102.509204 -825.775291
v -74.693093 -102.000947 -830.085701
v -74.770454 -102.000947 -830.374380
v -74.981815 -102.000947 -830.585774
v -75.270530 -102.000947 -830.663135
v -75.292252 -102.072252 -830.649747
v -75.001259 -102.072252 -830.572614
v -74.788235 -102.072252 -830.361905
v -74.710259 -102.072252 -830.074062
v -75.363627 -102.129502 -830.613386
v -75.060205 -102.129502 -830.538611
v -74.838090 -102.129502 -830.334444
v -74.756795 -102.129502 -830.055502
v -75.466144 -102.161385 -830.562040
v -75.144380 -102.161385 -830.490840
v -74.908832 -102.161385 -830.296258
v -74.822617 -102.161385 -830.030399
v -79.899906 -104.515038 -829.068896
v -79.820840 -104.514597 -829.352707
v -79.605929 -104.514476 -829.560525
v -79.312494 -104.514757 -829.637050
v -79.793589 -104.025744 -830.083647
v -80.086178 -104.025674 -830.007046
v -80.300389 -104.025704 -829.798239
v -80.378870 -104.025804 -829.512907
v -80.097419 -103.410997 -830.344257
v -80.388863 -103.410937 -830.267428
v -80.602215 -103.410967 -830.057708
v -80.680282 -103.411027 -829.771082
v -80.379966 -104.027170 -826.818872
v -80.301637 -104.027300 -826.533540
v -80.087414 -104.027320 -826.324504
v -79.794740 -104.027230 -826.248132
v -80.679972 -103.412071 -826.562294
v -80.601862 -103.412141 -826.275669
v -80.388522 -103.412141 -826.065948
v -80.097084 -103.412111 -825.989043
v -79.266019 -104.518893 -826.691534
v -79.585140 -104.519204 -826.760604
v -79.818684 -104.519174 -826.950470
v -79.903822 -104.518773 -827.209863
v -76.515993 -104.518893 -829.641690
v -76.196872 -104.519204 -829.572468
v -75.963327 -104.519174 -829.382678
v -75.878202 -104.518773 -829.123285
v -75.987046 -104.027230 -830.084864
v -75.694494 -104.027320 -830.008491
v -75.480350 -104.027290 -829.799608
v -75.402052 -104.027170 -829.514276
v -75.102046 -103.412071 -829.770778
v -75.180156 -103.412141 -830.057403
v -75.393514 -103.412141 -830.267200
v -75.684946 -103.412111 -830.343953
v -75.403154 -104.025794 -826.820013
v -75.481617 -104.025674 -826.534757
v -75.695748 -104.025654 -826.325950
v -75.988239 -104.025744 -826.249501
v -75.684586 -103.410997 -825.988815
v -75.393136 -103.410937 -826.065644
v -75.179797 -103.410967 -826.275440
v -75.101723 -103.411027 -826.562066
v -75.882227 -104.514948 -827.213591
v -75.968089 -104.514536 -826.955111
v -76.201713 -104.514506 -826.765624
v -76.520761 -104.514848 -826.695946
v -79.327225 -104.946962 -827.807380
v -78.742456 -104.946962 -827.236715
v -79.036938 -104.946962 -827.311490
v -79.251636 -104.946962 -827.521059
v -78.727104 -104.946962 -829.079393
v -79.316282 -104.946962 -828.513065
v -79.234628 -104.946962 -828.795202
v -79.019626 -104.946962 -829.001804
v -77.054962 -104.946962 -827.253526
v -76.465754 -104.946962 -827.819855
v -76.547414 -104.946962 -827.537717
v -76.762429 -104.946962 -827.331116
v -76.454799 -104.946962 -828.525540
v -77.039483 -104.946962 -829.096281
v -76.745043 -104.946962 -829.021505
v -76.530382 -104.946962 -828.811861
v -79.581425 -87.135936 -826.391597
v -79.872905 -87.135936 -826.468958
v -80.086275 -87.135936 -826.680048
v -80.164379 -87.135936 -826.968575
v -80.164379 -87.135936 -829.364421
v -80.086275 -87.135936 -829.652948
v -79.872887 -87.135936 -829.864114
v -79.581407 -87.135936 -829.941475
v -76.200611 -87.135936 -829.941475
v -75.909131 -87.135936 -829.864114
v -75.695742 -87.135936 -829.652948
v -75.617638 -87.135936 -829.364421
v -75.617638 -87.135936 -826.968575
v -75.695742 -87.135936 -826.680048
v -75.909112 -87.135936 -826.468958
v -76.200593 -87.135936 -826.391597
v -80.142823 -86.949749 -826.989569
v -80.064907 -86.949749 -826.699065
v -79.852012 -86.949749 -826.486302
v -79.561208 -86.949749 -826.408408
v -80.919910 -86.525164 -826.359952
v -80.796470 -86.525164 -826.102765
v -80.591114 -86.525164 -825.904836
v -80.329618 -86.525164 -825.790961
v -79.561208 -86.949749 -829.924588
v -79.852012 -86.949749 -829.846770
v -80.064907 -86.949749 -829.634007
v -80.142823 -86.949749 -829.343503
v -80.330806 -86.525164 -830.541958
v -80.592356 -86.525164 -830.428464
v -80.798577 -86.525164 -830.231676
v -80.924039 -86.525164 -829.975706
v -79.561208 -85.251299 -826.408408
v -79.852012 -85.251299 -826.486302
v -80.064907 -85.251299 -826.699065
v -80.142823 -85.251299 -826.989569
v -80.329618 -85.675884 -825.790961
v -80.591114 -85.675884 -825.904836
v -80.796470 -85.675884 -826.102765
v -80.919910 -85.675884 -826.359952
v -80.142823 -85.251299 -829.343503
v -80.064907 -85.251299 -829.634007
v -79.852012 -85.251299 -829.846770
v -79.561208 -85.251299 -829.924588
v -80.924039 -85.675884 -829.975706
v -80.798577 -85.675884 -830.231676
v -80.592356 -85.675884 -830.428464
v -80.330806 -85.675884 -830.541958
v -76.220798 -85.251299 -829.924588
v -75.929993 -85.251299 -829.846770
v -75.717110 -85.251299 -829.634007
v -75.639195 -85.251299 -829.343503
v -75.446748 -85.675884 -830.549185
v -75.187329 -85.675884 -830.432344
v -74.983185 -85.675884 -830.234034
v -74.858697 -85.675884 -829.978140
v -75.639195 -86.949749 -829.343503
v -75.717110 -86.949749 -829.634007
v -75.929993 -86.949749 -829.846770
v -76.220798 -86.949749 -829.924588
v -74.858697 -86.525164 -829.978140
v -74.983185 -86.525164 -830.234034
v -75.187329 -86.525164 -830.432344
v -75.446748 -86.525164 -830.549185
v -76.220798 -86.949749 -826.408408
v -75.929993 -86.949749 -826.486302
v -75.717110 -86.949749 -826.699065
v -75.639195 -86.949749 -826.989569
v -75.447912 -86.525164 -825.783659
v -75.188553 -86.525164 -825.901032
v -74.985280 -86.525164 -826.100331
v -74.862801 -86.525164 -826.357366
v -75.639195 -85.251299 -826.989569
v -75.717110 -85.251299 -826.699065
v -75.929993 -85.251299 -826.486302
v -76.220798 -85.251299 -826.408408
v -74.862801 -85.675884 -826.357366
v -74.985280 -85.675884 -826.100331
v -75.188553 -85.675884 -825.901032
v -75.447912 -85.675884 -825.783659
v -80.039198 -86.949749 -827.068452
v -79.961435 -86.949749 -826.778860
v -79.749002 -86.949749 -826.566934
v -79.458819 -86.949749 -826.489344
v -79.479389 -87.135936 -826.473294
v -79.769572 -87.135936 -826.550884
v -79.982005 -87.135936 -826.762810
v -80.059756 -87.135936 -827.052326
v -75.722262 -87.135936 -827.052326
v -75.800013 -87.135936 -826.762810
v -76.012445 -87.135936 -826.550884
v -76.302628 -87.135936 -826.473294
v -76.323199 -86.949749 -826.489344
v -76.033016 -86.949749 -826.566934
v -75.820583 -86.949749 -826.778860
v -75.742826 -86.949749 -827.068452
v -79.458825 -86.949749 -829.843651
v -79.749008 -86.949749 -829.766138
v -79.961441 -86.949749 -829.554288
v -80.039198 -86.949749 -829.264620
v -80.059756 -87.135936 -829.280746
v -79.981999 -87.135936 -829.570338
v -79.769572 -87.135936 -829.782188
v -79.479383 -87.135936 -829.859778
v -75.742826 -86.949749 -829.264620
v -75.820577 -86.949749 -829.554288
v -76.033009 -86.949749 -829.766138
v -76.323193 -86.949749 -829.843651
v -76.302641 -87.135936 -829.859778
v -76.012445 -87.135936 -829.782188
v -75.800019 -87.135936 -829.570338
v -75.722262 -87.135936 -829.280746
v -80.162224 -85.064911 -826.970857
v -80.084205 -85.064911 -826.682025
v -79.871060 -85.064911 -826.470708
v -79.579890 -85.064911 -826.393270
v -80.057704 -85.064911 -827.053999
v -79.979965 -85.064911 -826.764559
v -79.767587 -85.064911 -826.552481
v -79.477471 -85.064911 -826.474891
v -79.458971 -85.251299 -826.489344
v -79.749081 -85.251299 -826.566934
v -79.961459 -85.251299 -826.778936
v -80.039198 -85.251299 -827.068452
v -75.742826 -85.251299 -827.068452
v -75.820559 -85.251299 -826.778936
v -76.032936 -85.251299 -826.566934
v -76.323047 -85.251299 -826.489344
v -76.202127 -85.064911 -826.393270
v -75.910958 -85.064911 -826.470708
v -75.697813 -85.064911 -826.682025
v -75.619794 -85.064911 -826.970857
v -76.304547 -85.064911 -826.474891
v -76.014430 -85.064911 -826.552481
v -75.802053 -85.064911 -826.764559
v -75.724314 -85.064911 -827.053999
v -79.579872 -85.064911 -829.939726
v -79.871048 -85.064911 -829.862364
v -80.084205 -85.064911 -829.650971
v -80.162224 -85.064911 -829.362215
v -79.477465 -85.064911 -829.858181
v -79.767587 -85.064911 -829.780667
v -79.979965 -85.064911 -829.568589
v -80.057704 -85.064911 -829.279073
v -80.039198 -85.251299 -829.264620
v -79.961459 -85.251299 -829.554136
v -79.749087 -85.251299 -829.766138
v -79.458977 -85.251299 -829.843651
v -75.619794 -85.064911 -829.362215
v -75.697813 -85.064911 -829.650971
v -75.910958 -85.064911 -829.862364
v -76.202133 -85.064911 -829.939726
v -75.724314 -85.064911 -829.279073
v -75.802053 -85.064911 -829.568589
v -76.014430 -85.064911 -829.780667
v -76.304553 -85.064911 -829.858181
v -76.323040 -85.251299 -829.843651
v -76.032930 -85.251299 -829.766138
v -75.820559 -85.251299 -829.554136
v -75.742826 -85.251299 -829.264620
v -75.538061 -78.467677 -825.878288
v -75.249126 -78.467707 -825.955649
v -75.037625 -78.467692 -826.166967
v -74.960209 -78.467647 -826.455646
v -75.444964 -79.939625 -825.805871
v -75.156176 -79.939640 -825.883232
v -74.944772 -79.939640 -826.094626
v -74.867399 -79.939625 -826.383229
v -75.511711 -81.418018 -825.857902
v -75.222929 -81.418018 -825.935263
v -75.011525 -81.418018 -826.146581
v -74.934146 -81.418033 -826.435336
v -75.158867 -82.875445 -826.609152
v -75.233890 -82.861973 -826.318723
v -75.439380 -82.825146 -826.104059
v -75.721744 -82.774597 -826.021220
v -80.270093 -81.418239 -825.857978
v -80.558937 -81.418254 -825.935339
v -80.770395 -81.418254 -826.146657
v -80.847799 -81.418239 -826.435412
v -80.060109 -82.775395 -826.021448
v -80.342473 -82.825919 -826.104211
v -80.547982 -82.862651 -826.318875
v -80.623017 -82.876037 -826.609304
v -80.337011 -79.939389 -825.805871
v -80.625787 -79.939384 -825.883232
v -80.837191 -79.939384 -826.094550
v -80.914570 -79.939399 -826.383229
v -80.821735 -78.466994 -826.455722
v -80.744313 -78.466944 -826.167043
v -80.532801 -78.466929 -825.955649
v -80.243878 -78.466969 -825.878364
v -80.270312 -81.418018 -830.474942
v -80.559095 -81.418018 -830.397733
v -80.770492 -81.418018 -830.186263
v -80.847866 -81.418033 -829.897736
v -80.623151 -82.875445 -829.723844
v -80.548128 -82.861973 -830.014197
v -80.342638 -82.825156 -830.228861
v -80.060273 -82.774602 -830.311700
v -80.337053 -79.939625 -830.527125
v -80.625842 -79.939640 -830.449916
v -80.837245 -79.939640 -830.238446
v -80.914625 -79.939625 -829.949919
v -80.243969 -78.467677 -830.454632
v -80.532892 -78.467707 -830.377347
v -80.744405 -78.467692 -830.165953
v -80.821809 -78.467647 -829.877350
v -74.934213 -81.418239 -829.897736
v -75.011599 -81.418254 -830.186339
v -75.223002 -81.418254 -830.397733
v -75.511784 -81.418254 -830.474942
v -75.721927 -82.775390 -830.311624
v -75.439557 -82.825919 -830.228785
v -75.234042 -82.862651 -830.014197
v -75.159001 -82.876037 -829.723844
v -74.867448 -79.939399 -829.949919
v -74.944833 -79.939384 -830.238522
v -75.156236 -79.939384 -830.449916
v -75.445025 -79.939389 -830.527125
v -74.960282 -78.466994 -829.877198
v -75.037704 -78.466944 -830.165877
v -75.249217 -78.466929 -830.377347
v -75.538140 -78.466969 -830.454556
v -79.903688 -65.136572 -827.173122
v -79.826290 -65.136572 -826.884139
v -79.614838 -65.136572 -826.672821
v -79.325989 -65.136572 -826.595308
v -79.325891 -65.556750 -826.595308
v -79.614789 -65.556750 -826.672821
v -79.826284 -65.556750 -826.884367
v -79.903688 -65.556750 -827.173122
v -76.456029 -65.136572 -826.595308
v -76.167180 -65.136572 -826.672821
v -75.955728 -65.136572 -826.884139
v -75.878330 -65.136572 -827.173122
v -75.878330 -65.556750 -827.173122
v -75.955740 -65.556750 -826.884367
v -76.167228 -65.556750 -826.672821
v -76.456127 -65.556750 -826.595308
v -79.325982 -65.136572 -829.737841
v -79.614832 -65.136572 -829.660555
v -79.826290 -65.136572 -829.448933
v -79.903688 -65.136572 -829.160178
v -79.903688 -65.556750 -829.160026
v -79.826284 -65.556750 -829.448933
v -79.614789 -65.556750 -829.660555
v -79.325891 -65.556750 -829.737841
v -75.878330 -65.136572 -829.160178
v -75.955728 -65.136572 -829.448933
v -76.167186 -65.136572 -829.660555
v -76.456035 -65.136572 -829.737841
v -76.456127 -65.556750 -829.737841
v -76.167228 -65.556750 -829.660555
v -75.955740 -65.556750 -829.448933
v -75.878330 -65.556750 -829.160026
v -79.252573 -69.261637 -828.652194
v -79.175133 -69.261637 -828.940949
v -78.963572 -69.261637 -829.152191
v -78.674564 -69.261637 -829.229476
v -78.605606 -68.425883 -829.175544
v -78.894541 -68.425883 -829.098182
v -79.106054 -68.425883 -828.886941
v -79.183476 -68.425883 -828.598414
v -78.678906 -67.583751 -829.233051
v -78.968054 -67.583751 -829.155690
v -79.179719 -67.583751 -828.944296
v -79.257195 -67.583751 -828.655617
v -78.887715 -66.772953 -829.398956
v -79.178659 -66.772953 -829.322051
v -79.391658 -66.772953 -829.111722
v -79.469616 -66.772953 -828.824489
v -79.257195 -67.583751 -827.677455
v -79.179719 -67.583751 -827.388700
v -78.968054 -67.583751 -827.177458
v -78.678906 -67.583751 -827.099945
v -79.469616 -66.772953 -827.508659
v -79.391658 -66.772953 -827.221349
v -79.178659 -66.772953 -827.011021
v -78.887715 -66.772953 -826.934040
v -79.183476 -68.425883 -827.734582
v -79.106054 -68.425883 -827.446131
v -78.894541 -68.425883 -827.234890
v -78.605606 -68.425883 -827.157452
v -78.674564 -69.261637 -827.103520
v -78.963572 -69.261637 -827.180805
v -79.175133 -69.261637 -827.392123
v -79.252573 -69.261637 -827.680878
v -77.107454 -69.261637 -829.229476
v -76.818446 -69.261637 -829.152191
v -76.606884 -69.261637 -828.940949
v -76.529444 -69.261637 -828.652194
v -76.598542 -68.425883 -828.598414
v -76.675970 -68.425883 -828.886941
v -76.887477 -68.425883 -829.098182
v -77.176412 -68.425883 -829.175544
v -76.524822 -67.583751 -828.655617
v -76.602299 -67.583751 -828.944296
v -76.813970 -67.583751 -829.155690
v -77.103112 -67.583751 -829.233051
v -76.312402 -66.772953 -828.824489
v -76.390360 -66.772953 -829.111722
v -76.603359 -66.772953 -829.322051
v -76.894303 -66.772953 -829.398956
v -76.529444 -69.261637 -827.680878
v -76.606884 -69.261637 -827.392123
v -76.818446 -69.261637 -827.180805
v -77.107454 -69.261637 -827.103520
v -77.176412 -68.425883 -827.157452
v -76.887477 -68.425883 -827.234890
v -76.675970 -68.425883 -827.446131
v -76.598542 -68.425883 -827.734582
v -77.103112 -67.583751 -827.099945
v -76.813970 -67.583751 -827.177458
v -76.602299 -67.583751 -827.388700
v -76.524822 -67.583751 -827.677455
v -76.894303 -66.772953 -826.934040
v -76.603359 -66.772953 -827.011021
v -76.390360 -66.772953 -827.221349
v -76.312402 -66.772953 -827.508659
v -79.508521 -62.841906 -827.132045
v -79.297173 -62.841906 -826.920804
v -79.008457 -62.841906 -826.843290
v -79.585889 -62.841906 -827.420801
v -79.585889 -64.558506 -827.423007
v -79.508235 -64.558506 -827.133110
v -79.296089 -64.558506 -826.920956
v -79.006302 -64.558506 -826.843290
v -79.585889 -62.841906 -828.912271
v -79.008457 -62.841906 -829.489706
v -79.297173 -62.841906 -829.412344
v -79.508521 -62.841906 -829.201027
v -79.006302 -64.558506 -829.489706
v -79.296089 -64.558506 -829.412116
v -79.508235 -64.558506 -829.200038
v -79.585889 -64.558506 -828.910141
v -76.196129 -62.841906 -828.912271
v -76.273496 -62.841906 -829.201027
v -76.484845 -62.841906 -829.412344
v -76.773560 -62.841906 -829.489706
v -76.196129 -64.558506 -828.910141
v -76.273782 -64.558506 -829.200038
v -76.485929 -64.558506 -829.412116
v -76.775716 -64.558506 -829.489706
v -76.773560 -62.841906 -826.843290
v -76.484845 -62.841906 -826.920804
v -76.273496 -62.841906 -827.132045
v -76.196129 -62.841906 -827.420801
v -76.775716 -64.558506 -826.843290
v -76.485929 -64.558506 -826.920956
v -76.273782 -64.558506 -827.133110
v -76.196129 -64.558506 -827.423007
v -78.998592 -64.700016 -826.884976
v -79.293160 -64.700016 -826.961728
v -79.508808 -64.700016 -827.171373
v -79.587740 -64.700016 -827.457770
v -76.194278 -64.700016 -827.457770
v -76.273210 -64.700016 -827.171373
v -76.488858 -64.700016 -826.961728
v -76.783425 -64.700016 -826.884976
v -79.587740 -64.700016 -828.875759
v -79.508808 -64.700016 -829.162080
v -79.293148 -64.700016 -829.371648
v -78.998544 -64.700016 -829.448325
v -76.783474 -64.700016 -829.448325
v -76.488870 -64.700016 -829.371648
v -76.273210 -64.700016 -829.162080
v -76.194278 -64.700016 -828.875759
v -79.371514 -64.589320 -827.632042
v -79.295742 -64.589320 -827.321379
v -79.088711 -64.589320 -827.093935
v -78.805902 -64.589320 -827.010640
v -78.807144 -64.669208 -827.047077
v -79.090142 -64.669208 -827.130372
v -79.297307 -64.669208 -827.357892
v -79.373134 -64.669208 -827.668783
v -76.408884 -64.669208 -827.668783
v -76.484711 -64.669208 -827.357892
v -76.691876 -64.669208 -827.130372
v -76.974873 -64.669208 -827.047077
v -76.976116 -64.589320 -827.010640
v -76.693307 -64.589320 -827.093935
v -76.486276 -64.589320 -827.321379
v -76.410504 -64.589320 -827.632042
v -78.805768 -64.589320 -829.322356
v -79.088638 -64.589320 -829.239289
v -79.295718 -64.589320 -829.011921
v -79.371514 -64.589320 -828.701410
v -79.373134 -64.669208 -828.664821
v -79.297289 -64.669208 -828.975484
v -79.090081 -64.669208 -829.202928
v -78.807023 -64.669208 -829.286223
v -76.974995 -64.669208 -829.286223
v -76.691937 -64.669208 -829.202928
v -76.484729 -64.669208 -828.975484
v -76.408884 -64.669208 -828.664821
v -76.410504 -64.589320 -828.701410
v -76.486300 -64.589320 -829.011921
v -76.693380 -64.589320 -829.239289
v -76.976249 -64.589320 -829.322356
v -77.921176 -85.675884 -825.243194
v -77.646625 -85.675884 -825.245476
v -77.375989 -85.675884 -825.291725
v -77.791025 -85.541767 -825.573330
v -78.192567 -85.675884 -825.284727
v -77.791025 -86.659281 -825.573330
v -77.375989 -86.525164 -825.291725
v -77.646625 -86.525164 -825.245476
v -77.921176 -86.525164 -825.243194
v -78.192567 -86.525164 -825.284727
v -77.921176 -86.525164 -831.089954
v -77.646625 -86.525164 -831.087672
v -77.375989 -86.525164 -831.041347
v -77.791025 -86.659281 -830.759666
v -78.192567 -86.525164 -831.048345
v -77.791025 -85.541767 -830.759666
v -77.375989 -85.675884 -831.041347
v -77.646625 -85.675884 -831.087672
v -77.921176 -85.675884 -831.089954
v -78.192567 -85.675884 -831.048345
v -74.415631 -85.675884 -828.070880
v -74.416971 -85.675884 -828.346171
v -74.468354 -85.675884 -828.616670
v -74.739221 -85.548041 -828.205977
v -74.464371 -85.675884 -827.800077
v -74.739221 -86.653016 -828.205977
v -74.468354 -86.525164 -828.616670
v -74.416971 -86.525164 -828.346171
v -74.415631 -86.525164 -828.070880
v -74.464371 -86.525164 -827.800077
v -81.366387 -86.525164 -828.070880
v -81.365047 -86.525164 -828.346171
v -81.313664 -86.525164 -828.616670
v -81.042797 -86.653016 -828.205977
v -81.317646 -86.525164 -827.800077
v -81.042797 -85.548041 -828.205977
v -81.313664 -85.675884 -828.616670
v -81.365047 -85.675884 -828.346171
v -81.366387 -85.675884 -828.070880
v -81.317646 -85.675884 -827.800077
vt 0.914043 0.089942
vt 0.981277 0.095229
vt 0.903045 0.638204
vt 0.906203 0.663035
vt 0.982184 0.012182
vt 0.955166 0.013932
vt 0.951892 0.094809
vt 0.893287 0.090290
vt 0.938893 0.558811
vt 0.980783 0.098417
vt 0.971920 0.093268
vt 0.893416 0.093615
vt 0.938791 0.555385
vt 0.983424 0.104218
vt 0.953686 0.099896
vt 0.953853 0.102354
vt 0.953141 0.107223
vt 0.953665 0.104831
vt 0.890532 0.099157
vt 0.889820 0.101683
vt 0.889499 0.104225
vt 0.942609 0.550665
vt 0.943706 0.548275
vt 0.944201 0.545786
vt 0.983915 0.106887
vt 0.983943 0.109564
vt 0.983435 0.112120
vt 0.891669 0.088265
vt 0.903023 0.089562
vt 0.940380 0.560649
vt 0.952282 0.091450
vt 0.890803 0.086580
vt 0.941868 0.562291
vt 0.983231 0.093548
vt 0.953656 0.089748
vt 0.890188 0.084860
vt 0.942679 0.564085
vt 0.984398 0.092069
vt 0.973201 0.087069
vt 0.954913 0.088198
vt 0.951784 0.077726
vt 0.895210 0.073579
vt 0.982991 0.080297
vt 0.935341 0.573931
vt 0.906326 0.023232
vt 0.895522 0.021785
vt 0.955717 0.027995
vt 0.936559 0.622607
vt 0.986305 0.026760
vt 0.955517 0.086426
vt 0.889102 0.079110
vt 0.925697 0.563766
vt 0.942789 0.570191
vt 0.985285 0.090482
vt 0.949795 0.075356
vt 0.950264 0.077816
vt 0.893250 0.075639
vt 0.901244 0.072392
vt 0.981416 0.078078
vt 0.978309 0.079403
vt 0.937281 0.572070
vt 0.932114 0.574160
vt 0.893361 0.025310
vt 0.939377 0.619560
vt 0.988597 0.073037
vt 0.956438 0.072593
vt 0.894957 0.022657
vt 0.894899 0.020603
vt 0.955294 0.027139
vt 0.956379 0.029006
vt 0.937150 0.621801
vt 0.937244 0.623502
vt 0.987414 0.027983
vt 0.985810 0.025829
vt 0.956451 0.073083
vt 0.946753 0.074858
vt 0.939223 0.074443
vt 0.956259 0.073593
vt 0.988530 0.073504
vt 0.975280 0.076185
vt 0.988250 0.074004
vt 0.955982 0.079262
vt 0.956135 0.080291
vt 0.956158 0.079798
vt 0.987007 0.083917
vt 0.987121 0.084947
vt 0.987163 0.084478
vt 0.902022 0.074661
vt 0.897512 0.075295
vt 0.889333 0.078114
vt 0.889114 0.078642
vt 0.888871 0.068184
vt 0.888894 0.068653
vt 0.889126 0.069172
vt 0.942579 0.576916
vt 0.942511 0.576460
vt 0.942227 0.575986
vt 0.935455 0.571819
vt 0.925276 0.571402
vt 0.942340 0.571108
vt 0.942674 0.570648
vt 0.956933 0.029473
vt 0.957291 0.030463
vt 0.957273 0.029968
vt 0.893814 0.023796
vt 0.893625 0.024297
vt 0.893475 0.024805
vt 0.894932 0.020082
vt 0.895092 0.019052
vt 0.894965 0.019548
vt 0.937911 0.623999
vt 0.922195 0.623799
vt 0.938167 0.625024
vt 0.938218 0.624528
vt 0.941412 0.025346
vt 0.956113 0.026373
vt 0.956833 0.025985
vt 0.957206 0.025513
vt 0.987597 0.028498
vt 0.987846 0.029530
vt 0.987740 0.029016
vt 0.938048 0.620874
vt 0.938736 0.620483
vt 0.939220 0.620043
vt 0.986558 0.024678
vt 0.986603 0.024149
vt 0.986646 0.023608
vt 0.929691 0.659814
vt 0.934290 0.642857
vt 0.957228 0.025017
vt 0.935960 0.631112
vt 0.986581 0.023099
vt 0.897655 0.012887
vt 0.901509 0.648110
vt 0.906875 0.642309
vt 0.900082 0.008527
vt 0.929870 0.639337
vt 0.933714 0.635369
vt 0.941865 0.013051
vt 0.956370 0.018638
vt 0.933954 0.663775
vt 0.973130 0.012929
vt 0.984426 0.016682
vt 0.938353 0.639254
vt 0.946313 0.140040
vt 0.898519 0.136900
vt 0.937992 0.512020
vt 0.970517 0.142314
vt 0.945394 0.162914
vt 0.896557 0.158862
vt 0.938212 0.490054
vt 0.969931 0.164428
vt 0.894102 0.145383
vt 0.902263 0.151358
vt 0.930388 0.497454
vt 0.942820 0.503371
vt 0.965734 0.149697
vt 0.974463 0.155810
vt 0.937297 0.147285
vt 0.948289 0.154050
vt 0.889691 0.106698
vt 0.906311 0.135985
vt 0.944076 0.543316
vt 0.971134 0.140579
vt 0.947384 0.138059
vt 0.897865 0.138853
vt 0.902703 0.146013
vt 0.893598 0.150966
vt 0.942857 0.497407
vt 0.938664 0.509956
vt 0.930308 0.502985
vt 0.974609 0.149914
vt 0.970498 0.162472
vt 0.965517 0.155038
vt 0.948599 0.147972
vt 0.945946 0.160904
vt 0.936946 0.153249
vt 0.946607 0.138635
vt 0.946946 0.140762
vt 0.898458 0.138131
vt 0.898071 0.136210
vt 0.937952 0.510614
vt 0.938619 0.512646
vt 0.971059 0.143058
vt 0.963077 0.139289
vt 0.970583 0.141154
vt 0.945240 0.161521
vt 0.946135 0.163565
vt 0.904170 0.161684
vt 0.896393 0.160137
vt 0.896095 0.158067
vt 0.938284 0.488666
vt 0.938908 0.490724
vt 0.970457 0.165133
vt 0.969921 0.163182
vt 0.895811 0.160814
vt 0.938941 0.488070
vt 0.962168 0.165109
vt 0.974044 0.180342
vt 0.946949 0.179856
vt 0.947134 0.188857
vt 0.945777 0.207471
vt 0.946767 0.198269
vt 0.890760 0.175544
vt 0.887963 0.185872
vt 0.886749 0.196765
vt 0.941561 0.472040
vt 0.942762 0.462778
vt 0.943045 0.452810
vt 0.975675 0.191144
vt 0.975507 0.202388
vt 0.973427 0.213681
vt 0.933535 0.298773
vt 0.900384 0.293971
vt 0.950533 0.298614
vt 0.934523 0.354547
vt 0.887352 0.207846
vt 0.942260 0.442914
vt 0.944314 0.272069
vt 0.931735 0.269506
vt 0.904200 0.285424
vt 0.932021 0.363088
vt 0.950464 0.295635
vt 0.933443 0.296028
vt 0.906805 0.280176
vt 0.907866 0.269714
vt 0.908255 0.274896
vt 0.930831 0.368751
vt 0.931029 0.380252
vt 0.930483 0.374528
vt 0.946909 0.286809
vt 0.943344 0.276619
vt 0.944478 0.281586
vt 0.932052 0.287407
vt 0.931284 0.281588
vt 0.931084 0.275561
vt 0.931414 0.304149
vt 0.902682 0.302697
vt 0.947317 0.304818
vt 0.931348 0.346878
vt 0.901312 0.304964
vt 0.906308 0.316761
vt 0.901495 0.316772
vt 0.931506 0.333556
vt 0.932416 0.344882
vt 0.932565 0.302395
vt 0.906148 0.301392
vt 0.900104 0.296823
vt 0.934502 0.351791
vt 0.948598 0.302557
vt 0.931452 0.303547
vt 0.932583 0.305420
vt 0.902433 0.303286
vt 0.901408 0.300911
vt 0.943888 0.302651
vt 0.947123 0.304210
vt 0.948458 0.306527
vt 0.931274 0.346236
vt 0.932620 0.348109
vt 0.915708 0.196277
vt 0.931318 0.206796
vt 0.916495 0.186908
vt 0.931961 0.197093
vt 0.917734 0.178010
vt 0.932558 0.187295
vt 0.920411 0.161958
vt 0.933107 0.177530
vt 0.933868 0.163073
vt 0.921226 0.161404
vt 0.921550 0.160039
vt 0.933866 0.162555
vt 0.920927 0.159344
vt 0.933922 0.161374
vt 0.919734 0.146262
vt 0.932032 0.152954
vt 0.922293 0.139418
vt 0.932389 0.147005
vt 0.935247 0.139275
vt 0.922999 0.138775
vt 0.922859 0.137347
vt 0.935253 0.138758
vt 0.922146 0.136690
vt 0.935338 0.137560
vt 0.920184 0.105438
vt 0.935402 0.137035
vt 0.919931 0.103000
vt 0.937423 0.106434
vt 0.920028 0.100518
vt 0.937604 0.103699
vt 0.920491 0.098101
vt 0.937765 0.100961
vt 0.922907 0.093287
vt 0.937897 0.098369
vt 0.922883 0.089934
vt 0.938038 0.093677
vt 0.921687 0.088115
vt 0.938244 0.090318
vt 0.920584 0.086455
vt 0.938418 0.088549
vt 0.920158 0.084636
vt 0.938559 0.086887
vt 0.920220 0.078443
vt 0.938688 0.084952
vt 0.920255 0.077947
vt 0.939048 0.078035
vt 0.920493 0.077431
vt 0.939071 0.077499
vt 0.927144 0.076577
vt 0.939085 0.076960
vt 0.939094 0.076496
vt 0.925312 0.076309
vt 0.927367 0.074127
vt 0.939101 0.076353
vt 0.930640 0.073975
vt 0.939190 0.074747
vt 0.920834 0.071711
vt 0.939195 0.074679
vt 0.920692 0.071180
vt 0.920751 0.070688
vt 0.939266 0.073902
vt 0.923706 0.028779
vt 0.939299 0.073362
vt 0.923768 0.028288
vt 0.941281 0.029351
vt 0.924152 0.027831
vt 0.941301 0.028841
vt 0.924746 0.027423
vt 0.941312 0.028366
vt 0.941316 0.027942
vt 0.925493 0.026485
vt 0.925985 0.025677
vt 0.941320 0.026984
vt 0.925228 0.024832
vt 0.941338 0.026161
vt 0.924540 0.024374
vt 0.924202 0.023865
vt 0.941448 0.024918
vt 0.924220 0.023368
vt 0.941481 0.024415
vt 0.925619 0.017087
vt 0.941504 0.023905
vt 0.927257 0.012536
vt 0.941737 0.017550
vt 0.910595 0.659262
vt 0.920682 0.664842
vt 0.920644 0.660306
vt 0.911167 0.638604
vt 0.907885 0.634202
vt 0.921222 0.638732
vt 0.906075 0.629567
vt 0.921495 0.634385
vt 0.904630 0.623137
vt 0.921771 0.629987
vt 0.904657 0.622638
vt 0.905051 0.622156
vt 0.922226 0.623307
vt 0.905792 0.621751
vt 0.922247 0.622820
vt 0.922256 0.622406
vt 0.906594 0.620946
vt 0.906106 0.620085
vt 0.922268 0.621618
vt 0.905290 0.619081
vt 0.922335 0.620828
vt 0.904634 0.618629
vt 0.922432 0.619909
vt 0.904191 0.618142
vt 0.922472 0.619502
vt 0.904082 0.617643
vt 0.922510 0.619045
vt 0.905849 0.574683
vt 0.922541 0.618555
vt 0.905974 0.574230
vt 0.925080 0.575118
vt 0.906315 0.573783
vt 0.925108 0.574605
vt 0.915969 0.573270
vt 0.925128 0.574089
vt 0.925129 0.573779
vt 0.913028 0.572768
vt 0.911100 0.570683
vt 0.925131 0.573690
vt 0.912563 0.570597
vt 0.925221 0.572023
vt 0.906713 0.569387
vt 0.925234 0.571876
vt 0.906418 0.568886
vt 0.906345 0.568410
vt 0.925315 0.570888
vt 0.907013 0.562245
vt 0.925345 0.570377
vt 0.908065 0.560552
vt 0.909801 0.559122
vt 0.925773 0.561893
vt 0.911553 0.557519
vt 0.925811 0.560256
vt 0.911998 0.554253
vt 0.925826 0.558484
vt 0.908331 0.549419
vt 0.925963 0.555112
vt 0.907361 0.546954
vt 0.926291 0.550401
vt 0.907044 0.544402
vt 0.926406 0.547913
vt 0.907382 0.541910
vt 0.926507 0.545320
vt 0.915405 0.511931
vt 0.926592 0.542768
vt 0.927555 0.512711
vt 0.916083 0.511381
vt 0.916201 0.510052
vt 0.927541 0.512195
vt 0.915516 0.509400
vt 0.927558 0.511028
vt 0.911206 0.497087
vt 0.925289 0.502888
vt 0.915628 0.490817
vt 0.925301 0.497451
vt 0.927778 0.489845
vt 0.916318 0.490175
vt 0.916217 0.488848
vt 0.927751 0.489340
vt 0.915533 0.488293
vt 0.927754 0.488167
vt 0.912186 0.472554
vt 0.927777 0.487650
vt 0.910604 0.463327
vt 0.927598 0.472953
vt 0.909979 0.453309
vt 0.927436 0.463045
vt 0.910463 0.443306
vt 0.927262 0.453051
vt 0.920432 0.380369
vt 0.927101 0.443093
vt 0.920817 0.374714
vt 0.926072 0.380302
vt 0.920171 0.369031
vt 0.925965 0.374613
vt 0.918580 0.363477
vt 0.925840 0.368876
vt 0.915371 0.355040
vt 0.925698 0.363250
vt 0.915275 0.352227
vt 0.925510 0.354634
vt 0.917261 0.348557
vt 0.925451 0.351744
vt 0.925315 0.348177
vt 0.918473 0.347301
vt 0.918473 0.346672
vt 0.925226 0.347075
vt 0.917118 0.345465
vt 0.925203 0.346487
vt 0.925210 0.345345
vt 0.917246 0.304951
vt 0.924982 0.316355
vt 0.917314 0.316168
vt 0.925350 0.305028
vt 0.918513 0.303750
vt 0.918519 0.303140
vt 0.925328 0.303910
vt 0.917479 0.301912
vt 0.925345 0.303333
vt 0.916692 0.298208
vt 0.925429 0.302251
vt 0.917035 0.295467
vt 0.925594 0.298721
vt 0.918936 0.286868
vt 0.925652 0.295702
vt 0.920064 0.281068
vt 0.925877 0.286944
vt 0.920735 0.275019
vt 0.926038 0.281208
vt 0.920739 0.268858
vt 0.926269 0.275251
vt 0.915522 0.205518
vt 0.926590 0.269263
vt 0.964394 0.190312
vt 0.952967 0.179758
vt 0.952957 0.164314
vt 0.963665 0.180063
vt 0.953503 0.163607
vt 0.962163 0.164451
vt 0.953638 0.162298
vt 0.953176 0.161491
vt 0.962196 0.163289
vt 0.952841 0.148447
vt 0.960788 0.154790
vt 0.954072 0.141321
vt 0.961005 0.149240
vt 0.962988 0.141710
vt 0.954587 0.140586
vt 0.962988 0.141079
vt 0.954558 0.139233
vt 0.954092 0.138413
vt 0.963027 0.139934
vt 0.958384 0.107811
vt 0.970728 0.109886
vt 0.958450 0.105451
vt 0.971015 0.107270
vt 0.958693 0.103057
vt 0.971183 0.104603
vt 0.959020 0.100677
vt 0.960633 0.095602
vt 0.971272 0.101982
vt 0.971475 0.096652
vt 0.961022 0.092387
vt 0.960265 0.090241
vt 0.972337 0.091047
vt 0.960262 0.088514
vt 0.972755 0.089112
vt 0.960441 0.086770
vt 0.960887 0.081159
vt 0.960944 0.080727
vt 0.974596 0.079911
vt 0.961202 0.080271
vt 0.974691 0.079345
vt 0.969588 0.078662
vt 0.974783 0.078772
vt 0.974865 0.078499
vt 0.965212 0.078591
vt 0.967555 0.076981
vt 0.974880 0.078457
vt 0.973959 0.076207
vt 0.975235 0.076257
vt 0.962115 0.073409
vt 0.975276 0.076184
vt 0.961982 0.072962
vt 0.975259 0.075693
vt 0.962042 0.072549
vt 0.975342 0.075097
vt 0.962920 0.030629
vt 0.975420 0.074506
vt 0.962856 0.030158
vt 0.975479 0.030046
vt 0.962821 0.029683
vt 0.975423 0.029536
vt 0.962824 0.029209
vt 0.975362 0.029026
vt 0.975300 0.028521
vt 0.963503 0.028030
vt 0.975148 0.027333
vt 0.963750 0.027170
vt 0.962784 0.026254
vt 0.975034 0.026451
vt 0.962656 0.025783
vt 0.974927 0.025436
vt 0.962523 0.025294
vt 0.974870 0.024932
vt 0.962487 0.024818
vt 0.974808 0.024409
vt 0.962473 0.018576
vt 0.974742 0.023905
vt 0.962992 0.013841
vt 0.973762 0.017511
vt 0.934171 0.656104
vt 0.939364 0.649200
vt 0.934675 0.649289
vt 0.906321 0.655311
vt 0.901998 0.658422
vt 0.906180 0.648445
vt 0.919506 0.016442
vt 0.909198 0.009906
vt 0.908253 0.014426
vt 0.918991 0.022677
vt 0.918916 0.023149
vt 0.906816 0.020725
vt 0.918745 0.023624
vt 0.906711 0.021221
vt 0.918578 0.024083
vt 0.906608 0.021736
vt 0.906511 0.022233
vt 0.917540 0.024912
vt 0.917717 0.025787
vt 0.918298 0.027019
vt 0.906145 0.024099
vt 0.918263 0.027491
vt 0.905904 0.025266
vt 0.918189 0.027961
vt 0.905804 0.025763
vt 0.918087 0.028424
vt 0.905707 0.026266
vt 0.905614 0.026769
vt 0.915227 0.070013
vt 0.915252 0.070416
vt 0.901829 0.070722
vt 0.915083 0.070834
vt 0.901856 0.071310
vt 0.902611 0.072433
vt 0.901889 0.071903
vt 0.901916 0.072335
vt 0.909102 0.073991
vt 0.911095 0.075721
vt 0.901914 0.072404
vt 0.906338 0.075279
vt 0.902007 0.074614
vt 0.915243 0.078115
vt 0.915443 0.078584
vt 0.902086 0.074956
vt 0.915451 0.079009
vt 0.902098 0.075530
vt 0.915251 0.084532
vt 0.902117 0.076097
vt 0.915236 0.086255
vt 0.902559 0.083312
vt 0.915041 0.087938
vt 0.902728 0.085382
vt 0.902887 0.087338
vt 0.914073 0.093124
vt 0.903085 0.092930
vt 0.915102 0.098294
vt 0.915157 0.100681
vt 0.902754 0.098175
vt 0.915126 0.103078
vt 0.902589 0.100776
vt 0.914924 0.105422
vt 0.902483 0.103433
vt 0.902475 0.106051
vt 0.915414 0.136225
vt 0.914852 0.136973
vt 0.914667 0.138299
vt 0.906286 0.136629
vt 0.915100 0.139083
vt 0.906201 0.137768
vt 0.907355 0.146101
vt 0.915077 0.152032
vt 0.913618 0.159142
vt 0.906892 0.151651
vt 0.904403 0.159258
vt 0.913059 0.159882
vt 0.913040 0.161182
vt 0.904363 0.159888
vt 0.913505 0.161937
vt 0.904252 0.161036
vt 0.911770 0.177202
vt 0.910735 0.186812
vt 0.901098 0.176280
vt 0.910060 0.196221
vt 0.899234 0.186278
vt 0.909732 0.205516
vt 0.898133 0.196483
vt 0.898414 0.206681
vt 0.914483 0.268910
vt 0.914240 0.274918
vt 0.911032 0.269324
vt 0.913595 0.280842
vt 0.911048 0.274908
vt 0.912914 0.286591
vt 0.910048 0.280507
vt 0.908457 0.285989
vt 0.912213 0.295167
vt 0.912042 0.297860
vt 0.906360 0.294645
vt 0.911155 0.301475
vt 0.906142 0.297644
vt 0.910004 0.302986
vt 0.910291 0.303539
vt 0.906187 0.302867
vt 0.911425 0.305145
vt 0.906188 0.303411
vt 0.906186 0.304893
vt 0.938380 0.306027
vt 0.942775 0.317972
vt 0.937561 0.317877
vt 0.943594 0.306153
vt 0.939614 0.304504
vt 0.939938 0.303972
vt 0.943681 0.304669
vt 0.938905 0.302382
vt 0.943722 0.304124
vt 0.938257 0.298743
vt 0.938322 0.296077
vt 0.944284 0.298917
vt 0.938106 0.287565
vt 0.944268 0.295933
vt 0.942608 0.287229
vt 0.937719 0.281901
vt 0.941248 0.281802
vt 0.937485 0.276119
vt 0.940623 0.276410
vt 0.937912 0.270339
vt 0.951529 0.208235
vt 0.941254 0.271215
vt 0.962610 0.210924
vt 0.952397 0.198932
vt 0.964253 0.200709
vt 0.952880 0.189468
vt 0.933977 0.160867
vt 0.919300 0.152368
vt 0.927594 0.510526
vt 0.911119 0.503089
vt 0.962237 0.162654
vt 0.952552 0.154221
vt 0.906135 0.138392
vt 0.915469 0.146276
vt 0.920521 0.655517
vt 0.920761 0.649306
vt 0.911010 0.648902
vt 0.929818 0.649351
vt 0.920991 0.643369
vt 0.912862 0.324703
vt 0.912968 0.319251
vt 0.912750 0.329772
vt 0.924592 0.333810
vt 0.924772 0.325188
vt 0.935889 0.325275
vt 0.935796 0.330278
vt 0.936046 0.319898
vt 0.934363 0.155334
vt 0.934975 0.144881
vt 0.927756 0.505093
vt 0.927838 0.495286
vt 0.962885 0.157026
vt 0.963246 0.147369
vt 0.905345 0.143964
vt 0.904546 0.153645
vt 0.915123 0.643200
vt 0.911129 0.646676
vt 0.919363 0.011674
vt 0.910900 0.651249
vt 0.914633 0.655208
vt 0.929878 0.647235
vt 0.926100 0.643488
vt 0.938348 0.659402
vt 0.925779 0.655467
vt 0.929736 0.651790
vt 0.911486 0.317054
vt 0.916721 0.333754
vt 0.947623 0.318273
vt 0.931898 0.316367
vt 0.916991 0.093248
vt 0.919983 0.093247
vt 0.919932 0.090017
vt 0.916957 0.090005
vt 0.954780 0.095085
vt 0.957735 0.095407
vt 0.958136 0.092134
vt 0.955192 0.091837
vt 0.891126 0.090552
vt 0.909508 0.557136
vt 0.889140 0.091097
vt 0.889374 0.093227
vt 0.909968 0.554353
vt 0.891255 0.093657
vt 0.941078 0.558709
vt 0.983259 0.095803
vt 0.942999 0.558270
vt 0.942975 0.556083
vt 0.982811 0.098494
vt 0.940937 0.555538
vt 0.954902 0.107249
vt 0.956659 0.107449
vt 0.955256 0.105077
vt 0.956845 0.105285
vt 0.955422 0.102840
vt 0.957071 0.103045
vt 0.957267 0.100758
vt 0.955430 0.100560
vt 0.918422 0.100830
vt 0.916766 0.100849
vt 0.918681 0.098569
vt 0.916834 0.098563
vt 0.918330 0.103068
vt 0.916734 0.103096
vt 0.916675 0.105262
vt 0.918438 0.105264
vt 0.885901 0.101260
vt 0.905335 0.546999
vt 0.887836 0.101684
vt 0.888570 0.099136
vt 0.906273 0.549607
vt 0.886737 0.098360
vt 0.885594 0.104305
vt 0.905040 0.544341
vt 0.887517 0.104308
vt 0.885747 0.107415
vt 0.905365 0.541742
vt 0.887697 0.106913
vt 0.947642 0.548852
vt 0.985929 0.106997
vt 0.945703 0.548373
vt 0.944646 0.550748
vt 0.985439 0.104156
vt 0.946459 0.551499
vt 0.948222 0.545999
vt 0.985914 0.109835
vt 0.946175 0.545862
vt 0.948102 0.543125
vt 0.985383 0.112652
vt 0.946099 0.543349
vt 0.905999 0.560209
vt 0.887076 0.087636
vt 0.888890 0.086810
vt 0.888006 0.089463
vt 0.907642 0.558644
vt 0.889765 0.088486
vt 0.918803 0.086080
vt 0.916959 0.086054
vt 0.917082 0.087774
vt 0.919327 0.087853
vt 0.986255 0.092764
vt 0.945822 0.561842
vt 0.943920 0.562386
vt 0.944505 0.560073
vt 0.985008 0.094316
vt 0.942603 0.560683
vt 0.956733 0.087992
vt 0.958574 0.088142
vt 0.956026 0.089719
vt 0.958263 0.089863
vt 0.916920 0.084437
vt 0.918603 0.084445
vt 0.904982 0.562062
vt 0.886339 0.085720
vt 0.888258 0.085185
vt 0.987181 0.091120
vt 0.946621 0.563912
vt 0.944649 0.564155
vt 0.957108 0.086377
vt 0.958792 0.086520
vt 0.915562 0.075568
vt 0.920340 0.075683
vt 0.921221 0.074768
vt 0.914800 0.074477
vt 0.961938 0.076963
vt 0.955659 0.076593
vt 0.956493 0.077654
vt 0.960977 0.077981
vt 0.885336 0.075394
vt 0.907112 0.571171
vt 0.889356 0.075353
vt 0.890209 0.073980
vt 0.908254 0.571776
vt 0.884912 0.073985
vt 0.991871 0.079659
vt 0.940377 0.573547
vt 0.986472 0.079029
vt 0.987074 0.080517
vt 0.941504 0.573001
vt 0.991336 0.081017
vt 0.923158 0.025606
vt 0.920278 0.025335
vt 0.920213 0.026127
vt 0.922826 0.026371
vt 0.890656 0.021605
vt 0.903890 0.620123
vt 0.892658 0.022295
vt 0.893014 0.021342
vt 0.904352 0.620817
vt 0.890890 0.020789
vt 0.960992 0.027347
vt 0.958107 0.027345
vt 0.958374 0.028141
vt 0.960992 0.028143
vt 0.941618 0.622337
vt 0.988379 0.026490
vt 0.939543 0.622000
vt 0.939132 0.622821
vt 0.987952 0.025669
vt 0.941386 0.623060
vt 0.954907 0.075519
vt 0.964966 0.075980
vt 0.960217 0.073193
vt 0.958221 0.073083
vt 0.960176 0.072793
vt 0.958282 0.072742
vt 0.960172 0.072449
vt 0.958306 0.072449
vt 0.918915 0.070623
vt 0.917040 0.070460
vt 0.918922 0.070332
vt 0.917081 0.070122
vt 0.918934 0.070964
vt 0.916953 0.070849
vt 0.911807 0.073184
vt 0.922170 0.073761
vt 0.984144 0.077079
vt 0.939457 0.574177
vt 0.992421 0.078363
vt 0.992163 0.074086
vt 0.944175 0.575608
vt 0.990275 0.073751
vt 0.992330 0.073544
vt 0.944487 0.576331
vt 0.990483 0.073304
vt 0.944593 0.576984
vt 0.992408 0.073051
vt 0.990608 0.072919
vt 0.946609 0.577129
vt 0.957655 0.080989
vt 0.959255 0.081186
vt 0.959308 0.080804
vt 0.957671 0.080644
vt 0.959401 0.080367
vt 0.957652 0.080241
vt 0.962918 0.078880
vt 0.956209 0.078143
vt 0.918721 0.078324
vt 0.916978 0.078311
vt 0.920697 0.076253
vt 0.913394 0.076341
vt 0.918669 0.078714
vt 0.917036 0.078753
vt 0.917056 0.079137
vt 0.918654 0.079054
vt 0.946824 0.570405
vt 0.988967 0.085742
vt 0.944777 0.570438
vt 0.990834 0.085944
vt 0.990851 0.085447
vt 0.944622 0.570997
vt 0.988972 0.085301
vt 0.990811 0.084874
vt 0.944269 0.571592
vt 0.988912 0.084775
vt 0.991407 0.081915
vt 0.941018 0.572403
vt 0.985098 0.081357
vt 0.885411 0.078719
vt 0.904749 0.569661
vt 0.887323 0.078738
vt 0.891098 0.076250
vt 0.907568 0.570695
vt 0.885259 0.076120
vt 0.885301 0.079301
vt 0.904455 0.569042
vt 0.887221 0.079211
vt 0.885261 0.079815
vt 0.904356 0.568475
vt 0.887197 0.079609
vt 0.884984 0.068216
vt 0.904024 0.573877
vt 0.886949 0.068265
vt 0.886887 0.067892
vt 0.903841 0.574518
vt 0.884890 0.067692
vt 0.885159 0.068792
vt 0.904419 0.573189
vt 0.887103 0.068711
vt 0.884564 0.072747
vt 0.908990 0.572444
vt 0.892650 0.072409
vt 0.959163 0.030602
vt 0.961040 0.030657
vt 0.961029 0.030250
vt 0.959145 0.030196
vt 0.960983 0.029804
vt 0.958990 0.029741
vt 0.960915 0.029328
vt 0.958706 0.029255
vt 0.922077 0.027901
vt 0.920084 0.027779
vt 0.922401 0.027445
vt 0.920191 0.027312
vt 0.921884 0.028340
vt 0.920003 0.028219
vt 0.919958 0.028623
vt 0.921832 0.028742
vt 0.889824 0.023552
vt 0.902495 0.618598
vt 0.891689 0.024164
vt 0.891867 0.023633
vt 0.903000 0.619101
vt 0.890022 0.022844
vt 0.889603 0.024221
vt 0.902163 0.618066
vt 0.891539 0.024652
vt 0.889396 0.024824
vt 0.902063 0.617548
vt 0.891383 0.025095
vt 0.893274 0.018529
vt 0.902623 0.623097
vt 0.891449 0.017878
vt 0.891352 0.018440
vt 0.902657 0.622588
vt 0.893194 0.018985
vt 0.891233 0.019051
vt 0.902955 0.622069
vt 0.893119 0.019493
vt 0.891015 0.019691
vt 0.903506 0.621597
vt 0.893017 0.020032
vt 0.920586 0.023860
vt 0.922507 0.024103
vt 0.920556 0.024354
vt 0.922815 0.024619
vt 0.920659 0.023389
vt 0.922412 0.023627
vt 0.922469 0.023207
vt 0.920723 0.022962
vt 0.940049 0.625420
vt 0.988549 0.022762
vt 0.941989 0.625878
vt 0.940085 0.624985
vt 0.942022 0.625329
vt 0.988599 0.023291
vt 0.939936 0.624472
vt 0.988558 0.023873
vt 0.941934 0.624730
vt 0.941694 0.624147
vt 0.988482 0.024476
vt 0.939574 0.623892
vt 0.960806 0.025848
vt 0.958875 0.025911
vt 0.958527 0.026396
vt 0.960796 0.026343
vt 0.960771 0.025373
vt 0.959007 0.025446
vt 0.960742 0.024943
vt 0.958984 0.025023
vt 0.943408 0.619832
vt 0.989859 0.029457
vt 0.941392 0.619685
vt 0.991649 0.028337
vt 0.991410 0.027890
vt 0.941221 0.620130
vt 0.989682 0.028943
vt 0.991205 0.027313
vt 0.940823 0.620555
vt 0.989506 0.028391
vt 0.940245 0.620911
vt 0.991024 0.026648
vt 0.989322 0.027806
vt 0.942168 0.621104
vt 0.907644 0.640411
vt 0.909193 0.639081
vt 0.896288 0.007019
vt 0.905791 0.634653
vt 0.898076 0.008024
vt 0.904055 0.636151
vt 0.893912 0.011514
vt 0.904038 0.629603
vt 0.895720 0.012413
vt 0.921933 0.012170
vt 0.902723 0.660478
vt 0.924590 0.012407
vt 0.904210 0.662084
vt 0.921496 0.016908
vt 0.923556 0.017140
vt 0.908466 0.658528
vt 0.906935 0.657102
vt 0.931989 0.639912
vt 0.933594 0.641140
vt 0.935719 0.635935
vt 0.937447 0.637128
vt 0.984143 0.011739
vt 0.939845 0.632219
vt 0.986393 0.016279
vt 0.937949 0.631483
vt 0.937537 0.661409
vt 0.960430 0.014096
vt 0.935986 0.662931
vt 0.957798 0.014074
vt 0.958406 0.018892
vt 0.960465 0.018857
vt 0.933466 0.657847
vt 0.931862 0.659187
vt 0.912714 0.654594
vt 0.911356 0.653146
vt 0.911757 0.644876
vt 0.913207 0.643611
vt 0.929145 0.653615
vt 0.927710 0.654958
vt 0.928002 0.644016
vt 0.929379 0.645375
vt 0.919893 0.136342
vt 0.917636 0.136179
vt 0.896040 0.136344
vt 0.894080 0.136827
vt 0.913372 0.511765
vt 0.940657 0.512714
vt 0.942664 0.512489
vt 0.973094 0.141099
vt 0.951904 0.138098
vt 0.949654 0.137988
vt 0.917420 0.139593
vt 0.919894 0.139690
vt 0.916861 0.146445
vt 0.918302 0.146504
vt 0.913435 0.509385
vt 0.893869 0.138283
vt 0.895718 0.138995
vt 0.890573 0.144562
vt 0.909180 0.503203
vt 0.892286 0.145139
vt 0.918551 0.158878
vt 0.916043 0.158788
vt 0.917955 0.152024
vt 0.916509 0.151974
vt 0.893972 0.157669
vt 0.891998 0.158080
vt 0.913547 0.490819
vt 0.891763 0.150903
vt 0.909284 0.496946
vt 0.889918 0.151171
vt 0.941061 0.490975
vt 0.943042 0.490457
vt 0.972564 0.162644
vt 0.944721 0.497435
vt 0.976326 0.156121
vt 0.946610 0.497105
vt 0.973131 0.143052
vt 0.942782 0.510305
vt 0.940818 0.509747
vt 0.946509 0.503774
vt 0.976527 0.149738
vt 0.944684 0.503389
vt 0.949268 0.141334
vt 0.951720 0.141544
vt 0.949960 0.148351
vt 0.951409 0.148455
vt 0.950821 0.160872
vt 0.948333 0.160687
vt 0.951156 0.153996
vt 0.949716 0.153876
vt 0.917426 0.138597
vt 0.920235 0.138743
vt 0.920182 0.137295
vt 0.917514 0.137146
vt 0.951912 0.139081
vt 0.949259 0.138904
vt 0.949044 0.140344
vt 0.951831 0.140546
vt 0.894245 0.137883
vt 0.914079 0.510050
vt 0.896112 0.138212
vt 0.896259 0.137066
vt 0.913957 0.511159
vt 0.894241 0.137262
vt 0.942439 0.510914
vt 0.972585 0.142419
vt 0.940286 0.510583
vt 0.940283 0.511915
vt 0.972634 0.141557
vt 0.942359 0.511826
vt 0.915771 0.162103
vt 0.918088 0.162106
vt 0.915776 0.161167
vt 0.918509 0.161211
vt 0.918759 0.159824
vt 0.915900 0.159759
vt 0.950849 0.161861
vt 0.948021 0.161613
vt 0.948415 0.163971
vt 0.950702 0.164226
vt 0.948103 0.163030
vt 0.950807 0.163288
vt 0.891859 0.160029
vt 0.913499 0.488383
vt 0.893793 0.160587
vt 0.892067 0.159443
vt 0.914078 0.489025
vt 0.894108 0.159807
vt 0.894186 0.158555
vt 0.914186 0.490152
vt 0.892207 0.158646
vt 0.942967 0.488157
vt 0.972482 0.164967
vt 0.940964 0.487972
vt 0.942668 0.488860
vt 0.972054 0.164316
vt 0.940583 0.488786
vt 0.940560 0.490124
vt 0.972027 0.163302
vt 0.942721 0.489819
vt 0.947720 0.207559
vt 0.949644 0.207811
vt 0.948642 0.198468
vt 0.950517 0.198689
vt 0.949042 0.189147
vt 0.950960 0.189352
vt 0.950963 0.179830
vt 0.948958 0.179882
vt 0.914572 0.186962
vt 0.912650 0.186930
vt 0.915737 0.177796
vt 0.913752 0.177507
vt 0.913830 0.196237
vt 0.911949 0.196219
vt 0.911653 0.205346
vt 0.913590 0.205350
vt 0.883984 0.185303
vt 0.908584 0.463409
vt 0.885964 0.185668
vt 0.888735 0.175308
vt 0.910218 0.473009
vt 0.886734 0.174951
vt 0.882750 0.196740
vt 0.907960 0.453339
vt 0.884744 0.196757
vt 0.883443 0.208786
vt 0.908441 0.443256
vt 0.885373 0.208205
vt 0.946796 0.462897
vt 0.977693 0.191150
vt 0.944781 0.462777
vt 0.943546 0.472399
vt 0.976081 0.180271
vt 0.945507 0.472883
vt 0.947094 0.452718
vt 0.977501 0.202603
vt 0.945064 0.452770
vt 0.946280 0.442545
vt 0.975334 0.214345
vt 0.944279 0.442822
vt 0.913622 0.297804
vt 0.915211 0.297865
vt 0.915416 0.295467
vt 0.913799 0.295353
vt 0.935100 0.298540
vt 0.936688 0.298583
vt 0.936696 0.296144
vt 0.935049 0.296138
vt 0.896260 0.296659
vt 0.913267 0.352231
vt 0.898213 0.296547
vt 0.898456 0.293679
vt 0.913352 0.355197
vt 0.896608 0.293111
vt 0.938414 0.351587
vt 0.936430 0.351895
vt 0.936513 0.354550
vt 0.952464 0.295388
vt 0.938486 0.354795
vt 0.905867 0.270075
vt 0.918409 0.380315
vt 0.903937 0.270681
vt 0.904334 0.274684
vt 0.918803 0.374760
vt 0.906267 0.274836
vt 0.902871 0.279132
vt 0.918150 0.369176
vt 0.904782 0.279815
vt 0.900376 0.284146
vt 0.916552 0.363689
vt 0.902221 0.284993
vt 0.915722 0.281040
vt 0.917890 0.281103
vt 0.914885 0.286890
vt 0.916911 0.286970
vt 0.916385 0.274935
vt 0.918551 0.274969
vt 0.918642 0.268706
vt 0.916549 0.268718
vt 0.933051 0.380161
vt 0.946222 0.272754
vt 0.935050 0.379875
vt 0.934545 0.374458
vt 0.945305 0.276662
vt 0.932503 0.374491
vt 0.934874 0.368984
vt 0.946483 0.281195
vt 0.932864 0.368766
vt 0.936055 0.363514
vt 0.948885 0.286378
vt 0.934070 0.363139
vt 0.935898 0.269885
vt 0.933831 0.269613
vt 0.933241 0.275737
vt 0.935378 0.275922
vt 0.933442 0.281810
vt 0.935598 0.281929
vt 0.934076 0.287656
vt 0.936112 0.287725
vt 0.913525 0.317215
vt 0.915364 0.316436
vt 0.913353 0.305253
vt 0.915278 0.305199
vt 0.914768 0.333418
vt 0.897471 0.316856
vt 0.899486 0.316811
vt 0.913297 0.331810
vt 0.915072 0.345498
vt 0.897369 0.305113
vt 0.899358 0.305111
vt 0.949635 0.318432
vt 0.935242 0.332277
vt 0.933438 0.333168
vt 0.950476 0.306689
vt 0.936362 0.344307
vt 0.934389 0.344497
vt 0.933755 0.316842
vt 0.935509 0.317876
vt 0.934545 0.305797
vt 0.936457 0.305993
vt 0.915359 0.301509
vt 0.913217 0.301360
vt 0.936851 0.302135
vt 0.934700 0.302134
vt 0.899374 0.300706
vt 0.897387 0.301175
vt 0.915162 0.348467
vt 0.934776 0.348238
vt 0.936730 0.347755
vt 0.913122 0.303567
vt 0.915855 0.303603
vt 0.915718 0.303091
vt 0.912861 0.303039
vt 0.937093 0.303827
vt 0.934242 0.303681
vt 0.934071 0.304179
vt 0.936797 0.304334
vt 0.897641 0.303315
vt 0.916374 0.346817
vt 0.899866 0.303267
vt 0.900075 0.302656
vt 0.916325 0.347262
vt 0.897860 0.302839
vt 0.933849 0.346711
vt 0.949403 0.304392
vt 0.935878 0.345978
vt 0.933684 0.346151
vt 0.933697 0.152926
vt 0.935328 0.153021
vt 0.935641 0.147309
vt 0.934013 0.147216
vt 0.926980 0.502830
vt 0.928643 0.502856
vt 0.928680 0.497537
vt 0.926997 0.497534
vt 0.962356 0.154783
vt 0.963918 0.154871
vt 0.964109 0.149632
vt 0.962542 0.149493
vt 0.905804 0.146171
vt 0.904266 0.146134
vt 0.903851 0.151379
vt 0.905384 0.151467
vt 0.952521 0.298646
vt 0.949622 0.304911
vt 0.950622 0.302777
vt 0.936101 0.346331
vn -0.021112 0.076640 0.996835
vn -0.482165 0.111022 0.869017
vn -0.514113 0.112676 0.850289
vn -0.051275 0.079408 0.995523
vn -0.876302 0.118833 0.466876
vn -0.837707 0.120019 0.532769
vn -0.994831 0.097724 0.027610
vn -0.992519 0.100570 0.069223
vn 0.994831 0.097724 0.027610
vn 0.876302 0.118833 0.466875
vn 0.837707 0.120019 0.532769
vn 0.992519 0.100570 0.069223
vn 0.482165 0.111022 0.869018
vn 0.514113 0.112676 0.850290
vn 0.023048 0.076820 0.996779
vn 0.055343 0.079776 0.995275
vn -0.051237 0.079715 -0.995500
vn -0.513775 0.112903 -0.850463
vn -0.482148 0.111274 -0.868995
vn -0.021129 0.076952 -0.996811
vn -0.837611 0.120160 -0.532887
vn -0.876355 0.118953 -0.466745
vn -0.992297 0.100777 -0.072048
vn -0.994785 0.097821 -0.028872
vn 0.992297 0.100777 -0.072048
vn 0.837611 0.120160 -0.532888
vn 0.876355 0.118953 -0.466746
vn 0.994785 0.097821 -0.028872
vn 0.513775 0.112903 -0.850464
vn 0.482148 0.111274 -0.868995
vn 0.055303 0.080083 -0.995253
vn 0.023067 0.077132 -0.996754
vn 0.970668 -0.238108 0.033281
vn 0.817913 -0.319950 0.478175
vn 0.599531 -0.712909 0.363763
vn 0.808608 -0.587324 0.034701
vn 0.475784 -0.297904 0.827577
vn 0.363317 -0.683380 0.633239
vn 0.027440 -0.185668 0.982229
vn 0.028472 -0.490511 0.870970
vn -0.998024 -0.024193 0.057998
vn -0.839560 -0.033639 0.542225
vn -0.806055 0.270185 0.526569
vn -0.973239 0.219400 0.068336
vn -0.520210 -0.031331 0.853463
vn -0.503110 0.254068 0.826033
vn -0.043131 -0.018143 0.998905
vn -0.050919 0.174081 0.983414
vn -0.970421 -0.238909 -0.034709
vn -0.817957 -0.320008 -0.478060
vn -0.599540 -0.712938 -0.363690
vn -0.807329 -0.588997 -0.036088
vn -0.475902 -0.297941 -0.827495
vn -0.363303 -0.683306 -0.633327
vn -0.025264 -0.184445 -0.982518
vn -0.026281 -0.487699 -0.872616
vn 0.027386 -0.185711 -0.982223
vn 0.475902 -0.297940 -0.827496
vn 0.363303 -0.683306 -0.633328
vn 0.028432 -0.490613 -0.870914
vn 0.817957 -0.320008 -0.478060
vn 0.599540 -0.712939 -0.363690
vn 0.970421 -0.238909 -0.034709
vn 0.807329 -0.588997 -0.036088
vn -0.811812 0.583358 0.025575
vn -0.616941 0.697789 0.363969
vn -0.345104 0.913454 0.215651
vn -0.514681 0.857178 0.018716
vn -0.354629 0.671011 0.651140
vn -0.200383 0.897884 0.391984
vn -0.019411 0.476549 0.878934
vn -0.013044 0.791742 0.610716
vn -0.224166 -0.263590 0.938227
vn -0.543484 -0.437491 0.716398
vn -0.392405 -0.366547 0.843600
vn -0.010760 -0.004817 0.999931
vn -0.681218 -0.451463 0.576302
vn -0.868465 -0.346529 0.354523
vn -0.931199 -0.277260 0.236633
vn -0.999929 -0.003290 0.011474
vn 0.011189 -0.006611 0.999916
vn 0.387064 -0.396251 0.832566
vn 0.533836 -0.470483 0.702613
vn 0.225356 -0.290757 0.929879
vn 0.858349 -0.375110 0.350041
vn 0.667191 -0.484950 0.565402
vn 0.999942 -0.003044 0.010312
vn 0.924072 -0.301611 0.234781
vn -0.925291 -0.297074 -0.235761
vn -0.670232 -0.477836 -0.567856
vn -0.860603 -0.368959 -0.351043
vn -0.999931 -0.003846 -0.011124
vn -0.535892 -0.463453 -0.705713
vn -0.388261 -0.389939 -0.834986
vn -0.222739 -0.281789 -0.933264
vn -0.009884 -0.004640 -0.999940
vn 0.999912 -0.004204 -0.012613
vn 0.871589 -0.337034 -0.356006
vn 0.685788 -0.440133 -0.579636
vn 0.933029 -0.269942 -0.237883
vn 0.394129 -0.356690 -0.847015
vn 0.546522 -0.426354 -0.720789
vn 0.012324 -0.006263 -0.999904
vn 0.226742 -0.258466 -0.939033
vn -0.766617 -0.641936 0.014714
vn -0.605681 -0.718885 0.341108
vn -0.559554 -0.722514 0.406045
vn -0.748324 -0.660012 0.066296
vn -0.322803 -0.685515 0.652585
vn -0.360783 -0.696258 0.620533
vn -0.011655 -0.547425 0.836773
vn -0.050443 -0.569065 0.820744
vn -0.747395 -0.660829 -0.068595
vn -0.559284 -0.722854 -0.405813
vn -0.605634 -0.719139 -0.340657
vn -0.766387 -0.642195 -0.015375
vn -0.360407 -0.696814 -0.620126
vn -0.322812 -0.686227 -0.651832
vn -0.050296 -0.569892 -0.820179
vn -0.011661 -0.548334 -0.836178
vn 0.012729 -0.548035 0.836359
vn 0.322803 -0.685514 0.652587
vn 0.360782 -0.696257 0.620534
vn 0.053989 -0.570978 0.819188
vn 0.605681 -0.718885 0.341108
vn 0.559554 -0.722514 0.406045
vn 0.766617 -0.641936 0.014714
vn 0.748325 -0.660011 0.066296
vn 0.053834 -0.571801 -0.818624
vn 0.360409 -0.696809 -0.620131
vn 0.322813 -0.686222 -0.651837
vn 0.012736 -0.548944 -0.835762
vn 0.559288 -0.722846 -0.405821
vn 0.605643 -0.719130 -0.340659
vn 0.747398 -0.660826 -0.068597
vn 0.766387 -0.642195 -0.015375
vn 0.197296 0.980342 0.001949
vn 0.032958 0.999393 0.011308
vn 0.020491 0.999674 0.015236
vn 0.040091 0.999154 0.009202
vn 0.014901 0.999556 0.025794
vn 0.016774 0.999652 0.020353
vn 0.003011 0.979374 0.202034
vn 0.011127 0.999195 0.038533
vn -0.038424 0.999222 0.008868
vn -0.019596 0.999701 0.014615
vn -0.031571 0.999442 0.010881
vn -0.194419 0.980917 0.002036
vn -0.016053 0.999681 0.019480
vn -0.014233 0.999591 0.024795
vn -0.010644 0.999257 0.037038
vn -0.002785 0.979042 0.203638
vn 0.003052 0.980152 -0.198223
vn 0.014242 0.999591 -0.024809
vn 0.016063 0.999681 -0.019494
vn 0.010660 0.999265 -0.036815
vn 0.031609 0.999441 -0.010893
vn 0.019610 0.999701 -0.014628
vn 0.192076 0.981378 -0.002210
vn 0.038435 0.999222 -0.008879
vn 0.998774 0.022498 0.044095
vn 0.853779 0.020274 0.520241
vn 0.854920 -0.307931 0.417481
vn 0.971796 -0.235459 0.013122
vn 0.507410 0.018809 0.861500
vn 0.473031 -0.315803 0.822502
vn 0.034392 0.013049 0.999323
vn 0.016430 -0.243021 0.969882
vn -0.971878 -0.235126 0.013010
vn -0.855249 -0.307305 0.417268
vn -0.853768 0.020317 0.520258
vn -0.998771 0.022570 0.044113
vn -0.473439 -0.315265 0.822474
vn -0.507384 0.018849 0.861514
vn -0.015159 -0.242706 0.969982
vn -0.031771 0.013038 0.999410
vn 0.034343 0.012836 -0.999328
vn 0.507290 0.018736 -0.861572
vn 0.473429 -0.315882 -0.822243
vn 0.016459 -0.243549 -0.969749
vn 0.853807 0.020234 -0.520197
vn 0.855324 -0.307589 -0.416904
vn 0.998696 0.022488 -0.045829
vn 0.971855 -0.235188 -0.013608
vn -0.058696 -0.998193 -0.012890
vn -0.030939 -0.999271 -0.022354
vn -0.048503 -0.998693 -0.016086
vn -0.217901 -0.975970 -0.001511
vn -0.025152 -0.999214 -0.030639
vn -0.022788 -0.999049 -0.037159
vn -0.016319 -0.998016 -0.060810
vn -0.002547 -0.972261 -0.233885
vn -0.967418 0.252805 -0.013886
vn -0.848482 0.326974 -0.416132
vn -0.862171 -0.012095 -0.506473
vn -0.999198 -0.010870 -0.038530
vn -0.467582 0.333397 -0.818666
vn -0.502745 -0.011318 -0.864360
vn -0.014629 0.255697 -0.966646
vn -0.027345 -0.007929 -0.999595
vn 0.999400 -0.014494 0.031442
vn 0.868770 -0.018437 0.494873
vn 0.751714 -0.499273 0.430875
vn 0.917443 -0.396921 0.027441
vn 0.497669 -0.017201 0.867197
vn 0.433404 -0.482938 0.760876
vn 0.025636 -0.011208 0.999608
vn 0.026145 -0.290808 0.956424
vn -0.917443 -0.396921 0.027441
vn -0.751713 -0.499273 0.430875
vn -0.868770 -0.018437 0.494873
vn -0.999400 -0.014494 0.031442
vn -0.433404 -0.482938 0.760876
vn -0.497668 -0.017201 0.867197
vn -0.024119 -0.287877 0.957364
vn -0.023619 -0.011162 0.999659
vn -0.653017 -0.757016 -0.022264
vn -0.479777 -0.826890 -0.293370
vn -0.199550 -0.969846 -0.139923
vn -0.313650 -0.949388 -0.016879
vn -0.265185 -0.816637 -0.512622
vn -0.116590 -0.963746 -0.240002
vn -0.014830 -0.632189 -0.774672
vn -0.009076 -0.916452 -0.400042
vn -0.053512 -0.217908 -0.974501
vn -0.496789 -0.312621 -0.809610
vn -0.258790 -0.004991 -0.965921
vn -0.041720 0.150161 -0.987781
vn -0.786645 -0.331125 -0.521101
vn -0.865195 -0.006108 -0.501398
vn -0.707076 -0.005950 -0.707112
vn -0.959035 -0.273845 -0.072535
vn -0.972500 0.228160 -0.046758
vn -0.041769 0.149568 0.987869
vn -0.500293 -0.005779 0.865837
vn -0.496836 -0.312685 0.809557
vn -0.053570 -0.218053 0.974465
vn -0.707014 -0.006257 0.707171
vn -0.786694 -0.331162 0.521004
vn -0.965913 -0.005986 0.258799
vn -0.972715 0.227639 0.044784
vn -0.959406 -0.273195 0.070035
vn 0.482877 0.875288 -0.026463
vn 0.567856 0.752205 -0.334257
vn 0.226940 0.961386 -0.155675
vn 0.352780 0.935513 -0.019044
vn 0.316423 0.741547 -0.591596
vn 0.130335 0.954343 -0.268780
vn 0.019188 0.526227 -0.850127
vn 0.010209 0.893763 -0.448424
vn 0.019182 0.525579 0.850529
vn 0.316397 0.741423 0.591764
vn 0.130390 0.954306 0.268885
vn 0.010235 0.893687 0.448574
vn 0.567869 0.752057 0.334566
vn 0.226972 0.961368 0.155738
vn 0.483285 0.875091 0.025526
vn 0.354146 0.935011 0.018329
vn 0.025588 -0.011236 -0.999609
vn 0.497634 -0.017231 -0.867216
vn 0.433267 -0.483171 -0.760806
vn 0.026070 -0.290397 -0.956551
vn 0.868836 -0.018454 -0.494756
vn 0.751295 -0.499420 -0.431434
vn 0.999357 -0.014524 -0.032798
vn 0.917044 -0.397748 -0.028767
vn -0.028247 -0.724787 -0.688394
vn -0.274038 -0.827099 -0.490724
vn -0.371333 -0.646815 -0.666140
vn -0.026496 -0.491110 -0.870694
vn -0.472959 -0.835080 -0.280982
vn -0.643379 -0.665989 -0.377521
vn -0.659224 -0.750821 -0.041133
vn -0.843016 -0.536532 -0.038176
vn -0.025524 -0.487396 0.872808
vn -0.365222 -0.643201 0.672983
vn -0.257124 -0.820267 0.510930
vn -0.022577 -0.720128 0.693474
vn -0.642271 -0.661714 0.386811
vn -0.464553 -0.832617 0.301563
vn -0.845024 -0.533540 0.035622
vn -0.663761 -0.746969 0.038198
vn 0.843975 -0.535089 -0.037219
vn 0.642297 -0.661681 -0.386823
vn 0.784434 -0.423764 -0.452866
vn 0.941206 -0.336010 -0.035044
vn 0.365220 -0.643207 -0.672978
vn 0.447232 -0.400264 -0.799857
vn 0.027813 -0.489750 -0.871419
vn 0.025978 -0.276602 -0.960633
vn 0.028650 -0.492112 0.870060
vn 0.364007 -0.646831 0.670156
vn 0.447123 -0.401321 0.799389
vn 0.026060 -0.277082 0.960493
vn 0.639364 -0.665130 0.385766
vn 0.783953 -0.424806 0.452722
vn 0.843689 -0.535576 0.036703
vn 0.941395 -0.335621 0.033684
vn -0.025077 0.088610 0.995751
vn -0.479771 0.127835 0.868031
vn -0.514495 0.129910 0.847596
vn -0.064229 0.092752 0.993616
vn -0.875634 0.136687 0.463229
vn -0.833252 0.138218 0.535338
vn -0.993105 0.112507 0.032945
vn -0.989362 0.116752 0.086789
vn 0.069274 0.093276 0.993227
vn 0.514495 0.129910 0.847596
vn 0.479771 0.127835 0.868031
vn 0.027477 0.088868 0.995664
vn 0.833253 0.138225 0.535335
vn 0.875636 0.136697 0.463223
vn 0.989359 0.116779 0.086781
vn 0.993101 0.112537 0.032945
vn -0.993033 0.112639 -0.034618
vn -0.875657 0.136654 -0.463197
vn -0.833233 0.138185 -0.535377
vn -0.989036 0.116993 -0.090109
vn -0.479613 0.127909 -0.868107
vn -0.514335 0.129968 -0.847684
vn -0.025097 0.088996 -0.995716
vn -0.064112 0.093090 -0.993591
vn 0.027503 0.089252 -0.995629
vn 0.479610 0.127907 -0.868109
vn 0.514333 0.129966 -0.847685
vn 0.069141 0.093607 -0.993206
vn 0.875659 0.136663 -0.463191
vn 0.833234 0.138192 -0.535373
vn 0.993029 0.112669 -0.034618
vn 0.989034 0.117018 -0.090101
vn -0.062424 -0.083318 0.994566
vn -0.514280 -0.116861 0.849623
vn -0.481571 -0.115112 0.868814
vn -0.025784 -0.079829 0.996475
vn -0.836582 -0.124326 0.533549
vn -0.876262 -0.123031 0.465862
vn -0.990892 -0.104913 0.084422
vn -0.994267 -0.101353 0.034065
vn 0.028244 -0.080066 0.996389
vn 0.481571 -0.115112 0.868814
vn 0.514280 -0.116861 0.849623
vn 0.067379 -0.083782 0.994204
vn 0.876264 -0.123040 0.465857
vn 0.836583 -0.124333 0.533545
vn 0.994264 -0.101383 0.034066
vn 0.990890 -0.104939 0.084415
vn -0.990581 -0.105154 -0.087707
vn -0.836371 -0.124516 -0.533835
vn -0.876412 -0.123176 -0.465543
vn -0.994193 -0.101487 -0.035790
vn -0.513917 -0.117173 -0.849800
vn -0.481660 -0.115455 -0.868720
vn -0.062286 -0.083705 -0.994542
vn -0.025792 -0.080232 -0.996442
vn 0.067232 -0.084168 -0.994181
vn 0.513917 -0.117173 -0.849800
vn 0.481659 -0.115455 -0.868720
vn 0.028253 -0.080470 -0.996356
vn 0.836372 -0.124522 -0.533831
vn 0.876414 -0.123184 -0.465537
vn 0.990579 -0.105180 -0.087699
vn 0.994190 -0.101517 -0.035790
vn 0.995109 -0.088552 0.043782
vn 0.854105 -0.117614 0.506628
vn 0.834869 -0.227059 0.501437
vn 0.982229 -0.181511 0.047749
vn 0.502986 -0.108235 0.857490
vn 0.489315 -0.211940 0.845962
vn 0.034622 -0.068302 0.997064
vn 0.038434 -0.143614 0.988887
vn -0.998678 0.007723 0.050811
vn -0.851824 0.010572 0.523722
vn -0.828188 0.189887 0.527302
vn -0.985909 0.148812 0.076407
vn -0.511313 0.009755 0.859339
vn -0.509482 0.177758 0.841920
vn -0.037451 0.005961 0.999281
vn -0.056569 0.117201 0.991496
vn -0.994996 -0.088884 -0.045632
vn -0.854137 -0.117652 -0.506565
vn -0.834844 -0.227050 -0.501482
vn -0.982050 -0.181932 -0.049778
vn -0.502991 -0.108277 -0.857482
vn -0.489344 -0.211923 -0.845950
vn -0.031919 -0.067863 -0.997184
vn -0.035448 -0.142885 -0.989104
vn 0.034604 -0.068337 -0.997062
vn 0.502888 -0.108275 -0.857543
vn 0.489271 -0.211924 -0.845992
vn 0.038416 -0.143574 -0.988894
vn 0.854115 -0.117646 -0.506604
vn 0.834835 -0.227050 -0.501496
vn 0.994995 -0.088887 -0.045660
vn 0.982050 -0.181932 -0.049786
vn -0.043129 -0.000007 0.999069
vn -0.259162 -0.000045 0.965834
vn -0.496783 -0.287111 0.819008
vn -0.073874 -0.191564 0.978696
vn -0.707037 -0.000238 0.707176
vn -0.865664 -0.000163 0.500626
vn -0.800070 -0.307043 0.515376
vn -0.998264 -0.000018 0.058903
vn -0.964492 -0.245219 0.098091
vn 0.998264 -0.000019 0.058905
vn 0.865667 -0.000170 0.500620
vn 0.800070 -0.307043 0.515377
vn 0.964492 -0.245220 0.098095
vn 0.707042 -0.000243 0.707171
vn 0.496784 -0.287111 0.819007
vn 0.259162 -0.000045 0.965834
vn 0.047023 -0.000008 0.998894
vn 0.079605 -0.194125 0.977742
vn -0.998086 -0.000013 -0.061841
vn -0.866073 -0.000049 -0.499918
vn -0.799965 -0.307095 -0.515509
vn -0.963728 -0.246742 -0.101722
vn -0.707349 -0.000041 -0.706865
vn -0.496686 -0.287142 -0.819056
vn -0.258451 -0.000041 -0.966024
vn -0.042998 -0.000007 -0.999075
vn -0.073721 -0.191636 -0.978694
vn 0.046880 -0.000007 -0.998901
vn 0.258451 -0.000041 -0.966024
vn 0.496688 -0.287142 -0.819055
vn 0.079441 -0.194195 -0.977741
vn 0.707354 -0.000046 -0.706859
vn 0.866076 -0.000055 -0.499912
vn 0.799965 -0.307095 -0.515508
vn 0.998086 -0.000015 -0.061843
vn 0.963727 -0.246742 -0.101725
vn -0.025209 0.133727 -0.990698
vn -0.475165 0.188692 -0.859427
vn -0.486187 -0.003301 -0.873848
vn -0.050218 -0.002488 -0.998735
vn -0.866479 0.201016 -0.456953
vn -0.881840 -0.003515 -0.471536
vn -0.984963 0.169230 -0.034772
vn -0.997101 -0.003117 -0.076023
vn -0.050273 -0.002482 0.998732
vn -0.486282 -0.003260 0.873796
vn -0.475213 0.188710 0.859396
vn -0.025202 0.133735 0.990697
vn -0.881842 -0.003507 0.471532
vn -0.866517 0.201023 0.456878
vn -0.997430 -0.003119 0.071579
vn -0.985051 0.169064 0.033056
vn 0.984963 0.169232 -0.034759
vn 0.866509 0.201019 -0.456896
vn 0.881837 -0.003515 -0.471541
vn 0.997101 -0.003117 -0.076026
vn 0.475153 0.188697 -0.859432
vn 0.486192 -0.003300 -0.873846
vn 0.027616 0.134073 -0.990587
vn 0.055784 -0.002492 -0.998440
vn 0.027649 0.134085 0.990584
vn 0.475224 0.188704 0.859391
vn 0.486286 -0.003259 0.873793
vn 0.055845 -0.002485 0.998436
vn 0.866502 0.201019 0.456909
vn 0.881839 -0.003507 0.471537
vn 0.985050 0.169063 0.033074
vn 0.997430 -0.003119 0.071583
vn -0.047992 -0.413834 0.909086
vn -0.259207 -0.397200 0.880366
vn -0.259207 -0.397200 0.880366
vn -0.071765 -0.412913 0.907939
vn -0.709528 -0.281620 0.645956
vn -0.709528 -0.281620 0.645956
vn -0.709528 -0.281620 0.645956
vn -0.709528 -0.281620 0.645956
vn -0.967672 -0.088921 0.236016
vn -0.975641 -0.075023 0.206145
vn -0.999810 0.014031 0.013568
vn -0.967672 -0.088921 0.236016
vn 0.078208 -0.412620 0.907540
vn 0.259207 -0.397200 0.880366
vn 0.259207 -0.397200 0.880366
vn 0.052895 -0.413661 0.908893
vn 0.709528 -0.281620 0.645956
vn 0.709528 -0.281620 0.645956
vn 0.709528 -0.281620 0.645956
vn 0.709528 -0.281620 0.645956
vn 0.967672 -0.088920 0.236016
vn 0.999809 0.014031 0.013568
vn 0.975641 -0.075022 0.206145
vn 0.967672 -0.088920 0.236016
vn -0.975137 -0.075683 -0.208280
vn -0.967648 -0.088640 -0.236220
vn -0.967648 -0.088640 -0.236220
vn -0.999800 0.013534 -0.014704
vn -0.709471 -0.281064 -0.646261
vn -0.709471 -0.281064 -0.646261
vn -0.709471 -0.281064 -0.646261
vn -0.709471 -0.281064 -0.646261
vn -0.259043 -0.395449 -0.881202
vn -0.048005 -0.411148 -0.910304
vn -0.071782 -0.410323 -0.909111
vn -0.259043 -0.395449 -0.881202
vn 0.999800 0.013534 -0.014704
vn 0.967648 -0.088641 -0.236220
vn 0.967648 -0.088641 -0.236220
vn 0.975137 -0.075684 -0.208280
vn 0.709471 -0.281064 -0.646261
vn 0.709471 -0.281064 -0.646261
vn 0.709471 -0.281064 -0.646261
vn 0.709471 -0.281064 -0.646261
vn 0.259043 -0.395449 -0.881202
vn 0.078226 -0.410056 -0.908700
vn 0.052909 -0.410994 -0.910102
vn 0.259043 -0.395449 -0.881202
vn 0.237753 0.000000 0.971326
vn 0.088668 0.000000 0.996061
vn 0.088668 0.000000 0.996061
vn 0.237753 0.000000 0.971326
vn -0.071711 0.000000 0.997425
vn -0.071711 0.000000 0.997425
vn -0.221773 0.000000 0.975098
vn -0.221773 0.000000 0.975098
vn 0.237761 0.000000 -0.971324
vn 0.088805 0.000000 -0.996049
vn 0.088805 0.000000 -0.996049
vn 0.237761 0.000000 -0.971324
vn -0.071849 0.000000 -0.997416
vn -0.071849 0.000000 -0.997416
vn -0.221757 0.000000 -0.975102
vn -0.221757 0.000000 -0.975102
vn 0.965266 0.000000 -0.261269
vn 0.995367 0.000000 -0.096152
vn 0.995367 0.000000 -0.096152
vn 0.965266 0.000000 -0.261269
vn 0.996254 0.000000 0.086474
vn 0.996254 0.000000 0.086474
vn 0.967594 0.000000 0.252510
vn 0.967594 0.000000 0.252510
vn -0.965275 0.000000 -0.261236
vn -0.995367 0.000000 -0.096152
vn -0.995367 0.000000 -0.096152
vn -0.965275 0.000000 -0.261236
vn -0.996254 0.000000 0.086474
vn -0.996254 0.000000 0.086474
vn -0.967597 0.000000 0.252500
vn -0.967597 0.000000 0.252500
vn 0.000000 0.074661 0.997209
vn 0.000000 0.074661 0.997209
vn -0.995406 0.095744 0.000000
vn -0.995406 0.095744 0.000000
vn 0.000000 0.074971 -0.997186
vn 0.000000 0.074971 -0.997186
vn 0.995406 0.095744 0.000000
vn 0.995406 0.095744 0.000000
vn -0.653180 -0.757101 -0.012384
vn -0.658761 -0.752352 0.000000
vn -0.770614 -0.637302 0.000000
vn 0.000000 -0.543178 -0.839618
vn 0.011903 -0.672936 -0.739605
vn 0.000000 -0.665507 -0.746392
vn 0.658761 -0.752352 0.000000
vn 0.653180 -0.757101 -0.012384
vn 0.770614 -0.637302 0.000000
vn 0.000000 -0.665507 0.746392
vn 0.011920 -0.672941 0.739600
vn 0.000000 -0.543120 0.839655
vn 0.000000 -0.214934 0.976629
vn 0.000000 0.170643 0.985333
vn 0.000000 -0.021624 0.999766
vn 0.046526 -0.018356 0.998748
vn 0.054811 0.175082 0.983027
vn -0.962423 -0.271555 0.000000
vn -0.999615 -0.027739 0.000000
vn -0.997887 -0.024359 -0.060235
vn -0.976303 0.216407 0.000000
vn -0.972936 0.219939 -0.070875
vn 0.000000 -0.215030 -0.976607
vn 0.000000 -0.021624 -0.999766
vn 0.046466 -0.018355 -0.998751
vn 0.000000 0.170613 -0.985338
vn 0.054792 0.175053 -0.983033
vn 0.962423 -0.271555 0.000000
vn 0.997887 -0.024359 -0.060235
vn 0.999615 -0.027739 0.000000
vn 0.972936 0.219939 -0.070875
vn 0.976303 0.216407 0.000000
vn -0.513369 0.857947 -0.019490
vn -0.477682 0.878533 -0.000002
vn -0.338743 0.940879 -0.000001
vn -0.334148 0.942500 -0.006217
vn 0.000000 0.908099 -0.418755
vn 0.007428 0.911356 -0.411553
vn 0.014141 0.793300 -0.608667
vn 0.000000 0.821066 -0.570834
vn 0.477682 0.878533 -0.000002
vn 0.513369 0.857947 -0.019490
vn 0.334148 0.942500 -0.006217
vn 0.338743 0.940879 -0.000001
vn 0.000000 0.821077 0.570817
vn 0.014153 0.793315 0.608647
vn 0.007431 0.911357 0.411550
vn 0.000000 0.908100 0.418753
vn -0.774925 0.632054 -0.000003
vn -0.810904 0.584572 -0.026653
vn 0.000000 0.535648 -0.844441
vn 0.021044 0.479447 -0.877319
vn 0.810904 0.584572 -0.026653
vn 0.774925 0.632054 -0.000003
vn 0.000000 0.535419 0.844586
vn 0.021056 0.479098 0.877509
vn -0.991274 0.131821 -0.000001
vn -0.994230 0.101761 -0.033944
vn 0.000000 0.103065 -0.994675
vn 0.026868 0.075101 -0.996814
vn 0.994230 0.101756 -0.033943
vn 0.991274 0.131816 -0.000001
vn 0.000000 0.103070 0.994674
vn 0.026916 0.075150 0.996809
vn 0.000000 0.008204 0.999966
vn 0.000000 0.008204 0.999966
vn -0.999943 0.010635 0.000000
vn -0.999943 0.010635 0.000000
vn 0.999943 0.010635 0.000000
vn 0.999943 0.010635 0.000000
vn 0.000000 0.008204 -0.999966
vn 0.000000 0.008204 -0.999966
vn -0.771365 -0.636393 0.000000
vn -0.771365 -0.636393 0.000000
vn 0.000000 -0.540684 0.841226
vn 0.000000 -0.540684 0.841226
vn 0.000000 -0.541588 -0.840644
vn 0.000000 -0.541588 -0.840644
vn 0.771365 -0.636393 0.000000
vn 0.771365 -0.636393 0.000000
vn 0.000000 0.008510 0.999964
vn -0.999871 0.016053 -0.000001
vn -0.998696 0.022483 -0.045840
vn -0.000001 0.008282 -0.999966
vn 0.999871 0.016053 0.000001
vn 0.000000 -1.000000 -0.000021
vn 0.000000 -1.000000 -0.000007
vn 0.000000 -1.000000 -0.000005
vn 0.000000 -1.000000 -0.000021
vn 0.000000 1.000000 -0.000006
vn 0.000000 1.000000 -0.000003
vn 0.000000 1.000000 -0.000003
vn 0.000000 1.000000 -0.000004
vn -0.238995 -0.971021 -0.000016
vn 0.000000 -1.000000 0.000000
vn 0.000000 -1.000000 -0.000000
vn -0.195689 0.980664 -0.002097
vn -0.240142 0.970738 -0.000010
vn 0.000000 1.000000 0.000000
vn 0.000000 1.000000 0.000000
vn 0.240174 0.970730 0.000001
vn 0.000000 1.000000 0.000000
vn 0.000000 1.000000 0.000000
vn 0.214297 -0.976767 -0.001631
vn 0.239064 -0.971004 0.000017
vn 0.000000 -1.000000 0.000000
vn 0.000000 -1.000000 0.000000
vn 0.000000 1.000000 -0.000005
vn 0.000000 1.000000 -0.000000
vn 0.000000 1.000000 -0.000007
vn 0.000000 1.000000 -0.000005
vn 0.000000 -1.000000 -0.000012
vn 0.000000 -1.000000 -0.000009
vn 0.000000 -1.000000 -0.000008
vn 0.000000 -1.000000 -0.000003
vn -0.999357 -0.014524 -0.032798
vn -0.999888 -0.014950 0.000000
vn -0.999955 -0.009515 -0.000000
vn 0.000000 -0.006793 -0.999977
vn 0.029641 -0.007935 -0.999529
vn 0.000000 -0.011686 -0.999932
vn 0.999888 -0.014950 0.000000
vn 0.999198 -0.010872 -0.038530
vn 0.999955 -0.009515 0.000000
vn 0.000000 -0.011662 0.999932
vn 0.029701 -0.007915 0.999528
vn 0.000000 -0.006769 0.999977
vn -0.289994 -0.957028 0.000000
vn -0.219880 -0.975520 -0.003760
vn -0.222923 -0.974836 0.000000
vn -0.352780 0.935513 -0.019043
vn -0.322764 0.946479 0.000000
vn -0.229158 0.973389 0.000000
vn -0.225926 0.974136 -0.004002
vn 0.000000 0.916206 0.400708
vn 0.004808 0.958899 0.283706
vn 0.000000 0.957413 0.288723
vn 0.009840 -0.917465 0.397694
vn 0.000000 -0.932328 0.361615
vn 0.000000 -0.959736 0.280903
vn 0.004493 -0.961093 0.276189
vn 0.000000 -0.932225 -0.361880
vn 0.009820 -0.917304 -0.398066
vn 0.004503 -0.961049 -0.276340
vn 0.000000 -0.959694 -0.281046
vn 0.000000 0.916275 -0.400550
vn 0.000000 0.957467 -0.288543
vn 0.004811 0.958950 -0.283536
vn 0.313649 -0.949389 -0.016880
vn 0.289994 -0.957028 0.000000
vn 0.222923 -0.974836 0.000000
vn 0.219880 -0.975520 -0.003760
vn 0.322764 0.946479 0.000000
vn 0.225926 0.974136 -0.004003
vn 0.229158 0.973389 0.000000
vn 0.000000 0.251280 0.967914
vn 0.015891 0.255027 0.966803
vn 0.000000 0.965365 0.260902
vn 0.000000 0.965365 0.260902
vn 0.000000 0.703005 0.711185
vn 0.000000 0.703005 0.711185
vn 0.035610 0.720108 0.692948
vn 0.011280 0.708565 0.705555
vn 0.968405 0.249382 0.000002
vn 0.967451 0.252679 -0.013874
vn 0.261177 0.965291 0.000001
vn 0.711875 0.702306 0.000007
vn 0.711877 0.702304 0.000007
vn 0.678592 0.731836 -0.062679
vn 0.707138 0.707011 -0.009548
vn 0.000012 -0.964328 0.264711
vn 0.000012 -0.964326 0.264716
vn 0.002782 -0.973020 0.230704
vn 0.016364 -0.998064 0.060006
vn 0.000000 -0.239370 0.970928
vn 0.000011 -0.696202 0.717846
vn 0.000011 -0.696193 0.717855
vn 0.011528 -0.702080 0.712005
vn 0.035706 -0.713439 0.699807
vn 0.265163 -0.964204 0.000019
vn 0.052842 -0.998534 -0.011761
vn 0.972671 -0.232188 0.000008
vn 0.720566 -0.693386 0.000026
vn 0.720559 -0.693394 0.000026
vn 0.716076 -0.697955 -0.009649
vn 0.687762 -0.723143 -0.063615
vn -0.265139 -0.964210 -0.000018
vn -0.720530 -0.693424 -0.000024
vn -0.720521 -0.693433 -0.000024
vn -0.687115 -0.723775 -0.063428
vn -0.715471 -0.698574 -0.009724
vn -0.972653 -0.232263 -0.000006
vn -0.971732 -0.235696 -0.013568
vn -0.968406 0.249377 -0.000003
vn -0.711815 0.702367 -0.000011
vn -0.711820 0.702362 -0.000011
vn -0.706846 0.707303 -0.009570
vn -0.678279 0.732131 -0.062615
vn -0.261228 0.965277 -0.000010
vn -0.040307 0.999144 -0.009262
vn 0.000000 0.252230 -0.967667
vn 0.015940 0.256000 -0.966545
vn -0.000005 0.703817 -0.710381
vn -0.000005 0.703822 -0.710377
vn 0.011345 0.709233 -0.704883
vn 0.035298 0.720513 -0.692542
vn -0.000005 0.965343 -0.260985
vn -0.000005 0.965343 -0.260983
vn -0.000019 -0.964275 -0.264903
vn -0.000019 -0.964274 -0.264907
vn 0.014743 -0.998496 -0.052801
vn 0.002821 -0.974322 -0.225141
vn -0.000031 -0.696241 -0.717808
vn -0.000031 -0.696232 -0.717817
vn 0.035622 -0.712800 -0.700462
vn 0.011508 -0.701544 -0.712533
vn -0.000014 -0.240448 -0.970662
vn 0.000000 -0.698397 0.715711
vn 0.016030 -0.634874 0.772450
vn 0.000000 -0.359119 0.933292
vn -0.622545 -0.782584 0.000000
vn -0.896448 -0.443148 0.000000
vn -0.917044 -0.397748 -0.028767
vn -0.494391 0.869239 0.000000
vn -0.482877 0.875288 -0.026464
vn -0.963055 -0.269306 0.000000
vn -0.966250 0.257607 0.000002
vn -0.868855 0.495067 0.000001
vn -0.865220 0.500954 -0.020991
vn 0.000000 0.608536 -0.793526
vn 0.000004 -0.213257 -0.976996
vn 0.000000 0.203395 -0.979097
vn 0.045004 0.153036 -0.987195
vn 0.057506 -0.219247 -0.973973
vn 0.000000 0.608165 0.793811
vn 0.000000 0.202882 0.979203
vn 0.045057 0.152460 0.987282
vn 0.000003 -0.213350 0.976976
vn 0.057526 -0.219342 0.973950
vn 0.622545 -0.782584 0.000000
vn 0.653017 -0.757016 -0.022265
vn 0.896449 -0.443148 0.000000
vn 0.000000 -0.698404 -0.715704
vn 0.016078 -0.635203 -0.772178
vn 0.000000 -0.359113 -0.933294
vn 0.494391 0.869239 0.000000
vn 0.868855 0.495067 0.000001
vn 0.966250 0.257607 0.000002
vn 0.972500 0.228160 -0.046759
vn 0.865220 0.500954 -0.020991
vn 0.963056 -0.269301 0.000000
vn 0.959024 -0.273872 -0.072578
vn -0.595676 -0.803211 -0.004619
vn -0.673465 -0.739214 -0.002714
vn -0.578471 -0.815214 -0.028249
vn 0.002245 -0.723065 0.690776
vn 0.003665 -0.788473 0.615058
vn 0.023774 -0.800233 0.599217
vn 0.028131 -0.725985 0.687135
vn 0.673136 -0.739514 0.002717
vn 0.595567 -0.803292 0.004586
vn 0.583149 -0.812163 -0.018108
vn 0.662238 -0.748227 -0.039956
vn -0.003679 -0.788655 -0.614826
vn -0.002260 -0.723221 -0.690613
vn 0.024784 -0.721624 -0.691842
vn 0.016850 -0.796192 -0.604809
vn 0.000100 -0.292741 0.956192
vn -0.000085 -0.292704 -0.956203
vn 0.937234 -0.348701 0.000116
vn -0.941054 -0.336421 -0.035179
vn -0.937235 -0.348699 -0.000116
vn -0.829400 -0.558655 -0.000863
vn -0.000679 -0.521753 -0.853096
vn 0.000689 -0.521194 0.853438
vn 0.828882 -0.559423 0.000873
vn 0.000000 0.085887 0.996305
vn 0.000000 0.085887 0.996305
vn -0.993959 0.109750 0.000000
vn -0.993959 0.109750 0.000000
vn 0.000000 0.086291 -0.996270
vn 0.000000 0.086291 -0.996270
vn 0.993956 0.109782 0.000000
vn 0.993956 0.109782 0.000000
vn 0.000000 -0.077310 0.997007
vn 0.000000 -0.077310 0.997007
vn -0.995107 -0.098802 0.000000
vn -0.995107 -0.098802 0.000000
vn 0.000000 -0.077715 -0.996976
vn 0.000000 -0.077715 -0.996976
vn 0.995104 -0.098834 0.000000
vn 0.995104 -0.098834 0.000000
vn -0.952717 0.000000 -0.303858
vn -0.952717 0.000000 -0.303858
vn 0.268070 0.000000 -0.963400
vn 0.268070 0.000000 -0.963400
vn 0.952889 0.000000 -0.303319
vn 0.952889 0.000000 -0.303319
vn 0.268333 0.000000 0.963326
vn 0.268333 0.000000 0.963326
vn -0.973554 0.228456 0.000000
vn -0.972495 0.232004 -0.020696
vn 0.000000 0.180186 -0.983633
vn 0.017137 0.184063 -0.982765
vn 0.972495 0.232004 -0.020696
vn 0.973554 0.228457 0.000000
vn 0.017147 0.184098 0.982758
vn 0.000000 0.180219 0.983627
vn -0.353274 -0.933254 -0.065067
vn -0.343494 -0.939155 0.000660
vn -0.366127 -0.930565 0.000195
vn -0.364573 -0.929129 -0.061685
vn -0.372199 -0.924304 -0.084441
vn -0.343495 0.939154 0.000660
vn -0.353276 0.933254 -0.065064
vn -0.372200 0.924304 -0.084438
vn -0.364574 0.929129 -0.061681
vn -0.366128 0.930565 0.000195
vn -0.000980 0.925145 -0.379612
vn 0.063018 0.918985 -0.389223
vn 0.075933 0.911225 -0.404849
vn 0.059175 0.915443 -0.398073
vn -0.000418 0.916089 -0.400974
vn 0.063019 -0.918984 -0.389226
vn -0.000980 -0.925145 -0.379613
vn -0.000418 -0.916089 -0.400974
vn 0.059174 -0.915443 -0.398073
vn 0.075933 -0.911225 -0.404849
vn 0.343540 -0.939138 0.000659
vn 0.353322 -0.933238 -0.065045
vn 0.372283 -0.924277 -0.084364
vn 0.364604 -0.929114 -0.061730
vn 0.366158 -0.930553 0.000193
vn 0.353324 0.933237 -0.065042
vn 0.343540 0.939138 0.000659
vn 0.366159 0.930552 0.000193
vn 0.364605 0.929114 -0.061726
vn 0.372284 0.924277 -0.084361
vn -0.000984 -0.925140 0.379625
vn 0.063056 -0.918981 0.389228
vn 0.075988 -0.911233 0.404822
vn 0.059176 -0.915436 0.398090
vn -0.000422 -0.916080 0.400995
vn 0.063056 0.918982 0.389224
vn -0.000984 0.925140 0.379624
vn -0.000422 0.916080 0.400995
vn 0.059176 0.915436 0.398090
vn 0.075988 0.911233 0.404822
vn 0.000000 1.000000 0.000002
vn 0.000000 1.000000 0.000002
vn 0.000000 1.000000 0.000002
vn 0.000000 1.000000 0.000002
vn 0.000000 -1.000000 -0.000001
vn 0.000000 -1.000000 -0.000002
vn 0.000000 -1.000000 -0.000000
vn 0.000000 -1.000000 0.000000
vn 0.000000 1.000000 0.000000
vn 0.000000 1.000000 0.000000
vn 0.000000 1.000000 0.000000
vn 0.000000 1.000000 0.000000
vn 0.000000 -1.000000 -0.000000
vn 0.000000 -1.000000 0.000000
vn 0.000000 1.000000 -0.000001
vn 0.000000 1.000000 -0.000002
vn 0.000000 1.000000 -0.000002
vn 0.000000 1.000000 -0.000000
vn 0.000000 -1.000000 0.000000
vn 0.000000 -1.000000 -0.000000
vn 0.000000 1.000000 0.000000
vn 0.000000 1.000000 0.000000
vn 0.000000 1.000000 0.000000
vn 0.000000 1.000000 0.000000
vn 0.000000 1.000000 -0.000000
vn 0.000000 1.000000 0.000001
vn 0.000000 -1.000000 -0.000000
vn 0.000000 -1.000000 -0.000000
vn 0.000000 -1.000000 -0.000000
vn 0.000000 -1.000000 -0.000000
vn 0.000000 -1.000000 0.000000
vn 0.000000 -1.000000 0.000000
vn 0.000000 -1.000000 0.000000
vn 0.000000 -1.000000 0.000000
vn 0.000000 1.000000 0.000000
vn 0.000000 1.000000 -0.000000
vn 0.000000 -1.000000 -0.000000
vn 0.000000 -1.000000 -0.000000
vn 0.000000 -1.000000 -0.000000
vn 0.000000 -1.000000 -0.000000
vn 0.000000 1.000000 -0.000001
vn 0.000000 1.000000 0.000001
vn 0.000000 -1.000000 0.000000
vn 0.000000 -1.000000 0.000000
vn 0.000000 -1.000000 0.000000
vn 0.000000 -1.000000 0.000000
vn 0.000000 1.000000 -0.000000
vn 0.000000 1.000000 0.000000
vn -0.977443 -0.209793 -0.024348
vn -0.978551 -0.206004 0.000002
vn -0.983216 -0.182445 0.000006
vn 0.000006 -0.143723 -0.989618
vn 0.020784 -0.165326 -0.986020
vn -0.000028 -0.161346 -0.986898
vn 0.978552 -0.206002 -0.000002
vn 0.977444 -0.209789 -0.024339
vn 0.983216 -0.182445 -0.000006
vn -0.000033 -0.161345 0.986898
vn 0.020795 -0.165335 0.986018
vn -0.000003 -0.143750 0.989614
vn -0.000014 -0.075236 0.997166
vn 0.000002 0.115801 0.993272
vn -0.000006 0.006791 0.999977
vn 0.040493 0.006012 0.999162
vn 0.061082 0.118076 0.991124
vn -0.995284 -0.097002 0.000015
vn -0.999962 0.008674 0.000014
vn -0.998572 0.007755 -0.052861
vn -0.989128 0.147054 -0.000005
vn -0.985597 0.149320 -0.079379
vn -0.000002 -0.075237 -0.997166
vn 0.000001 0.006784 -0.999977
vn 0.040424 0.006009 -0.999165
vn -0.000002 0.115804 -0.993272
vn 0.061019 0.118083 -0.991127
vn 0.995284 -0.097002 -0.000014
vn 0.998569 0.007750 -0.052907
vn 0.999962 0.008674 -0.000013
vn 0.985600 0.149312 -0.079358
vn 0.989129 0.147053 0.000005
vn 0.000000 0.000000 1.000000
vn 0.000000 -0.194018 0.980998
vn -0.969666 -0.244434 0.000000
vn -1.000000 0.000000 0.000000
vn 1.000000 0.000000 0.000000
vn 0.969666 -0.244434 0.000000
vn 0.000000 -0.194102 -0.980981
vn 0.000000 0.000000 -1.000000
vn -0.986300 0.164962 -0.000008
vn -0.000002 0.129145 -0.991626
vn 0.986300 0.164962 0.000008
vn 0.000003 0.129152 0.991625
vn -0.942401 -0.328636 -0.062285
vn -0.950507 -0.310703 0.000000
vn 0.047140 -0.266614 -0.962650
vn 0.000000 -0.246512 -0.969140
vn 0.950507 -0.310703 0.000000
vn 0.942400 -0.328636 -0.062286
vn 0.000000 -0.246436 0.969159
vn 0.047217 -0.266550 0.962664
vn -0.983719 -0.179712 0.000000
vn -0.976758 -0.196071 -0.086600
vn -0.999996 -0.002913 0.000000
vn 0.000000 -0.139704 -0.990193
vn 0.065031 -0.160622 -0.984871
vn 0.000000 -0.002228 -0.999997
vn 0.976758 -0.196072 -0.086602
vn 0.983719 -0.179712 0.000000
vn 0.999996 -0.002913 0.000000
vn 0.000000 -0.139704 0.990193
vn 0.065130 -0.160639 0.984862
vn 0.000000 -0.002228 0.999997
vn 0.000000 -0.414976 0.909832
vn 0.000000 -0.414976 0.909832
vn -0.999794 0.020271 0.000000
vn -0.999795 0.020272 0.000000
vn 0.999795 0.020272 0.000000
vn 0.999794 0.020271 0.000000
vn 0.000000 -0.412100 -0.911139
vn 0.000000 -0.412100 -0.911139
vn -0.997119 -0.000093 -0.075855
vn -1.000000 -0.000000 0.000000
vn -1.000000 -0.000000 0.000000
vn -0.997009 -0.000094 -0.077289
vn 0.000000 0.000000 -1.000000
vn 0.058065 -0.000069 -0.998313
vn 0.057141 -0.000068 -0.998366
vn 0.000000 0.000000 -1.000000
vn 1.000000 -0.000000 0.000000
vn 0.997119 -0.000093 -0.075855
vn 0.997009 -0.000094 -0.077289
vn 1.000000 -0.000000 0.000000
vn 0.000000 0.000000 1.000000
vn 0.057225 -0.000063 0.998361
vn 0.058150 -0.000064 0.998308
vn 0.000000 0.000000 1.000000
vn 0.000000 0.552888 0.833255
vn 0.000000 0.552888 0.833255
vn 0.075924 0.589700 0.804046
vn 0.024150 0.565076 0.824686
vn -0.810100 0.586292 0.000000
vn -0.810100 0.586292 0.000000
vn -0.801634 0.597256 -0.025866
vn -0.770126 0.628691 -0.107951
vn 0.000000 0.552687 -0.833389
vn 0.000000 0.552687 -0.833389
vn 0.024092 0.564861 -0.824834
vn 0.075836 0.589507 -0.804196
vn 0.770126 0.628691 -0.107949
vn 0.801634 0.597256 -0.025865
vn 0.810100 0.586292 0.000000
vn 0.810100 0.586292 0.000000
vn 0.000000 0.982414 0.186716
vn 0.019068 0.986459 0.162897
vn 0.006646 0.983930 0.178431
vn 0.000000 0.982414 0.186716
vn 0.018699 -0.987281 0.157882
vn 0.000000 -0.983469 0.181079
vn 0.000000 -0.983469 0.181079
vn 0.006425 -0.984878 0.173127
vn -0.142275 -0.989827 0.000000
vn -0.124652 -0.992004 -0.019739
vn -0.137701 -0.990460 -0.005134
vn -0.142275 -0.989827 0.000000
vn -0.124109 0.992059 -0.020382
vn -0.142102 0.989852 0.000000
vn -0.142102 0.989852 0.000000
vn -0.137345 0.990509 -0.005400
vn 0.142102 0.989852 0.000000
vn 0.124109 0.992059 -0.020382
vn 0.137345 0.990509 -0.005400
vn 0.142102 0.989852 0.000000
vn 0.124652 -0.992004 -0.019739
vn 0.142275 -0.989827 0.000000
vn 0.142275 -0.989827 0.000000
vn 0.137701 -0.990461 -0.005134
vn 0.000000 -0.983468 -0.181085
vn 0.018676 -0.987274 -0.157929
vn 0.006407 -0.984874 -0.173156
vn 0.000000 -0.983468 -0.181085
vn 0.019062 0.986462 -0.162879
vn 0.000000 0.982414 -0.186714
vn 0.000000 0.982414 -0.186714
vn 0.006641 0.983931 -0.178427
vn -0.031938 -0.067855 0.997184
vn -0.035463 -0.142933 0.989097
vn -0.019023 -0.164958 0.986117
vn 0.000000 -1.000000 -0.000000
vn 0.000000 -1.000000 -0.000000
vn -0.058950 0.917553 0.393220
vn 0.000000 1.000000 0.000001
vn -0.250305 0.000000 0.968167
vn -0.250305 0.000000 0.968167
vn -0.058950 -0.917551 0.393224
vn -0.055263 -0.913920 0.402114
vn -0.071679 -0.909829 0.408745
vn 0.000000 -1.000000 -0.000000
vn 0.000000 1.000000 0.000002
vn 0.000000 1.000000 0.000002
vn -0.015707 0.183774 0.982843
vn -0.025326 -0.184412 0.982523
vn -0.026318 -0.487595 0.872673
vn -0.010926 -0.672327 0.740174
vn -0.006811 0.911090 0.412151
vn -0.024813 0.074269 0.996930
vn -0.033175 -0.711641 0.701759
vn -0.010600 -0.701095 0.712990
vn -0.014868 -0.998426 0.054076
vn -0.002571 -0.973397 0.229112
vn 0.000000 1.000000 0.000001
vn 0.000000 1.000000 0.000004
vn 0.000000 -1.000000 -0.000017
vn 0.000000 -1.000000 0.000003
vn -0.010397 0.708115 0.706020
vn -0.033040 0.718852 0.694378
vn -0.014619 0.254724 0.966903
vn -0.027400 -0.007906 0.999593
vn -0.014785 -0.631862 0.774940
vn -0.009095 -0.916612 0.399675
vn -0.004122 -0.960985 0.276571
vn -0.009449 0.892527 0.450895
vn -0.004409 0.958777 0.284125
vn -0.017685 0.521749 0.852916
vn -0.023898 -0.275447 0.961019
vn -0.014884 -0.795408 0.605892
vn -0.021668 -0.799480 -0.600302
vn -0.023997 -0.275777 -0.960922
vn -0.017691 0.522400 -0.852517
vn -0.009425 0.892608 -0.450735
vn -0.004412 0.958833 -0.283937
vn -0.004131 -0.960942 -0.276720
vn -0.024049 -0.287459 -0.957491
vn -0.023574 -0.011190 -0.999659
vn -0.032832 0.719654 -0.693556
vn -0.010423 0.709051 -0.705080
vn -0.011182 0.999174 -0.039074
vn -0.002748 0.978171 -0.207781
vn 0.000000 -1.000000 0.000002
vn 0.000000 -1.000000 0.000005
vn 0.000000 1.000000 -0.000009
vn 0.000000 1.000000 -0.000000
vn -0.010584 -0.701686 -0.712408
vn -0.033290 -0.712455 -0.700928
vn -0.015229 -0.244319 -0.969575
vn -0.031724 0.012741 -0.999416
vn -0.024768 0.074220 -0.996934
vn -0.019400 0.476900 -0.878743
vn -0.013033 0.791725 -0.610738
vn -0.006809 0.911090 -0.412151
vn -0.010909 -0.672322 -0.740178
vn -0.043125 -0.018152 -0.998905
vn -0.050895 0.174046 -0.983421
vn -0.015697 0.183740 -0.982850
vn 0.000000 1.000000 -0.000003
vn 0.000000 1.000000 -0.000003
vn -0.058915 -0.917559 -0.393210
vn 0.000000 -1.000000 0.000001
vn -0.250097 0.000000 -0.968221
vn -0.250097 0.000000 -0.968221
vn -0.058915 0.917561 -0.393206
vn -0.055254 0.913932 -0.402089
vn -0.071635 0.909832 -0.408747
vn 0.000000 1.000000 -0.000002
vn 0.000000 -1.000000 -0.000000
vn 0.000000 -1.000000 -0.000000
vn -0.019018 -0.164961 -0.986117
vn -0.037375 0.005944 -0.999284
vn -0.056577 0.117209 -0.991494
vn -0.059123 -0.160572 -0.985252
vn -0.043016 -0.265810 -0.963065
vn -0.070831 0.587214 -0.806327
vn -0.021889 0.563768 -0.825643
vn -0.017944 0.986250 -0.164284
vn -0.006025 0.983794 -0.179204
vn -0.017584 -0.987076 -0.159288
vn -0.005813 -0.984747 -0.173898
vn -0.052255 -0.000062 -0.998634
vn -0.053121 -0.000063 -0.998588
vn -0.052332 -0.000058 0.998630
vn -0.053199 -0.000059 0.998584
vn -0.017605 -0.987083 0.159242
vn -0.005829 -0.984753 0.173863
vn -0.017949 0.986246 0.164304
vn -0.006029 0.983793 0.179208
vn -0.021942 0.563980 0.825497
vn -0.070912 0.587406 0.806179
vn -0.043087 -0.265743 0.963081
vn -0.059212 -0.160588 0.985244
vn 0.977509 -0.209615 0.023194
vn 0.000000 -1.000000 -0.000000
vn 0.000000 -1.000000 -0.000000
vn 0.355116 0.932710 0.062810
vn 0.000000 1.000000 0.000000
vn 0.956109 0.000000 0.293012
vn 0.956109 0.000000 0.293012
vn 0.355114 -0.932710 0.062813
vn 0.366342 -0.928572 0.059563
vn 0.373962 -0.923820 0.081913
vn 0.000000 -1.000000 0.000000
vn 0.000000 1.000000 0.000000
vn 0.000000 1.000000 0.000000
vn 0.973239 0.219401 0.068335
vn 0.972553 0.231844 0.019747
vn 0.998024 -0.024194 0.057990
vn 0.653436 -0.756890 0.011822
vn 0.514681 0.857178 0.018716
vn 0.334351 0.942430 0.005934
vn 0.811812 0.583358 0.025575
vn 0.994340 0.101156 0.032477
vn 0.688201 -0.722901 0.061599
vn 0.715748 -0.698297 0.009284
vn 0.058751 -0.998190 0.012870
vn 0.218696 -0.975792 0.001419
vn 0.000000 -1.000000 0.000000
vn 0.000000 1.000000 0.000000
vn 0.707192 0.706961 0.009237
vn 0.680016 0.730711 0.060333
vn 0.967461 0.252672 0.013304
vn 0.999258 -0.010873 0.036950
vn 0.653842 -0.756327 0.021472
vn 0.314851 -0.949002 0.016234
vn 0.220011 -0.975491 0.003595
vn 0.226068 0.974104 0.003830
vn 0.865414 0.500650 0.020209
vn 0.972715 0.227639 0.044784
vn 0.959417 -0.273164 0.070008
vn 0.659422 -0.750562 0.042659
vn 0.579386 -0.814638 0.026008
vn -0.583880 -0.811666 0.016773
vn -0.941536 -0.335235 0.033567
vn -0.865414 0.500650 0.020209
vn -0.483285 0.875091 0.025525
vn -0.354146 0.935011 0.018329
vn -0.226068 0.974104 0.003830
vn -0.314851 -0.949002 0.016234
vn -0.220012 -0.975491 0.003595
vn -0.653842 -0.756327 0.021472
vn -0.999258 -0.010874 0.036950
vn -0.967494 0.252543 0.013292
vn -0.680092 0.730628 0.060468
vn -0.707357 0.706797 0.009192
vn 0.000000 1.000000 0.000000
vn -0.215779 -0.976441 0.001508
vn 0.000000 -1.000000 -0.000001
vn -0.053522 -0.998496 0.011871
vn -0.716248 -0.697785 0.009219
vn -0.688785 -0.722336 0.061701
vn -0.994340 0.101162 0.032478
vn -0.334351 0.942430 0.005934
vn -0.653436 -0.756890 0.011822
vn -0.808608 -0.587324 0.034701
vn -0.970669 -0.238106 0.033282
vn -0.972553 0.231844 0.019747
vn 0.000000 1.000000 0.000000
vn 0.000000 1.000000 0.000000
vn -0.355069 -0.932726 0.062839
vn 0.000000 -1.000000 0.000000
vn -0.955949 0.000000 0.293534
vn -0.955949 0.000000 0.293534
vn -0.355071 0.932725 0.062836
vn -0.366313 0.928586 0.059520
vn -0.373889 0.923843 0.081983
vn 0.000000 1.000000 0.000000
vn 0.000000 -1.000000 0.000000
vn 0.000000 -1.000000 0.000000
vn -0.977509 -0.209615 0.023198
vn -0.982230 -0.181505 0.047755
vn -0.995107 -0.088553 0.043817
vn -0.977062 -0.196462 0.082176
vn -0.942685 -0.328376 0.059285
vn -0.771401 0.627649 0.104865
vn -0.802099 0.596689 0.024472
vn -0.124549 0.992014 0.019889
vn -0.137630 0.990471 0.005077
vn -0.125064 -0.991962 0.019262
vn -0.137969 -0.990425 0.004829
vn -0.997383 -0.000091 0.072302
vn -0.997277 -0.000093 0.073745
vn 0.997383 -0.000091 0.072302
vn 0.997277 -0.000093 0.073745
vn 0.125064 -0.991962 0.019260
vn 0.137969 -0.990425 0.004829
vn 0.124549 0.992014 0.019886
vn 0.137630 0.990471 0.005077
vn 0.802099 0.596689 0.024473
vn 0.771401 0.627649 0.104867
vn 0.942685 -0.328376 0.059286
vn 0.977061 -0.196463 0.082178
vn 0.985907 0.148816 0.076425
vn 0.998681 0.007724 0.050760
vn -0.055263 0.913920 0.402114
vn -0.071679 0.909829 0.408745
vn -0.055254 -0.913932 -0.402088
vn -0.071635 -0.909832 -0.408747
vn 0.366342 0.928572 0.059559
vn 0.373963 0.923820 0.081911
vn -0.366312 -0.928586 0.059524
vn -0.373888 -0.923843 0.081985
vn 0.000000 -1.000000 0.000000
vn 0.000000 -1.000000 0.000001
vn 0.000000 -1.000000 0.000000
vn 0.000000 -1.000000 0.000000
vn 0.000000 -1.000000 0.000000
vn -0.050790 -0.993564 0.101251
vn -0.088639 -0.994905 0.048035
vn 0.000000 -1.000000 0.000002
vn 0.000000 -1.000000 0.000001
vn 0.000000 -1.000000 0.000002
vn -0.093999 -0.994376 -0.048798
vn -0.054294 -0.993555 -0.099499
vn 0.000000 -1.000000 0.000000
vn 0.000000 -1.000000 -0.000000
vn 0.000000 -1.000000 0.000000
vn 0.093087 -0.994288 0.052214
vn 0.053775 -0.992850 0.106572
vn 0.000000 -1.000000 -0.000000
vn 0.000000 -1.000000 -0.000000
vn 0.055780 -0.992237 -0.111147
vn 0.097504 -0.993832 -0.052827
vn 0.000000 1.000000 0.000001
vn 0.000000 1.000000 0.000001
vn 0.000000 1.000000 0.000001
vn 0.000000 1.000000 0.000001
vn 0.000000 1.000000 0.000000
vn 0.000000 1.000000 0.000000
vn 0.000000 1.000000 0.000001
vn 0.000000 1.000000 -0.000001
vn 0.000000 1.000000 -0.000001
vn 0.000000 1.000000 -0.000001
vn 0.000000 1.000000 -0.000001
vn 0.000000 1.000000 -0.000001
vn 0.000000 1.000000 -0.000000
vn 0.000000 1.000000 -0.000001
vn 0.000000 1.000000 -0.000001
vn 0.000000 1.000000 -0.000001
vn 0.000000 1.000000 -0.000001
vn 0.000000 1.000000 0.000001
vn 0.000000 1.000000 0.000001
vn 0.000000 1.000000 0.000001
vn 0.000000 1.000000 0.000001
vn -0.030466 0.930169 0.365867
vn 0.036840 0.930506 0.364419
vn 0.036840 -0.930506 0.364419
vn -0.030466 -0.930169 0.365866
vn -0.030505 -0.930230 -0.365707
vn 0.036876 -0.930567 -0.364260
vn 0.036876 0.930567 -0.364259
vn -0.030505 0.930230 -0.365707
vn 0.352721 0.934881 0.039825
vn 0.352032 0.934980 -0.043422
vn 0.352056 -0.934971 -0.043426
vn 0.352745 -0.934871 0.039827
vn -0.352745 -0.934871 0.039827
vn -0.352057 -0.934971 -0.043426
vn -0.352032 0.934980 -0.043421
vn -0.352721 0.934881 0.039825
vn 0.806071 0.270196 0.526540
vn 0.839398 -0.033641 0.542476
vn 0.503095 0.254081 0.826038
vn 0.520227 -0.031333 0.853453
vn 0.285470 -0.798069 0.530653
vn 0.510160 -0.818537 0.264072
vn -0.817853 -0.319889 0.478316
vn -0.599530 -0.712909 0.363763
vn -0.475859 -0.297833 0.827559
vn -0.363317 -0.683380 0.633240
vn -0.510160 -0.818537 0.264072
vn -0.285470 -0.798069 0.530653
vn -0.839349 -0.033637 -0.542551
vn -0.520209 -0.031332 -0.853464
vn -0.285395 -0.798087 -0.530666
vn -0.510178 -0.818535 -0.264043
vn -0.806123 0.270195 -0.526460
vn -0.503211 0.254083 -0.825966
vn 0.520208 -0.031332 -0.853464
vn 0.839349 -0.033637 -0.542551
vn 0.510178 -0.818535 -0.264043
vn 0.285395 -0.798087 -0.530667
vn 0.503211 0.254083 -0.825966
vn 0.806123 0.270195 -0.526460
vn -0.616912 0.697864 -0.363876
vn -0.345113 0.913445 -0.215672
vn -0.354558 0.671122 -0.651064
vn -0.200319 0.897869 -0.392051
vn -0.242403 0.961361 -0.130480
vn -0.138429 0.953459 -0.267869
vn -0.138473 0.953456 0.267856
vn -0.242402 0.961359 0.130499
vn 0.354558 0.671122 -0.651064
vn 0.200319 0.897869 -0.392050
vn 0.616912 0.697863 -0.363876
vn 0.345113 0.913445 -0.215673
vn 0.138429 0.953459 -0.267869
vn 0.242403 0.961361 -0.130480
vn 0.616939 0.697790 0.363971
vn 0.345104 0.913453 0.215653
vn 0.354628 0.671013 0.651138
vn 0.200382 0.897884 0.391983
vn 0.242402 0.961359 0.130500
vn 0.138474 0.953456 0.267856
vn -0.494072 0.139119 0.858218
vn -0.856856 0.151251 0.492871
vn -0.856802 0.151272 -0.492957
vn -0.493868 0.139108 -0.858337
vn 0.493868 0.139108 -0.858338
vn 0.856804 0.151271 -0.492954
vn 0.856858 0.151250 0.492868
vn 0.494072 0.139119 0.858218
vn -0.000040 -1.000000 0.000002
vn -0.000003 -1.000000 -0.000001
vn -0.000029 -1.000000 0.000001
vn -0.000040 -1.000000 0.000002
vn 0.000000 -1.000000 -0.000002
vn 0.000000 -1.000000 -0.000003
vn 0.294997 0.802992 0.517861
vn 0.301917 0.804119 0.512092
vn 0.542870 0.797123 0.264362
vn 0.479223 0.809126 0.340090
vn 0.467312 0.332375 0.819235
vn 0.502820 -0.011295 0.864317
vn 0.848422 0.326643 0.416515
vn 0.862169 -0.012081 0.506476
vn -0.848545 0.326382 0.416468
vn -0.862169 -0.012084 0.506477
vn -0.467444 0.332209 0.819227
vn -0.502819 -0.011297 0.864318
vn -0.479278 0.809006 0.340296
vn -0.543219 0.796944 0.264186
vn -0.301988 0.803918 0.512367
vn -0.295354 0.802835 0.517902
vn -0.000005 -1.000000 0.000011
vn -0.000004 -1.000000 0.000009
vn -0.000007 -1.000000 0.000013
vn -0.000008 -1.000000 0.000009
vn -0.000009 -1.000000 0.000007
vn -0.000009 -1.000000 0.000007
vn 0.000000 -1.000000 -0.000001
vn 0.000000 -1.000000 -0.000002
vn 0.000000 -1.000000 -0.000001
vn 0.000000 -1.000000 -0.000000
vn 0.000000 -1.000000 -0.000000
vn 0.000000 -1.000000 -0.000000
vn 0.542966 0.797347 -0.263486
vn 0.478626 0.809491 -0.340061
vn 0.295384 0.803306 -0.517154
vn 0.301535 0.804312 -0.512014
vn 0.848583 0.326749 -0.416104
vn 0.862170 -0.012097 -0.506474
vn 0.467711 0.333249 -0.818652
vn 0.502744 -0.011320 -0.864361
vn 0.305855 -0.798096 0.519130
vn 0.299787 -0.797113 0.524154
vn 0.485911 -0.803061 0.344941
vn 0.550930 -0.790606 0.267242
vn 0.025133 -0.999216 0.030603
vn 0.022773 -0.999052 0.037109
vn 0.030913 -0.999273 0.022326
vn 0.048464 -0.998696 0.016067
vn 0.000000 1.000000 -0.000002
vn 0.000000 1.000000 -0.000002
vn 0.000000 1.000000 -0.000001
vn 0.000000 1.000000 -0.000000
vn 0.000000 1.000000 0.000000
vn 0.000000 1.000000 0.000000
vn -0.027913 -0.999404 0.020305
vn -0.044117 -0.998917 0.014746
vn -0.022741 -0.999360 0.027616
vn -0.020479 -0.999214 0.033931
vn 0.000000 1.000000 0.000002
vn 0.000000 1.000000 0.000002
vn 0.000000 1.000000 0.000002
vn 0.000000 1.000000 0.000002
vn 0.000000 1.000000 0.000002
vn 0.000000 1.000000 0.000003
vn -0.552028 -0.789803 0.267350
vn -0.486699 -0.802329 0.345532
vn -0.300529 -0.796284 0.524990
vn -0.306442 -0.797246 0.520088
vn 0.486616 -0.802391 -0.345506
vn 0.551981 -0.789836 -0.267353
vn 0.306241 -0.797352 -0.520044
vn 0.300446 -0.796411 -0.524844
vn 0.027577 -0.999418 -0.020078
vn 0.043625 -0.998941 -0.014595
vn 0.022472 -0.999375 -0.027283
vn 0.020225 -0.999232 -0.033571
vn 0.000000 1.000000 0.000001
vn 0.000000 1.000000 -0.000001
vn 0.000000 1.000000 0.000000
vn 0.000000 1.000000 0.000001
vn 0.000000 1.000000 -0.000003
vn 0.000000 1.000000 -0.000003
vn -0.550782 -0.790757 -0.267101
vn -0.485704 -0.803284 -0.344712
vn -0.299539 -0.797447 -0.523788
vn -0.305610 -0.798428 -0.518763
vn 0.000000 1.000000 0.000002
vn 0.000000 1.000000 0.000002
vn 0.000000 1.000000 0.000003
vn 0.000000 1.000000 0.000000
vn 0.000000 1.000000 -0.000001
vn 0.000000 1.000000 -0.000001
vn -0.855134 -0.308903 -0.416323
vn -0.853789 0.020126 -0.520230
vn -0.473594 -0.317631 -0.821474
vn -0.507255 0.018621 -0.861595
vn -0.478397 0.809731 -0.339811
vn -0.542570 0.797649 -0.263388
vn -0.301411 0.804560 -0.511699
vn -0.295126 0.803532 -0.516950
vn -0.020631 0.999670 -0.015330
vn -0.033174 0.999385 -0.011377
vn -0.016888 0.999648 -0.020484
vn -0.015005 0.999551 -0.025948
vn 0.000000 -1.000000 -0.000001
vn 0.000000 -1.000000 0.000001
vn 0.000000 -1.000000 -0.000000
vn 0.000000 -1.000000 -0.000001
vn 0.000000 -1.000000 0.000002
vn 0.000000 -1.000000 0.000003
vn 0.265107 -0.816423 0.513003
vn 0.479701 -0.826851 0.293607
vn 0.116575 -0.963806 0.239768
vn 0.199498 -0.969876 0.139791
vn 0.086653 -0.979800 0.180231
vn 0.153695 -0.984098 0.089043
vn -0.479701 -0.826850 0.293608
vn -0.199498 -0.969875 0.139793
vn -0.265107 -0.816423 0.513003
vn -0.116575 -0.963805 0.239771
vn -0.153695 -0.984098 0.089044
vn -0.086653 -0.979799 0.180235
vn -0.751296 -0.499421 -0.431432
vn -0.433268 -0.483172 -0.760805
vn -0.086744 -0.979757 -0.180420
vn -0.153766 -0.984084 -0.089072
vn -0.868836 -0.018454 -0.494756
vn -0.497634 -0.017231 -0.867216
vn -0.679442 0.585979 -0.441574
vn -0.567858 0.752206 -0.334251
vn -0.441871 0.578585 -0.685558
vn -0.316428 0.741545 -0.591594
vn -0.226939 0.961387 -0.155673
vn -0.130333 0.954342 -0.268782
vn -0.158522 0.983143 -0.091105
vn -0.089610 0.978659 -0.184924
vn -0.316398 0.741426 0.591759
vn -0.130390 0.954306 0.268882
vn -0.567871 0.752058 0.334563
vn -0.226972 0.961369 0.155737
vn -0.089594 0.978641 0.185027
vn -0.158513 0.983140 0.091155
vn -0.441852 0.578653 0.685513
vn -0.679564 0.585890 0.441504
vn 0.786650 -0.331154 -0.521076
vn 0.865196 -0.006108 -0.501397
vn 0.496807 -0.312646 -0.809590
vn 0.707078 -0.005950 -0.707110
vn 0.258790 -0.004991 -0.965921
vn 0.679430 0.585989 -0.441579
vn 0.441872 0.578598 -0.685546
vn 0.089611 0.978659 -0.184924
vn 0.158522 0.983143 -0.091108
vn 0.441850 0.578651 0.685516
vn 0.679563 0.585890 0.441505
vn 0.158513 0.983140 0.091155
vn 0.089594 0.978641 0.185027
vn 0.500294 -0.005779 0.865836
vn 0.496859 -0.312665 0.809550
vn 0.965914 -0.005986 0.258796
vn 0.786708 -0.331138 0.520997
vn 0.707014 -0.006257 0.707172
vn 0.479777 -0.826889 -0.293374
vn 0.265185 -0.816635 -0.512624
vn 0.199549 -0.969846 -0.139923
vn 0.116590 -0.963746 -0.240002
vn 0.153764 -0.984085 -0.089074
vn 0.086744 -0.979757 -0.180420
vn -0.783895 -0.424838 -0.452793
vn -0.447037 -0.401337 -0.799429
vn -0.447363 -0.400331 0.799751
vn -0.784413 -0.423782 0.452885
vn 0.464530 -0.832633 -0.301553
vn 0.257141 -0.820296 -0.510875
vn 0.255124 -0.824239 0.505511
vn 0.458230 -0.836228 0.301244
vn -0.851699 0.281030 0.442301
vn -0.461055 0.263655 0.847299
vn -0.461133 0.263645 -0.847259
vn -0.851714 0.281019 -0.442281
vn 0.851714 0.281019 -0.442281
vn 0.461134 0.263645 -0.847259
vn 0.461055 0.263655 0.847299
vn 0.851699 0.281030 0.442301
vn -0.203532 -0.917131 0.342702
vn -0.229847 -0.904404 0.359478
vn -0.324677 -0.926718 0.189153
vn -0.331831 -0.913165 0.236682
vn -0.323106 -0.927148 -0.189734
vn -0.330548 -0.913600 -0.236799
vn -0.202887 -0.917205 -0.342888
vn -0.229294 -0.904555 -0.359451
vn -0.324678 0.926717 0.189155
vn -0.331831 0.913165 0.236682
vn -0.203535 0.917129 0.342707
vn -0.229847 0.904404 0.359478
vn -0.810593 0.000000 0.585609
vn -0.810593 0.000000 0.585609
vn -0.555402 0.000000 0.831582
vn -0.555402 0.000000 0.831582
vn -0.202887 0.917205 -0.342889
vn -0.229294 0.904555 -0.359451
vn -0.323102 0.927150 -0.189731
vn -0.330548 0.913600 -0.236799
vn -0.552768 0.000000 -0.833335
vn -0.552768 0.000000 -0.833335
vn -0.806693 0.000000 -0.590970
vn -0.806693 0.000000 -0.590970
vn 0.323300 0.927311 -0.188607
vn 0.330488 0.913913 -0.235670
vn 0.203662 0.918248 -0.339620
vn 0.229223 0.905616 -0.356815
vn 0.203662 -0.918248 -0.339620
vn 0.229223 -0.905616 -0.356815
vn 0.323304 -0.927309 -0.188609
vn 0.330488 -0.913913 -0.235670
vn 0.562222 0.000000 -0.826986
vn 0.562222 0.000000 -0.826986
vn 0.810174 0.000000 -0.586190
vn 0.810174 0.000000 -0.586190
vn 0.324839 -0.926886 0.188047
vn 0.331734 -0.913486 0.235574
vn 0.204307 -0.918176 0.339427
vn 0.229764 -0.905469 0.356839
vn 0.204310 0.918174 0.339431
vn 0.229764 0.905469 0.356838
vn 0.324841 0.926886 0.188047
vn 0.331734 0.913487 0.235573
vn 0.564847 0.000000 0.825195
vn 0.564847 0.000000 0.825195
vn 0.813903 0.000000 0.581001
vn 0.813903 0.000000 0.581001
vn 0.000000 -1.000000 -0.000000
vn 0.000000 -1.000000 0.000000
vn 0.000000 1.000000 0.000000
vn 0.000000 1.000000 0.000000
vn 0.000000 1.000000 0.000001
vn 0.000000 1.000000 0.000001
vn 0.000000 1.000000 0.000000
vn 0.000000 1.000000 0.000001
vn 0.000000 1.000000 -0.000001
vn 0.000000 1.000000 -0.000000
vn 0.000000 -1.000000 0.000000
vn 0.000000 -1.000000 0.000000
vn 0.000000 -1.000000 -0.000001
vn 0.000000 -1.000000 0.000001
vn 0.000000 1.000000 -0.000001
vn 0.000000 1.000000 -0.000001
vn 0.000000 1.000000 -0.000001
vn 0.000000 1.000000 -0.000000
vn 0.000000 -1.000000 0.000001
vn 0.000000 -1.000000 -0.000000
vn 0.000000 1.000000 -0.000001
vn 0.000000 1.000000 -0.000000
vn 0.000000 1.000000 -0.000001
vn 0.000000 1.000000 -0.000001
vn 0.000000 -1.000000 -0.000000
vn 0.000000 -1.000000 -0.000000
vn 0.000000 -1.000000 0.000000
vn 0.000000 -1.000000 0.000000
vn 0.000000 1.000000 0.000000
vn 0.000000 1.000000 0.000000
vn 0.000000 1.000000 0.000000
vn 0.000000 1.000000 0.000000
vn 0.000000 -1.000000 0.000000
vn 0.000000 -1.000000 -0.000000
vn 0.000000 -1.000000 -0.000000
vn 0.000000 -1.000000 -0.000000
vn 0.000000 -1.000000 -0.000000
vn 0.000000 -1.000000 0.000000
vn 0.000000 -1.000000 -0.000000
vn 0.000000 -1.000000 -0.000000
vn 0.000000 1.000000 -0.000000
vn 0.000000 1.000000 -0.000000
vn 0.000000 -1.000000 -0.000000
vn 0.000000 -1.000000 -0.000000
vn 0.000000 -1.000000 0.000000
vn 0.000000 -1.000000 0.000000
vn 0.000000 1.000000 -0.000000
vn 0.000000 1.000000 -0.000000
vn 0.828156 0.189885 0.527353
vn 0.851889 0.010587 0.523615
vn 0.509485 0.177758 0.841919
vn 0.511363 0.009778 0.859309
vn 0.457539 -0.236460 0.857172
vn 0.856498 -0.254262 0.449180
vn -0.854096 -0.117634 0.506637
vn -0.834884 -0.227039 0.501420
vn -0.502886 -0.108267 0.857545
vn -0.489277 -0.211914 0.845991
vn -0.856507 -0.254253 0.449167
vn -0.457503 -0.236437 0.857198
vn -0.851807 0.010583 -0.523749
vn -0.511272 0.009765 -0.859364
vn -0.457503 -0.236417 -0.857204
vn -0.856476 -0.254246 -0.449230
vn -0.828151 0.189889 -0.527360
vn -0.509458 0.177759 -0.841935
vn 0.511210 0.009782 -0.859400
vn 0.851792 0.010603 -0.523774
vn 0.856482 -0.254258 -0.449213
vn 0.457482 -0.236433 -0.857211
vn 0.509455 0.177759 -0.841937
vn 0.828198 0.189890 -0.527285
vn -0.847527 -0.222730 -0.481756
vn -0.484139 -0.211362 -0.849079
vn -0.805837 -0.377255 -0.456406
vn -0.459544 -0.356966 -0.813262
vn -0.484235 -0.211354 0.849027
vn -0.459634 -0.356886 0.813246
vn -0.847484 -0.222744 0.481826
vn -0.805819 -0.377213 0.456471
vn 0.484137 -0.211362 -0.849080
vn 0.847526 -0.222732 -0.481758
vn 0.459547 -0.356966 -0.813260
vn 0.805836 -0.377254 -0.456407
vn 0.847483 -0.222746 0.481827
vn 0.484233 -0.211354 0.849028
vn 0.805818 -0.377212 0.456473
vn 0.459636 -0.356886 0.813245
vn -0.259084 -0.000287 0.965855
vn -0.259084 -0.000287 0.965855
vn -0.707024 -0.000533 0.707189
vn -0.865675 -0.000445 0.500607
vn -0.866388 -0.000445 0.499372
vn -0.707024 -0.000533 0.707189
vn -0.965938 -0.000316 -0.258774
vn -0.965938 -0.000316 -0.258774
vn -0.707024 -0.000533 -0.707189
vn -0.500286 -0.000436 -0.865860
vn -0.499510 -0.000435 -0.866308
vn -0.707024 -0.000533 -0.707189
vn 0.500286 -0.000436 -0.865860
vn 0.499510 -0.000435 -0.866308
vn 0.707024 -0.000533 -0.707189
vn 0.707024 -0.000533 -0.707189
vn 0.965938 -0.000316 -0.258774
vn 0.965938 -0.000316 -0.258774
vn 0.865675 -0.000445 0.500607
vn 0.866388 -0.000445 0.499372
vn 0.707024 -0.000533 0.707189
vn 0.707024 -0.000533 0.707189
vn 0.259083 -0.000287 0.965855
vn 0.259083 -0.000287 0.965855
vn -0.585104 0.698392 0.412192
vn -0.648167 0.687317 0.327834
vn -0.372083 0.686542 0.624671
vn -0.351836 0.682523 0.640604
vn 0.372083 0.686541 0.624673
vn 0.351836 0.682522 0.640606
vn 0.585103 0.698391 0.412195
vn 0.648167 0.687316 0.327836
vn -0.372121 0.686445 -0.624756
vn -0.351794 0.682412 -0.640746
vn -0.585242 0.698286 -0.412175
vn -0.648158 0.687247 -0.328000
vn 0.585242 0.698286 -0.412176
vn 0.648158 0.687247 -0.327999
vn 0.372120 0.686444 -0.624757
vn 0.351793 0.682411 -0.640747
vn -0.063744 -0.993062 0.098818
vn -0.060530 -0.992817 0.103197
vn -0.092054 -0.993894 0.060827
vn -0.101984 -0.993637 0.047797
vn -0.092636 0.993780 0.061799
vn -0.102179 0.993577 0.048615
vn -0.064715 0.992764 0.101153
vn -0.061280 0.992470 0.106060
vn 0.064715 0.992764 0.101153
vn 0.061280 0.992470 0.106060
vn 0.092636 0.993780 0.061800
vn 0.102179 0.993577 0.048614
vn 0.092054 -0.993895 0.060824
vn 0.101984 -0.993637 0.047794
vn 0.063744 -0.993062 0.098817
vn 0.060530 -0.992818 0.103195
vn -0.092067 -0.993892 -0.060850
vn -0.101986 -0.993635 -0.047830
vn -0.063743 -0.993058 -0.098858
vn -0.060498 -0.992811 -0.103277
vn -0.064681 0.992767 -0.101145
vn -0.061244 0.992472 -0.106055
vn -0.092598 0.993783 -0.061813
vn -0.102148 0.993580 -0.048632
vn 0.092598 0.993783 -0.061815
vn 0.102148 0.993580 -0.048633
vn 0.064681 0.992766 -0.101148
vn 0.061244 0.992472 -0.106059
vn 0.063743 -0.993058 -0.098861
vn 0.060498 -0.992811 -0.103281
vn 0.092067 -0.993892 -0.060850
vn 0.101986 -0.993635 -0.047830
s 1
g Chair Armrest_R_support
usemtl initialShadingGroup
f 774/925/761 773/1364/762 776/1365/763 775/927/764
f 773/1364/762 772/1363/765 777/1366/766 776/1365/763
f 772/1363/765 771/1241/767 778/634/768 777/1366/766
f 782/1136/769 781/1368/770 784/1369/771 783/1139/772
f 781/1368/770 780/1367/773 785/1370/774 784/1369/771
f 780/1367/773 779/640/775 786/664/776 785/1370/774
f 790/1028/777 789/1372/778 792/1375/779 791/1030/780
f 789/1373/778 788/1371/781 793/1376/782 792/1374/779
f 788/1371/781 787/641/783 794/645/784 793/1376/782
f 798/635/785 797/1378/786 800/1381/787 799/643/788
f 797/1379/786 796/1377/789 801/1382/790 800/1380/787
f 796/1377/789 795/642/791 802/646/792 801/1382/790
s 5
f 814/1133/793 813/1388/794 816/1389/795 815/1135/796
f 813/1388/794 812/1387/797 817/1390/798 816/1389/795
f 812/1387/797 811/649/799 818/648/800 817/1390/798
f 830/1246/801 829/1396/802 832/1397/803 831/1248/804
f 829/1396/802 828/1395/805 833/1398/806 832/1397/803
f 828/1395/805 827/919/807 834/917/808 833/1398/806
f 838/653/809 837/1401/810 840/1402/811 839/652/812
f 837/1401/810 836/1399/813 841/1404/814 840/1402/811
f 836/1400/813 835/1034/815 842/1032/816 841/1403/814
f 854/656/817 853/1413/818 856/1414/819 855/655/820
f 853/1413/818 852/1411/821 857/1416/822 856/1414/819
f 852/1412/821 851/658/823 858/647/824 857/1415/822
s 9
f 878/1236/825 877/1430/826 880/1431/827 879/1238/828
f 877/1430/826 876/1429/829 881/1432/830 880/1431/827
f 876/1429/829 875/931/831 882/929/832 881/1432/830
s 10
f 918/944/833 917/1454/834 920/1455/835 919/945/836
f 917/1454/834 916/1453/837 921/1456/838 920/1455/835
f 916/1453/837 915/1225/839 922/1224/840 921/1456/838
f 926/688/841 925/1458/842 928/1459/843 927/674/844
f 925/1458/842 924/1457/845 929/1460/846 928/1459/843
f 924/1457/845 923/1154/847 930/1153/848 929/1460/846
f 934/690/849 933/1463/850 936/1464/851 935/675/852
f 933/1463/850 932/1461/853 937/1466/854 936/1464/851
f 932/1462/853 931/1014/855 938/1013/856 937/1465/854
f 942/692/857 941/1469/858 944/1470/859 943/676/860
f 941/1469/858 940/1467/861 945/1472/862 944/1470/859
f 940/1468/861 939/677/863 946/694/864 945/1471/862
s 14
f 950/1205/865 949/1474/866 952/1475/867 951/1206/868
f 949/1474/866 948/1473/869 953/1476/870 952/1475/867
f 948/1473/869 947/964/871 954/963/872 953/1476/870
f 958/700/873 957/1479/874 960/1480/875 959/679/876
f 957/1479/874 956/1477/877 961/1482/878 960/1480/875
f 956/1478/877 955/994/879 962/993/880 961/1481/878
f 966/702/881 965/1484/882 968/1485/883 967/680/884
f 965/1484/882 964/1483/885 969/1486/886 968/1485/883
f 964/1483/885 963/1175/887 970/1173/888 969/1486/886
f 974/704/889 973/1489/890 976/1490/891 975/681/892
f 973/1489/890 972/1487/893 977/1492/894 976/1490/891
f 972/1488/893 971/682/895 978/707/896 977/1491/894
s 18
f 982/1156/897 981/1494/898 984/1495/899 983/1158/900
f 981/1494/898 980/1493/901 985/1496/902 984/1495/899
f 980/1493/901 979/709/903 986/711/904 985/1496/902
f 1006/1219/905 1005/1506/906 1008/1507/907 1007/1221/908
f 1005/1506/906 1004/1505/909 1009/1508/910 1008/1507/907
f 1004/1505/909 1003/949/911 1010/947/912 1009/1508/910
f 1014/695/913 1013/1510/914 1016/1513/915 1015/730/916
f 1013/1511/914 1012/1509/917 1017/1514/918 1016/1512/915
f 1012/1509/917 1011/713/919 1018/714/920 1017/1514/918
s 9
f 1030/1145/921 1029/1523/922 1032/1524/923 1031/1146/924
f 1029/1523/922 1028/1522/925 1033/1525/926 1032/1524/923
f 1028/1522/925 1027/716/927 1034/717/928 1033/1525/926
f 1054/1230/929 1053/1535/930 1056/1536/931 1055/1232/932
f 1053/1535/930 1052/1534/933 1057/1537/934 1056/1536/931
f 1052/1534/933 1051/937/935 1058/935/936 1057/1537/934
f 1062/686/937 1061/1540/938 1064/1543/939 1063/734/940
f 1061/1541/938 1060/1539/941 1065/1544/942 1064/1542/939
f 1060/1539/941 1059/719/943 1066/720/944 1065/1544/942
s 24
f 1078/723/945 1077/1553/946 1080/1554/947 1079/722/948
f 1077/1553/946 1076/1551/949 1081/1556/950 1080/1554/947
f 1076/1552/949 1075/1018/951 1082/1016/952 1081/1555/950
s 25
f 1094/726/953 1093/1565/954 1096/1566/955 1095/725/956
f 1093/1565/954 1092/1563/957 1097/1568/958 1096/1566/955
f 1092/1564/957 1091/1006/959 1098/1004/960 1097/1567/958
f 1110/1164/961 1109/1576/962 1112/1577/963 1111/1166/964
f 1109/1576/962 1108/1575/965 1113/1578/966 1112/1577/963
f 1108/1575/965 1107/736/967 1114/737/968 1113/1578/966
f 1134/1211/969 1133/1588/970 1136/1589/971 1135/1213/972
f 1133/1588/970 1132/1587/973 1137/1590/974 1136/1589/971
f 1132/1587/973 1131/956/975 1138/954/976 1137/1590/974
f 1142/739/977 1141/1593/978 1144/1594/979 1143/738/980
f 1141/1593/978 1140/1591/981 1145/1596/982 1144/1594/979
f 1140/1592/981 1139/998/983 1146/996/984 1145/1595/982
s 29
f 1158/985/985 1157/1604/986 1160/1607/987 1159/987/988
f 1157/1605/986 1156/1603/989 1161/1608/990 1160/1606/991
f 1156/1603/989 1155/742/992 1162/743/993 1161/1608/990
f 1182/969/994 1181/1620/995 1184/1621/996 1183/971/997
f 1181/1620/995 1180/1619/998 1185/1622/999 1184/1621/996
f 1180/1619/1000 1179/1198/1001 1186/1197/1002 1185/1622/999
f 1198/759/1003 1197/1630/1004 1200/1633/1005 1199/758/1006
f 1197/1631/1004 1196/1629/1007 1201/1634/1008 1200/1632/1005
f 1196/1629/1007 1195/744/1009 1202/705/1010 1201/1634/1008
f 1206/750/1011 1205/1636/1012 1208/1637/1013 1207/749/1014
f 1205/1636/1012 1204/1635/1015 1209/1638/1016 1208/1637/1013
f 1204/1635/1015 1203/1178/1017 1210/1176/1018 1209/1638/1016
s 25
f 1222/697/1019 1221/1645/1020 1224/1648/1021 1223/757/1022
f 1221/1646/1020 1220/1644/1023 1225/1649/1024 1224/1647/1021
f 1220/1644/1023 1219/753/1025 1226/754/1026 1225/1649/1024
s 29
f 1238/980/1027 1237/1658/1028 1240/1660/1029 1239/981/1030
f 1237/1658/1028 1236/1657/1031 1241/1662/1032 1240/1660/1029
f 1236/1657/1031 1235/768/1033 1242/636/1034 1241/1662/1032
f 1250/637/1035 1249/1669/1036 1256/1672/1037 1255/977/1038
f 1249/1669/1036 1248/1667/1039 1257/1673/1040 1256/1672/1037
f 1248/1667/1039 1247/1192/1041 1258/1191/1042 1257/1673/1040
f 1266/638/1043 1265/1678/1044 1268/1680/1045 1267/776/1046
f 1265/1677/1044 1264/1676/1047 1269/1681/1048 1268/1679/1045
f 1264/1676/1047 1263/771/1049 1270/764/1050 1269/1681/1048
f 1274/639/1051 1273/1685/1052 1276/1686/1053 1275/773/1054
f 1273/1685/1052 1272/1683/1055 1277/1687/1056 1276/1686/1053
f 1272/1683/1055 1271/1186/1057 1278/1184/1058 1277/1687/1056
s 40
f 1382/912/1059 1381/1749/1060 1384/1750/1061 1383/913/1062
f 1381/1749/1060 1380/1748/1063 1385/1751/1064 1384/1750/1061
f 1380/1748/1063 1379/1253/1065 1386/1252/1066 1385/1751/1064
f 1390/811/1067 1389/1753/1068 1392/1754/1069 1391/778/1070
f 1389/1753/1068 1388/1752/1071 1393/1755/1072 1392/1754/1069
f 1388/1752/1071 1387/1126/1073 1394/1124/1074 1393/1755/1072
f 1398/813/1075 1397/1758/1076 1400/1759/1077 1399/779/1078
f 1397/1758/1076 1396/1756/1079 1401/1761/1080 1400/1759/1077
f 1396/1757/1079 1395/1044/1081 1402/1043/1082 1401/1760/1080
f 1406/815/1083 1405/1764/1084 1408/1765/1085 1407/780/1086
f 1405/1764/1084 1404/1762/1087 1409/1767/1088 1408/1765/1085
f 1404/1763/1087 1403/781/1089 1410/819/1090 1409/1766/1088
s 44
f 1418/902/1091 1417/1771/1092 1420/1772/1093 1419/903/1094
f 1417/1771/1092 1416/1770/1095 1421/1773/1096 1420/1772/1093
f 1416/1770/1095 1415/1263/1097 1422/1262/1098 1421/1773/1096
f 1426/820/1099 1425/1775/1100 1432/1778/1101 1431/782/1102
f 1425/1775/1100 1424/1774/1103 1433/1779/1104 1432/1778/1101
f 1424/1774/1103 1423/1116/1105 1434/1114/1106 1433/1779/1104
f 1442/823/1107 1441/1785/1108 1444/1786/1109 1443/783/1110
f 1441/1785/1108 1440/1783/1111 1445/1788/1112 1444/1786/1109
f 1440/1784/1111 1439/1054/1113 1446/1053/1114 1445/1787/1112
f 1454/825/1115 1453/1794/1116 1456/1795/1117 1455/784/1118
f 1453/1794/1116 1452/1792/1119 1457/1797/1120 1456/1795/1117
f 1452/1793/1119 1451/785/1121 1458/828/1122 1457/1796/1120
s 48
f 1470/1319/1123 1469/1803/1124 1472/1804/1125 1471/1111/1126
f 1469/1803/1124 1468/1802/1127 1473/1805/1128 1472/1804/1125
f 1468/1802/1127 1467/834/1129 1474/833/1130 1473/1805/1128
f 1486/1270/1131 1485/1811/1132 1488/1812/1133 1487/1272/1134
f 1485/1811/1132 1484/1810/1135 1489/1813/1136 1488/1812/1133
f 1484/1810/1135 1483/893/1137 1490/1108/1138 1489/1813/1136
f 1494/838/1139 1493/1816/1140 1496/1817/1141 1495/837/1142
f 1493/1816/1140 1492/1814/1143 1497/1819/1144 1496/1817/1141
f 1492/1815/1143 1491/1060/1145 1498/1058/1146 1497/1818/1144
f 1510/841/1147 1509/1828/1148 1512/1829/1149 1511/840/1150
f 1509/1828/1148 1508/1826/1151 1513/1831/1152 1512/1829/1149
f 1508/1827/1151 1507/843/1153 1514/832/1154 1513/1830/1152
f 1526/1096/1155 1525/1839/1156 1528/1840/1157 1527/1098/1158
f 1525/1839/1159 1524/1838/1160 1529/1841/1161 1528/1840/1157
f 1524/1838/1160 1523/1284/1162 1530/1283/1163 1529/1841/1161
f 1534/1303/1164 1533/1843/1165 1536/1844/1166 1535/1304/1167
f 1533/1843/1165 1532/1842/1168 1537/1845/1169 1536/1844/1166
f 1532/1842/1170 1531/846/1171 1538/857/1172 1537/1845/1169
f 1542/881/1173 1541/1848/1174 1544/1849/1175 1543/847/1176
f 1541/1848/1174 1540/1846/1177 1545/1851/1178 1544/1849/1175
f 1540/1847/1179 1539/1076/1180 1546/1074/1181 1545/1850/1178
f 1550/882/1182 1549/1853/1183 1552/1854/1184 1551/849/1185
f 1549/1853/1186 1548/1852/1187 1553/1856/1188 1552/1854/1184
f 1548/1961/1187 1547/848/1189 1554/856/1190 1553/1855/1188
f 1558/1066/1191 1557/1858/1192 1560/1861/1193 1559/1068/1194
f 1557/1859/1192 1556/1857/1195 1561/1862/1196 1560/1860/1193
f 1556/1857/1195 1555/859/1197 1562/860/1198 1561/1862/1196
f 1582/1104/1199 1581/1874/1200 1584/1875/1201 1583/1106/1202
f 1581/1874/1200 1580/1873/1203 1585/1876/1204 1584/1875/1201
f 1580/1873/1203 1579/1276/1205 1586/1275/1206 1585/1876/1204
f 1590/852/1207 1589/1878/1208 1592/1881/1209 1591/865/1210
f 1589/1879/1208 1588/1877/1211 1593/1882/1212 1592/1880/1209
f 1588/1877/1211 1587/862/1213 1594/863/1214 1593/1882/1212
f 1606/853/1215 1605/1890/1216 1608/1891/1217 1607/869/1218
f 1605/1890/1216 1604/1889/1219 1609/1892/1220 1608/1891/1217
f 1604/1889/1219 1603/1313/1221 1610/1311/1222 1609/1892/1220
s 64
f 1670/1091/1223 1669/1928/1224 1672/1929/1225 1671/1092/1226
s off
f 1669/1928/1227 1668/1927/1228 1673/1930/1229 1672/1929/1230
s 65
f 1668/1927/1231 1667/1289/1232 1674/1288/1233 1673/1930/1234
s 64
f 1678/884/1235 1677/1932/1236 1680/1933/1237 1679/870/1238
s off
f 1677/1932/1239 1676/1931/1240 1681/1934/1241 1680/1933/1242
s 67
f 1676/1931/1243 1675/1299/1244 1682/1298/1245 1681/1934/1246
s 65
f 1686/886/1247 1685/1937/1248 1688/1938/1249 1687/871/1250
s off
f 1685/1937/1251 1684/1935/1252 1689/1940/1253 1688/1938/1254
s 69
f 1684/1936/1255 1683/1082/1256 1690/1081/1257 1689/1939/1258
s 67
f 1694/889/1259 1693/1942/1260 1696/1962/1261 1695/872/1262
s off
f 1693/1964/1263 1692/1941/1264 1697/1944/1265 1696/1943/1266
s 69
f 1692/1941/1267 1691/873/1268 1698/891/1269 1697/1944/1270
s 72
f 1701/810/1271 1700/1946/1272 1706/1947/1273 1705/792/1274
f 1700/1946/1272 1699/1945/1275 1707/1948/1276 1706/1947/1273
f 1699/1945/1275 1703/908/1277 1708/910/1278 1707/1948/1276
f 1711/804/1279 1710/1950/1280 1716/1951/1281 1715/788/1282
f 1710/1950/1280 1709/1949/1283 1717/1952/1284 1716/1951/1281
f 1709/1949/1283 1713/1049/1285 1718/1051/1286 1717/1952/1284
f 1721/807/1287 1720/1954/1288 1726/1955/1289 1725/790/1290
f 1720/1954/1288 1719/1953/1291 1727/1956/1292 1726/1955/1289
f 1719/1953/1291 1723/1120/1293 1728/1122/1294 1727/1956/1292
f 1731/800/1295 1730/1958/1296 1736/1959/1297 1735/787/1298
f 1730/1958/1296 1729/1957/1299 1737/1960/1300 1736/1959/1297
f 1729/1957/1299 1733/1257/1301 1738/1260/1302 1737/1960/1300
s 1
f 561/928/1303 562/930/1304 786/664/776 779/640/775
f 728/662/1305 729/1242/1306 794/645/784 787/641/783
f 617/1031/1307 618/1033/1308 802/646/792 795/642/791
f 798/635/785 799/643/788 671/1138/1309 672/644/1310
s 5
f 794/645/1311 729/1242/1312 730/1245/1313 839/652/812
f 619/1035/1314 855/655/820 802/646/1315 618/1033/1316
f 671/1138/1317 799/643/1318 858/647/824 670/1137/1319
f 561/928/1320 779/640/1321 818/648/800 560/926/1322
f 559/924/1323 560/926/1322 818/648/800 811/649/799
f 557/920/1324 558/922/1325 807/651/1326 803/650/1327
f 558/922/1325 559/924/1323 811/649/799 807/651/1326
f 730/1245/1313 731/1247/1328 838/653/809 839/652/812
f 731/1247/1328 732/1249/1329 846/654/1330 838/653/809
f 732/1249/1329 733/1250/1331 850/794/1332 846/654/1330
f 619/1035/1314 620/1037/1333 854/656/817 855/655/820
f 620/1037/1333 621/1039/1334 862/657/1335 854/656/817
f 621/1039/1334 622/1041/1336 866/796/1337 862/657/1335
f 858/647/824 851/658/823 669/1134/1338 670/1137/1319
f 851/658/823 859/659/1339 668/1132/1340 669/1134/1338
f 859/659/1339 863/660/1341 667/1130/1342 668/1132/1340
s 9
f 874/661/1343 727/1240/1344 728/662/1345 787/641/1346
f 617/1031/1347 795/642/1348 890/663/1349 616/1029/1350
f 673/1141/1351 887/667/1352 798/635/1353 672/644/1354
f 563/932/1355 895/668/1356 786/664/1357 562/930/1358
f 726/1239/1359 727/1240/1344 874/661/1343 870/665/1360
f 615/1027/1361 616/1029/1350 890/663/1349 886/666/1362
f 883/671/1363 887/667/1352 673/1141/1351 674/1143/1364
f 563/932/1355 564/934/1365 891/673/1366 895/668/1356
f 725/1237/1367 726/1239/1359 870/665/1360 906/669/1368
f 614/685/1369 615/1027/1361 886/666/1362 910/670/1370
f 907/687/1371 883/671/1363 674/1143/1364 675/672/1372
f 564/934/1365 565/936/1373 911/683/1374 891/673/1366
s 10
f 570/946/1375 571/948/1376 926/688/841 927/674/844
f 719/1226/1377 720/1228/1378 934/690/849 935/675/852
f 680/1155/1379 681/1157/1380 942/692/857 943/676/860
f 608/1015/1381 609/1017/1382 946/694/864 939/677/863
s 14
f 709/678/1383 710/1208/1384 958/700/873 959/679/876
f 580/965/1385 581/967/1386 966/702/881 967/680/884
f 598/995/1387 599/997/1388 974/704/889 975/681/892
f 978/707/896 971/682/895 690/1174/1389 691/1177/1390
s 9
f 565/936/1373 566/938/1391 1027/716/927 911/683/1374
f 724/1235/1392 725/1237/1367 906/669/1368 1090/684/1393
f 613/1024/1394 614/685/1369 910/670/1370 1062/686/937
f 675/672/1372 676/1147/1395 1059/719/943 907/687/1371
s 81
f 572/950/1396 979/709/1397 926/688/1398 571/948/1399
s 82
f 1042/689/1400 569/943/1401 570/946/1402 927/674/1403
s 24
f 721/721/1404 1079/722/948 934/690/1405 720/1228/1406
s 18
f 1106/691/1407 718/1223/1408 719/1226/1409 935/675/1410
f 682/1159/1411 1011/713/919 942/692/1412 681/1157/1413
s 24
f 1074/693/1414 679/1152/1415 680/1155/1416 943/676/1417
s 85
f 610/1019/1418 1071/731/1419 946/694/1420 609/1017/1421
s 86
f 1014/695/1422 607/1012/1423 608/1015/1424 939/677/1425
s 25
f 1154/696/1426 714/1215/1427 715/1218/1428 1095/725/956
f 604/1007/1429 1023/728/1430 1222/697/1019 603/1005/1431
f 686/1167/1432 1219/753/1025 1026/698/1433 685/1165/1434
f 576/957/1435 1107/736/967 994/699/1436 575/955/1437
f 711/1210/1438 1143/738/980 958/700/1439 710/1208/1440
s 29
f 1170/701/1441 708/1204/1442 709/678/1443 959/679/1444
f 582/748/1445 1207/749/1014 966/702/1446 581/967/1447
s 25
f 1122/703/1448 579/962/1449 580/965/1450 967/680/1451
f 600/999/1452 1231/755/1453 974/704/1454 599/997/1455
s 29
f 1202/705/1010 597/992/1456 598/995/1457 975/681/1458
s 25
f 1234/706/1459 689/1172/1460 690/1174/1461 971/682/1462
s 29
f 692/1179/1463 1199/758/1006 978/707/1464 691/1177/1465
s 25
f 574/953/1466 575/955/1437 994/699/1436 990/708/1467
s 18
f 572/950/1468 573/710/1469 986/711/904 979/709/903
s 93
f 573/710/1470 574/953/1471 990/708/1472 986/711/1473
s 25
f 684/1163/1474 685/1165/1434 1026/698/1433 1022/712/1475
s 18
f 682/1159/1411 683/1161/1476 1018/714/920 1011/713/919
s 93
f 683/1161/1477 684/1163/1478 1022/712/1479 1018/714/1480
s 24
f 568/942/1481 569/943/1482 1042/689/1483 1038/715/1484
s 9
f 566/938/1391 567/940/1485 1034/717/928 1027/716/927
s 96
f 567/940/1486 568/942/1487 1038/715/1488 1034/717/1489
s 24
f 678/1151/1490 679/1152/1415 1074/693/1414 1070/718/1491
s 9
f 676/1147/1395 677/1149/1492 1066/720/944 1059/719/943
s 96
f 677/1149/1493 678/1151/1494 1070/718/1495 1066/720/1496
s 24
f 721/721/1404 722/1231/1497 1078/723/945 1079/722/948
s 96
f 722/1231/1498 723/1233/1499 1086/724/1500 1078/723/1501
s 9
f 723/1233/1502 724/1235/1392 1090/684/1393 1086/724/1503
s 25
f 715/1218/1428 716/1220/1504 1094/726/953 1095/725/956
s 93
f 716/1220/1505 717/1222/1506 1102/727/1507 1094/726/1508
s 18
f 717/1222/1509 718/1223/1408 1106/691/1407 1102/727/1510
s 25
f 604/1007/1429 605/1009/1511 1019/729/1512 1023/728/1430
s 93
f 605/1009/1513 606/1011/1514 1015/730/1515 1019/729/1516
s 18
f 606/1011/1517 607/1012/1518 1014/695/913 1015/730/916
s 24
f 610/1019/1519 611/732/1520 1067/733/1521 1071/731/1522
s 96
f 611/732/1523 612/1022/1524 1063/734/1525 1067/733/1526
s 9
f 612/1022/1527 613/1024/1394 1062/686/937 1063/734/940
s 25
f 578/961/1528 579/962/1449 1122/703/1448 1118/735/1529
f 576/957/1435 577/959/1530 1114/737/968 1107/736/967
f 577/959/1530 578/961/1528 1118/735/1529 1114/737/968
f 711/1210/1438 712/1212/1531 1142/739/977 1143/738/980
f 712/1212/1531 713/1214/1532 1150/740/1533 1142/739/977
f 713/1214/1532 714/1215/1427 1154/696/1426 1150/740/1533
s 29
f 707/1203/1534 708/1204/1442 1170/701/1441 1166/741/1535
f 705/1199/1536 706/1201/1537 1162/743/993 1155/742/992
f 706/1201/1537 707/1203/1538 1166/741/1539 1162/743/993
f 596/991/1540 597/992/1456 1202/705/1010 1195/744/1009
f 594/745/1541 595/989/1542 1191/747/1543 1187/746/1544
f 595/989/1542 596/991/1540 1195/744/1009 1191/747/1543
f 582/748/1445 583/970/1545 1206/750/1011 1207/749/1014
f 583/970/1545 584/972/1546 1214/751/1547 1206/750/1011
f 584/972/1546 585/974/1548 1218/763/1549 1214/751/1547
s 25
f 688/1171/1550 689/1172/1460 1234/706/1459 1230/752/1551
f 686/1167/1432 687/1169/1552 1226/754/1026 1219/753/1025
f 687/1169/1552 688/1171/1550 1230/752/1551 1226/754/1026
f 600/999/1452 601/1001/1553 1227/756/1554 1231/755/1453
f 601/1001/1553 602/1003/1555 1223/757/1022 1227/756/1554
f 602/1003/1555 603/1005/1431 1222/697/1019 1223/757/1022
s 29
f 692/1179/1463 693/1181/1556 1198/759/1003 1199/758/1006
f 693/1181/1557 694/1183/1558 1194/760/1559 1198/759/1560
f 694/1183/1558 695/1185/1561 1190/765/1562 1194/760/1559
f 701/1330/1563 702/1193/1564 1235/768/1033 1288/1350/1565
f 588/979/1566 589/1328/1567 1291/1357/1568 1282/761/1569
f 698/1190/1570 699/1331/1571 1295/1354/1572 1262/762/1573
f 590/1332/1574 591/982/1575 1259/770/1576 1296/1355/1577
f 586/976/1578 1275/773/1054 1218/763/1549 585/974/1548
f 594/745/1541 1187/746/1544 1270/764/1050 593/986/1579
f 696/1187/1580 1267/776/1046 1190/765/1562 695/1185/1561
f 1246/766/1581 704/1196/1582 705/1199/1536 1155/742/992
f 702/1193/1564 703/767/1583 1242/636/1034 1235/768/1033
f 703/1195/1583 704/1196/1582 1246/766/1581 1242/769/1034
f 591/982/1575 592/984/1584 1263/771/1049 1259/770/1576
f 592/984/1584 593/986/1579 1270/764/1050 1263/771/1049
f 586/976/1578 587/772/1585 1274/639/1051 1275/773/1054
f 587/978/1585 588/979/1566 1282/761/1569 1274/774/1051
f 696/1187/1580 697/775/1586 1266/638/1043 1267/776/1046
f 697/1189/1586 698/1190/1570 1262/762/1573 1266/777/1043
s 40
f 554/914/1587 555/916/1588 1390/811/1067 1391/778/1070
f 735/1254/1589 736/1256/1590 1398/813/1075 1399/779/1078
f 624/1045/1591 625/1047/1592 1406/815/1083 1407/780/1086
f 1410/819/1090 1403/781/1089 664/1125/1593 665/1128/1594
s 44
f 550/904/1595 551/906/1596 1426/820/1099 1431/782/1102
f 739/1264/1597 740/1266/1598 1442/823/1107 1443/783/1110
f 628/1055/1599 629/1057/1600 1454/825/1115 1455/784/1118
f 1458/828/1122 1451/785/1121 660/1115/1601 661/1118/1602
s 72
f 1330/786/1603 1731/800/1295 1735/787/1298 1343/801/1604
f 1711/804/1279 1715/788/1282 1351/802/1605 1362/789/1606
f 1721/807/1287 1725/790/1290 1359/805/1607 1354/791/1608
f 1701/810/1271 1705/792/1274 1367/808/1609 1378/793/1610
s 5
f 850/794/1332 733/1250/1331 734/795/1611 1303/814/1612
f 623/1042/1613 1307/816/1614 866/796/1337 622/1041/1336
f 667/1130/1342 863/660/1341 1310/797/1615 666/818/1616
f 557/920/1324 803/650/1327 1314/798/1617 556/918/1618
s 107
f 1326/799/1619 737/1326/1620 1732/1347/1621 1731/800/1622 1330/786/1623
s 108
f 738/1261/1624 1339/824/1625 1343/801/1626 1735/787/1627 1734/1348/1628
f 627/1052/1629 1347/826/1630 1351/802/1631 1715/788/1632 1714/1344/1633
s 107
f 1358/803/1634 626/1322/1635 1712/1343/1636 1711/804/1637 1362/789/1638
f 663/1123/1639 1355/817/1640 1359/805/1641 1725/790/1642 1724/1346/1643
s 108
f 1350/806/1644 662/1324/1645 1722/1345/1646 1721/807/1647 1354/791/1648
s 107
f 553/911/1649 1363/812/1650 1367/808/1651 1705/792/1652 1704/1342/1653
s 108
f 1374/809/1654 552/1320/1655 1702/1341/1656 1701/810/1657 1378/793/1658
s 115
f 556/918/1659 1314/798/1660 1390/811/1661 555/916/1662
s 107
f 1363/812/1650 553/911/1649 554/914/1663 1391/778/1664
f 737/1326/1620 1326/799/1619 1398/813/1665 736/1256/1666
s 115
f 1303/814/1667 734/795/1668 735/1254/1669 1399/779/1670
s 107
f 626/1322/1635 1358/803/1634 1406/815/1671 625/1047/1672
s 115
f 1307/816/1673 623/1042/1674 624/1045/1675 1407/780/1676
s 107
f 1355/817/1640 663/1123/1639 664/1125/1677 1403/781/1678
s 115
f 666/818/1679 1310/797/1680 1410/819/1681 665/1128/1682
s 108
f 552/1320/1655 1374/809/1654 1426/820/1683 551/906/1684
s 119
f 1427/821/1685 549/901/1686 550/904/1687 1431/782/1688
f 741/822/1689 1438/829/1690 1442/823/1691 740/1266/1692
s 108
f 1339/824/1625 738/1261/1624 739/1264/1693 1443/783/1694
s 119
f 630/1059/1695 1450/830/1696 1454/825/1697 629/1057/1698
s 108
f 1347/826/1630 627/1052/1629 628/1055/1699 1455/784/1700
s 119
f 1447/827/1701 659/831/1702 660/1115/1703 1451/785/1704
s 108
f 662/1324/1645 1350/806/1644 1458/828/1705 661/1118/1706
s 48
f 1438/829/1707 741/822/1708 742/1269/1709 1495/837/1142
f 631/1061/1710 1511/840/1150 1450/830/1711 630/1059/1712
f 659/831/1713 1447/827/1714 1514/832/1154 658/1113/1715
f 549/901/1716 1427/821/1717 1474/833/1130 548/900/1718
f 547/898/1719 548/900/1718 1474/833/1130 1467/834/1129
f 545/894/1720 546/896/1721 1463/836/1722 1459/835/1723
f 546/896/1721 547/898/1719 1467/834/1129 1463/836/1722
f 742/1269/1709 743/1271/1724 1494/838/1139 1495/837/1142
f 743/1271/1724 744/1273/1725 1502/839/1726 1494/838/1139
f 744/1273/1725 745/1274/1727 1506/850/1728 1502/839/1726
f 631/1061/1710 632/1063/1729 1510/841/1147 1511/840/1150
f 632/1063/1729 633/1065/1730 1518/842/1731 1510/841/1147
f 633/1065/1730 634/1067/1732 1522/851/1733 1518/842/1731
f 1514/832/1154 1507/843/1153 657/1110/1734 658/1113/1715
f 1507/843/1153 1515/844/1735 770/1318/1736 657/1110/1734
f 1515/844/1735 1519/845/1737 769/1316/1738 770/1318/1736
f 651/1099/1739 652/1101/1740 1538/857/1172 1531/846/1171
f 750/1285/1741 751/1287/1742 1542/881/1173 1543/847/1176
f 763/1305/1743 764/1307/1744 1554/856/1190 1547/848/1189
f 639/1077/1745 640/1079/1746 1550/882/1182 1551/849/1185
f 1506/850/1728 745/1274/1727 746/1277/1747 1555/859/1197
f 635/1069/1748 1587/862/1213 1522/851/1733 634/1067/1732
f 769/1316/1738 1519/845/1737 1590/852/1207 768/1315/1749
f 656/1109/1750 545/894/1720 1459/835/1723 1606/853/1215
f 1570/854/1751 749/1282/1752 750/1285/1741 1543/847/1176
f 639/1077/1745 1551/849/1185 1602/855/1753 638/1075/1754
f 765/1308/1755 1599/864/1756 1554/856/1190 764/1307/1744
f 653/1103/1757 1615/867/1758 1538/857/1172 652/1101/1740
f 748/1281/1759 749/1282/1752 1570/854/1751 1566/858/1760
f 746/1277/1747 747/1279/1761 1562/860/1198 1555/859/1197
f 747/1279/1761 748/1281/1759 1566/858/1760 1562/860/1198
f 637/1073/1762 638/1075/1754 1602/855/1753 1598/861/1763
f 635/1069/1748 636/1071/1764 1594/863/1214 1587/862/1213
f 636/1071/1764 637/1073/1762 1598/861/1763 1594/863/1214
f 1595/866/1765 1599/864/1756 765/1308/1755 766/1310/1766
f 1590/852/1207 1591/865/1210 767/1312/1767 768/1315/1749
f 1591/865/1210 1595/866/1765 766/1310/1766 767/1312/1767
f 653/1103/1757 654/1105/1768 1611/868/1769 1615/867/1758
f 654/1105/1768 655/1107/1770 1607/869/1218 1611/868/1769
f 655/1107/1770 656/1109/1750 1606/853/1215 1607/869/1218
s 64
f 648/1093/1771 649/1095/1772 1678/884/1235 1679/870/1238
s 65
f 753/1290/1773 754/1292/1774 1686/886/1247 1687/871/1250
s 67
f 760/1300/1775 761/1302/1776 1694/889/1259 1695/872/1262
s 69
f 642/1083/1777 643/1085/1778 1698/891/1269 1691/873/1268
s 124
f 1634/874/1779 755/1293/1780 756/875/1781 1627/876/1782
s 125
f 645/1336/1783 1638/877/1784 1642/878/1785 644/1086/1786
s 126
f 759/1297/1787 1639/890/1788 1635/1361/1789 758/1295/1790
s 127
f 647/1090/1791 1647/885/1792 1643/1362/1793 646/1088/1794
s 128
f 650/1097/1795 651/1099/1796 1531/846/1797 1658/879/1798
f 751/1287/1799 752/880/1800 1659/887/1801 1542/881/1802
f 640/1079/1803 641/1080/1804 1663/892/1805 1550/882/1806
f 1547/848/1807 1666/883/1808 762/888/1809 763/1305/1810
s 132
f 650/1097/1811 1658/879/1812 1678/884/1813 649/1095/1814
s 133
f 1647/885/1815 647/1090/1816 648/1093/1817 1679/870/1818
f 755/1293/1819 1634/874/1820 1686/886/1821 754/1292/1822
s 132
f 1659/887/1823 752/880/1824 753/1290/1825 1687/871/1826
f 762/888/1827 1666/883/1828 1694/889/1829 761/1302/1830
s 133
f 1639/890/1831 759/1297/1832 760/1300/1833 1695/872/1834
f 644/1086/1835 1642/878/1836 1698/891/1837 643/1085/1838
s 132
f 1663/892/1839 641/1080/1840 642/1083/1841 1691/873/1842
s 48
f 1490/1108/1138 1483/893/1137 546/896/1721 545/894/1720
f 1483/893/1137 1475/895/1843 547/898/1719 546/896/1721
f 1475/895/1843 1479/897/1844 548/900/1718 547/898/1719
f 1414/899/1845 549/901/1716 548/900/1718 1479/897/1844
s 119
f 550/904/1687 549/901/1686 1414/899/1846 1418/902/1847
s 44
f 1418/902/1091 1419/903/1094 551/906/1596 550/904/1595
s 108
f 1331/905/1848 552/1320/1655 551/906/1684 1419/903/1849
s 72
f 1322/907/1850 1708/910/1278 1703/908/1277 1335/1321/1851
s 107
f 1318/909/1852 553/911/1649 1704/1342/1653 1708/910/1853 1322/907/1854
f 554/914/1663 553/911/1649 1318/909/1852 1382/912/1855
s 40
f 1382/912/1059 1383/913/1062 555/916/1588 554/914/1587
s 115
f 1299/915/1856 556/918/1659 555/916/1662 1383/913/1857
s 5
f 834/917/808 557/920/1324 556/918/1618 1299/915/1858
f 834/917/808 827/919/807 558/922/1325 557/920/1324
f 827/919/807 819/921/1859 559/924/1323 558/922/1325
f 819/921/1859 823/923/1860 560/926/1322 559/924/1323
f 774/925/1861 561/928/1320 560/926/1322 823/923/1860
s 1
f 774/925/761 775/927/764 562/930/1304 561/928/1303
s 9
f 882/929/832 563/932/1355 562/930/1358 775/927/1862
f 882/929/832 875/931/831 564/934/1365 563/932/1355
f 875/931/831 902/933/1863 565/936/1373 564/934/1365
f 902/933/1863 1058/935/936 566/938/1391 565/936/1373
f 1058/935/936 1051/937/935 567/940/1485 566/938/1391
s 96
f 1051/937/1864 1043/939/1865 568/942/1487 567/940/1486
s 24
f 1043/939/1866 1047/941/1867 569/943/1482 568/942/1481
s 82
f 570/946/1402 569/943/1401 1047/941/1868 918/944/1869
s 10
f 918/944/833 919/945/836 571/948/1376 570/946/1375
s 81
f 1010/947/1870 572/950/1396 571/948/1399 919/945/1871
s 18
f 1010/947/912 1003/949/911 573/710/1469 572/950/1468
s 93
f 1003/949/1872 995/951/1873 574/953/1471 573/710/1470
s 25
f 995/951/1874 999/952/1875 575/955/1437 574/953/1466
f 1138/954/976 576/957/1435 575/955/1437 999/952/1875
f 1138/954/976 1131/956/975 577/959/1530 576/957/1435
f 1131/956/975 1123/958/1876 578/961/1528 577/959/1530
f 1123/958/1876 1127/960/1877 579/962/1449 578/961/1528
f 580/965/1450 579/962/1449 1127/960/1877 954/963/1878
s 14
f 954/963/872 947/964/871 581/967/1386 580/965/1385
s 29
f 1178/966/1879 582/748/1445 581/967/1447 947/964/1880
f 1178/966/1879 1174/968/1881 583/970/1545 582/748/1445
f 1174/968/1881 1182/969/994 584/972/1546 583/970/1545
f 1182/969/994 1183/971/997 585/974/1548 584/972/1546
f 1254/973/1882 586/976/1578 585/974/1548 1183/971/997
f 1254/973/1882 1250/975/1035 587/772/1585 586/976/1578
f 1250/637/1035 1255/977/1038 588/979/1566 587/978/1585
f 1255/977/1038 1284/1353/1883 589/1328/1567 588/979/1566
f 1287/1349/1884 1238/980/1027 591/982/1575 590/1332/1574
f 1238/980/1027 1239/981/1030 592/984/1584 591/982/1575
f 1239/981/1030 1243/983/1885 593/986/1579 592/984/1584
f 1158/985/985 594/745/1541 593/986/1579 1243/983/1885
f 1158/985/985 1159/987/988 595/989/1542 594/745/1541
f 1159/987/988 1163/988/1886 596/991/1540 595/989/1542
f 1163/988/1886 1167/990/1887 597/992/1456 596/991/1540
f 598/995/1457 597/992/1456 1167/990/1887 962/993/1888
s 14
f 962/993/880 955/994/879 599/997/1388 598/995/1387
s 25
f 1146/996/984 600/999/1452 599/997/1455 955/994/1889
f 1146/996/984 1139/998/983 601/1001/1553 600/999/1452
f 1139/998/983 1147/1000/1890 602/1003/1555 601/1001/1553
f 1147/1000/1890 1151/1002/1891 603/1005/1431 602/1003/1555
f 1098/1004/960 604/1007/1429 603/1005/1431 1151/1002/1891
f 1098/1004/960 1091/1006/959 605/1009/1511 604/1007/1429
s 93
f 1091/1006/1892 1099/1008/1893 606/1011/1514 605/1009/1513
s 18
f 1099/1008/1894 1103/1010/1895 607/1012/1518 606/1011/1517
s 86
f 608/1015/1424 607/1012/1423 1103/1010/1896 938/1013/1897
s 10
f 938/1013/856 931/1014/855 609/1017/1382 608/1015/1381
s 85
f 1082/1016/1898 610/1019/1418 609/1017/1421 931/1014/1899
s 24
f 1082/1016/952 1075/1018/951 611/732/1520 610/1019/1519
s 96
f 1075/1018/1900 1083/1020/1901 612/1022/1524 611/732/1523
s 9
f 1083/1020/1902 1087/1021/1903 613/1024/1394 612/1022/1527
f 1087/1021/1903 903/1023/1904 614/685/1369 613/1024/1394
f 903/1023/1904 867/1025/1905 615/1027/1361 614/685/1369
f 867/1025/1905 871/1026/1906 616/1029/1350 615/1027/1361
f 790/1028/1907 617/1031/1347 616/1029/1350 871/1026/1906
s 1
f 790/1028/777 791/1030/780 618/1033/1308 617/1031/1307
s 5
f 842/1032/816 619/1035/1314 618/1033/1316 791/1030/1908
f 842/1032/816 835/1034/815 620/1037/1333 619/1035/1314
f 835/1034/815 843/1036/1909 621/1039/1334 620/1037/1333
f 843/1036/1909 847/1038/1910 622/1041/1336 621/1039/1334
f 1306/1040/1911 623/1042/1613 622/1041/1336 847/1038/1910
s 115
f 624/1045/1675 623/1042/1674 1306/1040/1912 1402/1043/1913
s 40
f 1402/1043/1082 1395/1044/1081 625/1047/1592 624/1045/1591
s 107
f 1323/1046/1914 626/1322/1635 625/1047/1672 1395/1044/1915
s 72
f 1346/1048/1916 1718/1051/1286 1713/1049/1285 1327/1323/1917
s 108
f 1342/1050/1918 627/1052/1629 1714/1344/1633 1718/1051/1919 1346/1048/1920
f 628/1055/1699 627/1052/1629 1342/1050/1918 1446/1053/1921
s 44
f 1446/1053/1114 1439/1054/1113 629/1057/1600 628/1055/1599
s 119
f 1435/1056/1922 630/1059/1695 629/1057/1698 1439/1054/1923
s 48
f 1498/1058/1146 631/1061/1710 630/1059/1712 1435/1056/1924
f 1498/1058/1146 1491/1060/1145 632/1063/1729 631/1061/1710
f 1491/1060/1145 1499/1062/1925 633/1065/1730 632/1063/1729
f 1499/1062/1925 1503/1064/1926 634/1067/1732 633/1065/1730
f 1558/1066/1191 635/1069/1748 634/1067/1732 1503/1064/1926
f 1558/1066/1191 1559/1068/1194 636/1071/1764 635/1069/1748
f 1559/1068/1194 1563/1070/1927 637/1073/1762 636/1071/1764
f 1563/1070/1927 1567/1072/1928 638/1075/1754 637/1073/1762
f 1546/1074/1181 639/1077/1745 638/1075/1754 1567/1072/1928
f 1546/1074/1181 1539/1076/1180 640/1079/1746 639/1077/1745
s 128
f 1539/1076/1929 1662/1078/1930 641/1080/1804 640/1079/1803
s 132
f 642/1083/1841 641/1080/1840 1662/1078/1931 1690/1081/1932
s 69
f 1690/1081/1257 1683/1082/1256 643/1085/1778 642/1083/1777
s 133
f 1631/1084/1933 644/1086/1835 643/1085/1838 1683/1082/1934
s 125
f 1631/1084/1935 1628/1360/1936 645/1336/1783 644/1086/1786
s 127
f 1626/1087/1937 647/1090/1791 646/1088/1794 1621/1089/1938
s 133
f 648/1093/1817 647/1090/1816 1626/1087/1939 1670/1091/1940
s 64
f 1670/1091/1223 1671/1092/1226 649/1095/1772 648/1093/1771
s 132
f 1651/1094/1941 650/1097/1811 649/1095/1814 1671/1092/1942
s 128
f 1651/1094/1943 1526/1096/1944 651/1099/1796 650/1097/1795
s 48
f 1526/1096/1155 1527/1098/1158 652/1101/1740 651/1099/1739
f 1578/1100/1945 653/1103/1757 652/1101/1740 1527/1098/1158
f 1578/1100/1945 1574/1102/1946 654/1105/1768 653/1103/1757
f 1574/1102/1946 1582/1104/1199 655/1107/1770 654/1105/1768
f 1582/1104/1199 1583/1106/1202 656/1109/1750 655/1107/1770
f 1490/1108/1138 545/894/1720 656/1109/1750 1583/1106/1202
f 658/1113/1715 657/1110/1734 1470/1319/1123 1471/1111/1126
f 1430/1112/1947 659/831/1713 658/1113/1715 1471/1111/1126
s 119
f 660/1115/1703 659/831/1702 1430/1112/1948 1434/1114/1949
s 44
f 661/1118/1602 660/1115/1601 1434/1114/1106 1423/1116/1105
s 108
f 1371/1117/1950 662/1324/1645 661/1118/1706 1423/1116/1951
s 72
f 1370/1119/1952 1728/1122/1294 1723/1120/1293 1375/1325/1953
s 107
f 1366/1121/1954 663/1123/1639 1724/1346/1643 1728/1122/1955 1370/1119/1956
f 664/1125/1677 663/1123/1639 1366/1121/1954 1394/1124/1957
s 40
f 665/1128/1594 664/1125/1593 1394/1124/1074 1387/1126/1073
s 115
f 1311/1127/1958 666/818/1679 665/1128/1682 1387/1126/1959
s 5
f 806/1129/1960 667/1130/1342 666/818/1616 1311/1127/1961
f 668/1132/1340 667/1130/1342 806/1129/1960 810/1131/1962
f 669/1134/1338 668/1132/1340 810/1131/1962 814/1133/793
f 670/1137/1319 669/1134/1338 814/1133/793 815/1135/796
f 782/1136/1963 671/1138/1317 670/1137/1319 815/1135/796
s 1
f 672/644/1310 671/1138/1309 782/1136/769 783/1139/772
s 9
f 898/1140/1964 673/1141/1351 672/644/1354 783/1139/1965
f 674/1143/1364 673/1141/1351 898/1140/1964 894/1142/1966
f 675/672/1372 674/1143/1364 894/1142/1966 914/1144/1967
f 914/1144/1967 1030/1145/921 676/1147/1395 675/672/1372
f 1030/1145/921 1031/1146/924 677/1149/1492 676/1147/1395
s 96
f 1031/1146/1968 1035/1148/1969 678/1151/1494 677/1149/1493
s 24
f 1035/1148/1970 1039/1150/1971 679/1152/1415 678/1151/1490
f 680/1155/1416 679/1152/1415 1039/1150/1971 930/1153/1972
s 10
f 930/1153/848 923/1154/847 681/1157/1380 680/1155/1379
s 18
f 982/1156/897 682/1159/1411 681/1157/1413 923/1154/1973
f 982/1156/897 983/1158/900 683/1161/1476 682/1159/1411
s 93
f 983/1158/1974 987/1160/1975 684/1163/1478 683/1161/1477
s 25
f 987/1160/1976 991/1162/1977 685/1165/1434 684/1163/1474
f 1110/1164/961 686/1167/1432 685/1165/1434 991/1162/1977
f 1110/1164/961 1111/1166/964 687/1169/1552 686/1167/1432
f 1111/1166/964 1115/1168/1978 688/1171/1550 687/1169/1552
f 1115/1168/1978 1119/1170/1979 689/1172/1460 688/1171/1550
f 690/1174/1461 689/1172/1460 1119/1170/1979 970/1173/1980
s 14
f 691/1177/1390 690/1174/1389 970/1173/888 963/1175/887
s 29
f 1210/1176/1018 692/1179/1463 691/1177/1465 963/1175/1981
f 1210/1176/1018 1203/1178/1017 693/1181/1556 692/1179/1463
f 1203/1178/1982 1211/1180/1983 694/1183/1558 693/1181/1557
f 1211/1180/1983 1215/1182/1984 695/1185/1561 694/1183/1558
f 1278/1184/1058 696/1187/1580 695/1185/1561 1215/1182/1984
f 1278/1184/1058 1271/1186/1057 697/775/1586 696/1187/1580
f 1271/1356/1057 1279/1188/1985 698/1190/1570 697/1189/1586
f 1279/1188/1985 1292/1358/1986 699/1331/1571 698/1190/1570
f 1283/1352/1987 1258/1191/1042 702/1193/1564 701/1330/1563
f 1258/1191/1042 1247/1192/1041 703/767/1583 702/1193/1564
f 1247/1351/1041 1251/1194/1988 704/1196/1582 703/1195/1583
f 705/1199/1536 704/1196/1582 1251/1194/1988 1186/1197/1002
f 1186/1197/1002 1179/1198/1001 706/1201/1537 705/1199/1536
f 1179/1198/1001 1171/1200/1989 707/1203/1538 706/1201/1537
f 1171/1200/1990 1175/1202/1991 708/1204/1442 707/1203/1534
f 709/678/1443 708/1204/1442 1175/1202/1991 950/1205/1992
s 14
f 950/1205/865 951/1206/868 710/1208/1384 709/678/1383
s 25
f 1130/1207/1993 711/1210/1438 710/1208/1440 951/1206/1994
f 1130/1207/1993 1126/1209/1995 712/1212/1531 711/1210/1438
f 1126/1209/1995 1134/1211/969 713/1214/1532 712/1212/1531
f 1134/1211/969 1135/1213/972 714/1215/1427 713/1214/1532
f 715/1218/1428 714/1215/1427 1135/1213/972 1002/1216/1996
f 1002/1216/1996 998/1217/1997 716/1220/1504 715/1218/1428
s 93
f 998/1217/1998 1006/1219/1999 717/1222/1506 716/1220/1505
s 18
f 1006/1219/905 1007/1221/908 718/1223/1408 717/1222/1509
f 719/1226/1409 718/1223/1408 1007/1221/908 922/1224/2000
s 10
f 922/1224/840 915/1225/839 720/1228/1378 719/1226/1377
s 24
f 1050/1227/2001 721/721/1404 720/1228/1406 915/1225/2002
f 1050/1227/2001 1046/1229/2003 722/1231/1497 721/721/1404
s 96
f 1046/1229/2004 1054/1230/2005 723/1233/1499 722/1231/1498
s 9
f 1054/1230/929 1055/1232/932 724/1235/1392 723/1233/1502
f 1055/1232/932 899/1234/2006 725/1237/1367 724/1235/1392
f 899/1234/2006 878/1236/825 726/1239/1359 725/1237/1367
f 878/1236/825 879/1238/828 727/1240/1344 726/1239/1359
f 728/662/1345 727/1240/1344 879/1238/828 778/634/2007
s 1
f 778/634/768 771/1241/767 729/1242/1306 728/662/1305
s 5
f 730/1245/1313 729/1242/1312 771/1241/2008 826/1243/2009
f 826/1243/2009 822/1244/2010 731/1247/1328 730/1245/1313
f 822/1244/2010 830/1246/801 732/1249/1329 731/1247/1328
f 830/1246/801 831/1248/804 733/1250/1331 732/1249/1329
f 734/795/1611 733/1250/1331 831/1248/804 1302/1251/2011
s 115
f 735/1254/1669 734/795/1668 1302/1251/2012 1386/1252/2013
s 40
f 1386/1252/1066 1379/1253/1065 736/1256/1590 735/1254/1589
s 107
f 1315/1255/2014 737/1326/1620 736/1256/1666 1379/1253/2015
s 72
f 1738/1260/1302 1733/1257/1301 1319/1327/2016 1338/1258/2017
s 108
f 1334/1259/2018 738/1261/1624 1734/1348/1628 1738/1260/2019 1338/1258/2020
f 739/1264/1693 738/1261/1624 1334/1259/2018 1422/1262/2021
s 44
f 1422/1262/1098 1415/1263/1097 740/1266/1598 739/1264/1597
s 119
f 1411/1265/2022 741/822/1689 740/1266/1692 1415/1263/2023
s 48
f 742/1269/1709 741/822/1708 1411/1265/2024 1482/1267/2025
f 1482/1267/2025 1478/1268/2026 743/1271/1724 742/1269/1709
f 1478/1268/2026 1486/1270/1131 744/1273/1725 743/1271/1724
f 1486/1270/1131 1487/1272/1134 745/1274/1727 744/1273/1725
f 746/1277/1747 745/1274/1727 1487/1272/1134 1586/1275/1206
f 1586/1275/1206 1579/1276/1205 747/1279/1761 746/1277/1747
f 1579/1276/1205 1571/1278/2027 748/1281/1759 747/1279/1761
f 1571/1278/2027 1575/1280/2028 749/1282/1752 748/1281/1759
f 750/1285/1741 749/1282/1752 1575/1280/2028 1530/1283/1163
f 1530/1283/1163 1523/1284/1162 751/1287/1742 750/1285/1741
s 128
f 1523/1284/2029 1654/1286/2030 752/880/1800 751/1287/1799
s 132
f 753/1290/1825 752/880/1824 1654/1286/2031 1674/1288/2032
s 65
f 1674/1288/1233 1667/1289/1232 754/1292/1774 753/1290/1773
s 133
f 1623/1291/2033 755/1293/1819 754/1292/1822 1667/1289/2034
s 124
f 756/875/1781 755/1293/1780 1623/1291/2035 1622/1359/2036
s 126
f 1650/1294/2037 759/1297/1787 758/1295/1790 1646/1296/2038
s 133
f 760/1300/1833 759/1297/1832 1650/1294/2039 1682/1298/2040
s 67
f 1682/1298/1245 1675/1299/1244 761/1302/1776 760/1300/1775
s 132
f 1655/1301/2041 762/888/1827 761/1302/1830 1675/1299/2042
s 128
f 763/1305/1810 762/888/1809 1655/1301/2043 1534/1303/2044
s 48
f 1534/1303/1164 1535/1304/1167 764/1307/1744 763/1305/1743
f 1618/1306/2045 765/1308/1755 764/1307/1744 1535/1304/1167
f 766/1310/1766 765/1308/1755 1618/1306/2045 1614/1309/2046
f 767/1312/1767 766/1310/1766 1614/1309/2046 1610/1311/1222
f 768/1315/1749 767/1312/1767 1610/1311/1222 1603/1313/1221
f 1462/1314/2047 769/1316/1738 768/1315/1749 1603/1313/1221
f 770/1318/1736 769/1316/1738 1462/1314/2047 1466/1317/2048
f 657/1110/1734 770/1318/1736 1466/1317/2048 1470/1319/1123
s 108
f 1703/908/2049 1702/1341/1656 552/1320/1655 1331/905/1848 1335/1321/2050
s 107
f 1713/1049/2051 1712/1343/1636 626/1322/1635 1323/1046/1914 1327/1323/2052
s 108
f 1723/1120/2053 1722/1345/1646 662/1324/1645 1371/1117/1950 1375/1325/2054
s 107
f 1733/1257/2055 1732/1347/1621 737/1326/1620 1315/1255/2014 1319/1327/2056
s 29
f 1283/1352/2057 701/1330/2058 700/1329/2059 589/1328/2060 1284/1353/2061 1285/1690/2062 1286/1691/2063
f 1287/1349/2064 590/1332/2065 700/1329/2059 701/1330/2058 1288/1350/2066 1289/1692/2067 1290/1693/2068
f 1291/1357/2069 589/1328/2060 700/1329/2059 699/1331/2070 1292/1358/2071 1293/1694/2072 1294/1695/2073
f 1295/1354/2074 699/1331/2070 700/1329/2059 590/1332/2065 1296/1355/2075 1297/1696/2076 1298/1697/2077
s 141
f 1619/1897/2078 1620/1898/2079 1621/1089/2080 646/1088/2081 757/1337/2082 756/1333/2083 1622/1334/2084
f 1627/1335/2085 756/1333/2083 757/1337/2082 645/1336/2086 1628/1360/2087 1629/1901/2088 1630/1904/2089
f 645/1336/2086 757/1337/2082 758/1338/2090 1635/1339/2091 1636/1909/2092 1637/1910/2093 1638/877/2094
f 758/1338/2090 757/1337/2082 646/1088/2081 1643/1362/2095 1644/1914/2096 1645/1915/2097 1646/1340/2098
s 108
f 1702/1341/1656 1703/908/2049 1699/1945/2099
f 1702/1341/1656 1699/1945/2099 1700/1946/2100
f 1702/1341/1656 1700/1946/2100 1701/810/1657
s 107
f 1704/1342/1653 1705/792/1652 1706/1947/2101
f 1704/1342/1653 1706/1947/2101 1707/1948/2102
f 1704/1342/1653 1707/1948/2102 1708/910/1853
f 1712/1343/1636 1713/1049/2051 1709/1949/2103
f 1712/1343/1636 1709/1949/2103 1710/1950/2104
f 1712/1343/1636 1710/1950/2104 1711/804/1637
s 108
f 1714/1344/1633 1715/788/1632 1716/1951/2105
f 1714/1344/1633 1716/1951/2105 1717/1952/2106
f 1714/1344/1633 1717/1952/2106 1718/1051/1919
f 1722/1345/1646 1723/1120/2053 1719/1953/2107
f 1722/1345/1646 1719/1953/2107 1720/1954/2108
f 1722/1345/1646 1720/1954/2108 1721/807/1647
s 107
f 1724/1346/1643 1725/790/1642 1726/1955/2109
f 1724/1346/1643 1726/1955/2109 1727/1956/2110
f 1724/1346/1643 1727/1956/2110 1728/1122/1955
f 1732/1347/1621 1733/1257/2055 1729/1957/2111
f 1732/1347/1621 1729/1957/2111 1730/1958/2112
f 1732/1347/1621 1730/1958/2112 1731/800/1622
s 108
f 1734/1348/1628 1735/787/1627 1736/1959/2113
f 1734/1348/1628 1736/1959/2113 1737/1960/2114
f 1734/1348/1628 1737/1960/2114 1738/1260/2019
s 5
f 806/1129/1960 805/1384/2115 809/1386/2116 810/1131/1962
f 805/1384/2115 804/1383/2117 808/1385/2118 809/1386/2116
f 804/1383/2117 803/650/1327 807/651/1326 808/1385/2118
f 810/1131/1962 809/1386/2116 813/1388/794 814/1133/793
f 809/1386/2116 808/1385/2118 812/1387/797 813/1388/794
f 808/1385/2118 807/651/1326 811/649/799 812/1387/797
f 779/640/1321 780/1367/2119 817/1390/798 818/648/800
f 780/1367/2119 781/1368/2120 816/1389/795 817/1390/798
f 781/1368/2120 782/1136/1963 815/1135/796 816/1389/795
f 821/1392/2121 822/1244/2010 826/1243/2009 825/1394/2122
f 819/921/1859 820/1391/2123 824/1393/2124 823/923/1860
f 820/1391/2123 821/1392/2121 825/1394/2122 824/1393/2124
f 771/1241/2008 772/1363/2125 825/1394/2122 826/1243/2009
f 772/1363/2125 773/1364/2126 824/1393/2124 825/1394/2122
f 773/1364/2126 774/925/1861 823/923/1860 824/1393/2124
f 822/1244/2010 821/1392/2121 829/1396/802 830/1246/801
f 821/1392/2121 820/1391/2123 828/1395/805 829/1396/802
f 820/1391/2123 819/921/1859 827/919/807 828/1395/805
f 837/1401/810 838/653/809 846/654/1330 845/1407/2127
f 835/1034/815 836/1400/813 844/1406/2128 843/1036/1909
f 836/1399/813 837/1401/810 845/1407/2127 844/1405/2128
f 791/1030/1908 792/1375/2129 841/1403/814 842/1032/816
f 792/1374/2129 793/1376/2130 840/1402/811 841/1404/814
f 793/1376/2130 794/645/1311 839/652/812 840/1402/811
f 845/1407/2127 846/654/1330 850/794/1332 849/1410/2131
f 843/1036/1909 844/1406/2128 848/1409/2132 847/1038/1910
f 844/1405/2128 845/1407/2127 849/1410/2131 848/1408/2132
f 853/1413/818 854/656/817 862/657/1335 861/1419/2133
f 851/658/823 852/1412/821 860/1418/2134 859/659/1339
f 852/1411/821 853/1413/818 861/1419/2133 860/1417/2134
f 799/643/1318 800/1381/2135 857/1415/822 858/647/824
f 800/1380/2135 801/1382/2136 856/1414/819 857/1416/822
f 801/1382/2136 802/646/1315 855/655/820 856/1414/819
f 861/1419/2133 862/657/1335 866/796/1337 865/1422/2137
f 859/659/1339 860/1418/2134 864/1421/2138 863/660/1341
f 860/1417/2134 861/1419/2133 865/1422/2137 864/1420/2138
s 9
f 869/1425/2139 870/665/1360 874/661/1343 873/1428/2140
f 867/1025/1905 868/1423/2141 872/1427/2142 871/1026/1906
f 868/1424/2141 869/1425/2139 873/1428/2140 872/1426/2142
f 787/641/1346 788/1371/2143 873/1428/2140 874/661/1343
f 788/1371/2143 789/1373/2144 872/1426/2142 873/1428/2140
f 789/1372/2144 790/1028/1907 871/1026/1906 872/1427/2142
f 775/927/1862 776/1365/2145 881/1432/830 882/929/832
f 776/1365/2145 777/1366/2146 880/1431/827 881/1432/830
f 777/1366/2146 778/634/2007 879/1238/828 880/1431/827
f 885/1435/2147 886/666/1362 890/663/1349 889/1438/2148
f 883/671/1363 884/1433/2149 888/1437/2150 887/667/1352
f 884/1434/2149 885/1435/2147 889/1438/2148 888/1436/2150
f 795/642/1348 796/1377/2151 889/1438/2148 890/663/1349
f 796/1377/2151 797/1379/2152 888/1436/2150 889/1438/2148
f 797/1378/2152 798/635/1353 887/667/1352 888/1437/2150
f 893/1440/2153 894/1142/1966 898/1140/1964 897/1442/2154
f 891/673/1366 892/1439/2155 896/1441/2156 895/668/1356
f 892/1439/2155 893/1440/2153 897/1442/2154 896/1441/2156
f 783/1139/1965 784/1369/2157 897/1442/2154 898/1140/1964
f 784/1369/2157 785/1370/2158 896/1441/2156 897/1442/2154
f 785/1370/2158 786/664/1357 895/668/1356 896/1441/2156
f 875/931/831 876/1429/829 901/1444/2159 902/933/1863
f 876/1429/829 877/1430/826 900/1443/2160 901/1444/2159
f 877/1430/826 878/1236/825 899/1234/2006 900/1443/2160
f 870/665/1360 869/1425/2139 905/1447/2161 906/669/1368
f 869/1425/2139 868/1424/2141 904/1446/2162 905/1447/2161
f 868/1423/2141 867/1025/1905 903/1023/1904 904/1445/2162
f 886/666/1362 885/1435/2147 909/1450/2163 910/670/1370
f 885/1435/2147 884/1434/2149 908/1449/2164 909/1450/2163
f 884/1433/2149 883/671/1363 907/687/1371 908/1448/2164
f 894/1142/1966 893/1440/2153 913/1452/2165 914/1144/1967
f 893/1440/2153 892/1439/2155 912/1451/2166 913/1452/2165
f 892/1439/2155 891/673/1366 911/683/1374 912/1451/2166
s 81
f 923/1154/2167 924/1457/2168 981/1494/2169 982/1156/2170
f 924/1457/2168 925/1458/2171 980/1493/2172 981/1494/2169
f 925/1458/2171 926/688/1398 979/709/1397 980/1493/2172
s 93
f 985/1496/2173 986/711/1473 990/708/1472 989/1498/2174
f 983/1158/1974 984/1495/2175 988/1497/2176 987/1160/1975
f 984/1495/2175 985/1496/2173 989/1498/2174 988/1497/2176
s 25
f 989/1498/2177 990/708/1467 994/699/1436 993/1500/2178
f 987/1160/1976 988/1497/2179 992/1499/2180 991/1162/1977
f 988/1497/2179 989/1498/2177 993/1500/2178 992/1499/2180
f 997/1502/2181 998/1217/1997 1002/1216/1996 1001/1504/2182
f 995/951/1874 996/1501/2183 1000/1503/2184 999/952/1875
f 996/1501/2183 997/1502/2181 1001/1504/2182 1000/1503/2184
s 93
f 998/1217/1998 997/1502/2185 1005/1506/2186 1006/1219/1999
f 997/1502/2185 996/1501/2187 1004/1505/2188 1005/1506/2186
f 996/1501/2187 995/951/1873 1003/949/1872 1004/1505/2188
s 81
f 919/945/1871 920/1455/2189 1009/1508/2190 1010/947/1870
f 920/1455/2189 921/1456/2191 1008/1507/2192 1009/1508/2190
f 921/1456/2191 922/1224/2193 1007/1221/2194 1008/1507/2192
s 86
f 939/677/1425 940/1468/2195 1013/1510/2196 1014/695/1422
f 940/1467/2195 941/1469/2197 1012/1509/2198 1013/1511/2196
f 941/1469/2197 942/692/2199 1011/713/2200 1012/1509/2198
s 93
f 1017/1514/2201 1018/714/1480 1022/712/1479 1021/1517/2202
f 1015/730/1515 1016/1513/2203 1020/1516/2204 1019/729/1516
f 1016/1512/2203 1017/1514/2201 1021/1517/2202 1020/1515/2204
s 25
f 1021/1517/2205 1022/712/1475 1026/698/1433 1025/1520/2206
f 1019/729/1512 1020/1516/2207 1024/1518/2208 1023/728/1430
f 1020/1515/2207 1021/1517/2205 1025/1520/2206 1024/1519/2208
s 9
f 914/1144/1967 913/1452/2165 1029/1523/922 1030/1145/921
f 913/1452/2165 912/1451/2166 1028/1522/925 1029/1523/922
f 912/1451/2166 911/683/1374 1027/716/927 1028/1522/925
s 96
f 1033/1525/2209 1034/717/1489 1038/715/1488 1037/1527/2210
f 1031/1146/1968 1032/1524/2211 1036/1526/2212 1035/1148/1969
f 1032/1524/2211 1033/1525/2209 1037/1527/2210 1036/1526/2212
s 24
f 1037/1527/2213 1038/715/1484 1042/689/1483 1041/1529/2214
f 1035/1148/1970 1036/1526/2215 1040/1528/2216 1039/1150/1971
f 1036/1526/2215 1037/1527/2213 1041/1529/2214 1040/1528/2216
s 82
f 927/674/1403 928/1459/2217 1041/1529/2218 1042/689/1400
f 928/1459/2217 929/1460/2219 1040/1528/2220 1041/1529/2218
f 929/1460/2219 930/1153/2221 1039/1150/2222 1040/1528/2220
s 24
f 1045/1531/2223 1046/1229/2003 1050/1227/2001 1049/1533/2224
f 1043/939/1866 1044/1530/2225 1048/1532/2226 1047/941/1867
f 1044/1530/2225 1045/1531/2223 1049/1533/2224 1048/1532/2226
s 82
f 915/1225/2227 916/1453/2228 1049/1533/2229 1050/1227/2230
f 916/1453/2228 917/1454/2231 1048/1532/2232 1049/1533/2229
f 917/1454/2231 918/944/1869 1047/941/1868 1048/1532/2232
s 96
f 1046/1229/2004 1045/1531/2233 1053/1535/2234 1054/1230/2005
f 1045/1531/2233 1044/1530/2235 1052/1534/2236 1053/1535/2234
f 1044/1530/2235 1043/939/1865 1051/937/1864 1052/1534/2236
s 9
f 902/933/1863 901/1444/2159 1057/1537/934 1058/935/936
f 901/1444/2159 900/1443/2160 1056/1536/931 1057/1537/934
f 900/1443/2160 899/1234/2006 1055/1232/932 1056/1536/931
f 910/670/1370 909/1450/2163 1061/1540/938 1062/686/937
f 909/1450/2163 908/1449/2164 1060/1538/941 1061/1540/938
f 908/1448/2164 907/687/1371 1059/719/943 1060/1539/941
s 96
f 1065/1544/2237 1066/720/1496 1070/718/1495 1069/1547/2238
f 1063/734/1525 1064/1543/2239 1068/1546/2240 1067/733/1526
f 1064/1542/2239 1065/1544/2237 1069/1547/2238 1068/1545/2240
s 24
f 1069/1547/2241 1070/718/1491 1074/693/1414 1073/1550/2242
f 1067/733/1521 1068/1546/2243 1072/1549/2244 1071/731/1522
f 1068/1545/2243 1069/1547/2241 1073/1550/2242 1072/1548/2244
s 85
f 943/676/2245 944/1470/2246 1073/1550/2247 1074/693/2248
f 944/1470/2246 945/1472/2249 1072/1548/2250 1073/1550/2247
f 945/1471/2249 946/694/1420 1071/731/1419 1072/1549/2250
s 96
f 1077/1553/2251 1078/723/1501 1086/724/1500 1085/1559/2252
f 1075/1018/1900 1076/1552/2253 1084/1558/2254 1083/1020/1901
f 1076/1551/2253 1077/1553/2251 1085/1559/2252 1084/1557/2254
s 85
f 931/1014/1899 932/1462/2255 1081/1555/2256 1082/1016/1898
f 932/1461/2255 933/1463/2257 1080/1554/2258 1081/1556/2256
f 933/1463/2257 934/690/2259 1079/722/2260 1080/1554/2258
s 9
f 1085/1559/2261 1086/724/1503 1090/684/1393 1089/1562/2262
f 1083/1020/1902 1084/1558/2263 1088/1561/2264 1087/1021/1903
f 1084/1557/2263 1085/1559/2261 1089/1562/2262 1088/1560/2264
f 906/669/1368 905/1447/2161 1089/1562/2262 1090/684/1393
f 905/1447/2161 904/1446/2162 1088/1560/2264 1089/1562/2262
f 904/1445/2162 903/1023/1904 1087/1021/1903 1088/1561/2264
s 93
f 1093/1565/2265 1094/726/1508 1102/727/1507 1101/1571/2266
f 1091/1006/1892 1092/1564/2267 1100/1570/2268 1099/1008/1893
f 1092/1563/2267 1093/1565/2265 1101/1571/2266 1100/1569/2268
s 18
f 1101/1571/2269 1102/727/1510 1106/691/1407 1105/1574/2270
f 1099/1008/1894 1100/1570/2271 1104/1573/2272 1103/1010/1895
f 1100/1569/2271 1101/1571/2269 1105/1574/2270 1104/1572/2272
s 86
f 935/675/2273 936/1464/2274 1105/1574/2275 1106/691/2276
f 936/1464/2274 937/1466/2277 1104/1572/2278 1105/1574/2275
f 937/1465/2277 938/1013/1897 1103/1010/1896 1104/1573/2278
s 25
f 991/1162/1977 992/1499/2180 1109/1576/962 1110/1164/961
f 992/1499/2180 993/1500/2178 1108/1575/965 1109/1576/962
f 993/1500/2178 994/699/1436 1107/736/967 1108/1575/965
f 1113/1578/966 1114/737/968 1118/735/1529 1117/1580/2279
f 1111/1166/964 1112/1577/963 1116/1579/2280 1115/1168/1978
f 1112/1577/963 1113/1578/966 1117/1580/2279 1116/1579/2280
f 1117/1580/2279 1118/735/1529 1122/703/1448 1121/1582/2281
f 1115/1168/1978 1116/1579/2280 1120/1581/2282 1119/1170/1979
f 1116/1579/2280 1117/1580/2279 1121/1582/2281 1120/1581/2282
f 967/680/1451 968/1485/2283 1121/1582/2281 1122/703/1448
f 968/1485/2283 969/1486/2284 1120/1581/2282 1121/1582/2281
f 969/1486/2284 970/1173/1980 1119/1170/1979 1120/1581/2282
f 1125/1584/2285 1126/1209/1995 1130/1207/1993 1129/1586/2286
f 1123/958/1876 1124/1583/2287 1128/1585/2288 1127/960/1877
f 1124/1583/2287 1125/1584/2285 1129/1586/2286 1128/1585/2288
f 951/1206/1994 952/1475/2289 1129/1586/2286 1130/1207/1993
f 952/1475/2289 953/1476/2290 1128/1585/2288 1129/1586/2286
f 953/1476/2290 954/963/1878 1127/960/1877 1128/1585/2288
f 1126/1209/1995 1125/1584/2285 1133/1588/970 1134/1211/969
f 1125/1584/2285 1124/1583/2287 1132/1587/973 1133/1588/970
f 1124/1583/2287 1123/958/1876 1131/956/975 1132/1587/973
f 999/952/1875 1000/1503/2184 1137/1590/974 1138/954/976
f 1000/1503/2184 1001/1504/2182 1136/1589/971 1137/1590/974
f 1001/1504/2182 1002/1216/1996 1135/1213/972 1136/1589/971
f 1141/1593/978 1142/739/977 1150/740/1533 1149/1599/2291
f 1139/998/983 1140/1592/981 1148/1598/2292 1147/1000/1890
f 1140/1591/981 1141/1593/978 1149/1599/2291 1148/1597/2292
f 955/994/1889 956/1478/2293 1145/1595/982 1146/996/984
f 956/1477/2293 957/1479/2294 1144/1594/979 1145/1596/982
f 957/1479/2294 958/700/1439 1143/738/980 1144/1594/979
f 1149/1599/2291 1150/740/1533 1154/696/1426 1153/1602/2295
f 1147/1000/1890 1148/1598/2292 1152/1601/2296 1151/1002/1891
f 1148/1597/2292 1149/1599/2291 1153/1602/2295 1152/1600/2296
f 1095/725/956 1096/1566/955 1153/1602/2295 1154/696/1426
f 1096/1566/955 1097/1568/958 1152/1600/2296 1153/1602/2295
f 1097/1567/958 1098/1004/960 1151/1002/1891 1152/1601/2296
s 29
f 1161/1608/2297 1162/743/993 1166/741/1539 1165/1611/2298
f 1159/987/988 1160/1607/2299 1164/1610/2300 1163/988/1886
f 1160/1606/2299 1161/1608/2297 1165/1611/2298 1164/1609/2300
f 1165/1611/2298 1166/741/1535 1170/701/1441 1169/1614/2301
f 1163/988/1886 1164/1610/2300 1168/1613/2302 1167/990/1887
f 1164/1609/2300 1165/1611/2298 1169/1614/2301 1168/1612/2302
f 959/679/1444 960/1480/2303 1169/1614/2301 1170/701/1441
f 960/1480/2303 961/1482/2304 1168/1612/2302 1169/1614/2301
f 961/1481/2304 962/993/1888 1167/990/1887 1168/1613/2302
f 1173/1616/2305 1174/968/1881 1178/966/1879 1177/1618/2306
f 1171/1200/1990 1172/1615/2307 1176/1617/2308 1175/1202/1991
f 1172/1615/2307 1173/1616/2305 1177/1618/2306 1176/1617/2308
f 947/964/1880 948/1473/2309 1177/1618/2306 1178/966/1879
f 948/1473/2309 949/1474/2310 1176/1617/2308 1177/1618/2306
f 949/1474/2310 950/1205/1992 1175/1202/1991 1176/1617/2308
f 1174/968/1881 1173/1616/2305 1181/1620/2311 1182/969/994
f 1173/1616/2305 1172/1615/2307 1180/1619/2312 1181/1620/2311
f 1172/1615/2307 1171/1200/1989 1179/1198/1001 1180/1619/2312
f 1190/765/1562 1189/1624/2313 1193/1628/2314 1194/760/1559
f 1189/1625/2313 1188/1623/2315 1192/1626/2316 1193/1627/2314
f 1188/1623/2315 1187/746/1544 1191/747/1543 1192/1626/2317
f 1194/760/1559 1193/1628/2318 1197/1630/1004 1198/759/1560
f 1193/1627/2318 1192/1626/2319 1196/1629/1007 1197/1631/1004
f 1192/1626/2319 1191/747/1543 1195/744/1009 1196/1629/1007
f 975/681/1458 976/1490/2320 1201/1634/1008 1202/705/1010
f 976/1490/2320 977/1492/2321 1200/1632/1005 1201/1634/1008
f 977/1491/2321 978/707/1464 1199/758/1006 1200/1633/1005
f 1205/1636/1012 1206/750/1011 1214/751/1547 1213/1640/2322
f 1203/1178/1982 1204/1635/1015 1212/1639/2323 1211/1180/1983
f 1204/1635/1015 1205/1636/1012 1213/1640/2322 1212/1639/2323
f 963/1175/1981 964/1483/2324 1209/1638/1016 1210/1176/1018
f 964/1483/2324 965/1484/2325 1208/1637/1013 1209/1638/1016
f 965/1484/2325 966/702/1446 1207/749/1014 1208/1637/1013
f 1213/1640/2326 1214/751/1547 1218/763/1549 1217/1642/2327
f 1211/1180/1983 1212/1639/2328 1216/1641/2329 1215/1182/1984
f 1212/1639/2330 1213/1640/2326 1217/1642/2327 1216/1641/2329
s 25
f 1023/728/1430 1024/1518/2208 1221/1645/1020 1222/697/1019
f 1024/1518/2208 1025/1521/2206 1220/1643/1023 1221/1645/1020
f 1025/1520/2206 1026/698/1433 1219/753/1025 1220/1644/1023
f 1225/1649/1024 1226/754/1026 1230/752/1551 1229/1652/2331
f 1223/757/1022 1224/1648/1021 1228/1651/2332 1227/756/1554
f 1224/1647/1021 1225/1649/1024 1229/1652/2331 1228/1650/2332
f 1229/1652/2331 1230/752/1551 1234/706/1459 1233/1655/2333
f 1227/756/1554 1228/1651/2332 1232/1653/2334 1231/755/1453
f 1228/1650/2332 1229/1652/2331 1233/1655/2333 1232/1654/2334
f 971/682/1462 972/1488/2335 1233/1655/2333 1234/706/1459
f 972/1487/2335 973/1489/2336 1232/1653/2334 1233/1656/2333
f 973/1489/2336 974/704/1454 1231/755/1453 1232/1653/2334
s 29
f 1237/1658/1028 1238/980/1027 1287/1349/1884 1290/1693/2068
f 1235/768/1033 1236/1657/1031 1289/1692/2067 1288/1350/1565
f 1236/1657/1031 1237/1658/1028 1290/1693/2068 1289/1692/2067
f 1241/1661/1032 1242/769/1034 1246/766/1581 1245/1665/2337
f 1239/981/1030 1240/1660/1029 1244/1664/2338 1243/983/1885
f 1240/1659/1029 1241/1661/1032 1245/1665/2337 1244/1663/2338
f 1155/742/992 1156/1603/989 1245/1665/2337 1246/766/1581
f 1156/1603/989 1157/1605/986 1244/1663/2338 1245/1665/2337
f 1157/1604/986 1158/985/985 1243/983/1885 1244/1664/2338
f 1249/1668/1036 1250/975/1035 1254/973/1882 1253/1671/2339
f 1247/1351/1041 1248/1666/1039 1252/1670/2340 1251/1194/1988
f 1248/1666/1039 1249/1668/1036 1253/1671/2339 1252/1670/2340
f 1183/971/997 1184/1621/996 1253/1671/2339 1254/973/1882
f 1184/1621/996 1185/1622/999 1252/1670/2340 1253/1671/2339
f 1185/1622/999 1186/1197/1002 1251/1194/1988 1252/1670/2340
f 1257/1673/1040 1258/1191/1042 1283/1352/1987 1286/1691/2063
f 1255/977/1038 1256/1672/1037 1285/1690/2062 1284/1353/1883
f 1256/1672/1037 1257/1673/1040 1286/1691/2063 1285/1690/2062
f 1261/1675/2341 1262/762/1573 1295/1354/1572 1298/1697/2077
f 1259/770/1576 1260/1674/2342 1297/1696/2076 1296/1355/1577
f 1260/1674/2342 1261/1675/2341 1298/1697/2077 1297/1696/2076
f 1262/762/1573 1261/1675/2341 1265/1677/1044 1266/777/1043
f 1261/1675/2341 1260/1674/2342 1264/1676/1047 1265/1677/1044
f 1260/1674/2342 1259/770/1576 1263/771/1049 1264/1676/1047
f 1187/746/1544 1188/1623/2315 1269/1681/1048 1270/764/1050
f 1188/1623/2315 1189/1625/2313 1268/1679/1045 1269/1681/1048
f 1189/1624/2313 1190/765/1562 1267/776/1046 1268/1680/1045
f 1273/1684/1052 1274/774/1051 1282/761/1569 1281/1689/2343
f 1271/1356/1057 1272/1682/1055 1280/1688/2344 1279/1188/1985
f 1272/1682/1055 1273/1684/1052 1281/1689/2343 1280/1688/2344
f 1215/1182/1984 1216/1641/2329 1277/1687/1056 1278/1184/1058
f 1216/1641/2329 1217/1642/2327 1276/1686/1053 1277/1687/1056
f 1217/1642/2327 1218/763/1549 1275/773/1054 1276/1686/1053
f 1281/1689/2343 1282/761/1569 1291/1357/1568 1294/1695/2073
f 1279/1188/1985 1280/1688/2344 1293/1694/2072 1292/1358/1986
f 1280/1688/2344 1281/1689/2343 1294/1695/2073 1293/1694/2072
s 5
f 831/1248/804 832/1397/803 1301/1699/2345 1302/1251/2011
f 832/1397/803 833/1398/806 1300/1698/2346 1301/1699/2345
f 833/1398/806 834/917/808 1299/915/1858 1300/1698/2346
f 847/1038/1910 848/1409/2132 1305/1702/2347 1306/1040/1911
f 848/1408/2132 849/1410/2131 1304/1700/2348 1305/1701/2347
f 849/1410/2131 850/794/1332 1303/814/1612 1304/1700/2348
f 863/660/1341 864/1421/2138 1309/1705/2349 1310/797/1615
f 864/1420/2138 865/1422/2137 1308/1703/2350 1309/1704/2349
f 865/1422/2137 866/796/1337 1307/816/1614 1308/1703/2350
f 803/650/1327 804/1383/2117 1313/1707/2351 1314/798/1617
f 804/1383/2117 805/1384/2115 1312/1706/2352 1313/1707/2351
f 805/1384/2115 806/1129/1960 1311/1127/1961 1312/1706/2352
s 107
f 1317/1709/2353 1318/909/1852 1322/907/1854 1321/1711/2354
f 1315/1255/2014 1316/1708/2355 1320/1710/2356 1319/1327/2056
f 1316/1708/2355 1317/1709/2353 1321/1711/2354 1320/1710/2356
f 1325/1714/2357 1326/799/1619 1330/786/1623 1329/1717/2358
f 1323/1046/1914 1324/1712/2359 1328/1716/2360 1327/1323/2052
f 1324/1713/2359 1325/1714/2357 1329/1717/2358 1328/1715/2360
s 108
f 1333/1719/2361 1334/1259/2018 1338/1258/2020 1337/1721/2362
f 1331/905/1848 1332/1718/2363 1336/1720/2364 1335/1321/2050
f 1332/1718/2363 1333/1719/2361 1337/1721/2362 1336/1720/2364
s 72
f 1319/1327/2016 1320/1710/2365 1337/1721/2366 1338/1258/2017
f 1320/1710/2365 1321/1711/2367 1336/1720/2368 1337/1721/2366
f 1321/1711/2367 1322/907/1850 1335/1321/1851 1336/1720/2368
s 108
f 1341/1724/2369 1342/1050/1918 1346/1048/1920 1345/1726/2370
f 1339/824/1625 1340/1722/2371 1344/1725/2372 1343/801/1626
f 1340/1722/2371 1341/1723/2369 1345/1727/2370 1344/1725/2372
s 72
f 1327/1323/1917 1328/1716/2373 1345/1726/2374 1346/1048/1916
f 1328/1715/2373 1329/1717/2375 1344/1725/2376 1345/1727/2374
f 1329/1717/2375 1330/786/1603 1343/801/1604 1344/1725/2376
s 108
f 1349/1730/2377 1350/806/1644 1354/791/1648 1353/1732/2378
f 1347/826/1630 1348/1728/2379 1352/1731/2380 1351/802/1631
f 1348/1728/2379 1349/1729/2377 1353/1733/2378 1352/1731/2380
s 107
f 1357/1736/2381 1358/803/1634 1362/789/1638 1361/1739/2382
f 1355/817/1640 1356/1734/2383 1360/1738/2384 1359/805/1641
f 1356/1735/2383 1357/1736/2381 1361/1739/2382 1360/1737/2384
s 72
f 1351/802/1605 1352/1731/2385 1361/1739/2386 1362/789/1606
f 1352/1731/2385 1353/1733/2387 1360/1737/2388 1361/1739/2386
f 1353/1732/2387 1354/791/1608 1359/805/1607 1360/1738/2388
s 107
f 1365/1741/2389 1366/1121/1954 1370/1119/1956 1369/1743/2390
f 1363/812/1650 1364/1740/2391 1368/1742/2392 1367/808/1651
f 1364/1740/2391 1365/1741/2389 1369/1743/2390 1368/1742/2392
s 108
f 1373/1745/2393 1374/809/1654 1378/793/1658 1377/1747/2394
f 1371/1117/1950 1372/1744/2395 1376/1746/2396 1375/1325/2054
f 1372/1744/2395 1373/1745/2393 1377/1747/2394 1376/1746/2396
s 72
f 1367/808/1609 1368/1742/2397 1377/1747/2398 1378/793/1610
f 1368/1742/2397 1369/1743/2399 1376/1746/2400 1377/1747/2398
f 1369/1743/2399 1370/1119/1952 1375/1325/1953 1376/1746/2400
s 107
f 1318/909/1852 1317/1709/2353 1381/1749/2401 1382/912/1855
f 1317/1709/2353 1316/1708/2355 1380/1748/2402 1381/1749/2401
f 1316/1708/2355 1315/1255/2014 1379/1253/2015 1380/1748/2402
s 115
f 1302/1251/2012 1301/1699/2403 1385/1751/2404 1386/1252/2013
f 1301/1699/2403 1300/1698/2405 1384/1750/2406 1385/1751/2404
f 1300/1698/2405 1299/915/1856 1383/913/1857 1384/1750/2406
f 1314/798/1660 1313/1707/2407 1389/1753/2408 1390/811/1661
f 1313/1707/2407 1312/1706/2409 1388/1752/2410 1389/1753/2408
f 1312/1706/2409 1311/1127/1958 1387/1126/1959 1388/1752/2410
s 107
f 1366/1121/1954 1365/1741/2389 1393/1755/2411 1394/1124/1957
f 1365/1741/2389 1364/1740/2391 1392/1754/2412 1393/1755/2411
f 1364/1740/2391 1363/812/1650 1391/778/1664 1392/1754/2412
f 1326/799/1619 1325/1714/2357 1397/1758/2413 1398/813/1665
f 1325/1714/2357 1324/1713/2359 1396/1756/2414 1397/1758/2413
f 1324/1712/2359 1323/1046/1914 1395/1044/1915 1396/1757/2414
s 115
f 1306/1040/1912 1305/1702/2415 1401/1760/2416 1402/1043/1913
f 1305/1701/2415 1304/1700/2417 1400/1759/2418 1401/1761/2416
f 1304/1700/2417 1303/814/1667 1399/779/1670 1400/1759/2418
s 107
f 1358/803/1634 1357/1736/2381 1405/1764/2419 1406/815/1671
f 1357/1736/2381 1356/1735/2383 1404/1762/2420 1405/1764/2419
f 1356/1734/2383 1355/817/1640 1403/781/1678 1404/1763/2420
s 115
f 1310/797/1680 1309/1705/2421 1409/1766/2422 1410/819/1681
f 1309/1704/2421 1308/1703/2423 1408/1765/2424 1409/1767/2422
f 1308/1703/2423 1307/816/1673 1407/780/1676 1408/1765/2424
s 119
f 1414/899/1846 1413/1769/2425 1417/1771/2426 1418/902/1847
f 1413/1769/2425 1412/1768/2427 1416/1770/2428 1417/1771/2426
f 1412/1768/2427 1411/1265/2022 1415/1263/2023 1416/1770/2428
s 108
f 1334/1259/2018 1333/1719/2361 1421/1773/2429 1422/1262/2021
f 1333/1719/2361 1332/1718/2363 1420/1772/2430 1421/1773/2429
f 1332/1718/2363 1331/905/1848 1419/903/1849 1420/1772/2430
f 1374/809/1654 1373/1745/2393 1425/1775/2431 1426/820/1683
f 1373/1745/2393 1372/1744/2395 1424/1774/2432 1425/1775/2431
f 1372/1744/2395 1371/1117/1950 1423/1116/1951 1424/1774/2432
s 119
f 1430/1112/1948 1429/1777/2433 1433/1779/2434 1434/1114/1949
f 1429/1777/2433 1428/1776/2435 1432/1778/2436 1433/1779/2434
f 1428/1776/2435 1427/821/1685 1431/782/1688 1432/1778/2436
f 1438/829/1690 1437/1782/2437 1441/1785/2438 1442/823/1691
f 1437/1782/2437 1436/1780/2439 1440/1783/2440 1441/1785/2438
f 1436/1781/2439 1435/1056/1922 1439/1054/1923 1440/1784/2440
s 108
f 1342/1050/1918 1341/1724/2369 1445/1787/2441 1446/1053/1921
f 1341/1723/2369 1340/1722/2371 1444/1786/2442 1445/1788/2441
f 1340/1722/2371 1339/824/1625 1443/783/1694 1444/1786/2442
s 119
f 1450/830/1696 1449/1791/2443 1453/1794/2444 1454/825/1697
f 1449/1791/2443 1448/1789/2445 1452/1792/2446 1453/1794/2444
f 1448/1790/2445 1447/827/1701 1451/785/1704 1452/1793/2446
s 108
f 1350/806/1644 1349/1730/2377 1457/1796/2447 1458/828/1705
f 1349/1729/2377 1348/1728/2379 1456/1795/2448 1457/1797/2447
f 1348/1728/2379 1347/826/1630 1455/784/1700 1456/1795/2448
s 48
f 1462/1314/2047 1461/1799/2449 1465/1801/2450 1466/1317/2048
f 1461/1799/2449 1460/1798/2451 1464/1800/2452 1465/1801/2450
f 1460/1798/2451 1459/835/1723 1463/836/1722 1464/1800/2452
f 1466/1317/2048 1465/1801/2450 1469/1803/1124 1470/1319/1123
f 1465/1801/2450 1464/1800/2452 1468/1802/1127 1469/1803/1124
f 1464/1800/2452 1463/836/1722 1467/834/1129 1468/1802/1127
f 1427/821/1717 1428/1776/2453 1473/1805/1128 1474/833/1130
f 1428/1776/2453 1429/1777/2454 1472/1804/1125 1473/1805/1128
f 1429/1777/2454 1430/1112/1947 1471/1111/1126 1472/1804/1125
f 1477/1807/2455 1478/1268/2026 1482/1267/2025 1481/1809/2456
f 1475/895/1843 1476/1806/2457 1480/1808/2458 1479/897/1844
f 1476/1806/2457 1477/1807/2455 1481/1809/2456 1480/1808/2458
f 1411/1265/2024 1412/1768/2459 1481/1809/2456 1482/1267/2025
f 1412/1768/2459 1413/1769/2460 1480/1808/2458 1481/1809/2456
f 1413/1769/2460 1414/899/1845 1479/897/1844 1480/1808/2458
f 1478/1268/2026 1477/1807/2455 1485/1811/1132 1486/1270/1131
f 1477/1807/2455 1476/1806/2457 1484/1810/1135 1485/1811/1132
f 1476/1806/2457 1475/895/1843 1483/893/1137 1484/1810/1135
f 1493/1816/1140 1494/838/1139 1502/839/1726 1501/1822/2461
f 1491/1060/1145 1492/1815/1143 1500/1821/2462 1499/1062/1925
f 1492/1814/1143 1493/1816/1140 1501/1822/2461 1500/1820/2462
f 1435/1056/1924 1436/1781/2463 1497/1818/1144 1498/1058/1146
f 1436/1780/2463 1437/1782/2464 1496/1817/1141 1497/1819/1144
f 1437/1782/2464 1438/829/1707 1495/837/1142 1496/1817/1141
f 1501/1822/2461 1502/839/1726 1506/850/1728 1505/1825/2465
f 1499/1062/1925 1500/1821/2462 1504/1824/2466 1503/1064/1926
f 1500/1820/2462 1501/1822/2461 1505/1825/2465 1504/1823/2466
f 1509/1828/1148 1510/841/1147 1518/842/1731 1517/1834/2467
f 1507/843/1153 1508/1827/1151 1516/1833/2468 1515/844/1735
f 1508/1826/1151 1509/1828/1148 1517/1834/2467 1516/1832/2468
f 1447/827/1714 1448/1790/2469 1513/1830/1152 1514/832/1154
f 1448/1789/2469 1449/1791/2470 1512/1829/1149 1513/1831/1152
f 1449/1791/2470 1450/830/1711 1511/840/1150 1512/1829/1149
f 1517/1834/2467 1518/842/1731 1522/851/1733 1521/1837/2471
f 1515/844/1735 1516/1833/2468 1520/1836/2472 1519/845/1737
f 1516/1832/2468 1517/1834/2467 1521/1837/2471 1520/1835/2472
f 1503/1064/1926 1504/1824/2466 1557/1858/1192 1558/1066/1191
f 1504/1823/2466 1505/1825/2465 1556/1857/1195 1557/1859/1192
f 1505/1825/2465 1506/850/1728 1555/859/1197 1556/1857/1195
f 1561/1862/1196 1562/860/1198 1566/858/1760 1565/1865/2473
f 1559/1068/1194 1560/1861/1193 1564/1864/2474 1563/1070/1927
f 1560/1860/1193 1561/1862/1196 1565/1865/2473 1564/1863/2474
f 1565/1865/2473 1566/858/1760 1570/854/1751 1569/1868/2475
f 1563/1070/1927 1564/1864/2474 1568/1867/2476 1567/1072/1928
f 1564/1863/2474 1565/1865/2473 1569/1868/2475 1568/1866/2476
f 1543/847/1176 1544/1849/1175 1569/1868/2475 1570/854/1751
f 1544/1849/1175 1545/1851/1178 1568/1866/2476 1569/1868/2475
f 1545/1850/1178 1546/1074/1181 1567/1072/1928 1568/1867/2476
f 1573/1870/2477 1574/1102/1946 1578/1100/1945 1577/1872/2478
f 1571/1278/2027 1572/1869/2479 1576/1871/2480 1575/1280/2028
f 1572/1869/2479 1573/1870/2477 1577/1872/2478 1576/1871/2480
f 1527/1098/1158 1528/1840/1157 1577/1872/2478 1578/1100/1945
f 1528/1840/1157 1529/1841/1161 1576/1871/2480 1577/1872/2478
f 1529/1841/1161 1530/1283/1163 1575/1280/2028 1576/1871/2480
f 1574/1102/1946 1573/1870/2477 1581/1874/1200 1582/1104/1199
f 1573/1870/2477 1572/1869/2479 1580/1873/1203 1581/1874/1200
f 1572/1869/2479 1571/1278/2027 1579/1276/1205 1580/1873/1203
f 1487/1272/1134 1488/1812/1133 1585/1876/1204 1586/1275/1206
f 1488/1812/1133 1489/1813/1136 1584/1875/1201 1585/1876/1204
f 1489/1813/1136 1490/1108/1138 1583/1106/1202 1584/1875/1201
f 1519/845/1737 1520/1836/2472 1589/1878/1208 1590/852/1207
f 1520/1835/2472 1521/1837/2471 1588/1877/1211 1589/1879/1208
f 1521/1837/2471 1522/851/1733 1587/862/1213 1588/1877/1211
f 1593/1882/1212 1594/863/1214 1598/861/1763 1597/1885/2481
f 1591/865/1210 1592/1881/1209 1596/1884/2482 1595/866/1765
f 1592/1880/1209 1593/1882/1212 1597/1885/2481 1596/1883/2482
f 1597/1885/2481 1598/861/1763 1602/855/1753 1601/1888/2483
f 1595/866/1765 1596/1884/2482 1600/1887/2484 1599/864/1756
f 1596/1883/2482 1597/1885/2481 1601/1888/2483 1600/1886/2484
f 1551/849/1185 1552/1854/1184 1601/1888/2483 1602/855/1753
f 1552/1854/1184 1553/1856/1188 1600/1886/2484 1601/1888/2483
f 1553/1855/1188 1554/856/1190 1599/864/1756 1600/1887/2484
f 1459/835/1723 1460/1798/2451 1605/1890/1216 1606/853/1215
f 1460/1798/2451 1461/1799/2449 1604/1889/1219 1605/1890/1216
f 1461/1799/2449 1462/1314/2047 1603/1313/1221 1604/1889/1219
f 1609/1892/1220 1610/1311/1222 1614/1309/2046 1613/1894/2485
f 1607/869/1218 1608/1891/1217 1612/1893/2486 1611/868/1769
f 1608/1891/1217 1609/1892/1220 1613/1894/2485 1612/1893/2486
f 1613/1894/2485 1614/1309/2046 1618/1306/2045 1617/1896/2487
f 1611/868/1769 1612/1893/2486 1616/1895/2488 1615/867/1758
f 1612/1893/2486 1613/1894/2485 1617/1896/2487 1616/1895/2488
f 1535/1304/1167 1536/1844/1166 1617/1896/2487 1618/1306/2045
f 1536/1844/1166 1537/1845/1169 1616/1895/2488 1617/1896/2487
f 1537/1845/1169 1538/857/1172 1615/867/1758 1616/1895/2488
s 127
f 1621/1089/1938 1620/1898/2489 1625/1900/2490 1626/1087/1937
s 124
f 1620/1898/2491 1619/1897/2492 1624/1899/2493 1625/1900/2494
f 1619/1897/2492 1622/1359/2036 1623/1291/2035 1624/1899/2493
f 1627/876/1782 1630/1903/2495 1633/1907/2496 1634/874/1779
s 125
f 1630/1903/2497 1629/1902/2498 1632/1906/2499 1633/1907/2500
f 1629/1901/2498 1628/1360/1936 1631/1084/1935 1632/1905/2499
f 1638/877/1784 1637/1910/2501 1641/1913/2502 1642/878/1785
f 1637/1910/2501 1636/1909/2503 1640/1912/2504 1641/1913/2502
s 126
f 1636/1908/2505 1635/1361/1789 1639/890/1788 1640/1911/2506
f 1646/1296/2038 1645/1915/2507 1649/1917/2508 1650/1294/2037
f 1645/1915/2507 1644/1914/2509 1648/1916/2510 1649/1917/2508
s 127
f 1644/1914/2511 1643/1362/1793 1647/885/1792 1648/1916/2512
s 128
f 1523/1284/2029 1524/1838/2513 1653/1919/2514 1654/1286/2030
f 1524/1838/2513 1525/1839/2515 1652/1918/2516 1653/1919/2514
f 1525/1839/2515 1526/1096/1944 1651/1094/1943 1652/1918/2516
f 1531/846/1797 1532/1842/2517 1657/1921/2518 1658/879/1798
f 1532/1842/2517 1533/1843/2519 1656/1920/2520 1657/1921/2518
f 1533/1843/2519 1534/1303/2044 1655/1301/2043 1656/1920/2520
f 1539/1076/1929 1540/1847/2521 1661/1924/2522 1662/1078/1930
f 1540/1846/2521 1541/1848/2523 1660/1922/2524 1661/1923/2522
f 1541/1848/2523 1542/881/1802 1659/887/1801 1660/1922/2524
f 1547/848/1807 1548/1961/2525 1665/1963/2526 1666/883/1808
f 1548/1852/2525 1549/1853/2527 1664/1925/2528 1665/1926/2526
f 1549/1853/2527 1550/882/1806 1663/892/1805 1664/1925/2528
s 133
f 1626/1087/1939 1625/1900/2529 1669/1928/2530 1670/1091/1940
f 1625/1900/2529 1624/1899/2531 1668/1927/2532 1669/1928/2530
f 1624/1899/2531 1623/1291/2033 1667/1289/2034 1668/1927/2532
s 132
f 1654/1286/2031 1653/1919/2533 1673/1930/2534 1674/1288/2032
f 1653/1919/2533 1652/1918/2535 1672/1929/2536 1673/1930/2534
f 1652/1918/2535 1651/1094/1941 1671/1092/1942 1672/1929/2536
f 1658/879/1812 1657/1921/2537 1677/1932/2538 1678/884/1813
f 1657/1921/2537 1656/1920/2539 1676/1931/2540 1677/1932/2538
f 1656/1920/2539 1655/1301/2041 1675/1299/2042 1676/1931/2540
s 133
f 1650/1294/2039 1649/1917/2541 1681/1934/2542 1682/1298/2040
f 1649/1917/2541 1648/1916/2543 1680/1933/2544 1681/1934/2542
f 1648/1916/2543 1647/885/1815 1679/870/1818 1680/1933/2544
f 1634/874/1820 1633/1907/2545 1685/1937/2546 1686/886/1821
f 1633/1907/2545 1632/1906/2547 1684/1935/2548 1685/1937/2546
f 1632/1905/2547 1631/1084/1933 1683/1082/1934 1684/1936/2548
s 132
f 1662/1078/1931 1661/1924/2549 1689/1939/2550 1690/1081/1932
f 1661/1923/2549 1660/1922/2551 1688/1938/2552 1689/1940/2550
f 1660/1922/2551 1659/887/1823 1687/871/1826 1688/1938/2552
f 1666/883/1828 1665/1963/2553 1693/1942/2554 1694/889/1829
f 1665/1926/2553 1664/1925/2555 1692/1941/2556 1693/1964/2554
f 1664/1925/2555 1663/892/1839 1691/873/1842 1692/1941/2556
s 133
f 1642/878/1836 1641/1913/2557 1697/1944/2558 1698/891/1837
f 1641/1913/2557 1640/1912/2559 1696/1943/2560 1697/1944/2558
f 1640/1911/2559 1639/890/1831 1695/872/1834 1696/1962/2560
g default
v -98.776528 -63.386166 -898.277904
v -98.463524 -66.102431 -898.278241
v -98.047092 -63.320575 -896.012622
v -97.734035 -66.036803 -896.012966
v -75.218710 -60.707962 -901.513929
v -74.905652 -63.424221 -901.513929
v -86.129651 -61.965489 -897.023700
v -85.816606 -64.681739 -897.023699
v -82.230683 -61.516099 -898.535848
v -81.917647 -64.232371 -898.535845
v -75.175583 -60.656910 -902.803416
v -74.862387 -63.373017 -902.807630
v -74.710273 -60.649358 -896.500175
v -74.397209 -63.365622 -896.500176
v -114.739271 -65.262824 -892.108336
v -114.847955 -65.542323 -892.337320
v -114.828684 -65.351323 -892.270255
v -104.533220 -64.015248 -900.777035
v -104.614991 -64.101737 -900.946192
v -104.631116 -64.292301 -901.016473
v -114.426081 -67.979067 -892.108284
v -114.533343 -67.913167 -892.270265
v -114.595587 -67.731410 -892.337328
v -104.378797 -66.481388 -901.016406
v -104.320068 -66.663624 -900.946974
v -104.220978 -66.731585 -900.778583
v -85.303482 -62.137332 -894.259649
v -85.328575 -61.951377 -894.337170
v -85.346198 -61.875178 -894.524686
v -94.942399 -62.979779 -893.933574
v -94.926596 -63.056877 -893.746437
v -94.902291 -63.242933 -893.669022
v -85.033129 -64.591440 -894.524688
v -85.033295 -64.513234 -894.337172
v -85.051168 -64.326441 -894.259650
v -94.650002 -65.432034 -893.669021
v -94.631364 -65.618744 -893.747052
v -94.629397 -65.696045 -893.934942
v -81.120222 -61.655566 -894.397446
v -81.139578 -61.468944 -894.475347
v -81.143346 -61.391520 -894.663505
v -80.830335 -64.107811 -894.662742
v -80.844337 -64.030821 -894.475069
v -80.867930 -63.844693 -894.397445
v -95.279645 -63.246947 -901.384643
v -95.319003 -63.062625 -901.308882
v -95.370869 -62.990976 -901.125773
v -88.820670 -62.266351 -899.337151
v -88.766787 -62.338135 -899.519546
v -88.727291 -62.522436 -899.595119
v -95.057528 -65.707170 -901.126978
v -95.023633 -65.624440 -901.309377
v -95.027348 -65.436016 -901.384643
v -88.472791 -64.711313 -899.594570
v -88.470850 -64.899921 -899.519493
v -88.507513 -64.982598 -899.337645
v -97.438901 -63.487949 -901.825181
v -97.470837 -63.302762 -901.747811
v -97.504916 -63.228973 -901.561239
v -97.186543 -65.676974 -901.825121
v -97.175455 -65.864564 -901.748102
v -97.191643 -65.945175 -901.562161
v -99.636128 -63.738116 -901.980930
v -99.658055 -63.551790 -901.902896
v -99.667899 -63.475250 -901.714497
v -99.383826 -65.927226 -901.980930
v -99.362785 -66.113658 -901.903310
v -99.354832 -66.191513 -901.715529
v -101.834543 -63.992655 -901.849039
v -101.842603 -63.804648 -901.772068
v -101.819117 -63.723469 -901.586162
v -101.582212 -66.181621 -901.849045
v -101.547276 -66.366425 -901.771939
v -101.505964 -66.439685 -901.585831
v -113.387091 -65.185227 -889.897125
v -113.323332 -65.366726 -889.827504
v -113.498126 -65.119794 -890.065232
v -99.606483 -63.784728 -893.181282
v -99.644407 -63.600247 -893.256773
v -99.693181 -63.526572 -893.439484
v -113.091830 -67.747076 -889.897125
v -113.185058 -67.836041 -890.065233
v -113.071042 -67.555827 -889.827503
v -99.380602 -66.242870 -893.441555
v -99.349345 -66.162123 -893.257642
v -99.354194 -65.973824 -893.181281
v -98.055195 -63.606021 -893.486539
v -98.088023 -63.420953 -893.563223
v -98.124431 -63.345931 -893.748385
v -97.802895 -65.795116 -893.486539
v -97.792867 -65.982823 -893.563897
v -97.811644 -66.062210 -893.750277
v -96.482874 -63.424775 -893.649635
v -96.508755 -63.238905 -893.726783
v -96.528482 -63.161924 -893.913911
v -96.230585 -65.613866 -893.649634
v -96.213584 -65.800759 -893.727871
v -96.215527 -65.878174 -893.915823
v -66.400731 -59.958735 -900.403143
v -66.498193 -59.781115 -900.388407
v -66.690494 -59.725063 -900.352906
v -66.524552 -59.705933 -899.019407
v -66.328455 -59.761547 -899.024305
v -66.229410 -59.938995 -899.026383
v -66.377414 -62.441320 -900.352909
v -66.202891 -62.342969 -900.388412
v -66.148400 -62.147842 -900.403147
v -65.977108 -62.128105 -899.026383
v -66.033180 -62.323415 -899.024307
v -66.211483 -62.422190 -899.019409
v -66.683815 -59.991356 -901.494131
v -66.777437 -59.813294 -901.464613
v -66.960463 -59.756168 -901.393288
v -66.647382 -62.472434 -901.393291
v -66.482150 -62.375165 -901.464616
v -66.431490 -62.180469 -901.494134
v -67.237706 -60.055215 -902.474031
v -67.321285 -59.875984 -902.426869
v -67.480038 -59.816056 -902.312465
v -67.166969 -62.532308 -902.312466
v -67.026012 -62.437836 -902.426871
v -66.985402 -62.244293 -902.474031
v -68.024822 -60.145932 -903.276549
v -68.094099 -59.965049 -903.214687
v -68.218403 -59.901149 -903.065362
v -67.905338 -62.617428 -903.065363
v -67.798839 -62.526934 -903.214687
v -67.772520 -62.335037 -903.276549
v -68.991235 -60.257314 -903.846254
v -69.043002 -60.074407 -903.773948
v -69.125014 -60.005629 -903.599768
v -68.811950 -62.721892 -903.599631
v -68.747724 -62.636254 -903.773950
v -68.738932 -62.446377 -903.846254
v -70.071323 -60.381835 -904.144935
v -70.103617 -60.196657 -904.067314
v -70.138574 -60.122450 -903.879882
v -69.825504 -62.838723 -903.879883
v -69.808334 -62.758498 -904.067317
v -69.819036 -62.570821 -904.144935
v -71.194427 -60.511292 -904.151933
v -71.212604 -60.324498 -904.074373
v -71.217708 -60.246834 -903.886579
v -70.904650 -62.963093 -903.886717
v -70.915607 -62.886130 -904.074455
v -70.936206 -62.699652 -904.152130
v -69.066505 -60.265538 -894.710711
v -69.116227 -60.082401 -894.784509
v -69.193446 -60.012623 -894.963005
v -71.808320 -60.313634 -894.522214
v -71.770560 -60.388137 -894.337228
v -71.737174 -60.573152 -894.260683
v -68.880700 -62.728939 -894.963997
v -68.821075 -62.644288 -894.785045
v -68.814178 -62.454645 -894.710783
v -71.484878 -62.762258 -894.260682
v -71.475389 -62.950017 -894.337697
v -71.495452 -63.029925 -894.523428
v -67.850724 -60.125227 -895.493932
v -67.923317 -59.944746 -895.553018
v -68.055848 -59.881149 -895.695595
v -67.743618 -62.597488 -895.696591
v -67.628381 -62.506626 -895.553459
v -67.598396 -62.314313 -895.493935
v -66.881327 -60.013842 -896.638029
v -66.967519 -59.834913 -896.681237
v -67.132790 -59.775430 -896.785505
v -66.820237 -62.491737 -896.785854
v -66.672455 -62.396783 -896.681349
v -66.629023 -62.202920 -896.638030
v -66.319363 -59.949357 -897.766860
v -66.416761 -59.771730 -897.787888
v -66.608866 -59.715650 -897.838435
v -66.295791 -62.431912 -897.838437
v -66.121481 -62.333592 -897.787890
v -66.067044 -62.138460 -897.766862
v -75.383180 -63.499642 -901.376830
v -75.652209 -63.461106 -901.292818
v -75.789997 -63.252510 -901.256730
v -75.317934 -63.186759 -902.629709
v -75.223089 -63.364948 -902.597560
v -75.040547 -63.415567 -902.521009
v -84.574006 -62.053263 -899.300751
v -84.587364 -61.865945 -899.223455
v -84.576723 -61.786493 -899.036889
v -83.514787 -61.664102 -899.170775
v -83.532195 -61.744328 -899.356625
v -83.521775 -61.931985 -899.433414
v -84.263643 -64.502755 -899.036892
v -84.292062 -64.427804 -899.223460
v -84.321597 -64.242351 -899.300765
v -83.268836 -64.121043 -899.433494
v -83.236749 -64.306187 -899.356510
v -83.201751 -64.380373 -899.170772
v -85.408385 -62.149087 -899.228910
v -85.426274 -61.962296 -899.151248
v -85.426449 -61.884143 -898.963662
v -85.156029 -64.338191 -899.228848
v -85.130925 -64.524140 -899.151053
v -85.113308 -64.600387 -898.963535
v -86.245858 -62.244443 -899.222222
v -86.269738 -62.058359 -899.144423
v -86.284463 -61.981893 -898.956859
v -85.993545 -64.433568 -899.222154
v -85.974459 -64.620210 -899.144425
v -85.971395 -64.698140 -898.956861
v -87.081317 -62.338669 -899.281400
v -87.111221 -62.153274 -899.204080
v -87.140469 -62.078403 -899.017574
v -86.829009 -64.527789 -899.281400
v -86.815948 -64.715131 -899.204081
v -86.827409 -64.794657 -899.017505
v -87.909835 -62.431261 -899.405895
v -87.945659 -62.246553 -899.329617
v -87.989285 -62.173145 -899.145358
v -87.657520 -64.620390 -899.405897
v -87.650419 -64.808414 -899.329476
v -87.676268 -64.889409 -899.144803
v -75.716971 -60.805229 -901.362522
v -75.954199 -60.939144 -901.287214
v -76.030013 -61.170101 -901.256728
v -81.444220 -61.703066 -899.835471
v -81.446111 -61.514442 -899.760307
v -81.410975 -61.431925 -899.578346
v -81.097794 -64.148170 -899.577811
v -81.149492 -64.076170 -899.760615
v -81.187426 -63.891721 -899.836724
v -82.475409 -61.813740 -899.600440
v -82.482317 -61.625689 -899.524232
v -82.456069 -61.544092 -899.340258
v -82.223097 -64.002886 -899.600441
v -82.187022 -64.187559 -899.524029
v -82.142876 -64.260335 -899.339449
v -75.364701 -60.701186 -902.525928
v -75.523007 -60.804287 -902.599576
v -75.570091 -60.998755 -902.629711
v -73.658859 -60.740015 -904.057658
v -73.671512 -60.552631 -903.979969
v -73.659024 -60.473780 -903.792524
v -73.346182 -63.190048 -903.794285
v -73.376324 -63.114462 -903.980579
v -73.406569 -62.929027 -904.057658
v -74.278366 -60.807278 -903.938904
v -74.273295 -60.617957 -903.862967
v -74.218326 -60.538073 -903.681579
v -74.026117 -62.996080 -903.938902
v -73.979300 -63.179704 -903.866455
v -73.908233 -63.254369 -903.689874
v -74.835614 -60.873592 -903.640945
v -74.810391 -60.681954 -903.577518
v -74.706750 -60.593138 -903.424800
v -74.583347 -63.062596 -903.640942
v -74.515722 -63.243828 -903.578269
v -74.395039 -63.309499 -903.426557
v -75.279849 -60.937507 -903.191088
v -75.240201 -60.744106 -903.145709
v -75.100582 -60.645305 -903.034949
v -75.027630 -63.126002 -903.191086
v -74.941924 -63.305239 -903.143413
v -74.780083 -63.360281 -903.029430
v -77.104147 -61.193498 -894.046435
v -77.119722 -61.006441 -894.124400
v -77.114237 -60.928743 -894.312269
v -76.801345 -63.645011 -894.309842
v -76.824529 -63.568297 -894.123429
v -76.851841 -63.382592 -894.046436
v -76.208695 -61.089124 -893.987235
v -76.226736 -60.902351 -894.064958
v -76.227350 -60.824201 -894.252349
v -75.956387 -63.278244 -893.987235
v -75.931466 -63.464224 -894.064958
v -75.914268 -63.540473 -894.252352
v -75.311331 -60.985705 -893.966009
v -75.332640 -60.799308 -894.043801
v -75.341073 -60.722050 -894.231307
v -75.059023 -63.174815 -893.966010
v -75.037355 -63.361170 -894.043804
v -75.027983 -63.438315 -894.231380
v -74.413946 -60.882278 -893.982743
v -74.438498 -60.696245 -894.060333
v -74.454754 -60.619893 -894.247815
v -74.161661 -63.071396 -893.982741
v -74.143234 -63.258119 -894.060333
v -74.141706 -63.336169 -894.247814
v -73.518050 -60.779018 -894.037591
v -73.545843 -60.593374 -894.115047
v -73.569963 -60.517923 -894.302088
v -73.265735 -62.968138 -894.037592
v -73.250579 -63.155248 -894.115047
v -73.256897 -63.234202 -894.302088
v -72.625250 -60.676125 -894.130280
v -72.656268 -60.490848 -894.207398
v -72.688169 -60.416304 -894.393664
v -72.372940 -62.865251 -894.130280
v -72.360992 -63.052726 -894.207399
v -72.375099 -63.132572 -894.393666
vt 0.753687 0.994463
vt 0.733881 0.994396
vt 0.772152 0.993825
vt 0.744634 0.327292
vt 0.712748 0.675789
vt 0.683830 0.699009
vt 0.736976 0.994258
vt 0.739923 0.912132
vt 0.751098 0.659499
vt 0.737033 0.650247
vt 0.756592 0.418385
vt 0.758644 0.327572
vt 0.718515 0.993764
vt 0.690118 0.899095
vt 0.756784 0.994563
vt 0.752340 0.911917
vt 0.754451 0.510752
vt 0.741789 0.448574
vt 0.752172 0.863236
vt 0.736489 0.821637
vt 0.752100 0.615682
vt 0.738440 0.597940
vt 0.748035 0.714173
vt 0.738726 0.700997
vt 0.785143 0.798844
vt 0.755066 0.785703
vt 0.753853 0.537671
vt 0.740372 0.510425
vt 0.752505 0.792949
vt 0.736758 0.785825
vt 0.787477 0.773737
vt 0.755239 0.731694
vt 0.753274 0.563587
vt 0.739752 0.537356
vt 0.751927 0.771306
vt 0.735237 0.734469
vt 0.735126 0.863386
vt 0.704047 0.799428
vt 0.751983 0.874899
vt 0.737770 0.863116
vt 0.751679 0.886030
vt 0.738070 0.874830
vt 0.750992 0.896934
vt 0.738434 0.885929
vt 0.750421 0.911911
vt 0.739169 0.897055
vt 0.753180 0.896963
vt 0.754157 0.886118
vt 0.754567 0.875098
vt 0.754820 0.863466
vt 0.735488 0.875043
vt 0.735962 0.886068
vt 0.736993 0.897076
vt 0.712540 0.883334
vt 0.738000 0.912144
vt 0.800609 0.863125
vt 0.777603 0.883106
vt 0.756050 0.821687
vt 0.756353 0.428562
vt 0.742500 0.418058
vt 0.756115 0.438733
vt 0.742249 0.428221
vt 0.755855 0.448885
vt 0.742002 0.438390
vt 0.801972 0.874455
vt 0.802225 0.886719
vt 0.791052 0.881905
vt 0.800110 0.898723
vt 0.687928 0.887151
vt 0.688079 0.874934
vt 0.699078 0.882253
vt 0.689324 0.863637
vt 0.751086 0.666680
vt 0.736680 0.659112
vt 0.751390 0.673857
vt 0.736309 0.666319
vt 0.752141 0.680927
vt 0.735653 0.673517
vt 0.750381 0.687442
vt 0.734660 0.680752
vt 0.749102 0.694034
vt 0.736575 0.687713
vt 0.748576 0.700549
vt 0.738031 0.694457
vt 0.751885 0.624948
vt 0.738093 0.615283
vt 0.751631 0.634543
vt 0.737807 0.624548
vt 0.751374 0.642575
vt 0.737522 0.634141
vt 0.751227 0.650650
vt 0.737330 0.642213
vt 0.719448 0.675939
vt 0.725729 0.677994
vt 0.731156 0.682097
vt 0.734226 0.688816
vt 0.736116 0.695175
vt 0.736953 0.701411
vt 0.738180 0.714610
vt 0.686639 0.690888
vt 0.691861 0.683727
vt 0.737458 0.727638
vt 0.752456 0.734566
vt 0.752651 0.725837
vt 0.756953 0.728175
vt 0.732680 0.731564
vt 0.733641 0.792965
vt 0.701313 0.774396
vt 0.752704 0.798709
vt 0.736573 0.793080
vt 0.752855 0.804491
vt 0.736457 0.798826
vt 0.752995 0.810249
vt 0.736390 0.804634
vt 0.753058 0.815913
vt 0.736334 0.810405
vt 0.753000 0.821462
vt 0.736353 0.816076
vt 0.756167 0.816205
vt 0.756050 0.810428
vt 0.755840 0.804536
vt 0.755674 0.798623
vt 0.768866 0.803369
vt 0.755441 0.792813
vt 0.733490 0.798784
vt 0.733409 0.804711
vt 0.733283 0.810614
vt 0.733244 0.816396
vt 0.720386 0.803734
vt 0.733439 0.821873
vt 0.734036 0.771325
vt 0.691991 0.750028
vt 0.731018 0.728323
vt 0.752041 0.778524
vt 0.736794 0.771229
vt 0.752227 0.785766
vt 0.736832 0.778543
vt 0.754811 0.778473
vt 0.760341 0.777796
vt 0.754693 0.771296
vt 0.734057 0.778532
vt 0.728514 0.777956
vt 0.733916 0.785808
vt 0.748123 0.717443
vt 0.739676 0.714343
vt 0.748558 0.720733
vt 0.739683 0.717775
vt 0.749419 0.723956
vt 0.739340 0.721183
vt 0.750480 0.727028
vt 0.738564 0.724488
vt 0.751303 0.722940
vt 0.750138 0.720153
vt 0.749596 0.717333
vt 0.749532 0.714344
vt 0.738221 0.717683
vt 0.737736 0.720598
vt 0.736598 0.723435
vt 0.735795 0.724490
vt 0.735252 0.726314
vt 0.802687 0.715079
vt 0.752198 0.723991
vt 0.773877 0.675267
vt 0.782229 0.676008
vt 0.803366 0.697672
vt 0.753158 0.569364
vt 0.739202 0.563303
vt 0.753040 0.575137
vt 0.739088 0.569071
vt 0.752922 0.580909
vt 0.738962 0.574843
vt 0.752806 0.586681
vt 0.738836 0.580615
vt 0.752692 0.592450
vt 0.738708 0.586388
vt 0.752586 0.598214
vt 0.738576 0.592162
vt 0.802324 0.720934
vt 0.801712 0.726748
vt 0.800826 0.732495
vt 0.799636 0.738133
vt 0.798139 0.743651
vt 0.786433 0.732653
vt 0.796346 0.749086
vt 0.690112 0.744657
vt 0.688510 0.739202
vt 0.687202 0.733624
vt 0.686187 0.727929
vt 0.685437 0.722157
vt 0.701609 0.733442
vt 0.684937 0.716333
vt 0.742895 0.325711
vt 0.743205 0.310170
vt 0.744945 0.308396
vt 0.759360 0.309058
vt 0.760997 0.310887
vt 0.760465 0.326114
vt 0.767200 0.675617
vt 0.761001 0.677849
vt 0.755708 0.682054
vt 0.752749 0.688538
vt 0.751022 0.694786
vt 0.750361 0.700992
vt 0.800354 0.689613
vt 0.794953 0.682594
vt 0.789336 0.678160
vt 0.697371 0.679133
vt 0.704414 0.676777
vt 0.760544 0.309645
vt 0.755233 0.994460
vt 0.751382 0.911899
vt 0.743725 0.308932
vt 0.735431 0.994278
vt 0.738961 0.912124
vt 0.786447 0.798789
vt 0.755749 0.510781
vt 0.757151 0.448922
vt 0.801910 0.863086
vt 0.739075 0.510395
vt 0.702743 0.799391
vt 0.688021 0.863613
vt 0.740491 0.448552
vt 0.788771 0.773909
vt 0.755151 0.537701
vt 0.738454 0.537329
vt 0.700022 0.774590
vt 0.753497 0.863345
vt 0.754524 0.821566
vt 0.736447 0.863242
vt 0.734964 0.821746
vt 0.753274 0.874988
vt 0.736780 0.874925
vt 0.752917 0.886069
vt 0.737200 0.885994
vt 0.752086 0.896950
vt 0.738082 0.897063
vt 0.759926 0.327330
vt 0.773508 0.993810
vt 0.801356 0.899077
vt 0.757889 0.418418
vt 0.743366 0.326980
vt 0.717159 0.993758
vt 0.741201 0.418029
vt 0.688872 0.899456
vt 0.803491 0.886922
vt 0.757651 0.428593
vt 0.740949 0.428189
vt 0.686662 0.887364
vt 0.803253 0.874610
vt 0.757411 0.438771
vt 0.686799 0.875102
vt 0.740703 0.438367
vt 0.773843 0.673965
vt 0.752395 0.659537
vt 0.752526 0.650674
vt 0.782412 0.674718
vt 0.735383 0.659080
vt 0.712740 0.674486
vt 0.704188 0.675494
vt 0.735735 0.650200
vt 0.766891 0.674345
vt 0.752389 0.666733
vt 0.735005 0.666304
vt 0.719716 0.674657
vt 0.760325 0.676719
vt 0.752711 0.673949
vt 0.734331 0.673558
vt 0.726373 0.676845
vt 0.754008 0.681256
vt 0.732818 0.681175
vt 0.751586 0.687947
vt 0.735377 0.688216
vt 0.750067 0.694376
vt 0.737067 0.694779
vt 0.749468 0.700756
vt 0.737839 0.701187
vt 0.804656 0.697356
vt 0.753395 0.615712
vt 0.753885 0.598260
vt 0.803983 0.715035
vt 0.736797 0.615248
vt 0.682531 0.698731
vt 0.683639 0.716326
vt 0.737139 0.597926
vt 0.801442 0.688885
vt 0.753181 0.624982
vt 0.736510 0.624510
vt 0.685528 0.690193
vt 0.795811 0.681607
vt 0.752928 0.634584
vt 0.736224 0.634109
vt 0.690973 0.682768
vt 0.789874 0.676955
vt 0.752669 0.642611
vt 0.736035 0.642174
vt 0.696795 0.677946
vt 0.733373 0.733474
vt 0.736318 0.727018
vt 0.753973 0.792888
vt 0.753646 0.785736
vt 0.735107 0.793027
vt 0.735338 0.785819
vt 0.754193 0.798669
vt 0.734969 0.798808
vt 0.754354 0.804512
vt 0.734893 0.804669
vt 0.754528 0.810330
vt 0.734803 0.810499
vt 0.754615 0.816042
vt 0.734796 0.816217
vt 0.754275 0.733568
vt 0.753308 0.771293
vt 0.735419 0.771271
vt 0.753428 0.778504
vt 0.735445 0.778539
vt 0.751588 0.726467
vt 0.748787 0.714249
vt 0.738925 0.714465
vt 0.748862 0.717389
vt 0.738947 0.717724
vt 0.749355 0.720462
vt 0.738529 0.720931
vt 0.750365 0.723500
vt 0.737566 0.724035
vt 0.797615 0.749373
vt 0.754572 0.563618
vt 0.737906 0.563278
vt 0.690730 0.750338
vt 0.799417 0.743874
vt 0.754455 0.569393
vt 0.737790 0.569046
vt 0.688838 0.744904
vt 0.800923 0.738290
vt 0.754338 0.575164
vt 0.737665 0.574816
vt 0.687226 0.739385
vt 0.802120 0.732590
vt 0.754220 0.580936
vt 0.737539 0.580587
vt 0.685911 0.733748
vt 0.803008 0.726789
vt 0.754103 0.586708
vt 0.737410 0.586360
vt 0.684891 0.728001
vt 0.803621 0.720924
vt 0.753991 0.592478
vt 0.684139 0.722179
vt 0.737277 0.592135
vn -0.116346 0.993201 0.003914
vn -0.353313 0.890136 -0.287798
vn -0.310625 0.897774 -0.312272
vn -0.133604 0.990800 -0.021585
vn -0.636874 0.312736 -0.704690
vn -0.644002 -0.040577 -0.763947
vn -0.588528 -0.034558 -0.807738
vn -0.590685 0.321797 -0.739958
vn -0.635762 -0.109185 -0.764124
vn -0.546696 -0.447163 -0.707933
vn -0.496505 -0.445212 -0.745164
vn -0.577566 -0.096427 -0.810629
vn -0.137008 -0.944909 -0.297281
vn 0.111135 -0.993754 -0.010127
vn 0.091492 -0.995248 -0.033326
vn -0.100590 -0.942758 -0.317944
vn -0.112274 0.993527 0.017297
vn -0.086314 0.919766 0.382858
vn -0.084227 0.919467 0.384040
vn -0.112018 0.993626 0.012609
vn 0.004751 0.385203 0.922819
vn 0.048357 0.038001 0.998107
vn 0.049999 0.038858 0.997993
vn 0.005660 0.384988 0.922904
vn 0.055721 -0.026107 0.998105
vn 0.092219 -0.374779 0.922516
vn 0.093153 -0.375244 0.922233
vn 0.057559 -0.026583 0.997988
vn 0.124895 -0.915966 0.381324
vn 0.113866 -0.993421 0.012184
vn 0.112945 -0.993588 0.005144
vn 0.126852 -0.916266 0.379954
vn -0.106719 0.994137 -0.017413
vn -0.012374 0.929680 -0.368161
vn -0.003881 0.930437 -0.366431
vn -0.111483 0.993766 0.000136
vn 0.184891 0.406932 -0.894551
vn 0.240733 0.060142 -0.968726
vn 0.252530 0.062319 -0.965580
vn 0.194066 0.407727 -0.892243
vn 0.248519 -0.002208 -0.968625
vn 0.270310 -0.353135 -0.895672
vn 0.278254 -0.352260 -0.893581
vn 0.259759 -0.005297 -0.965659
vn 0.192553 -0.906897 -0.374781
vn 0.117809 -0.992713 -0.025332
vn 0.113311 -0.993534 -0.007142
vn 0.201093 -0.906047 -0.372345
vn 0.230770 0.058137 0.971270
vn 0.172973 0.404187 0.898172
vn 0.168670 0.403666 0.899224
vn 0.226135 0.059743 0.972262
vn -0.015383 0.927054 0.374611
vn -0.109177 0.993700 0.025311
vn -0.111918 0.993614 0.014316
vn -0.016607 0.926841 0.375088
vn 0.118072 -0.992939 0.011425
vn 0.195100 -0.908685 0.369091
vn 0.193797 -0.908926 0.369183
vn 0.115335 -0.993327 0.000181
vn 0.260501 -0.356105 0.897401
vn 0.237980 -0.004382 0.971260
vn 0.233818 -0.006865 0.972256
vn 0.256177 -0.356732 0.898396
vn -0.111898 0.993718 0.001785
vn 0.267178 0.961086 -0.070212
vn 0.272600 0.962070 -0.010557
vn -0.111805 0.993728 0.001989
vn 0.858297 0.484890 -0.167953
vn 0.972564 0.144681 -0.182172
vn 0.988711 0.146593 -0.030995
vn 0.872656 0.487439 -0.029569
vn 0.979976 0.080376 -0.182171
vn 0.946107 -0.276900 -0.167951
vn 0.960669 -0.276119 -0.029562
vn 0.996135 0.082179 -0.030995
vn 0.478849 -0.875085 -0.070217
vn 0.114711 -0.993396 -0.002306
vn 0.114804 -0.993386 -0.002101
vn 0.484354 -0.874808 -0.010558
vn -0.112101 0.993682 0.005486
vn -0.008457 0.929852 0.367838
vn -0.044912 0.923805 0.380221
vn -0.112660 0.993614 0.006286
vn 0.237149 0.417819 0.877033
vn 0.294175 0.066404 0.953442
vn 0.155142 0.050230 0.986614
vn 0.103173 0.396221 0.912340
vn 0.301620 0.001951 0.953426
vn 0.326038 -0.355037 0.876155
vn 0.190805 -0.364139 0.911590
vn 0.162459 -0.013520 0.986623
vn 0.201910 -0.909837 0.362531
vn 0.114503 -0.993422 0.001364
vn 0.114035 -0.993474 0.002225
vn 0.166353 -0.911861 0.375281
vn -0.933555 -0.144683 -0.327935
vn -0.817563 -0.488623 -0.304695
vn -0.804930 -0.487859 -0.337759
vn -0.918691 -0.142173 -0.368501
vn -0.116793 -0.857562 -0.500946
vn 0.112627 -0.993631 -0.003413
vn 0.019856 -0.996883 -0.076349
vn -0.189888 -0.968085 -0.163564
vn -0.115168 0.993321 -0.007078
vn -0.146066 0.913219 -0.380390
vn -0.158586 0.911532 -0.379422
vn -0.115440 0.993285 -0.007641
vn -0.142129 0.368717 -0.918612
vn -0.110009 0.020158 -0.993726
vn -0.143112 0.017154 -0.989558
vn -0.172073 0.364998 -0.914969
vn -0.102594 -0.044931 -0.993708
vn -0.054724 -0.391703 -0.918463
vn -0.085582 -0.395207 -0.914597
vn -0.136022 -0.047923 -0.989546
vn 0.065169 -0.922458 -0.380557
vn 0.113622 -0.993498 -0.007213
vn 0.113270 -0.993534 -0.007768
vn 0.051438 -0.924279 -0.378236
vn -0.252855 -0.016538 -0.967363
vn -0.272134 0.149169 -0.950627
vn -0.267694 0.189369 -0.944711
vn -0.248172 -0.005829 -0.968698
vn -0.274309 0.680182 -0.679785
vn -0.274309 0.680182 -0.679785
vn -0.117715 0.992986 -0.011029
vn -0.263819 0.719312 -0.642643
vn 0.113136 -0.993563 -0.005720
vn 0.113128 -0.993564 -0.005711
vn -0.113128 0.993564 0.005711
vn -0.113136 0.993563 0.005719
vn -0.078868 0.033600 -0.996319
vn -0.060640 -0.030251 -0.997701
vn -0.017911 -0.045085 -0.998823
vn -0.028112 0.021670 -0.999370
vn -0.112830 0.993610 0.002989
vn -0.115387 0.993317 -0.002610
vn -0.115651 0.993277 0.004978
vn -0.029564 0.029794 0.999119
vn -0.022163 -0.035559 0.999122
vn -0.118470 0.992949 -0.004067
vn -0.113971 0.993483 0.001155
vn -0.114226 0.993455 -0.000083
vn -0.117217 0.993016 0.013358
vn -0.085639 0.021637 0.996091
vn -0.078493 -0.040682 0.996084
vn -0.244567 -0.048247 -0.968432
vn -0.249980 -0.043988 -0.967251
vn 0.112828 -0.993610 -0.002991
vn 0.129014 0.047734 -0.990493
vn 0.137925 -0.016249 -0.990309
vn 0.001305 0.032880 -0.999458
vn 0.008904 -0.030665 -0.999490
vn -0.192939 0.007054 -0.981185
vn -0.180426 -0.054647 -0.982069
vn -0.122825 0.990402 -0.063391
vn -0.113105 0.992483 -0.046734
vn -0.105900 0.993513 -0.041449
vn 0.119855 -0.991568 -0.049275
vn 0.114798 -0.991896 -0.054434
vn 0.098391 -0.993267 -0.061161
vn 0.142544 0.049592 0.988545
vn 0.150123 -0.016273 0.988533
vn 0.053177 0.039282 0.997812
vn 0.060671 -0.026404 0.997809
vn -0.110545 0.992191 0.057758
vn -0.106205 0.992814 0.055136
vn 0.120300 -0.991892 0.040973
vn 0.117023 -0.992163 0.043807
vn 0.915901 0.138293 -0.376829
vn 0.923345 0.073705 -0.376830
vn 0.787570 0.123440 -0.603735
vn 0.794999 0.058964 -0.603738
vn 0.605245 0.102426 -0.789423
vn 0.612679 0.037941 -0.789420
vn 0.381376 0.076600 -0.921241
vn 0.388809 0.012172 -0.921238
vn 0.131535 0.047545 -0.990171
vn 0.138876 -0.016267 -0.990176
vn 0.650091 0.107584 0.752202
vn 0.657528 0.043011 0.752201
vn 0.817731 0.126990 0.561418
vn 0.825248 0.062251 0.561330
vn 0.953525 0.142901 0.265273
vn 0.961060 0.077710 0.265188
vn 0.114488 -0.993421 -0.002511
vn 0.114337 -0.993438 -0.002790
vn 0.114131 -0.993461 -0.003039
vn 0.113874 -0.993490 -0.003265
vn 0.113577 -0.993523 -0.003644
vn 0.113211 -0.993563 -0.004020
vn 0.112788 -0.993595 -0.006850
vn 0.113346 -0.993553 -0.002057
vn 0.113780 -0.993505 -0.001465
vn 0.114053 -0.993475 -0.000480
vn 0.114518 -0.993421 -0.000778
vn 0.114595 -0.993412 -0.001225
vn 0.114679 -0.993401 -0.001716
vn -0.924015 -0.067666 -0.376320
vn -0.941547 -0.084962 -0.325993
vn -0.304042 0.952532 -0.015528
vn -0.113364 0.993551 0.002058
vn 0.115072 -0.993307 0.009966
vn 0.115057 -0.993358 0.001538
vn -0.049655 0.027208 -0.998396
vn -0.042717 -0.038444 -0.998347
vn 0.027949 0.036103 -0.998957
vn 0.034306 -0.029334 -0.998981
vn 0.105487 0.045017 -0.993401
vn 0.111463 -0.020209 -0.993563
vn 0.181969 0.053925 -0.981825
vn 0.187901 -0.011134 -0.982125
vn -0.098580 0.992616 -0.070681
vn -0.104628 0.992393 -0.064878
vn -0.110912 0.992002 -0.060252
vn -0.116419 0.991511 -0.057902
vn 0.110369 -0.992176 -0.058358
vn 0.113525 -0.991662 -0.060977
vn 0.117280 -0.990979 -0.064856
vn 0.123537 -0.989741 -0.071770
vn 0.113545 -0.993525 -0.003963
vn 0.113944 -0.993304 0.019077
vn -0.190090 0.012748 -0.981684
vn -0.185593 -0.053026 -0.981195
vn -0.129846 0.984980 -0.113814
vn 0.087781 -0.989937 -0.110994
vn -0.336086 -0.003757 -0.941824
vn -0.322774 -0.066067 -0.944167
vn -0.590055 -0.034064 -0.806644
vn -0.590713 -0.099037 -0.800780
vn -0.797057 -0.058688 -0.601046
vn -0.801544 -0.124112 -0.584913
vn -0.386924 0.908112 -0.160072
vn -0.250930 0.954813 -0.159270
vn -0.175469 0.971070 -0.161966
vn -0.113409 0.993547 -0.001653
vn 0.040457 -0.981019 -0.189642
vn -0.037313 -0.980177 -0.194577
vn -0.124637 -0.974021 -0.189071
vn -0.113278 0.993563 -0.000511
vn -0.113033 0.993591 0.000445
vn -0.112734 0.993625 0.000827
vn -0.112477 0.993654 0.001053
vn -0.112271 0.993677 0.001302
vn -0.112120 0.993693 0.001582
vn -0.111926 0.993714 0.002375
vn -0.112004 0.993704 0.002870
vn -0.112080 0.993694 0.003322
vn -0.047800 0.027411 0.998481
vn -0.040512 -0.036888 0.998498
vn -0.006099 0.031800 0.999476
vn 0.001295 -0.032352 0.999476
vn 0.035704 0.036544 0.998694
vn 0.043082 -0.027467 0.998694
vn 0.077433 0.041313 0.996141
vn 0.084801 -0.022608 0.996141
vn 0.119012 0.045845 0.991834
vn 0.126276 -0.018091 0.991830
vn -0.107131 0.992208 0.063612
vn -0.109146 0.991966 0.063954
vn -0.111936 0.991653 0.063990
vn -0.114699 0.991404 0.062940
vn -0.118136 0.991181 0.060037
vn 0.112074 -0.991744 0.062314
vn 0.113847 -0.991503 0.062936
vn 0.116575 -0.991117 0.064010
vn 0.119360 -0.990789 0.063958
vn 0.122640 -0.990529 0.061732
vn -0.847535 -0.097699 0.521670
vn -0.847535 -0.097699 0.521670
vn -0.847535 -0.097699 0.521670
vn -0.847535 -0.097699 0.521670
vn -0.847535 -0.097699 0.521670
vn -0.847535 -0.097699 0.521670
vn -0.847535 -0.097699 0.521670
vn -0.847535 -0.097699 0.521670
vn -0.847535 -0.097699 0.521670
vn -0.847535 -0.097699 0.521670
vn -0.847535 -0.097699 0.521670
vn -0.847535 -0.097699 0.521670
vn -0.128627 -0.401499 -0.906782
vn 0.032719 -0.926636 -0.374534
vn -0.064933 0.378834 0.923184
vn -0.120093 0.917587 0.378962
vn 0.090730 -0.918637 0.384545
vn 0.022464 -0.382182 0.923814
vn 0.097710 -0.376320 0.921323
vn 0.125568 -0.917611 0.377125
vn -0.120108 0.372564 0.920201
vn -0.136657 0.915835 0.377585
vn 0.075014 -0.919800 0.385151
vn -0.032573 -0.387612 0.921247
vn 0.083232 0.396219 -0.914376
vn -0.060306 0.924503 -0.376373
vn 0.210339 -0.361145 -0.908478
vn 0.178322 -0.909637 -0.375183
vn -0.036530 0.382157 -0.923375
vn -0.108669 0.918447 -0.380324
vn 0.147391 -0.912089 -0.382584
vn 0.170936 -0.365175 -0.915111
vn -0.219206 0.362463 -0.905852
vn -0.168655 0.911886 -0.374193
vn 0.102144 -0.917829 -0.383609
vn 0.051135 -0.379371 -0.923831
vn 0.091241 0.394499 0.914355
vn -0.048153 0.922398 0.383228
vn 0.010181 0.385073 0.922830
vn -0.085160 0.918382 0.386422
vn 0.161849 -0.913678 0.372824
vn 0.178782 -0.366908 0.912916
vn 0.805915 0.480900 -0.345308
vn 0.241516 0.959003 -0.148267
vn 0.453362 -0.878906 -0.148278
vn 0.894183 -0.284938 -0.345321
vn 0.689489 0.467324 -0.553365
vn 0.188367 0.952843 -0.237925
vn 0.400193 -0.885008 -0.237921
vn 0.777719 -0.298218 -0.553371
vn 0.523601 0.448316 -0.724468
vn 0.114310 0.944204 -0.308887
vn 0.326042 -0.893482 -0.308848
vn 0.611862 -0.317456 -0.724463
vn 0.318913 0.424931 -0.847188
vn 0.025520 0.933919 -0.356572
vn 0.237269 -0.903669 -0.356492
vn 0.407215 -0.341232 -0.847193
vn 0.087509 0.397982 -0.913210
vn -0.069348 0.923052 -0.378371
vn 0.142530 -0.914630 -0.378334
vn 0.176014 -0.367744 -0.913117
vn -0.061143 0.378230 -0.923690
vn -0.100917 0.918762 -0.381695
vn 0.078735 -0.920277 -0.383263
vn 0.019406 -0.382385 -0.923799
vn -0.107118 0.374989 -0.920820
vn -0.111935 0.918835 -0.378435
vn 0.060339 -0.920955 -0.384969
vn -0.020733 -0.386430 -0.922086
vn 0.566418 0.453269 0.688272
vn 0.130556 0.945252 0.299090
vn 0.338928 -0.893328 0.295116
vn 0.654350 -0.314467 0.687704
vn 0.157292 -0.367370 0.916678
vn 0.153254 -0.912733 0.378724
vn 0.717958 0.469909 0.513538
vn 0.201869 0.953290 0.224693
vn 0.410080 -0.884356 0.223043
vn 0.805722 -0.295397 0.513374
vn 0.839405 0.488307 0.238653
vn 0.251711 0.961315 0.111872
vn 0.462828 -0.879352 0.111943
vn 0.928404 -0.284803 0.238647
vn -0.069508 -0.825383 -0.560278
vn -0.234476 -0.201658 -0.950976
vn -0.224115 -0.233322 -0.946220
vn -0.695847 -0.474624 -0.539007
vn -0.159965 -0.954649 -0.251111
vn -0.087014 0.375462 -0.922744
vn -0.120863 0.916234 -0.381977
vn -0.132159 -0.400975 -0.906506
vn 0.028897 -0.927308 -0.373181
vn -0.015734 0.383805 -0.923280
vn -0.088944 0.919855 -0.382041
vn 0.089223 -0.919693 -0.382366
vn -0.000599 -0.385778 -0.922591
vn 0.055996 0.391908 -0.918299
vn -0.057475 0.923253 -0.379870
vn 0.119339 -0.916222 -0.382486
vn 0.069487 -0.377600 -0.923358
vn 0.126770 0.399821 -0.907785
vn -0.027867 0.926784 -0.374560
vn 0.148755 -0.913068 -0.379708
vn 0.140032 -0.369367 -0.918673
vn -0.512622 0.854905 -0.079726
vn -0.504088 0.857212 -0.105275
vn -0.923447 0.266541 -0.276047
vn -0.906918 0.270009 -0.323411
vn -0.213142 0.360321 -0.908152
vn -0.174916 0.909266 -0.377677
vn -0.357076 0.352621 -0.864960
vn -0.210104 0.912971 -0.349771
vn -0.594316 0.321154 -0.737325
vn -0.317539 0.897740 -0.305338
vn -0.012594 -0.926708 -0.375571
vn -0.263593 -0.414239 -0.871163
vn -0.787142 0.291559 -0.543509
vn -0.430700 0.874693 -0.222285
vn -0.102112 -0.939289 -0.327582
vn -0.510224 -0.446259 -0.735204
vn -0.086017 0.376122 0.922569
vn -0.121512 0.916453 0.381247
vn -0.046984 0.380007 0.923790
vn -0.105048 0.917845 0.382787
vn 0.091584 -0.918949 0.383595
vn 0.002245 -0.384690 0.923043
vn -0.008076 0.384248 0.923194
vn -0.089451 0.919683 0.382337
vn 0.106509 -0.917703 0.382724
vn 0.040694 -0.380745 0.923784
vn 0.030836 0.388721 0.920839
vn -0.074046 0.921499 0.381256
vn 0.122094 -0.915936 0.382302
vn 0.079548 -0.376025 0.923188
vn 0.069444 0.392995 0.916915
vn -0.059264 0.922871 0.380522
vn 0.137508 -0.914190 0.381246
vn 0.118455 -0.371513 0.920840
s 1
g Chair Armrest_L
usemtl initialShadingGroup
f 1753/1979/2561 1755/2174/2562 1757/2175/2563 1756/1980/2564
s 2
f 1755/2174/2565 1754/1965/2566 1758/2009/2567 1757/2175/2568
f 1761/1971/2569 1760/2177/2570 1763/2178/2571 1762/1972/2572
s 4
f 1760/2177/2573 1759/1966/2574 1764/2019/2575 1763/2178/2576
s 1
f 1767/1989/2577 1766/2179/2578 1769/2182/2579 1768/2020/2580
s 6
f 1766/2180/2581 1765/1981/2582 1770/2027/2583 1769/2181/2584
f 1773/1992/2585 1772/2183/2586 1775/2186/2587 1774/1982/2588
s 4
f 1772/2184/2589 1771/2002/2590 1776/2036/2591 1775/2185/2592
s 1
f 1785/2014/2593 1784/2191/2594 1787/2192/2595 1786/2022/2596
s 2
f 1784/2191/2597 1783/1983/2598 1788/2081/2599 1787/2192/2600
f 1791/2004/2601 1790/2193/2602 1793/2194/2603 1792/1984/2604
s 4
f 1790/2193/2605 1789/2001/2606 1794/2094/2607 1793/2194/2608
s 6
f 1814/1976/2609 1813/2201/2610 1817/2204/2611 1816/1975/2612
s 1
f 1813/2202/2613 1815/1967/2614 1818/2032/2615 1817/2203/2616
s 4
f 1820/1977/2617 1819/2206/2618 1823/2208/2619 1822/1978/2620
s 6
f 1819/2205/2621 1821/1968/2622 1824/2024/2623 1823/2207/2624
s 1
f 1839/2127/2625 1838/2217/2626 1841/2220/2627 1840/2128/2628
s 6
f 1838/2218/2629 1837/1973/2630 1842/2055/2631 1841/2219/2632
f 1845/2038/2633 1844/2221/2634 1847/2224/2635 1846/1974/2636
s 4
f 1844/2222/2637 1843/1969/2638 1848/2172/2639 1847/2223/2640
s 1
f 1887/2129/2641 1886/2241/2642 1889/2244/2643 1888/2125/2644
s 6
f 1886/2242/2645 1885/1985/2646 1890/2140/2647 1889/2243/2648
f 1893/2050/2649 1892/2245/2650 1895/2248/2651 1894/1986/2652
s 4
f 1892/2246/2653 1891/1970/2654 1896/2155/2655 1895/2247/2656
s 6
f 1917/2000/2657 1916/2261/2658 1919/2262/2659 1918/2066/2660
s 4
f 1916/2261/2661 1915/2070/2662 1920/2124/2663 1919/2262/2664
s 1
f 1923/2088/2665 1922/2263/2666 1925/2264/2667 1924/1990/2668
s 2
f 1922/2263/2669 1921/1993/2670 1926/2100/2671 1925/2264/2672
f 1929/2074/2673 1928/2265/2674 1931/2266/2675 1930/1994/2676
s 4
f 1928/2265/2677 1927/2071/2678 1932/2107/2679 1931/2266/2680
s 2
f 1959/2067/2681 1958/2275/2682 1961/2276/2683 1960/1999/2684
s 1
f 1958/2275/2685 1957/1996/2686 1962/2104/2687 1961/2276/2688
s 2
f 1758/2009/2567 1754/1965/2566 1761/1971/2569 1762/1972/2572
s 6
f 1837/1973/2630 1845/2038/2633 1846/1974/2636 1842/2055/2631
f 1816/1975/2612 1824/2024/2623 1821/1968/2622 1814/1976/2609
s 4
f 1764/2019/2575 1759/1966/2574 1820/1977/2617 1822/1978/2620 1742/2035/2689 1740/2018/2690
s 1
f 1818/2032/2615 1815/1967/2614 1753/1979/2561 1756/1980/2564 1739/2021/2691 1741/2031/2692
s 6
f 1765/1981/2582 1773/1992/2585 1774/1982/2588 1770/2027/2583
s 2
f 1783/1983/2598 1791/2004/2601 1792/1984/2604 1788/2081/2599
s 6
f 1885/1985/2646 1893/2050/2649 1894/1986/2652 1890/2140/2647
f 1975/1987/2693 1980/2109/2694 1884/1988/2695 1879/2047/2696
s 1
f 1767/1989/2577 1745/2087/2697 1923/2088/2665 1924/1990/2668 1747/2103/2698 1779/1995/2699
s 6
f 1777/1991/2700 1782/1998/2701 1773/1992/2585 1765/1981/2582
s 2
f 1921/1993/2670 1929/2074/2673 1930/1994/2676 1926/2100/2671
s 1
f 1779/1995/2699 1747/2103/2698 1962/2104/2687 1957/1996/2702 1743/2069/2703 1751/2147/2704 2001/2148/2705
s 6
f 1999/1997/2706 2004/2131/2707 1782/1998/2701 1777/1991/2700
s 2
f 1960/1999/2684 1965/2099/2708 1917/2000/2709 1959/2067/2681
s 4
f 1789/2001/2606 1740/2018/2690 1742/2035/2689 1776/2036/2591 1771/2002/2590 1746/2093/2710 1794/2094/2607
s 2
f 1783/1983/2598 1795/2003/2711 1798/2006/2712 1791/2004/2601
f 1795/2003/2711 1801/2005/2713 1804/2008/2714 1798/2006/2712
f 1801/2005/2713 1807/2007/2715 1810/2010/2716 1804/2008/2714
f 1807/2007/2715 1758/2009/2567 1762/1972/2572 1810/2010/2716
s 1
f 1739/2021/2691 1756/1980/2564 1809/2011/2717
f 1739/2021/2691 1809/2011/2717 1803/2012/2718
f 1739/2021/2691 1803/2012/2718 1797/2013/2719
f 1739/2021/2691 1797/2013/2719 1785/2014/2593
s 4
f 1740/2018/2690 1789/2001/2606 1800/2015/2720
f 1740/2018/2690 1800/2015/2720 1806/2016/2721
f 1740/2018/2690 1806/2016/2721 1812/2017/2722
f 1740/2018/2690 1812/2017/2722 1764/2019/2575
s 1
f 1768/2020/2580 1741/2031/2692 1739/2021/2691 1785/2014/2593 1786/2022/2596 1745/2087/2697 1767/1989/2577
s 6
f 1816/1975/2612 1825/2023/2723 1828/2026/2724 1824/2024/2623
f 1825/2023/2723 1831/2025/2725 1834/2028/2726 1828/2026/2724
f 1831/2025/2725 1770/2027/2583 1774/1982/2588 1834/2028/2726
s 1
f 1741/2031/2692 1768/2020/2580 1833/2029/2727
f 1741/2031/2692 1833/2029/2727 1827/2030/2728
f 1741/2031/2692 1827/2030/2728 1818/2032/2615
s 4
f 1742/2035/2689 1822/1978/2620 1830/2033/2729
f 1742/2035/2689 1830/2033/2729 1836/2034/2730
f 1742/2035/2689 1836/2034/2730 1776/2036/2591
s 6
f 1837/1973/2630 1849/2037/2731 1854/2040/2732 1845/2038/2633
f 1849/2037/2731 1855/2039/2733 1860/2042/2734 1854/2040/2732
f 1855/2039/2733 1861/2041/2735 1866/2044/2736 1860/2042/2734
f 1861/2041/2735 1867/2043/2737 1872/2046/2738 1866/2044/2736
f 1867/2043/2737 1873/2045/2739 1878/2048/2740 1872/2046/2738
f 1873/2045/2739 1879/2047/2696 1884/1988/2695 1878/2048/2740
f 1885/1985/2646 1897/2049/2741 1902/2052/2742 1893/2050/2649
f 1897/2049/2741 1903/2051/2743 1908/2054/2744 1902/2052/2742
f 1903/2051/2743 1909/2053/2745 1914/2056/2746 1908/2054/2744
f 1909/2053/2745 1842/2055/2631 1846/1974/2636 1914/2056/2746
s 4
f 1848/2172/2639 1843/1969/2638 1852/2057/2747 1858/2058/2748 1864/2059/2749 1870/2060/2750 1876/2061/2751 1882/2062/2752 1978/2063/2753 1750/2123/2754 1744/2097/2755 1752/2154/2756 1896/2155/2655 1891/1970/2654 1900/2064/2757 1906/2065/2758 1912/2171/2759
s 6
f 1918/2066/2660 1974/2114/2760 1959/2067/2761 1917/2000/2657
s 1
f 1957/1996/2702 1972/2068/2762 1749/2126/2763 1743/2069/2703
s 4
f 1915/2070/2662 1744/2097/2755 1750/2123/2754 1920/2124/2663
f 1927/2071/2678 1746/2093/2710 1771/2002/2590 1780/2072/2764 1748/2106/2765 1932/2107/2679
s 2
f 1921/1993/2670 1933/2073/2766 1936/2076/2767 1929/2074/2673
f 1933/2073/2766 1939/2075/2768 1942/2078/2769 1936/2076/2767
f 1939/2075/2768 1945/2077/2770 1948/2080/2771 1942/2078/2769
f 1945/2077/2770 1951/2079/2772 1954/2082/2773 1948/2080/2771
f 1951/2079/2772 1788/2081/2599 1792/1984/2604 1954/2082/2773
s 1
f 1745/2087/2697 1786/2022/2596 1953/2083/2774
f 1745/2087/2697 1953/2083/2774 1947/2084/2775
f 1745/2087/2697 1947/2084/2775 1941/2085/2776
f 1745/2087/2697 1941/2085/2776 1935/2086/2777
f 1745/2087/2697 1935/2086/2777 1923/2088/2665
s 4
f 1746/2093/2710 1927/2071/2678 1938/2089/2778
f 1746/2093/2710 1938/2089/2778 1944/2090/2779
f 1746/2093/2710 1944/2090/2779 1950/2091/2780
f 1746/2093/2710 1950/2091/2780 1956/2092/2781
f 1746/2093/2710 1956/2092/2781 1794/2094/2607
f 1963/2095/2782 1748/2106/2765 1780/2072/2764 2002/2096/2783 1752/2154/2756 1744/2097/2755 1915/2070/2662
s 2
f 1960/1999/2684 1966/2098/2784 1969/2101/2785 1965/2099/2708
f 1966/2098/2784 1926/2100/2671 1930/1994/2676 1969/2101/2785
s 1
f 1747/2103/2698 1924/1990/2668 1968/2102/2786
f 1747/2103/2698 1968/2102/2786 1962/2104/2687
s 4
f 1748/2106/2765 1963/2095/2782 1971/2105/2787
f 1748/2106/2765 1971/2105/2787 1932/2107/2679
s 6
f 1975/1987/2693 1981/2108/2788 1984/2111/2789 1980/2109/2694
f 1981/2108/2788 1987/2110/2790 1990/2113/2791 1984/2111/2789
f 1987/2110/2790 1993/2112/2792 1996/2115/2793 1990/2113/2791
f 1993/2112/2792 1974/2114/2760 1918/2066/2660 1996/2115/2793
s 1
f 1749/2126/2763 1972/2068/2762 1995/2116/2794
f 1749/2126/2763 1995/2116/2794 1989/2117/2795
f 1749/2126/2763 1989/2117/2795 1983/2118/2796
f 1749/2126/2763 1983/2118/2796 1977/2119/2797
s 4
f 1750/2123/2754 1978/2063/2753 1986/2120/2798
f 1750/2123/2754 1986/2120/2798 1992/2121/2799
f 1750/2123/2754 1992/2121/2799 1998/2122/2800
f 1750/2123/2754 1998/2122/2800 1920/2124/2663
s 1
f 1888/2125/2644 1751/2147/2704 1743/2069/2703 1749/2126/2763 1977/2119/2797 1881/2167/2801 1875/2166/2802 1869/2165/2803 1863/2164/2804 1857/2163/2805 1851/2162/2806 1839/2127/2625 1840/2128/2628 1911/2170/2807 1905/2169/2808 1899/2168/2809 1887/2129/2641
s 6
f 1999/1997/2706 2005/2130/2810 2008/2133/2811 2004/2131/2707
f 2005/2130/2810 2011/2132/2812 2014/2135/2813 2008/2133/2811
f 2011/2132/2812 2017/2134/2814 2020/2137/2815 2014/2135/2813
f 2017/2134/2814 2023/2136/2816 2026/2139/2817 2020/2137/2815
f 2023/2136/2816 2029/2138/2818 2032/2141/2819 2026/2139/2817
f 2029/2138/2818 1890/2140/2647 1894/1986/2652 2032/2141/2819
s 1
f 1751/2147/2704 1888/2125/2644 2031/2142/2820
f 1751/2147/2704 2031/2142/2820 2025/2143/2821
f 1751/2147/2704 2025/2143/2821 2019/2144/2822
f 1751/2147/2704 2019/2144/2822 2013/2145/2823
f 1751/2147/2704 2013/2145/2823 2007/2146/2824
f 1751/2147/2704 2007/2146/2824 2001/2148/2705
s 4
f 1752/2154/2756 2002/2096/2783 2010/2149/2825
f 1752/2154/2756 2010/2149/2825 2016/2150/2826
f 1752/2154/2756 2016/2150/2826 2022/2151/2827
f 1752/2154/2756 2022/2151/2827 2028/2152/2828
f 1752/2154/2756 2028/2152/2828 2034/2153/2829
f 1752/2154/2756 2034/2153/2829 1896/2155/2655
s off
f 1819/2205/2830 1820/2156/2831 1759/2157/2832 1760/2176/2833 1761/2158/2834 1754/2159/2835 1755/2173/2836 1753/2160/2837 1815/2161/2838 1813/2201/2839 1814/1976/2840 1821/1968/2841
s 2
f 1762/1972/2572 1763/2178/2571 1811/2200/2842 1810/2010/2716
s 4
f 1763/2178/2576 1764/2019/2575 1812/2017/2722 1811/2200/2843
s 6
f 1765/1981/2582 1766/2180/2581 1778/2188/2844 1777/1991/2700
s 1
f 1766/2179/2578 1767/1989/2577 1779/1995/2699 1778/2187/2845
s 4
f 1771/2002/2590 1772/2184/2589 1781/2190/2846 1780/2072/2764
s 6
f 1772/2183/2586 1773/1992/2585 1782/1998/2701 1781/2189/2847
f 1774/1982/2588 1775/2186/2587 1835/2216/2848 1834/2028/2726
s 4
f 1775/2185/2592 1776/2036/2591 1836/2034/2730 1835/2215/2849
s 6
f 1777/1991/2700 1778/2188/2844 2000/2290/2850 1999/1997/2706
s 1
f 1778/2187/2845 1779/1995/2699 2001/2148/2705 2000/2289/2851
s 4
f 1780/2072/2764 1781/2190/2846 2003/2292/2852 2002/2096/2783
s 6
f 1781/2189/2847 1782/1998/2701 2004/2131/2707 2003/2291/2853
s 2
f 1783/1983/2598 1784/2191/2597 1796/2195/2854 1795/2003/2711
s 1
f 1784/2191/2594 1785/2014/2593 1797/2013/2719 1796/2195/2855
s 2
f 1792/1984/2604 1793/2194/2603 1955/2274/2856 1954/2082/2773
s 4
f 1793/2194/2608 1794/2094/2607 1956/2092/2781 1955/2274/2857
s 2
f 1795/2003/2711 1796/2195/2854 1802/2197/2858 1801/2005/2713
s 1
f 1796/2195/2855 1797/2013/2719 1803/2012/2718 1802/2197/2859
s 4
f 1789/2001/2606 1790/2193/2605 1799/2196/2860 1800/2015/2720
s 2
f 1790/2193/2602 1791/2004/2601 1798/2006/2712 1799/2196/2861
f 1801/2005/2713 1802/2197/2858 1808/2199/2862 1807/2007/2715
s 1
f 1802/2197/2859 1803/2012/2718 1809/2011/2717 1808/2199/2863
s 4
f 1800/2015/2720 1799/2196/2860 1805/2198/2864 1806/2016/2721
s 2
f 1799/2196/2861 1798/2006/2712 1804/2008/2714 1805/2198/2865
s 1
f 1756/1980/2564 1757/2175/2563 1808/2199/2863 1809/2011/2717
s 2
f 1757/2175/2568 1758/2009/2567 1807/2007/2715 1808/2199/2862
s 4
f 1806/2016/2721 1805/2198/2864 1811/2200/2843 1812/2017/2722
s 2
f 1805/2198/2865 1804/2008/2714 1810/2010/2716 1811/2200/2842
s 6
f 1816/1975/2612 1817/2204/2611 1826/2210/2866 1825/2023/2723
s 1
f 1817/2203/2616 1818/2032/2615 1827/2030/2728 1826/2209/2867
s 6
f 1825/2023/2723 1826/2210/2866 1832/2214/2868 1831/2025/2725
s 1
f 1826/2209/2867 1827/2030/2728 1833/2029/2727 1832/2213/2869
s 4
f 1822/1978/2620 1823/2208/2619 1829/2212/2870 1830/2033/2729
s 6
f 1823/2207/2624 1824/2024/2623 1828/2026/2724 1829/2211/2871
s 1
f 1768/2020/2580 1769/2182/2579 1832/2213/2869 1833/2029/2727
s 6
f 1769/2181/2584 1770/2027/2583 1831/2025/2725 1832/2214/2868
s 4
f 1830/2033/2729 1829/2212/2870 1835/2215/2849 1836/2034/2730
s 6
f 1829/2211/2871 1828/2026/2724 1834/2028/2726 1835/2216/2848
f 1837/1973/2630 1838/2218/2629 1850/2226/2872 1849/2037/2731
s 1
f 1838/2217/2626 1839/2127/2625 1851/2162/2806 1850/2225/2873
s 4
f 1843/1969/2638 1844/2222/2637 1853/2228/2874 1852/2057/2747
s 6
f 1844/2221/2634 1845/2038/2633 1854/2040/2732 1853/2227/2875
f 1849/2037/2731 1850/2226/2872 1856/2230/2876 1855/2039/2733
s 1
f 1850/2225/2873 1851/2162/2806 1857/2163/2805 1856/2229/2877
s 4
f 1852/2057/2747 1853/2228/2874 1859/2232/2878 1858/2058/2748
s 6
f 1853/2227/2875 1854/2040/2732 1860/2042/2734 1859/2231/2879
f 1855/2039/2733 1856/2230/2876 1862/2233/2880 1861/2041/2735
s 1
f 1856/2229/2877 1857/2163/2805 1863/2164/2804 1862/2233/2881
s 4
f 1858/2058/2748 1859/2232/2878 1865/2234/2882 1864/2059/2749
s 6
f 1859/2231/2879 1860/2042/2734 1866/2044/2736 1865/2234/2883
f 1861/2041/2735 1862/2233/2880 1868/2235/2884 1867/2043/2737
s 1
f 1862/2233/2881 1863/2164/2804 1869/2165/2803 1868/2235/2885
s 4
f 1864/2059/2749 1865/2234/2882 1871/2236/2886 1870/2060/2750
s 6
f 1865/2234/2883 1866/2044/2736 1872/2046/2738 1871/2236/2887
f 1867/2043/2737 1868/2235/2884 1874/2237/2888 1873/2045/2739
s 1
f 1868/2235/2885 1869/2165/2803 1875/2166/2802 1874/2237/2889
s 4
f 1870/2060/2750 1871/2236/2886 1877/2238/2890 1876/2061/2751
s 6
f 1871/2236/2887 1872/2046/2738 1878/2048/2740 1877/2238/2891
f 1873/2045/2739 1874/2237/2888 1880/2239/2892 1879/2047/2696
s 1
f 1874/2237/2889 1875/2166/2802 1881/2167/2801 1880/2239/2893
s 4
f 1876/2061/2751 1877/2238/2890 1883/2240/2894 1882/2062/2752
s 6
f 1877/2238/2891 1878/2048/2740 1884/1988/2695 1883/2240/2895
f 1879/2047/2696 1880/2239/2892 1976/2281/2896 1975/1987/2693
s 1
f 1880/2239/2893 1881/2167/2801 1977/2119/2797 1976/2281/2897
s 4
f 1882/2062/2752 1883/2240/2894 1979/2282/2898 1978/2063/2753
s 6
f 1883/2240/2895 1884/1988/2695 1980/2109/2694 1979/2282/2899
f 1885/1985/2646 1886/2242/2645 1898/2250/2900 1897/2049/2741
s 1
f 1886/2241/2642 1887/2129/2641 1899/2168/2809 1898/2249/2901
s 4
f 1891/1970/2654 1892/2246/2653 1901/2252/2902 1900/2064/2757
s 6
f 1892/2245/2650 1893/2050/2649 1902/2052/2742 1901/2251/2903
f 1894/1986/2652 1895/2248/2651 2033/2312/2904 2032/2141/2819
s 4
f 1895/2247/2656 1896/2155/2655 2034/2153/2829 2033/2311/2905
s 6
f 1897/2049/2741 1898/2250/2900 1904/2254/2906 1903/2051/2743
s 1
f 1898/2249/2901 1899/2168/2809 1905/2169/2808 1904/2253/2907
s 4
f 1900/2064/2757 1901/2252/2902 1907/2256/2908 1906/2065/2758
s 6
f 1901/2251/2903 1902/2052/2742 1908/2054/2744 1907/2255/2909
f 1903/2051/2743 1904/2254/2906 1910/2258/2910 1909/2053/2745
s 1
f 1904/2253/2907 1905/2169/2808 1911/2170/2807 1910/2257/2911
s 4
f 1906/2065/2758 1907/2256/2908 1913/2260/2912 1912/2171/2759
s 6
f 1907/2255/2909 1908/2054/2744 1914/2056/2746 1913/2259/2913
s 1
f 1840/2128/2628 1841/2220/2627 1910/2257/2911 1911/2170/2807
s 6
f 1841/2219/2632 1842/2055/2631 1909/2053/2745 1910/2258/2910
f 1846/1974/2636 1847/2224/2635 1913/2259/2913 1914/2056/2746
s 4
f 1847/2223/2640 1848/2172/2639 1912/2171/2759 1913/2260/2912
f 1915/2070/2662 1916/2261/2661 1964/2277/2914 1963/2095/2782
s 2
f 1916/2261/2915 1917/2000/2709 1965/2099/2708 1964/2277/2916
s 6
f 1918/2066/2660 1919/2262/2659 1997/2288/2917 1996/2115/2793
s 4
f 1919/2262/2664 1920/2124/2663 1998/2122/2800 1997/2288/2918
s 2
f 1921/1993/2670 1922/2263/2669 1934/2267/2919 1933/2073/2766
s 1
f 1922/2263/2666 1923/2088/2665 1935/2086/2777 1934/2267/2920
s 2
f 1930/1994/2676 1931/2266/2675 1970/2279/2921 1969/2101/2785
s 4
f 1931/2266/2680 1932/2107/2679 1971/2105/2787 1970/2279/2922
s 2
f 1933/2073/2766 1934/2267/2919 1940/2269/2923 1939/2075/2768
s 1
f 1934/2267/2920 1935/2086/2777 1941/2085/2776 1940/2269/2924
s 4
f 1927/2071/2678 1928/2265/2677 1937/2268/2925 1938/2089/2778
s 2
f 1928/2265/2674 1929/2074/2673 1936/2076/2767 1937/2268/2926
f 1939/2075/2768 1940/2269/2923 1946/2271/2927 1945/2077/2770
s 1
f 1940/2269/2924 1941/2085/2776 1947/2084/2775 1946/2271/2928
s 4
f 1938/2089/2778 1937/2268/2925 1943/2270/2929 1944/2090/2779
s 2
f 1937/2268/2926 1936/2076/2767 1942/2078/2769 1943/2270/2930
f 1945/2077/2770 1946/2271/2927 1952/2273/2931 1951/2079/2772
s 1
f 1946/2271/2928 1947/2084/2775 1953/2083/2774 1952/2273/2932
s 4
f 1944/2090/2779 1943/2270/2929 1949/2272/2933 1950/2091/2780
s 2
f 1943/2270/2930 1942/2078/2769 1948/2080/2771 1949/2272/2934
s 1
f 1786/2022/2596 1787/2192/2595 1952/2273/2932 1953/2083/2774
s 2
f 1787/2192/2600 1788/2081/2599 1951/2079/2772 1952/2273/2931
s 4
f 1950/2091/2780 1949/2272/2933 1955/2274/2857 1956/2092/2781
s 2
f 1949/2272/2934 1948/2080/2771 1954/2082/2773 1955/2274/2856
s 1
f 1957/1996/2702 1958/2275/2935 1973/2280/2936 1972/2068/2762
s 6
f 1958/2275/2937 1959/2067/2761 1974/2114/2760 1973/2280/2938
s 2
f 1960/1999/2684 1961/2276/2683 1967/2278/2939 1966/2098/2784
s 1
f 1961/2276/2688 1962/2104/2687 1968/2102/2786 1967/2278/2940
f 1924/1990/2668 1925/2264/2667 1967/2278/2940 1968/2102/2786
s 2
f 1925/2264/2672 1926/2100/2671 1966/2098/2784 1967/2278/2939
s 4
f 1963/2095/2782 1964/2277/2914 1970/2279/2922 1971/2105/2787
s 2
f 1964/2277/2916 1965/2099/2708 1969/2101/2785 1970/2279/2921
s 6
f 1975/1987/2693 1976/2281/2896 1982/2283/2941 1981/2108/2788
s 1
f 1976/2281/2897 1977/2119/2797 1983/2118/2796 1982/2283/2942
s 6
f 1981/2108/2788 1982/2283/2941 1988/2285/2943 1987/2110/2790
s 1
f 1982/2283/2942 1983/2118/2796 1989/2117/2795 1988/2285/2944
s 4
f 1978/2063/2753 1979/2282/2898 1985/2284/2945 1986/2120/2798
s 6
f 1979/2282/2899 1980/2109/2694 1984/2111/2789 1985/2284/2946
f 1987/2110/2790 1988/2285/2943 1994/2287/2947 1993/2112/2792
s 1
f 1988/2285/2944 1989/2117/2795 1995/2116/2794 1994/2287/2948
s 4
f 1986/2120/2798 1985/2284/2945 1991/2286/2949 1992/2121/2799
s 6
f 1985/2284/2946 1984/2111/2789 1990/2113/2791 1991/2286/2950
s 1
f 1972/2068/2762 1973/2280/2936 1994/2287/2948 1995/2116/2794
s 6
f 1973/2280/2938 1974/2114/2760 1993/2112/2792 1994/2287/2947
s 4
f 1992/2121/2799 1991/2286/2949 1997/2288/2918 1998/2122/2800
s 6
f 1991/2286/2950 1990/2113/2791 1996/2115/2793 1997/2288/2917
f 1999/1997/2706 2000/2290/2850 2006/2294/2951 2005/2130/2810
s 1
f 2000/2289/2851 2001/2148/2705 2007/2146/2824 2006/2293/2952
s 6
f 2005/2130/2810 2006/2294/2951 2012/2298/2953 2011/2132/2812
s 1
f 2006/2293/2952 2007/2146/2824 2013/2145/2823 2012/2297/2954
s 4
f 2002/2096/2783 2003/2292/2852 2009/2296/2955 2010/2149/2825
s 6
f 2003/2291/2853 2004/2131/2707 2008/2133/2811 2009/2295/2956
f 2011/2132/2812 2012/2298/2953 2018/2302/2957 2017/2134/2814
s 1
f 2012/2297/2954 2013/2145/2823 2019/2144/2822 2018/2301/2958
s 4
f 2010/2149/2825 2009/2296/2955 2015/2300/2959 2016/2150/2826
s 6
f 2009/2295/2956 2008/2133/2811 2014/2135/2813 2015/2299/2960
f 2017/2134/2814 2018/2302/2957 2024/2306/2961 2023/2136/2816
s 1
f 2018/2301/2958 2019/2144/2822 2025/2143/2821 2024/2305/2962
s 4
f 2016/2150/2826 2015/2300/2959 2021/2304/2963 2022/2151/2827
s 6
f 2015/2299/2960 2014/2135/2813 2020/2137/2815 2021/2303/2964
f 2023/2136/2816 2024/2306/2961 2030/2310/2965 2029/2138/2818
s 1
f 2024/2305/2962 2025/2143/2821 2031/2142/2820 2030/2309/2966
s 4
f 2022/2151/2827 2021/2304/2963 2027/2308/2967 2028/2152/2828
s 6
f 2021/2303/2964 2020/2137/2815 2026/2139/2817 2027/2307/2968
s 1
f 1888/2125/2644 1889/2244/2643 2030/2309/2966 2031/2142/2820
s 6
f 1889/2243/2648 1890/2140/2647 2029/2138/2818 2030/2310/2965
s 4
f 2028/2152/2828 2027/2308/2967 2033/2311/2905 2034/2153/2829
s 6
f 2027/2307/2968 2026/2139/2817 2032/2141/2819 2033/2312/2904
g default
v -77.782299 -78.467346 -895.470063
v -77.778871 -79.939509 -895.397570
v -77.781337 -81.418133 -895.449677
v -77.789631 -82.875736 -895.625167
v -77.806803 -85.064911 -895.984970
v -77.810676 -85.064911 -896.066591
v -77.811364 -85.251299 -896.081044
v -77.807522 -85.251299 -896.000107
v -77.807522 -86.949749 -896.000107
v -77.811364 -86.949749 -896.081044
v -77.810603 -87.135936 -896.064993
v -77.806718 -87.135936 -895.983296
v -77.768421 -91.538469 -895.176668
v -77.767039 -91.911134 -895.147610
v -77.769200 -92.287433 -895.193023
v -77.774645 -92.631418 -895.307734
v -77.796360 -93.144152 -895.764904
v -77.794618 -93.630816 -895.728467
v -77.783627 -93.737557 -895.496992
v -77.775692 -93.902131 -895.329946
v -77.770936 -94.151200 -895.229916
v -77.769718 -95.094021 -895.203900
v -77.770364 -95.164371 -895.221244
v -77.772337 -95.216683 -895.271982
v -77.775053 -95.235887 -895.341964
v -77.775205 -95.235887 -895.319448
v -77.775101 -95.476945 -895.317470
v -77.774730 -95.476945 -895.338389
v -77.772099 -95.495838 -895.268482
v -77.770169 -95.547396 -895.217517
v -77.769487 -95.617426 -895.199336
v -77.772446 -102.000947 -895.261408
v -77.773080 -102.072252 -895.274872
v -77.774803 -102.129502 -895.311157
v -77.777245 -102.161385 -895.362579
v -77.783511 -102.200014 -895.494557
v -77.786556 -102.299547 -895.558531
v -77.781209 -102.333498 -895.445950
v -77.778834 -102.369868 -895.396049
v -77.777440 -102.435952 -895.366687
v -77.777452 -102.509204 -895.366991
v -77.787384 -103.411519 -895.580743
v -77.799538 -104.026447 -895.840516
v -77.819561 -104.516755 -896.285591
v -77.852267 -104.946962 -896.837391
v -77.823665 -104.946962 -898.680145
v -77.813355 -104.516986 -899.231184
v -77.797961 -104.026537 -899.675955
v -77.787816 -103.411569 -899.935804
v -77.777452 -102.509204 -900.149404
v -77.777440 -102.435952 -900.149708
v -77.778834 -102.369868 -900.120270
v -77.781209 -102.333498 -900.070369
v -77.786556 -102.299547 -899.957712
v -77.783511 -102.200014 -900.021837
v -77.777245 -102.161385 -900.153740
v -77.774803 -102.129502 -900.205086
v -77.773080 -102.072252 -900.241447
v -77.772446 -102.000947 -900.254835
v -77.769487 -95.617436 -900.317134
v -77.770150 -95.547396 -900.298878
v -77.771996 -95.495858 -900.247836
v -77.774541 -95.476955 -900.177930
v -77.775101 -95.476955 -900.198848
v -77.775205 -95.235887 -900.196871
v -77.774517 -95.235887 -900.174430
v -77.772056 -95.216683 -900.244337
v -77.770297 -95.164371 -900.295075
v -77.769718 -95.094041 -900.312494
v -77.770936 -94.151200 -900.286631
v -77.775692 -93.902141 -900.186449
v -77.783633 -93.737557 -900.019403
v -77.794618 -93.630816 -899.787927
v -77.796360 -93.144152 -899.751339
v -77.774645 -92.631418 -900.208509
v -77.769200 -92.287433 -900.323296
v -77.767039 -91.911134 -900.368709
v -77.768421 -91.538469 -900.339651
v -77.806718 -87.135936 -899.533175
v -77.810603 -87.135936 -899.451477
v -77.811364 -86.949749 -899.435351
v -77.807522 -86.949749 -899.516288
v -77.807522 -85.251299 -899.516288
v -77.811364 -85.251299 -899.435351
v -77.810676 -85.064911 -899.449880
v -77.806803 -85.064911 -899.531425
v -77.789795 -82.875751 -899.891228
v -77.781428 -81.418148 -900.066642
v -77.778944 -79.939509 -900.118824
v -77.782403 -78.467310 -900.046255
v -77.840527 -69.261637 -898.821176
v -77.843091 -68.425883 -898.767243
v -77.840356 -67.583751 -898.824751
v -77.832483 -66.772953 -898.990656
v -77.816388 -65.556750 -899.329540
v -77.816388 -65.136572 -899.329540
v -77.828104 -64.700016 -899.040024
v -77.836063 -64.669208 -898.877923
v -77.836118 -64.589320 -898.914055
v -77.828171 -64.558506 -899.081405
v -77.828171 -62.841906 -899.081405
v -77.828171 -62.841906 -896.434990
v -77.828171 -64.558506 -896.434990
v -77.836118 -64.589320 -896.602340
v -77.836063 -64.669208 -896.638776
v -77.828104 -64.700016 -896.476675
v -77.816388 -65.136572 -896.187007
v -77.816388 -65.556750 -896.187007
v -77.832483 -66.772953 -896.525739
v -77.840356 -67.583751 -896.691644
v -77.843091 -68.425883 -896.749152
v -77.840527 -69.261637 -896.695219
v -74.934183 -81.418143 -897.801252
v -75.158940 -82.875751 -897.797981
v -75.619794 -85.064911 -897.791439
v -75.724314 -85.064911 -897.789842
v -75.742826 -85.251299 -897.789538
v -75.639195 -85.251299 -897.791059
v -75.639195 -86.949749 -897.791059
v -75.742826 -86.949749 -897.789538
v -75.722262 -87.135936 -897.789842
v -75.617638 -87.135936 -897.791439
v -74.584529 -91.538469 -897.806349
v -74.547304 -91.911134 -897.806881
v -74.605502 -92.287433 -897.806044
v -74.752472 -92.631418 -897.803914
v -75.338051 -93.144152 -897.795395
v -75.291241 -93.630816 -897.796079
v -74.994761 -93.737557 -897.800415
v -74.780721 -93.902141 -897.803534
v -74.652458 -94.151200 -897.805512
v -74.619367 -95.094041 -897.805892
v -74.636156 -95.164371 -897.805588
v -74.686498 -95.216683 -897.804675
v -74.756320 -95.235887 -897.803610
v -74.767397 -95.235887 -897.803762
v -74.764834 -95.476955 -897.803762
v -74.752186 -95.476955 -897.803458
v -74.682327 -95.495858 -897.804675
v -74.631479 -95.547396 -897.805664
v -74.613442 -95.617436 -897.806044
v -74.693093 -102.000947 -897.804751
v -74.710259 -102.072252 -897.804523
v -74.756795 -102.129502 -897.803838
v -74.822617 -102.161385 -897.802926
v -74.991540 -102.200014 -897.800491
v -75.073657 -102.299547 -897.799198
v -74.929445 -102.333498 -897.801328
v -74.865499 -102.369868 -897.802241
v -74.827848 -102.435952 -897.802849
v -74.828250 -102.509204 -897.802849
v -75.101894 -103.411569 -897.798818
v -75.402587 -104.026507 -897.794862
v -75.880151 -104.516916 -897.789005
v -76.459890 -104.946962 -897.789614
v -77.837695 -104.946962 -897.775997
v -79.321610 -104.946962 -897.761164
v -79.901751 -104.516805 -897.782463
v -80.379406 -104.026467 -897.793265
v -80.680130 -103.411539 -897.799122
v -80.953768 -102.509204 -897.802849
v -80.954170 -102.435952 -897.802849
v -80.916519 -102.369868 -897.802241
v -80.852573 -102.333498 -897.801328
v -80.708361 -102.299547 -897.799198
v -80.790478 -102.200014 -897.800491
v -80.959401 -102.161385 -897.802926
v -81.025222 -102.129502 -897.803838
v -81.071758 -102.072252 -897.804523
v -81.088925 -102.000947 -897.804751
v -81.168575 -95.617436 -897.806044
v -81.150538 -95.547396 -897.805664
v -81.099679 -95.495858 -897.804675
v -81.029832 -95.476955 -897.803230
v -81.017184 -95.476955 -897.803762
v -81.014621 -95.235887 -897.803762
v -81.025673 -95.235887 -897.803154
v -81.095514 -95.216683 -897.804447
v -81.145862 -95.164371 -897.805512
v -81.162656 -95.094041 -897.805892
v -81.129560 -94.151200 -897.805512
v -81.001297 -93.902141 -897.803534
v -80.787257 -93.737557 -897.800415
v -80.490777 -93.630816 -897.796079
v -80.443967 -93.144152 -897.795395
v -81.029546 -92.631418 -897.803914
v -81.176516 -92.287433 -897.806044
v -81.234714 -91.911134 -897.806881
v -81.197488 -91.538469 -897.806349
v -80.164379 -87.135936 -897.791439
v -80.059756 -87.135936 -897.789842
v -80.039198 -86.949749 -897.789538
v -80.142823 -86.949749 -897.791059
v -80.142823 -85.251299 -897.791059
v -80.039198 -85.251299 -897.789538
v -80.057704 -85.064911 -897.789842
v -80.162224 -85.064911 -897.791439
v -80.623090 -82.875736 -897.798057
v -80.847835 -81.418143 -897.801252
v -80.914600 -79.939509 -897.802317
v -80.821772 -78.467325 -897.800948
v -79.252573 -69.261637 -897.778127
v -79.183476 -68.425883 -897.777062
v -79.257195 -67.583751 -897.778127
v -79.469616 -66.772953 -897.781246
v -79.903688 -65.556750 -897.787712
v -79.903688 -65.136572 -897.787712
v -79.587740 -64.700016 -897.782311
v -79.373134 -64.669208 -897.779268
v -79.371514 -64.589320 -897.779801
v -79.585889 -64.558506 -897.782920
v -79.585889 -62.841906 -897.782920
v -77.828171 -62.841906 -897.782920
v -76.196129 -62.841906 -897.782920
v -76.196129 -64.558506 -897.782920
v -76.410504 -64.589320 -897.779801
v -76.408884 -64.669208 -897.779268
v -76.194278 -64.700016 -897.782311
v -75.878330 -65.136572 -897.787712
v -75.878330 -65.556750 -897.787712
v -76.312402 -66.772953 -897.781246
v -76.524822 -67.583751 -897.778127
v -76.598542 -68.425883 -897.777062
v -76.529444 -69.261637 -897.778127
v -74.960246 -78.467310 -897.800872
v -74.867429 -79.939509 -897.802317
v -80.443967 -93.144152 -896.343327
v -80.366326 -93.144152 -896.054192
v -80.154222 -93.144152 -895.842418
v -79.864484 -93.144152 -895.764904
v -79.910739 -93.630816 -895.728467
v -80.200752 -93.630816 -895.806057
v -80.413063 -93.630816 -896.018059
v -80.490777 -93.630816 -896.307423
v -75.917534 -93.144152 -895.764904
v -75.627796 -93.144152 -895.842418
v -75.415692 -93.144152 -896.054192
v -75.338051 -93.144152 -896.343327
v -75.291241 -93.630816 -896.307423
v -75.368955 -93.630816 -896.018059
v -75.581266 -93.630816 -895.806057
v -75.871278 -93.630816 -895.728467
v -80.490777 -93.630816 -899.208972
v -80.413075 -93.630816 -899.498412
v -80.200770 -93.630816 -899.710338
v -79.910752 -93.630816 -899.787927
v -79.864490 -93.144152 -899.751339
v -80.154228 -93.144152 -899.673825
v -80.366326 -93.144152 -899.462203
v -80.443967 -93.144152 -899.172915
v -75.871266 -93.630816 -899.787927
v -75.581247 -93.630816 -899.710338
v -75.368943 -93.630816 -899.498412
v -75.291241 -93.630816 -899.208972
v -75.338051 -93.144152 -899.172915
v -75.415692 -93.144152 -899.462203
v -75.627789 -93.144152 -899.673825
v -75.917528 -93.144152 -899.751339
v -75.162874 -91.538469 -895.176668
v -74.873696 -91.538469 -895.253953
v -74.662012 -91.538469 -895.465195
v -74.584529 -91.538469 -895.753874
v -75.125363 -91.911134 -895.147610
v -74.836330 -91.911134 -895.224971
v -74.624751 -91.911134 -895.436061
v -74.547304 -91.911134 -895.724664
v -75.184845 -92.287433 -895.193023
v -74.895173 -92.287433 -895.270308
v -74.683118 -92.287433 -895.481321
v -74.605502 -92.287433 -895.769696
v -74.752472 -92.631418 -895.878626
v -74.831367 -92.631418 -895.593142
v -75.046905 -92.631418 -895.384334
v -75.341339 -92.631418 -895.307734
v -80.597173 -92.287433 -895.193023
v -80.886844 -92.287433 -895.270308
v -81.098899 -92.287433 -895.481321
v -81.176516 -92.287433 -895.769696
v -80.440679 -92.631418 -895.307734
v -80.735112 -92.631418 -895.384334
v -80.950650 -92.631418 -895.593142
v -81.029546 -92.631418 -895.878626
v -80.656558 -91.911134 -895.147610
v -80.945633 -91.911134 -895.224971
v -81.157249 -91.911134 -895.436213
v -81.234714 -91.911134 -895.724664
v -81.197488 -91.538469 -895.753874
v -81.120006 -91.538469 -895.465195
v -80.908322 -91.538469 -895.253953
v -80.619144 -91.538469 -895.176668
v -80.597173 -92.287433 -900.323296
v -80.886844 -92.287433 -900.246087
v -81.098899 -92.287433 -900.034921
v -81.176516 -92.287433 -899.746698
v -81.029546 -92.631418 -899.637616
v -80.950656 -92.631418 -899.923101
v -80.735118 -92.631418 -900.132136
v -80.440691 -92.631418 -900.208509
v -80.656655 -91.911134 -900.368709
v -80.945687 -91.911134 -900.291499
v -81.157267 -91.911134 -900.080258
v -81.234714 -91.911134 -899.791731
v -80.619144 -91.538469 -900.339651
v -80.908322 -91.538469 -900.262441
v -81.120006 -91.538469 -900.051048
v -81.197488 -91.538469 -899.762445
v -74.605502 -92.287433 -899.746698
v -74.683118 -92.287433 -900.034921
v -74.895173 -92.287433 -900.246087
v -75.184845 -92.287433 -900.323296
v -75.341327 -92.631418 -900.208509
v -75.046899 -92.631418 -900.132136
v -74.831361 -92.631418 -899.923101
v -74.752472 -92.631418 -899.637616
v -74.547304 -91.911134 -899.791731
v -74.624751 -91.911134 -900.080258
v -74.836330 -91.911134 -900.291499
v -75.125363 -91.911134 -900.368709
v -74.584529 -91.538469 -899.762445
v -74.662012 -91.538469 -900.051048
v -74.873696 -91.538469 -900.262441
v -75.162874 -91.538469 -900.339651
v -80.408532 -93.902141 -900.186449
v -80.704920 -93.902141 -900.110381
v -80.921883 -93.902141 -899.902486
v -81.001297 -93.902141 -899.618523
v -80.161109 -93.737557 -900.019403
v -80.474177 -93.737557 -899.946530
v -80.703362 -93.737557 -899.747611
v -80.787251 -93.737557 -899.475591
v -80.408489 -93.902131 -895.329946
v -80.704896 -93.902131 -895.406090
v -80.921883 -93.902131 -895.613985
v -81.001309 -93.902131 -895.897947
v -80.787263 -93.737557 -896.040880
v -80.703380 -93.737557 -895.768936
v -80.474195 -93.737557 -895.569941
v -80.161128 -93.737557 -895.496992
v -74.780721 -93.902141 -899.618523
v -74.860134 -93.902141 -899.902486
v -75.077097 -93.902141 -900.110381
v -75.373486 -93.902141 -900.186449
v -74.994767 -93.737557 -899.475591
v -75.078656 -93.737557 -899.747611
v -75.307841 -93.737557 -899.946530
v -75.620908 -93.737557 -900.019403
v -75.373528 -93.902131 -895.329946
v -75.077122 -93.902131 -895.406090
v -74.860134 -93.902131 -895.613985
v -74.780709 -93.902131 -895.897947
v -75.620890 -93.737557 -895.496992
v -75.307829 -93.737557 -895.569941
v -75.078638 -93.737557 -895.768936
v -74.994755 -93.737557 -896.040880
v -81.129560 -94.151200 -895.808035
v -81.052095 -94.151200 -895.518975
v -80.840479 -94.151200 -895.307429
v -80.551404 -94.151200 -895.229916
v -80.551404 -94.151200 -900.286631
v -80.840479 -94.151200 -900.209194
v -81.052095 -94.151200 -899.997648
v -81.129560 -94.151200 -899.708664
v -74.652458 -94.151200 -899.708664
v -74.729922 -94.151200 -899.997648
v -74.941539 -94.151200 -900.209194
v -75.230614 -94.151200 -900.286631
v -75.230614 -94.151200 -895.229916
v -74.941539 -94.151200 -895.307429
v -74.729922 -94.151200 -895.518975
v -74.652458 -94.151200 -895.808035
v -81.014621 -95.235887 -896.542778
v -80.850740 -95.235887 -895.931037
v -80.403015 -95.235887 -895.483451
v -79.791416 -95.235887 -895.319448
v -79.499399 -95.476945 -895.317470
v -80.258298 -95.476945 -895.520801
v -80.813837 -95.476945 -896.076328
v -81.017184 -95.476955 -896.835261
v -74.764834 -95.476955 -896.789924
v -74.962115 -95.476945 -896.053735
v -75.501085 -95.476945 -895.514715
v -76.237337 -95.476945 -895.317470
v -75.918034 -95.235887 -895.319448
v -75.342715 -95.235887 -895.473639
v -74.921559 -95.235887 -895.894829
v -74.767397 -95.235887 -896.470209
v -79.863984 -95.235887 -900.196871
v -80.439302 -95.235887 -900.042680
v -80.860459 -95.235887 -899.621566
v -81.014621 -95.235887 -899.046186
v -81.017184 -95.476955 -898.732404
v -80.820706 -95.476955 -899.465626
v -80.283923 -95.476955 -900.002364
v -79.550661 -95.476955 -900.198848
v -76.282618 -95.476955 -900.198848
v -75.523720 -95.476955 -899.995594
v -74.968180 -95.476955 -899.439991
v -74.764834 -95.476955 -898.681210
v -74.767397 -95.235887 -898.964793
v -74.932465 -95.235887 -899.580793
v -75.383436 -95.235887 -900.031802
v -75.999475 -95.235887 -900.196871
v -80.100239 -102.299547 -895.558531
v -80.404300 -102.299547 -895.633230
v -80.626890 -102.299547 -895.837397
v -80.708361 -102.299547 -896.116263
v -80.790478 -102.200014 -896.052214
v -80.709000 -102.200014 -895.773424
v -80.486423 -102.200014 -895.569332
v -80.182368 -102.200014 -895.494557
v -80.182642 -102.200014 -900.021837
v -80.486557 -102.200014 -899.947138
v -80.709043 -102.200014 -899.742971
v -80.790478 -102.200014 -899.464105
v -80.708361 -102.299547 -899.399903
v -80.626932 -102.299547 -899.678846
v -80.404458 -102.299547 -899.883013
v -80.100549 -102.299547 -899.957712
v -75.073657 -102.299547 -896.116263
v -75.155128 -102.299547 -895.837397
v -75.377718 -102.299547 -895.633230
v -75.681779 -102.299547 -895.558531
v -75.599650 -102.200014 -895.494557
v -75.295595 -102.200014 -895.569332
v -75.073017 -102.200014 -895.773424
v -74.991540 -102.200014 -896.052214
v -74.991540 -102.200014 -899.464105
v -75.072981 -102.200014 -899.742971
v -75.295461 -102.200014 -899.947138
v -75.599376 -102.200014 -900.021837
v -75.681468 -102.299547 -899.957712
v -75.377560 -102.299547 -899.883013
v -75.155086 -102.299547 -899.678846
v -75.073657 -102.299547 -899.399903
v -76.677036 -95.476945 -895.338389
v -75.714632 -95.476945 -895.646161
v -75.010094 -95.476945 -896.486868
v -74.752192 -95.476955 -897.635119
v -74.682369 -95.495838 -895.846145
v -74.759706 -95.495838 -895.557314
v -74.971006 -95.495838 -895.345920
v -75.259624 -95.495838 -895.268482
v -74.631486 -95.547396 -895.795103
v -74.708828 -95.547396 -895.506348
v -74.920128 -95.547396 -895.294954
v -75.208771 -95.547396 -895.217517
v -74.613442 -95.617426 -895.776847
v -74.690803 -95.617426 -895.488092
v -74.902164 -95.617426 -895.276850
v -75.190880 -95.617426 -895.199336
v -80.573290 -95.547396 -895.217517
v -80.861920 -95.547396 -895.294954
v -81.073214 -95.547396 -895.506348
v -81.150550 -95.547396 -895.795103
v -80.591138 -95.617426 -895.199336
v -80.879854 -95.617426 -895.276850
v -81.091214 -95.617426 -895.488092
v -81.168575 -95.617426 -895.776847
v -80.522698 -95.495838 -895.268482
v -80.811213 -95.495838 -895.345920
v -81.022415 -95.495838 -895.557466
v -81.099721 -95.495838 -895.846297
v -81.029832 -95.476955 -897.712861
v -80.761736 -95.476955 -896.525587
v -80.029186 -95.476945 -895.656507
v -79.028486 -95.476945 -895.338389
v -74.752186 -95.476955 -897.803762
v -75.020264 -95.476955 -898.990808
v -75.752789 -95.476955 -899.859888
v -76.753434 -95.476955 -900.177930
v -75.258972 -95.495858 -900.247836
v -74.970628 -95.495858 -900.170399
v -74.759548 -95.495858 -899.958701
v -74.682290 -95.495858 -899.669641
v -75.208673 -95.547396 -900.298878
v -74.920067 -95.547396 -900.221517
v -74.708798 -95.547396 -900.010123
v -74.631467 -95.547396 -899.721368
v -75.190880 -95.617436 -900.317134
v -74.902164 -95.617436 -900.239773
v -74.690803 -95.617436 -900.028455
v -74.613442 -95.617436 -899.739700
v -75.196872 -95.094021 -895.203900
v -74.908120 -95.094021 -895.281262
v -74.696735 -95.094021 -895.492732
v -74.619367 -95.094021 -895.781335
v -74.636187 -95.164361 -895.799135
v -74.713487 -95.164361 -895.510303
v -74.924671 -95.164361 -895.298758
v -75.213155 -95.164361 -895.221244
v -74.686602 -95.216683 -895.850405
v -74.763847 -95.216683 -895.561269
v -74.974867 -95.216683 -895.349571
v -75.263101 -95.216683 -895.272058
v -74.756406 -95.235887 -897.072442
v -74.941082 -95.235887 -896.207393
v -75.445445 -95.235887 -895.573897
v -76.134394 -95.235887 -895.342040
v -80.519337 -95.216683 -895.271905
v -80.807480 -95.216683 -895.349419
v -81.018420 -95.216683 -895.561269
v -81.095617 -95.216683 -895.850557
v -79.525548 -95.235887 -895.341812
v -80.275690 -95.235887 -895.590632
v -80.824817 -95.235887 -896.270682
v -81.025746 -95.235887 -897.199628
v -80.568984 -95.164371 -895.221244
v -80.857438 -95.164371 -895.298758
v -81.068598 -95.164371 -895.510303
v -81.145886 -95.164371 -895.799287
v -81.162656 -95.094021 -895.781335
v -81.085283 -95.094021 -895.492732
v -80.873898 -95.094021 -895.281262
v -80.585146 -95.094021 -895.203900
v -74.619367 -95.094041 -899.735136
v -74.696735 -95.094041 -900.023815
v -74.908120 -95.094041 -900.235285
v -75.196872 -95.094041 -900.312494
v -75.213021 -95.164371 -900.295151
v -74.924573 -95.164371 -900.217713
v -74.713414 -95.164371 -900.006167
v -74.636126 -95.164371 -899.717184
v -75.262669 -95.216683 -900.244489
v -74.974520 -95.216683 -900.166976
v -74.763591 -95.216683 -899.955202
v -74.686389 -95.216683 -899.665914
v -76.271602 -95.235887 -900.174583
v -75.513885 -95.235887 -899.923633
v -74.959217 -95.235887 -899.237726
v -74.756266 -95.235887 -898.300869
v -80.518923 -95.216683 -900.244185
v -80.807163 -95.216683 -900.166671
v -81.018171 -95.216683 -899.955049
v -81.095416 -95.216683 -899.665838
v -81.025606 -95.235887 -898.445398
v -80.841015 -95.235887 -899.309838
v -80.336877 -95.235887 -899.942650
v -79.648239 -95.235887 -900.174278
v -80.569039 -95.164371 -900.294999
v -80.857432 -95.164371 -900.217561
v -81.068555 -95.164371 -900.006015
v -81.145831 -95.164371 -899.717032
v -80.585146 -95.094041 -900.312494
v -80.873898 -95.094041 -900.235285
v -81.085283 -95.094041 -900.023815
v -81.162656 -95.094041 -899.735136
v -80.573308 -95.547396 -900.298878
v -80.861920 -95.547396 -900.221517
v -81.073202 -95.547396 -900.010123
v -81.150532 -95.547396 -899.721368
v -81.168575 -95.617436 -899.739700
v -81.091214 -95.617436 -900.028455
v -80.879854 -95.617436 -900.239773
v -80.591138 -95.617436 -900.317134
v -80.522923 -95.495858 -900.247760
v -80.811280 -95.495858 -900.170399
v -81.022372 -95.495858 -899.958701
v -81.099642 -95.495858 -899.669641
v -79.115261 -95.476955 -900.177853
v -80.072525 -95.476955 -899.871603
v -80.773306 -95.476955 -899.034775
v -81.029832 -95.476955 -897.891773
v -75.270530 -102.000947 -895.261408
v -74.981815 -102.000947 -895.338922
v -74.770454 -102.000947 -895.550163
v -74.693093 -102.000947 -895.838918
v -74.710259 -102.072252 -895.850633
v -74.788223 -102.072252 -895.562791
v -75.001240 -102.072252 -895.352005
v -75.292215 -102.072252 -895.274872
v -74.756795 -102.129502 -895.868965
v -74.838115 -102.129502 -895.590099
v -75.060284 -102.129502 -895.385856
v -75.363773 -102.129502 -895.311157
v -74.822617 -102.161385 -895.894372
v -74.908783 -102.161385 -895.628438
v -75.144204 -102.161385 -895.433779
v -75.465803 -102.161385 -895.362579
v -80.418245 -102.129502 -895.311157
v -80.721734 -102.129502 -895.385856
v -80.943903 -102.129502 -895.590099
v -81.025222 -102.129502 -895.868965
v -80.316215 -102.161385 -895.362579
v -80.637814 -102.161385 -895.433779
v -80.873234 -102.161385 -895.628438
v -80.959401 -102.161385 -895.894372
v -80.489803 -102.072252 -895.274872
v -80.780777 -102.072252 -895.352005
v -80.993794 -102.072252 -895.562791
v -81.071758 -102.072252 -895.850633
v -81.088925 -102.000947 -895.838918
v -81.011564 -102.000947 -895.550163
v -80.800203 -102.000947 -895.338922
v -80.511487 -102.000947 -895.261408
v -80.418391 -102.129502 -900.205086
v -80.721813 -102.129502 -900.130311
v -80.943927 -102.129502 -899.926143
v -81.025222 -102.129502 -899.647201
v -80.959401 -102.161385 -899.622099
v -80.873186 -102.161385 -899.887957
v -80.637638 -102.161385 -900.082540
v -80.315874 -102.161385 -900.153740
v -80.489766 -102.072252 -900.241447
v -80.780759 -102.072252 -900.164313
v -80.993782 -102.072252 -899.953604
v -81.071758 -102.072252 -899.665762
v -80.511487 -102.000947 -900.254835
v -80.800203 -102.000947 -900.177473
v -81.011564 -102.000947 -899.966079
v -81.088925 -102.000947 -899.677400
v -80.953774 -102.509204 -899.571437
v -80.876340 -102.509204 -899.860420
v -80.664772 -102.509204 -900.071966
v -80.375783 -102.509204 -900.149404
v -80.376014 -102.435952 -900.149708
v -80.665095 -102.435952 -900.072271
v -80.876718 -102.435952 -899.860649
v -80.954182 -102.435952 -899.571589
v -80.321081 -102.369868 -900.120270
v -80.618803 -102.369868 -900.044430
v -80.836746 -102.369868 -899.837068
v -80.916519 -102.369868 -899.553789
v -80.214368 -102.333498 -900.070369
v -80.533470 -102.333498 -899.998713
v -80.767070 -102.333498 -899.802685
v -80.852573 -102.333498 -899.535000
v -80.916519 -102.369868 -895.962453
v -80.836716 -102.369868 -895.679251
v -80.618693 -102.369868 -895.472041
v -80.320855 -102.369868 -895.396049
v -80.852573 -102.333498 -895.981394
v -80.767070 -102.333498 -895.713634
v -80.533458 -102.333498 -895.517682
v -80.214350 -102.333498 -895.445950
v -80.954170 -102.435952 -895.944882
v -80.876712 -102.435952 -895.655746
v -80.665077 -102.435952 -895.444200
v -80.375984 -102.435952 -895.366687
v -80.375783 -102.509204 -895.366991
v -80.664772 -102.509204 -895.444504
v -80.876328 -102.509204 -895.656050
v -80.953768 -102.509204 -895.945034
v -75.406235 -102.509204 -900.149404
v -75.117245 -102.509204 -900.071966
v -74.905678 -102.509204 -899.860420
v -74.828244 -102.509204 -899.571437
v -75.406004 -102.435952 -900.149708
v -75.116923 -102.435952 -900.072271
v -74.905300 -102.435952 -899.860649
v -74.827836 -102.435952 -899.571589
v -75.460937 -102.369868 -900.120270
v -75.163221 -102.369868 -900.044430
v -74.945272 -102.369868 -899.837068
v -74.865499 -102.369868 -899.553789
v -74.929445 -102.333498 -899.535000
v -75.014948 -102.333498 -899.802685
v -75.248547 -102.333498 -899.998713
v -75.567650 -102.333498 -900.070369
v -74.865499 -102.369868 -895.962453
v -74.945302 -102.369868 -895.679251
v -75.163325 -102.369868 -895.472041
v -75.461162 -102.369868 -895.396049
v -75.567668 -102.333498 -895.445950
v -75.248559 -102.333498 -895.517682
v -75.014948 -102.333498 -895.713634
v -74.929445 -102.333498 -895.981394
v -74.827848 -102.435952 -895.944882
v -74.905306 -102.435952 -895.655746
v -75.116941 -102.435952 -895.444200
v -75.406034 -102.435952 -895.366687
v -74.828250 -102.509204 -895.945034
v -74.905690 -102.509204 -895.656050
v -75.117245 -102.509204 -895.444504
v -75.406235 -102.509204 -895.366991
v -74.693093 -102.000947 -899.677400
v -74.770454 -102.000947 -899.966079
v -74.981815 -102.000947 -900.177473
v -75.270530 -102.000947 -900.254835
v -75.292252 -102.072252 -900.241447
v -75.001259 -102.072252 -900.164313
v -74.788235 -102.072252 -899.953604
v -74.710259 -102.072252 -899.665762
v -75.363627 -102.129502 -900.205086
v -75.060205 -102.129502 -900.130311
v -74.838090 -102.129502 -899.926143
v -74.756795 -102.129502 -899.647201
v -75.466144 -102.161385 -900.153740
v -75.144380 -102.161385 -900.082540
v -74.908832 -102.161385 -899.887957
v -74.822617 -102.161385 -899.622099
v -79.899906 -104.515038 -898.660595
v -79.820840 -104.514597 -898.944406
v -79.605929 -104.514476 -899.152225
v -79.312494 -104.514757 -899.228749
v -79.793589 -104.025744 -899.675346
v -80.086178 -104.025674 -899.598746
v -80.300389 -104.025704 -899.389938
v -80.378870 -104.025804 -899.104606
v -80.097419 -103.410997 -899.935956
v -80.388863 -103.410937 -899.859127
v -80.602215 -103.410967 -899.649407
v -80.680282 -103.411027 -899.362782
v -80.379966 -104.027170 -896.410572
v -80.301637 -104.027300 -896.125239
v -80.087414 -104.027320 -895.916204
v -79.794740 -104.027230 -895.839831
v -80.679972 -103.412071 -896.153993
v -80.601862 -103.412141 -895.867368
v -80.388522 -103.412141 -895.657648
v -80.097084 -103.412111 -895.580743
v -79.266019 -104.518893 -896.283233
v -79.585140 -104.519204 -896.352303
v -79.818684 -104.519174 -896.542170
v -79.903822 -104.518773 -896.801563
v -76.515993 -104.518893 -899.233390
v -76.196872 -104.519204 -899.164167
v -75.963327 -104.519174 -898.974377
v -75.878202 -104.518773 -898.714984
v -75.987046 -104.027230 -899.676563
v -75.694494 -104.027320 -899.600191
v -75.480350 -104.027290 -899.391307
v -75.402052 -104.027170 -899.105975
v -75.102046 -103.412071 -899.362478
v -75.180156 -103.412141 -899.649103
v -75.393514 -103.412141 -899.858899
v -75.684946 -103.412111 -899.935652
v -75.403154 -104.025794 -896.411713
v -75.481617 -104.025674 -896.126457
v -75.695748 -104.025654 -895.917649
v -75.988239 -104.025744 -895.841201
v -75.684586 -103.410997 -895.580515
v -75.393136 -103.410937 -895.657343
v -75.179797 -103.410967 -895.867140
v -75.101723 -103.411027 -896.153765
v -75.882227 -104.514948 -896.805290
v -75.968089 -104.514536 -896.546810
v -76.201713 -104.514506 -896.357324
v -76.520761 -104.514848 -896.287645
v -79.327225 -104.946962 -897.399079
v -78.742456 -104.946962 -896.828415
v -79.036938 -104.946962 -896.903190
v -79.251636 -104.946962 -897.112758
v -78.727104 -104.946962 -898.671093
v -79.316282 -104.946962 -898.104764
v -79.234628 -104.946962 -898.386902
v -79.019626 -104.946962 -898.593503
v -77.054962 -104.946962 -896.845226
v -76.465754 -104.946962 -897.411554
v -76.547414 -104.946962 -897.129417
v -76.762429 -104.946962 -896.922815
v -76.454799 -104.946962 -898.117240
v -77.039483 -104.946962 -898.687980
v -76.745043 -104.946962 -898.613205
v -76.530382 -104.946962 -898.403561
v -79.581425 -87.135936 -895.983296
v -79.872905 -87.135936 -896.060658
v -80.086275 -87.135936 -896.271747
v -80.164379 -87.135936 -896.560274
v -80.164379 -87.135936 -898.956121
v -80.086275 -87.135936 -899.244648
v -79.872887 -87.135936 -899.455813
v -79.581407 -87.135936 -899.533175
v -76.200611 -87.135936 -899.533175
v -75.909131 -87.135936 -899.455813
v -75.695742 -87.135936 -899.244648
v -75.617638 -87.135936 -898.956121
v -75.617638 -87.135936 -896.560274
v -75.695742 -87.135936 -896.271747
v -75.909112 -87.135936 -896.060658
v -76.200593 -87.135936 -895.983296
v -80.142823 -86.949749 -896.581269
v -80.064907 -86.949749 -896.290764
v -79.852012 -86.949749 -896.078001
v -79.561208 -86.949749 -896.000107
v -80.919910 -86.525164 -895.951652
v -80.796470 -86.525164 -895.694465
v -80.591114 -86.525164 -895.496535
v -80.329618 -86.525164 -895.382661
v -79.561208 -86.949749 -899.516288
v -79.852012 -86.949749 -899.438470
v -80.064907 -86.949749 -899.225707
v -80.142823 -86.949749 -898.935202
v -80.330806 -86.525164 -900.133658
v -80.592356 -86.525164 -900.020164
v -80.798577 -86.525164 -899.823375
v -80.924039 -86.525164 -899.567405
v -79.561208 -85.251299 -896.000107
v -79.852012 -85.251299 -896.078001
v -80.064907 -85.251299 -896.290764
v -80.142823 -85.251299 -896.581269
v -80.329618 -85.675884 -895.382661
v -80.591114 -85.675884 -895.496535
v -80.796470 -85.675884 -895.694465
v -80.919910 -85.675884 -895.951652
v -80.142823 -85.251299 -898.935202
v -80.064907 -85.251299 -899.225707
v -79.852012 -85.251299 -899.438470
v -79.561208 -85.251299 -899.516288
v -80.924039 -85.675884 -899.567405
v -80.798577 -85.675884 -899.823375
v -80.592356 -85.675884 -900.020164
v -80.330806 -85.675884 -900.133658
v -76.220798 -85.251299 -899.516288
v -75.929993 -85.251299 -899.438470
v -75.717110 -85.251299 -899.225707
v -75.639195 -85.251299 -898.935202
v -75.446748 -85.675884 -900.140884
v -75.187329 -85.675884 -900.024043
v -74.983185 -85.675884 -899.825733
v -74.858697 -85.675884 -899.569840
v -75.639195 -86.949749 -898.935202
v -75.717110 -86.949749 -899.225707
v -75.929993 -86.949749 -899.438470
v -76.220798 -86.949749 -899.516288
v -74.858697 -86.525164 -899.569840
v -74.983185 -86.525164 -899.825733
v -75.187329 -86.525164 -900.024043
v -75.446748 -86.525164 -900.140884
v -76.220798 -86.949749 -896.000107
v -75.929993 -86.949749 -896.078001
v -75.717110 -86.949749 -896.290764
v -75.639195 -86.949749 -896.581269
v -75.447912 -86.525164 -895.375358
v -75.188553 -86.525164 -895.492732
v -74.985280 -86.525164 -895.692031
v -74.862801 -86.525164 -895.949065
v -75.639195 -85.251299 -896.581269
v -75.717110 -85.251299 -896.290764
v -75.929993 -85.251299 -896.078001
v -76.220798 -85.251299 -896.000107
v -74.862801 -85.675884 -895.949065
v -74.985280 -85.675884 -895.692031
v -75.188553 -85.675884 -895.492732
v -75.447912 -85.675884 -895.375358
v -80.039198 -86.949749 -896.660152
v -79.961435 -86.949749 -896.370560
v -79.749002 -86.949749 -896.158633
v -79.458819 -86.949749 -896.081044
v -79.479389 -87.135936 -896.064993
v -79.769572 -87.135936 -896.142583
v -79.982005 -87.135936 -896.354509
v -80.059756 -87.135936 -896.644025
v -75.722262 -87.135936 -896.644025
v -75.800013 -87.135936 -896.354509
v -76.012445 -87.135936 -896.142583
v -76.302628 -87.135936 -896.064993
v -76.323199 -86.949749 -896.081044
v -76.033016 -86.949749 -896.158633
v -75.820583 -86.949749 -896.370560
v -75.742826 -86.949749 -896.660152
v -79.458825 -86.949749 -899.435351
v -79.749008 -86.949749 -899.357837
v -79.961441 -86.949749 -899.145987
v -80.039198 -86.949749 -898.856319
v -80.059756 -87.135936 -898.872446
v -79.981999 -87.135936 -899.162038
v -79.769572 -87.135936 -899.373888
v -79.479383 -87.135936 -899.451477
v -75.742826 -86.949749 -898.856319
v -75.820577 -86.949749 -899.145987
v -76.033009 -86.949749 -899.357837
v -76.323193 -86.949749 -899.435351
v -76.302641 -87.135936 -899.451477
v -76.012445 -87.135936 -899.373888
v -75.800019 -87.135936 -899.162038
v -75.722262 -87.135936 -898.872446
v -80.162224 -85.064911 -896.562556
v -80.084205 -85.064911 -896.273725
v -79.871060 -85.064911 -896.062407
v -79.579890 -85.064911 -895.984970
v -80.057704 -85.064911 -896.645699
v -79.979965 -85.064911 -896.356259
v -79.767587 -85.064911 -896.144180
v -79.477471 -85.064911 -896.066591
v -79.458971 -85.251299 -896.081044
v -79.749081 -85.251299 -896.158633
v -79.961459 -85.251299 -896.370636
v -80.039198 -85.251299 -896.660152
v -75.742826 -85.251299 -896.660152
v -75.820559 -85.251299 -896.370636
v -76.032936 -85.251299 -896.158633
v -76.323047 -85.251299 -896.081044
v -76.202127 -85.064911 -895.984970
v -75.910958 -85.064911 -896.062407
v -75.697813 -85.064911 -896.273725
v -75.619794 -85.064911 -896.562556
v -76.304547 -85.064911 -896.066591
v -76.014430 -85.064911 -896.144180
v -75.802053 -85.064911 -896.356259
v -75.724314 -85.064911 -896.645699
v -79.579872 -85.064911 -899.531425
v -79.871048 -85.064911 -899.454064
v -80.084205 -85.064911 -899.242670
v -80.162224 -85.064911 -898.953915
v -79.477465 -85.064911 -899.449880
v -79.767587 -85.064911 -899.372366
v -79.979965 -85.064911 -899.160288
v -80.057704 -85.064911 -898.870772
v -80.039198 -85.251299 -898.856319
v -79.961459 -85.251299 -899.145835
v -79.749087 -85.251299 -899.357837
v -79.458977 -85.251299 -899.435351
v -75.619794 -85.064911 -898.953915
v -75.697813 -85.064911 -899.242670
v -75.910958 -85.064911 -899.454064
v -76.202133 -85.064911 -899.531425
v -75.724314 -85.064911 -898.870772
v -75.802053 -85.064911 -899.160288
v -76.014430 -85.064911 -899.372366
v -76.304553 -85.064911 -899.449880
v -76.323040 -85.251299 -899.435351
v -76.032930 -85.251299 -899.357837
v -75.820559 -85.251299 -899.145835
v -75.742826 -85.251299 -898.856319
v -75.538061 -78.467677 -895.469987
v -75.249126 -78.467707 -895.547349
v -75.037625 -78.467692 -895.758666
v -74.960209 -78.467647 -896.047346
v -75.444964 -79.939625 -895.397570
v -75.156176 -79.939640 -895.474932
v -74.944772 -79.939640 -895.686325
v -74.867399 -79.939625 -895.974929
v -75.511711 -81.418018 -895.449601
v -75.222929 -81.418018 -895.526962
v -75.011525 -81.418018 -895.738280
v -74.934146 -81.418033 -896.027035
v -75.158867 -82.875445 -896.200851
v -75.233890 -82.861973 -895.910423
v -75.439380 -82.825146 -895.695758
v -75.721744 -82.774597 -895.612920
v -80.270093 -81.418239 -895.449677
v -80.558937 -81.418254 -895.527039
v -80.770395 -81.418254 -895.738356
v -80.847799 -81.418239 -896.027111
v -80.060109 -82.775395 -895.613148
v -80.342473 -82.825919 -895.695910
v -80.547982 -82.862651 -895.910575
v -80.623017 -82.876037 -896.201004
v -80.337011 -79.939389 -895.397570
v -80.625787 -79.939384 -895.474932
v -80.837191 -79.939384 -895.686249
v -80.914570 -79.939399 -895.974929
v -80.821735 -78.466994 -896.047422
v -80.744313 -78.466944 -895.758742
v -80.532801 -78.466929 -895.547349
v -80.243878 -78.466969 -895.470063
v -80.270312 -81.418018 -900.066642
v -80.559095 -81.418018 -899.989432
v -80.770492 -81.418018 -899.777962
v -80.847866 -81.418033 -899.489435
v -80.623151 -82.875445 -899.315543
v -80.548128 -82.861973 -899.605896
v -80.342638 -82.825156 -899.820561
v -80.060273 -82.774602 -899.903399
v -80.337053 -79.939625 -900.118824
v -80.625842 -79.939640 -900.041615
v -80.837245 -79.939640 -899.830145
v -80.914625 -79.939625 -899.541618
v -80.243969 -78.467677 -900.046331
v -80.532892 -78.467707 -899.969046
v -80.744405 -78.467692 -899.757652
v -80.821809 -78.467647 -899.469049
v -74.934213 -81.418239 -899.489435
v -75.011599 -81.418254 -899.778039
v -75.223002 -81.418254 -899.989432
v -75.511784 -81.418254 -900.066642
v -75.721927 -82.775390 -899.903323
v -75.439557 -82.825919 -899.820485
v -75.234042 -82.862651 -899.605896
v -75.159001 -82.876037 -899.315543
v -74.867448 -79.939399 -899.541618
v -74.944833 -79.939384 -899.830221
v -75.156236 -79.939384 -900.041615
v -75.445025 -79.939389 -900.118824
v -74.960282 -78.466994 -899.468897
v -75.037704 -78.466944 -899.757576
v -75.249217 -78.466929 -899.969046
v -75.538140 -78.466969 -900.046255
v -79.903688 -65.136572 -896.764822
v -79.826290 -65.136572 -896.475838
v -79.614838 -65.136572 -896.264521
v -79.325989 -65.136572 -896.187007
v -79.325891 -65.556750 -896.187007
v -79.614789 -65.556750 -896.264521
v -79.826284 -65.556750 -896.476066
v -79.903688 -65.556750 -896.764822
v -76.456029 -65.136572 -896.187007
v -76.167180 -65.136572 -896.264521
v -75.955728 -65.136572 -896.475838
v -75.878330 -65.136572 -896.764822
v -75.878330 -65.556750 -896.764822
v -75.955740 -65.556750 -896.476066
v -76.167228 -65.556750 -896.264521
v -76.456127 -65.556750 -896.187007
v -79.325982 -65.136572 -899.329540
v -79.614832 -65.136572 -899.252255
v -79.826290 -65.136572 -899.040633
v -79.903688 -65.136572 -898.751877
v -79.903688 -65.556750 -898.751725
v -79.826284 -65.556750 -899.040633
v -79.614789 -65.556750 -899.252255
v -79.325891 -65.556750 -899.329540
v -75.878330 -65.136572 -898.751877
v -75.955728 -65.136572 -899.040633
v -76.167186 -65.136572 -899.252255
v -76.456035 -65.136572 -899.329540
v -76.456127 -65.556750 -899.329540
v -76.167228 -65.556750 -899.252255
v -75.955740 -65.556750 -899.040633
v -75.878330 -65.556750 -898.751725
v -79.252573 -69.261637 -898.243893
v -79.175133 -69.261637 -898.532649
v -78.963572 -69.261637 -898.743890
v -78.674564 -69.261637 -898.821176
v -78.605606 -68.425883 -898.767243
v -78.894541 -68.425883 -898.689882
v -79.106054 -68.425883 -898.478640
v -79.183476 -68.425883 -898.190113
v -78.678906 -67.583751 -898.824751
v -78.968054 -67.583751 -898.747389
v -79.179719 -67.583751 -898.535996
v -79.257195 -67.583751 -898.247316
v -78.887715 -66.772953 -898.990656
v -79.178659 -66.772953 -898.913751
v -79.391658 -66.772953 -898.703422
v -79.469616 -66.772953 -898.416188
v -79.257195 -67.583751 -897.269154
v -79.179719 -67.583751 -896.980399
v -78.968054 -67.583751 -896.769158
v -78.678906 -67.583751 -896.691644
v -79.469616 -66.772953 -897.100359
v -79.391658 -66.772953 -896.813049
v -79.178659 -66.772953 -896.602720
v -78.887715 -66.772953 -896.525739
v -79.183476 -68.425883 -897.326282
v -79.106054 -68.425883 -897.037831
v -78.894541 -68.425883 -896.826589
v -78.605606 -68.425883 -896.749152
v -78.674564 -69.261637 -896.695219
v -78.963572 -69.261637 -896.772505
v -79.175133 -69.261637 -896.983822
v -79.252573 -69.261637 -897.272577
v -77.107454 -69.261637 -898.821176
v -76.818446 -69.261637 -898.743890
v -76.606884 -69.261637 -898.532649
v -76.529444 -69.261637 -898.243893
v -76.598542 -68.425883 -898.190113
v -76.675970 -68.425883 -898.478640
v -76.887477 -68.425883 -898.689882
v -77.176412 -68.425883 -898.767243
v -76.524822 -67.583751 -898.247316
v -76.602299 -67.583751 -898.535996
v -76.813970 -67.583751 -898.747389
v -77.103112 -67.583751 -898.824751
v -76.312402 -66.772953 -898.416188
v -76.390360 -66.772953 -898.703422
v -76.603359 -66.772953 -898.913751
v -76.894303 -66.772953 -898.990656
v -76.529444 -69.261637 -897.272577
v -76.606884 -69.261637 -896.983822
v -76.818446 -69.261637 -896.772505
v -77.107454 -69.261637 -896.695219
v -77.176412 -68.425883 -896.749152
v -76.887477 -68.425883 -896.826589
v -76.675970 -68.425883 -897.037831
v -76.598542 -68.425883 -897.326282
v -77.103112 -67.583751 -896.691644
v -76.813970 -67.583751 -896.769158
v -76.602299 -67.583751 -896.980399
v -76.524822 -67.583751 -897.269154
v -76.894303 -66.772953 -896.525739
v -76.603359 -66.772953 -896.602720
v -76.390360 -66.772953 -896.813049
v -76.312402 -66.772953 -897.100359
v -79.508521 -62.841906 -896.723745
v -79.297173 -62.841906 -896.512503
v -79.008457 -62.841906 -896.434990
v -79.585889 -62.841906 -897.012500
v -79.585889 -64.558506 -897.014706
v -79.508235 -64.558506 -896.724810
v -79.296089 -64.558506 -896.512655
v -79.006302 -64.558506 -896.434990
v -79.585889 -62.841906 -898.503971
v -79.008457 -62.841906 -899.081405
v -79.297173 -62.841906 -899.004044
v -79.508521 -62.841906 -898.792726
v -79.006302 -64.558506 -899.081405
v -79.296089 -64.558506 -899.003816
v -79.508235 -64.558506 -898.791737
v -79.585889 -64.558506 -898.501841
v -76.196129 -62.841906 -898.503971
v -76.273496 -62.841906 -898.792726
v -76.484845 -62.841906 -899.004044
v -76.773560 -62.841906 -899.081405
v -76.196129 -64.558506 -898.501841
v -76.273782 -64.558506 -898.791737
v -76.485929 -64.558506 -899.003816
v -76.775716 -64.558506 -899.081405
v -76.773560 -62.841906 -896.434990
v -76.484845 -62.841906 -896.512503
v -76.273496 -62.841906 -896.723745
v -76.196129 -62.841906 -897.012500
v -76.775716 -64.558506 -896.434990
v -76.485929 -64.558506 -896.512655
v -76.273782 -64.558506 -896.724810
v -76.196129 -64.558506 -897.014706
v -78.998592 -64.700016 -896.476675
v -79.293160 -64.700016 -896.553428
v -79.508808 -64.700016 -896.763072
v -79.587740 -64.700016 -897.049469
v -76.194278 -64.700016 -897.049469
v -76.273210 -64.700016 -896.763072
v -76.488858 -64.700016 -896.553428
v -76.783425 -64.700016 -896.476675
v -79.587740 -64.700016 -898.467458
v -79.508808 -64.700016 -898.753779
v -79.293148 -64.700016 -898.963347
v -78.998544 -64.700016 -899.040024
v -76.783474 -64.700016 -899.040024
v -76.488870 -64.700016 -898.963347
v -76.273210 -64.700016 -898.753779
v -76.194278 -64.700016 -898.467458
v -79.371514 -64.589320 -897.223742
v -79.295742 -64.589320 -896.913079
v -79.088711 -64.589320 -896.685635
v -78.805902 -64.589320 -896.602340
v -78.807144 -64.669208 -896.638776
v -79.090142 -64.669208 -896.722071
v -79.297307 -64.669208 -896.949592
v -79.373134 -64.669208 -897.260483
v -76.408884 -64.669208 -897.260483
v -76.484711 -64.669208 -896.949592
v -76.691876 -64.669208 -896.722071
v -76.974873 -64.669208 -896.638776
v -76.976116 -64.589320 -896.602340
v -76.693307 -64.589320 -896.685635
v -76.486276 -64.589320 -896.913079
v -76.410504 -64.589320 -897.223742
v -78.805768 -64.589320 -898.914055
v -79.088638 -64.589320 -898.830988
v -79.295718 -64.589320 -898.603620
v -79.371514 -64.589320 -898.293110
v -79.373134 -64.669208 -898.256521
v -79.297289 -64.669208 -898.567184
v -79.090081 -64.669208 -898.794628
v -78.807023 -64.669208 -898.877923
v -76.974995 -64.669208 -898.877923
v -76.691937 -64.669208 -898.794628
v -76.484729 -64.669208 -898.567184
v -76.408884 -64.669208 -898.256521
v -76.410504 -64.589320 -898.293110
v -76.486300 -64.589320 -898.603620
v -76.693380 -64.589320 -898.830988
v -76.976249 -64.589320 -898.914055
v -77.921176 -85.675884 -894.834893
v -77.646625 -85.675884 -894.837175
v -77.375989 -85.675884 -894.883425
v -77.791025 -85.541767 -895.165030
v -78.192567 -85.675884 -894.876426
v -77.791025 -86.659281 -895.165030
v -77.375989 -86.525164 -894.883425
v -77.646625 -86.525164 -894.837175
v -77.921176 -86.525164 -894.834893
v -78.192567 -86.525164 -894.876426
v -77.921176 -86.525164 -900.681654
v -77.646625 -86.525164 -900.679372
v -77.375989 -86.525164 -900.633046
v -77.791025 -86.659281 -900.351365
v -78.192567 -86.525164 -900.640044
v -77.791025 -85.541767 -900.351365
v -77.375989 -85.675884 -900.633046
v -77.646625 -85.675884 -900.679372
v -77.921176 -85.675884 -900.681654
v -78.192567 -85.675884 -900.640044
v -74.415631 -85.675884 -897.662580
v -74.416971 -85.675884 -897.937871
v -74.468354 -85.675884 -898.208369
v -74.739221 -85.548041 -897.797677
v -74.464371 -85.675884 -897.391776
v -74.739221 -86.653016 -897.797677
v -74.468354 -86.525164 -898.208369
v -74.416971 -86.525164 -897.937871
v -74.415631 -86.525164 -897.662580
v -74.464371 -86.525164 -897.391776
v -81.366387 -86.525164 -897.662580
v -81.365047 -86.525164 -897.937871
v -81.313664 -86.525164 -898.208369
v -81.042797 -86.653016 -897.797677
v -81.317646 -86.525164 -897.391776
v -81.042797 -85.548041 -897.797677
v -81.313664 -85.675884 -898.208369
v -81.365047 -85.675884 -897.937871
v -81.366387 -85.675884 -897.662580
v -81.317646 -85.675884 -897.391776
vt 0.785478 0.088354
vt 0.853310 0.091255
vt 0.792471 0.640370
vt 0.796414 0.665259
vt 0.851221 0.007664
vt 0.824107 0.010404
vt 0.823732 0.091889
vt 0.764609 0.089451
vt 0.826099 0.559378
vt 0.852929 0.094481
vt 0.843826 0.089619
vt 0.764858 0.092790
vt 0.825891 0.555934
vt 0.855794 0.100223
vt 0.825719 0.096943
vt 0.825976 0.099410
vt 0.825434 0.104335
vt 0.825875 0.101909
vt 0.762155 0.098469
vt 0.761529 0.101035
vt 0.761298 0.103604
vt 0.829587 0.551067
vt 0.830617 0.548628
vt 0.831039 0.546108
vt 0.856383 0.102891
vt 0.856507 0.105584
vt 0.856088 0.108174
vt 0.762907 0.087472
vt 0.774377 0.088368
vt 0.827651 0.561182
vt 0.824003 0.088496
vt 0.761976 0.085809
vt 0.829200 0.562788
vt 0.855216 0.089494
vt 0.825324 0.086734
vt 0.761295 0.084100
vt 0.830071 0.564568
vt 0.856337 0.087963
vt 0.844892 0.083336
vt 0.826534 0.085130
vt 0.823008 0.074707
vt 0.765941 0.072571
vt 0.854497 0.076169
vt 0.822990 0.574701
vt 0.775308 0.021520
vt 0.764386 0.020453
vt 0.825170 0.024532
vt 0.825714 0.623643
vt 0.855898 0.022182
vt 0.827077 0.083325
vt 0.759995 0.078356
vt 0.812973 0.564770
vt 0.830370 0.570709
vt 0.857172 0.086334
vt 0.820922 0.072394
vt 0.821482 0.074852
vt 0.764043 0.074714
vt 0.771969 0.071160
vt 0.852832 0.073992
vt 0.849755 0.075438
vt 0.824885 0.572769
vt 0.819750 0.575032
vt 0.762339 0.024078
vt 0.828456 0.620491
vt 0.859875 0.068662
vt 0.827505 0.069375
vt 0.763850 0.021352
vt 0.763717 0.019287
vt 0.824713 0.023687
vt 0.825872 0.025525
vt 0.826284 0.622815
vt 0.826431 0.624523
vt 0.857059 0.023373
vt 0.855367 0.021263
vt 0.827536 0.069867
vt 0.817843 0.072002
vt 0.810253 0.071856
vt 0.827361 0.070387
vt 0.859824 0.069134
vt 0.846591 0.072310
vt 0.859561 0.069647
vt 0.827286 0.076100
vt 0.827478 0.077131
vt 0.827483 0.076634
vt 0.858668 0.079667
vt 0.858820 0.080698
vt 0.858846 0.080225
vt 0.772833 0.073413
vt 0.768318 0.074214
vt 0.760192 0.077345
vt 0.759991 0.077884
vt 0.759369 0.067372
vt 0.759409 0.067842
vt 0.759661 0.068357
vt 0.830365 0.577482
vt 0.830282 0.577026
vt 0.829983 0.576557
vt 0.823039 0.572573
vt 0.812785 0.572467
vt 0.829945 0.571646
vt 0.830268 0.571173
vt 0.826447 0.025975
vt 0.826843 0.026958
vt 0.826807 0.026460
vt 0.762741 0.022539
vt 0.762569 0.023050
vt 0.762436 0.023566
vt 0.763731 0.018763
vt 0.763855 0.017720
vt 0.763745 0.018224
vt 0.827118 0.625002
vt 0.811297 0.625286
vt 0.827407 0.626026
vt 0.827443 0.625525
vt 0.810683 0.022382
vt 0.825510 0.022886
vt 0.826220 0.022470
vt 0.826578 0.021981
vt 0.857261 0.023885
vt 0.857549 0.024915
vt 0.857424 0.024401
vt 0.827159 0.621854
vt 0.827839 0.621440
vt 0.828313 0.620982
vt 0.856077 0.020078
vt 0.856103 0.019545
vt 0.856126 0.018998
vt 0.819949 0.661294
vt 0.824054 0.644090
vt 0.826582 0.021482
vt 0.825374 0.632220
vt 0.856043 0.018488
vt 0.766211 0.011425
vt 0.791230 0.650385
vt 0.796452 0.644382
vt 0.768496 0.006951
vt 0.819499 0.640684
vt 0.823245 0.636573
vt 0.810695 0.009997
vt 0.825488 0.015094
vt 0.824360 0.665148
vt 0.842141 0.008746
vt 0.853641 0.012111
vt 0.828032 0.640339
vt 0.819742 0.137598
vt 0.771546 0.136150
vt 0.823751 0.512323
vt 0.844175 0.139019
vt 0.819634 0.160644
vt 0.770356 0.158311
vt 0.823296 0.490212
vt 0.844374 0.161292
vt 0.767405 0.144840
vt 0.775829 0.150560
vt 0.815651 0.497900
vt 0.828344 0.503471
vt 0.839626 0.146619
vt 0.848627 0.152458
vt 0.810930 0.145209
vt 0.822230 0.151623
vt 0.761580 0.106086
vt 0.779352 0.134950
vt 0.830837 0.543627
vt 0.844733 0.137251
vt 0.820749 0.135567
vt 0.770957 0.138138
vt 0.776080 0.145167
vt 0.767097 0.150474
vt 0.828197 0.497469
vt 0.824364 0.510225
vt 0.815741 0.503467
vt 0.848562 0.146521
vt 0.844875 0.159304
vt 0.839598 0.152001
vt 0.822326 0.145497
vt 0.820118 0.158602
vt 0.810790 0.151223
vt 0.819988 0.136174
vt 0.820405 0.138301
vt 0.771528 0.137390
vt 0.771070 0.135471
vt 0.823668 0.510909
vt 0.824402 0.512933
vt 0.844746 0.139749
vt 0.836581 0.136242
vt 0.844199 0.137849
vt 0.819430 0.159248
vt 0.820403 0.161273
vt 0.778116 0.160878
vt 0.770237 0.159600
vt 0.769863 0.157527
vt 0.823326 0.488814
vt 0.824017 0.490865
vt 0.844929 0.161983
vt 0.844320 0.160039
vt 0.769675 0.160301
vt 0.823969 0.488194
vt 0.836588 0.162254
vt 0.849079 0.177160
vt 0.821802 0.177635
vt 0.822309 0.186684
vt 0.821605 0.205461
vt 0.822274 0.196167
vt 0.765118 0.175298
vt 0.762673 0.185787
vt 0.761839 0.196789
vt 0.826112 0.471984
vt 0.827036 0.462626
vt 0.827013 0.452588
vt 0.851104 0.187971
vt 0.851335 0.199290
vt 0.849644 0.210726
vt 0.812562 0.297808
vt 0.778826 0.293877
vt 0.829795 0.296767
vt 0.815410 0.353971
vt 0.762839 0.207915
vt 0.825919 0.442654
vt 0.822421 0.270507
vt 0.809676 0.268378
vt 0.782508 0.285280
vt 0.813157 0.362644
vt 0.829549 0.293821
vt 0.812367 0.295045
vt 0.784972 0.279948
vt 0.785676 0.269420
vt 0.786253 0.274607
vt 0.812134 0.368379
vt 0.812688 0.379947
vt 0.811962 0.374204
vt 0.825561 0.285191
vt 0.821602 0.275113
vt 0.822918 0.280056
vt 0.810637 0.286405
vt 0.809650 0.280566
vt 0.809233 0.274500
vt 0.810603 0.303301
vt 0.781728 0.303282
vt 0.826556 0.303693
vt 0.811977 0.346351
vt 0.780447 0.305586
vt 0.785947 0.317067
vt 0.781123 0.317358
vt 0.811709 0.332934
vt 0.812989 0.344308
vt 0.811708 0.301492
vt 0.784887 0.301462
vt 0.778538 0.296704
vt 0.815303 0.351198
vt 0.828151 0.300766
vt 0.810622 0.302693
vt 0.811824 0.304541
vt 0.781507 0.303873
vt 0.780397 0.301772
vt 0.823226 0.301365
vt 0.826343 0.303095
vt 0.827763 0.305366
vt 0.811882 0.345707
vt 0.813295 0.347550
vt 0.790957 0.195268
vt 0.807034 0.205296
vt 0.791415 0.185814
vt 0.807337 0.195511
vt 0.792345 0.176818
vt 0.807588 0.185632
vt 0.794465 0.160574
vt 0.807793 0.175788
vt 0.808044 0.161215
vt 0.795266 0.159988
vt 0.795543 0.158603
vt 0.808023 0.160694
vt 0.794891 0.157926
vt 0.808038 0.159504
vt 0.793224 0.144809
vt 0.805836 0.151101
vt 0.795554 0.137831
vt 0.805982 0.145104
vt 0.808581 0.137225
vt 0.796241 0.137160
vt 0.796049 0.135727
vt 0.808569 0.136704
vt 0.795309 0.135093
vt 0.808611 0.135495
vt 0.792214 0.103723
vt 0.808656 0.134965
vt 0.791871 0.101279
vt 0.809593 0.104105
vt 0.791879 0.098779
vt 0.809676 0.101347
vt 0.792259 0.096331
vt 0.809740 0.098587
vt 0.794516 0.091400
vt 0.809780 0.095974
vt 0.794371 0.088028
vt 0.809753 0.091249
vt 0.793102 0.086241
vt 0.809839 0.087862
vt 0.791933 0.084611
vt 0.809950 0.086076
vt 0.791439 0.082796
vt 0.810032 0.084399
vt 0.791278 0.076563
vt 0.810093 0.082448
vt 0.791296 0.076064
vt 0.810205 0.075475
vt 0.791516 0.075535
vt 0.810209 0.074936
vt 0.798177 0.074438
vt 0.810204 0.074393
vt 0.810196 0.073927
vt 0.796324 0.074233
vt 0.798313 0.071965
vt 0.810199 0.073781
vt 0.801600 0.071693
vt 0.810230 0.072162
vt 0.791653 0.069769
vt 0.810233 0.072094
vt 0.791491 0.069239
vt 0.791533 0.068742
vt 0.810276 0.071311
vt 0.792994 0.026474
vt 0.810290 0.070766
vt 0.793039 0.025978
vt 0.810695 0.026417
vt 0.793408 0.025505
vt 0.810697 0.025903
vt 0.793991 0.025073
vt 0.810691 0.025425
vt 0.810680 0.024999
vt 0.794709 0.024102
vt 0.795174 0.023271
vt 0.810649 0.024034
vt 0.794383 0.022449
vt 0.810638 0.023206
vt 0.793674 0.022012
vt 0.793316 0.021513
vt 0.810704 0.021950
vt 0.793315 0.021013
vt 0.810718 0.021443
vt 0.794496 0.014643
vt 0.810723 0.020930
vt 0.795981 0.010005
vt 0.810729 0.014527
vt 0.800716 0.661327
vt 0.811039 0.666630
vt 0.810860 0.662068
vt 0.800656 0.640522
vt 0.797218 0.636193
vt 0.810778 0.640342
vt 0.795254 0.631586
vt 0.810919 0.635959
vt 0.793603 0.625160
vt 0.811062 0.631525
vt 0.793614 0.624657
vt 0.793995 0.624160
vt 0.811314 0.624789
vt 0.794728 0.623729
vt 0.811320 0.624299
vt 0.811316 0.623881
vt 0.795511 0.622895
vt 0.794993 0.622043
vt 0.811303 0.623088
vt 0.794142 0.621059
vt 0.811347 0.622291
vt 0.793467 0.620623
vt 0.811416 0.621363
vt 0.793007 0.620147
vt 0.811444 0.620953
vt 0.792881 0.619649
vt 0.811468 0.620492
vt 0.793337 0.576366
vt 0.811484 0.619998
vt 0.793449 0.575906
vt 0.812702 0.576212
vt 0.793779 0.575446
vt 0.812714 0.575694
vt 0.803477 0.574633
vt 0.812719 0.575174
vt 0.812710 0.574863
vt 0.800502 0.574218
vt 0.798498 0.572179
vt 0.812709 0.574774
vt 0.799967 0.572048
vt 0.812748 0.573093
vt 0.794044 0.571010
vt 0.812756 0.572945
vt 0.793731 0.570515
vt 0.793644 0.570038
vt 0.812808 0.571948
vt 0.794125 0.563815
vt 0.812822 0.571433
vt 0.795133 0.562078
vt 0.796835 0.560587
vt 0.812992 0.562883
vt 0.798548 0.558919
vt 0.812979 0.561235
vt 0.798896 0.555620
vt 0.812940 0.559451
vt 0.795057 0.550868
vt 0.812974 0.556054
vt 0.794004 0.548418
vt 0.813159 0.551303
vt 0.793608 0.545859
vt 0.813198 0.548796
vt 0.793871 0.543342
vt 0.813220 0.546183
vt 0.801021 0.512928
vt 0.813227 0.543613
vt 0.813270 0.513339
vt 0.801686 0.512354
vt 0.801764 0.511013
vt 0.813241 0.512820
vt 0.801055 0.510378
vt 0.813222 0.511645
vt 0.796339 0.498121
vt 0.810688 0.503525
vt 0.800596 0.491676
vt 0.810532 0.498053
vt 0.812791 0.490323
vt 0.801270 0.491009
vt 0.801127 0.489676
vt 0.812749 0.489817
vt 0.800422 0.489139
vt 0.812715 0.488636
vt 0.796570 0.473405
vt 0.812722 0.488115
vt 0.794693 0.464169
vt 0.812090 0.473332
vt 0.793756 0.454108
vt 0.811621 0.463367
vt 0.793935 0.444028
vt 0.811139 0.453315
vt 0.802029 0.380391
vt 0.810670 0.443301
vt 0.802242 0.374689
vt 0.807702 0.380150
vt 0.801417 0.368991
vt 0.807419 0.374428
vt 0.799645 0.363452
vt 0.807117 0.368660
vt 0.796154 0.355063
vt 0.806800 0.363003
vt 0.795971 0.352237
vt 0.806344 0.354340
vt 0.797855 0.348484
vt 0.806195 0.351433
vt 0.805947 0.347849
vt 0.799036 0.347183
vt 0.799016 0.346550
vt 0.805822 0.346742
vt 0.797615 0.345379
vt 0.805781 0.346151
vt 0.805753 0.345003
vt 0.796351 0.304617
vt 0.804567 0.315825
vt 0.796882 0.315920
vt 0.804520 0.304400
vt 0.797576 0.303360
vt 0.797555 0.302746
vt 0.804456 0.303274
vt 0.796453 0.301546
vt 0.804452 0.302693
vt 0.795511 0.297841
vt 0.804497 0.301600
vt 0.795759 0.295065
vt 0.804533 0.298037
vt 0.797393 0.286328
vt 0.804483 0.294995
vt 0.798336 0.280439
vt 0.804395 0.286160
vt 0.798805 0.274319
vt 0.804356 0.280373
vt 0.798594 0.268112
vt 0.804379 0.274360
vt 0.791098 0.204571
vt 0.804493 0.268316
vt 0.839725 0.187534
vt 0.827853 0.177322
vt 0.827293 0.161783
vt 0.838627 0.177247
vt 0.827817 0.161052
vt 0.836560 0.161593
vt 0.827906 0.159730
vt 0.827413 0.158935
vt 0.836552 0.160422
vt 0.826610 0.145823
vt 0.834832 0.151921
vt 0.827594 0.138609
vt 0.834852 0.146328
vt 0.836578 0.138681
vt 0.828086 0.137851
vt 0.836556 0.138047
vt 0.828008 0.136492
vt 0.827510 0.135682
vt 0.836554 0.136892
vt 0.830730 0.104738
vt 0.843223 0.106382
vt 0.830712 0.102361
vt 0.843419 0.103740
vt 0.830870 0.099944
vt 0.843492 0.101050
vt 0.831114 0.097538
vt 0.832554 0.092374
vt 0.843487 0.098411
vt 0.843500 0.093040
vt 0.832831 0.089124
vt 0.831991 0.086993
vt 0.844166 0.087369
vt 0.831926 0.085256
vt 0.844516 0.085407
vt 0.832043 0.083494
vt 0.832290 0.077833
vt 0.832332 0.077396
vt 0.846037 0.076083
vt 0.832575 0.076928
vt 0.846113 0.075511
vt 0.840954 0.075007
vt 0.846185 0.074930
vt 0.846257 0.074653
vt 0.836548 0.075094
vt 0.838847 0.073389
vt 0.846270 0.074610
vt 0.845263 0.072380
vt 0.846548 0.072383
vt 0.833246 0.069991
vt 0.846587 0.072309
vt 0.833096 0.069546
vt 0.846552 0.071815
vt 0.833141 0.069128
vt 0.846614 0.071213
vt 0.832512 0.026922
vt 0.846671 0.070615
vt 0.832431 0.026450
vt 0.845125 0.025881
vt 0.832378 0.025974
vt 0.845051 0.025371
vt 0.832364 0.025497
vt 0.844971 0.024859
vt 0.844890 0.024353
vt 0.833004 0.024286
vt 0.844694 0.023164
vt 0.833222 0.023413
vt 0.832217 0.022526
vt 0.844548 0.022280
vt 0.832070 0.022056
vt 0.844403 0.021264
vt 0.831919 0.021569
vt 0.844328 0.020758
vt 0.831866 0.021091
vt 0.844246 0.020235
vt 0.831625 0.014812
vt 0.844161 0.019730
vt 0.831976 0.010031
vt 0.842943 0.013333
vt 0.824342 0.657423
vt 0.829355 0.650316
vt 0.824640 0.650550
vt 0.796294 0.657483
vt 0.792040 0.660746
vt 0.795941 0.650578
vt 0.788323 0.014214
vt 0.777717 0.008010
vt 0.776929 0.012591
vt 0.788030 0.020505
vt 0.787972 0.020983
vt 0.775710 0.018980
vt 0.787816 0.021467
vt 0.775623 0.019483
vt 0.787665 0.021935
vt 0.775537 0.020005
vt 0.775458 0.020509
vt 0.786651 0.022806
vt 0.786860 0.023681
vt 0.787490 0.024899
vt 0.775158 0.022399
vt 0.787471 0.025375
vt 0.774957 0.023582
vt 0.787414 0.025850
vt 0.774875 0.024085
vt 0.787328 0.026319
vt 0.774795 0.024595
vt 0.774719 0.025104
vt 0.785951 0.068263
vt 0.785991 0.068668
vt 0.772497 0.069459
vt 0.785836 0.069094
vt 0.772545 0.070049
vt 0.773346 0.071151
vt 0.772599 0.070644
vt 0.772643 0.071077
vt 0.779932 0.072485
vt 0.782000 0.074153
vt 0.772644 0.071148
vt 0.777198 0.073881
vt 0.772816 0.073368
vt 0.786259 0.076412
vt 0.786477 0.076878
vt 0.772908 0.073708
vt 0.786500 0.077305
vt 0.772941 0.074286
vt 0.786499 0.082868
vt 0.772980 0.074855
vt 0.786545 0.084603
vt 0.773686 0.082098
vt 0.786409 0.086302
vt 0.773930 0.084173
vt 0.774160 0.086135
vt 0.785622 0.091553
vt 0.774560 0.091753
vt 0.786844 0.096717
vt 0.786985 0.099117
vt 0.774416 0.097043
vt 0.787040 0.101529
vt 0.774344 0.099665
vt 0.786920 0.103895
vt 0.774332 0.102341
vt 0.774419 0.104975
vt 0.788519 0.134865
vt 0.787980 0.135639
vt 0.787842 0.136978
vt 0.779350 0.135599
vt 0.788305 0.137752
vt 0.779305 0.136748
vt 0.780764 0.145088
vt 0.788745 0.150780
vt 0.787531 0.157984
vt 0.780497 0.150688
vt 0.778264 0.158429
vt 0.786995 0.158749
vt 0.787022 0.160057
vt 0.778246 0.159064
vt 0.787517 0.160800
vt 0.778176 0.160224
vt 0.786315 0.176218
vt 0.785617 0.185923
vt 0.775545 0.175670
vt 0.785272 0.195413
vt 0.774026 0.185795
vt 0.785273 0.204775
vt 0.773282 0.196100
vt 0.773928 0.206349
vt 0.792303 0.268382
vt 0.792271 0.274435
vt 0.788847 0.268918
vt 0.791820 0.280421
vt 0.789061 0.274528
vt 0.791314 0.286241
vt 0.788242 0.280189
vt 0.786807 0.285754
vt 0.790869 0.294928
vt 0.790787 0.297659
vt 0.784917 0.294553
vt 0.790021 0.301352
vt 0.784780 0.297607
vt 0.788936 0.302935
vt 0.789265 0.303486
vt 0.785102 0.303019
vt 0.790507 0.305061
vt 0.785157 0.303589
vt 0.785270 0.305121
vt 0.817677 0.304973
vt 0.822409 0.316928
vt 0.817207 0.316952
vt 0.822903 0.305002
vt 0.818894 0.303396
vt 0.819215 0.302844
vt 0.822980 0.303474
vt 0.818127 0.301266
vt 0.823026 0.302908
vt 0.817335 0.297609
vt 0.817296 0.294913
vt 0.823450 0.297529
vt 0.816739 0.286333
vt 0.823296 0.294509
vt 0.821255 0.285806
vt 0.816135 0.280639
vt 0.819680 0.280401
vt 0.815691 0.274828
vt 0.818858 0.275003
vt 0.815919 0.268996
vt 0.827419 0.206025
vt 0.819312 0.269757
vt 0.838662 0.208336
vt 0.827961 0.196634
vt 0.839953 0.198000
vt 0.828111 0.187095
vt 0.808075 0.158992
vt 0.793006 0.150967
vt 0.813242 0.511139
vt 0.796436 0.504163
vt 0.836570 0.159782
vt 0.826526 0.151643
vt 0.779261 0.137378
vt 0.788934 0.144975
vt 0.810590 0.657253
vt 0.810640 0.650996
vt 0.800815 0.650889
vt 0.819754 0.650762
vt 0.810688 0.645014
vt 0.792680 0.324649
vt 0.792629 0.319177
vt 0.792727 0.329746
vt 0.804764 0.333416
vt 0.804664 0.324735
vt 0.815832 0.324445
vt 0.815915 0.329490
vt 0.815786 0.319026
vt 0.808266 0.153412
vt 0.808508 0.142875
vt 0.813238 0.505668
vt 0.813019 0.495797
vt 0.837022 0.154095
vt 0.837040 0.144366
vt 0.778666 0.143011
vt 0.778208 0.152777
vt 0.804779 0.645025
vt 0.800867 0.648646
vt 0.788008 0.009422
vt 0.800777 0.653254
vt 0.804655 0.657122
vt 0.819749 0.648631
vt 0.815833 0.644977
vt 0.828647 0.660613
vt 0.815878 0.657041
vt 0.819747 0.653218
vt 0.791104 0.317064
vt 0.796845 0.333617
vt 0.827282 0.317131
vt 0.811497 0.315605
vt 0.779864 0.300713
vt 0.827740 0.301546
vt 0.788563 0.091573
vt 0.791573 0.091466
vt 0.791405 0.088218
vt 0.788412 0.088313
vt 0.826647 0.092064
vt 0.829632 0.092281
vt 0.829918 0.088974
vt 0.826945 0.088781
vt 0.762443 0.089792
vt 0.796479 0.558598
vt 0.760465 0.090412
vt 0.760777 0.092546
vt 0.796856 0.555783
vt 0.762685 0.092910
vt 0.828294 0.559208
vt 0.855326 0.091761
vt 0.830214 0.558707
vt 0.830122 0.556507
vt 0.854971 0.094486
vt 0.828054 0.556021
vt 0.827207 0.104298
vt 0.828981 0.104436
vt 0.827485 0.102100
vt 0.829091 0.102252
vt 0.827572 0.099844
vt 0.829238 0.099990
vt 0.829353 0.097682
vt 0.827498 0.097548
vt 0.790275 0.099150
vt 0.788610 0.099229
vt 0.790454 0.096866
vt 0.788596 0.096926
vt 0.790263 0.101405
vt 0.788659 0.101490
vt 0.788677 0.103672
vt 0.790450 0.103610
vt 0.757572 0.100751
vt 0.791967 0.548526
vt 0.759534 0.101108
vt 0.760181 0.098519
vt 0.792991 0.551121
vt 0.758309 0.097803
vt 0.757373 0.103825
vt 0.791589 0.545860
vt 0.759307 0.103759
vt 0.757638 0.106948
vt 0.791836 0.543234
vt 0.759581 0.106373
vt 0.834596 0.549087
vt 0.858413 0.102930
vt 0.832630 0.548665
vt 0.831639 0.551087
vt 0.857818 0.100089
vt 0.833486 0.551788
vt 0.835091 0.546199
vt 0.858500 0.105786
vt 0.833028 0.546123
vt 0.834882 0.543310
vt 0.858067 0.108639
vt 0.832873 0.543598
vt 0.793042 0.561797
vt 0.758265 0.087005
vt 0.760060 0.086109
vt 0.759265 0.088809
vt 0.794647 0.560172
vt 0.761001 0.087763
vt 0.790128 0.084298
vt 0.788272 0.084339
vt 0.788457 0.086063
vt 0.790718 0.086062
vt 0.858230 0.088595
vt 0.833164 0.562214
vt 0.831267 0.562820
vt 0.831785 0.560475
vt 0.857031 0.090202
vt 0.829890 0.561147
vt 0.828357 0.084857
vt 0.830215 0.084942
vt 0.827707 0.086620
vt 0.829964 0.086684
vt 0.788175 0.082712
vt 0.789868 0.082660
vt 0.792076 0.563693
vt 0.757454 0.085104
vt 0.759364 0.084497
vt 0.859102 0.086907
vt 0.834032 0.564272
vt 0.832055 0.564577
vt 0.828676 0.083219
vt 0.830375 0.083302
vt 0.786489 0.073839
vt 0.791300 0.073782
vt 0.792153 0.072831
vt 0.785682 0.072769
vt 0.833196 0.073573
vt 0.826866 0.073427
vt 0.827743 0.074464
vt 0.832266 0.074631
vt 0.756073 0.074753
vt 0.794501 0.572793
vt 0.760115 0.074567
vt 0.760924 0.073155
vt 0.795668 0.573367
vt 0.755595 0.073351
vt 0.863408 0.075206
vt 0.828046 0.574160
vt 0.857953 0.074767
vt 0.858613 0.076242
vt 0.829163 0.573576
vt 0.862919 0.076592
vt 0.792328 0.023302
vt 0.789421 0.023134
vt 0.789384 0.023932
vt 0.792021 0.024083
vt 0.759484 0.020448
vt 0.792765 0.622150
vt 0.761523 0.021070
vt 0.761848 0.020098
vt 0.793251 0.622834
vt 0.759690 0.019619
vt 0.830453 0.023690
vt 0.827551 0.023792
vt 0.827848 0.024583
vt 0.830482 0.024491
vt 0.830796 0.623217
vt 0.857975 0.021835
vt 0.828698 0.622941
vt 0.828310 0.623780
vt 0.857517 0.021024
vt 0.830585 0.623951
vt 0.826070 0.072373
vt 0.836207 0.072476
vt 0.831328 0.069842
vt 0.829317 0.069804
vt 0.831273 0.069441
vt 0.829366 0.069458
vt 0.831257 0.069095
vt 0.829379 0.069162
vt 0.789684 0.068743
vt 0.787791 0.068647
vt 0.789680 0.068451
vt 0.787820 0.068306
vt 0.789715 0.069086
vt 0.787718 0.069042
vt 0.782624 0.071576
vt 0.793071 0.071783
vt 0.855541 0.072889
vt 0.827139 0.574822
vt 0.863914 0.073883
vt 0.863501 0.069588
vt 0.831930 0.576117
vt 0.861589 0.069319
vt 0.863650 0.069036
vt 0.832266 0.576834
vt 0.861782 0.068862
vt 0.832394 0.577488
vt 0.863710 0.068538
vt 0.861894 0.068470
vt 0.834426 0.577572
vt 0.829033 0.077778
vt 0.830649 0.077919
vt 0.830688 0.077533
vt 0.829036 0.077430
vt 0.830766 0.077090
vt 0.829002 0.077025
vt 0.834251 0.075466
vt 0.827475 0.074967
vt 0.789766 0.076498
vt 0.788011 0.076548
vt 0.791679 0.074343
vt 0.784335 0.074695
vt 0.789728 0.076893
vt 0.788086 0.076990
vt 0.788120 0.077376
vt 0.789725 0.077235
vt 0.834436 0.570800
vt 0.860705 0.081431
vt 0.832377 0.570896
vt 0.862592 0.081568
vt 0.862591 0.081067
vt 0.832238 0.571464
vt 0.860695 0.080987
vt 0.862530 0.080491
vt 0.831902 0.572073
vt 0.860616 0.080461
vt 0.863022 0.077492
vt 0.828655 0.572989
vt 0.856655 0.077159
vt 0.756268 0.078095
vt 0.792076 0.571347
vt 0.758192 0.078045
vt 0.761900 0.075407
vt 0.794945 0.572300
vt 0.756021 0.075486
vt 0.756178 0.078684
vt 0.791761 0.570733
vt 0.758107 0.078525
vt 0.756156 0.079203
vt 0.791644 0.570166
vt 0.758097 0.078926
vt 0.755460 0.067545
vt 0.791476 0.575611
vt 0.757438 0.067523
vt 0.757362 0.067150
vt 0.791312 0.576261
vt 0.755346 0.067021
vt 0.755657 0.068119
vt 0.791853 0.574906
vt 0.757610 0.067966
vt 0.755200 0.072119
vt 0.796428 0.574016
vt 0.763323 0.071487
vt 0.828731 0.027030
vt 0.830621 0.027018
vt 0.830595 0.026609
vt 0.828698 0.026623
vt 0.830534 0.026162
vt 0.828526 0.026170
vt 0.830448 0.025685
vt 0.828223 0.025692
vt 0.791323 0.025650
vt 0.789314 0.025599
vt 0.791633 0.025179
vt 0.789405 0.025125
vt 0.791145 0.026098
vt 0.789248 0.026045
vt 0.789217 0.026453
vt 0.791107 0.026505
vt 0.758718 0.022438
vt 0.791314 0.620658
vt 0.760615 0.022986
vt 0.760776 0.022445
vt 0.791838 0.621149
vt 0.758891 0.021718
vt 0.758520 0.023119
vt 0.790964 0.620133
vt 0.760482 0.023482
vt 0.758332 0.023732
vt 0.790848 0.619615
vt 0.760341 0.023933
vt 0.762007 0.017259
vt 0.791582 0.625181
vt 0.760148 0.016670
vt 0.760070 0.017239
vt 0.791600 0.624668
vt 0.761944 0.017721
vt 0.759973 0.017859
vt 0.791884 0.624136
vt 0.761886 0.018234
vt 0.759776 0.018510
vt 0.792424 0.623645
vt 0.761803 0.018781
vt 0.789677 0.021637
vt 0.791619 0.021813
vt 0.789665 0.022136
vt 0.791947 0.022321
vt 0.789733 0.021161
vt 0.791506 0.021337
vt 0.791548 0.020913
vt 0.789782 0.020730
vt 0.829312 0.626367
vt 0.858010 0.018077
vt 0.831278 0.626768
vt 0.829336 0.625928
vt 0.831295 0.626214
vt 0.858080 0.018608
vt 0.829170 0.625416
vt 0.858059 0.019195
vt 0.831188 0.625615
vt 0.830928 0.625035
vt 0.858006 0.019804
vt 0.828788 0.624843
vt 0.830212 0.022189
vt 0.828272 0.022321
vt 0.827939 0.022822
vt 0.830220 0.022687
vt 0.830159 0.021712
vt 0.828388 0.021849
vt 0.830114 0.021280
vt 0.828349 0.021425
vt 0.832520 0.620641
vt 0.859571 0.024769
vt 0.830488 0.620554
vt 0.861333 0.023581
vt 0.861077 0.023139
vt 0.830329 0.621008
vt 0.859376 0.024256
vt 0.860852 0.022565
vt 0.829941 0.621447
vt 0.859179 0.023708
vt 0.829371 0.621824
vt 0.860647 0.021903
vt 0.858973 0.023126
vt 0.831312 0.621958
vt 0.797167 0.642448
vt 0.798685 0.641062
vt 0.764624 0.005571
vt 0.795125 0.636712
vt 0.766459 0.006517
vt 0.793425 0.638273
vt 0.762396 0.010178
vt 0.793205 0.631684
vt 0.764247 0.011018
vt 0.790610 0.009829
vt 0.792833 0.662792
vt 0.793293 0.009971
vt 0.794378 0.664362
vt 0.790342 0.014611
vt 0.792423 0.014770
vt 0.798552 0.660653
vt 0.796968 0.659266
vt 0.821648 0.641198
vt 0.823302 0.642384
vt 0.825279 0.637081
vt 0.827055 0.638227
vt 0.853176 0.007148
vt 0.829317 0.633215
vt 0.855604 0.011634
vt 0.827386 0.632532
vt 0.827893 0.662657
vt 0.829408 0.010380
vt 0.826378 0.664237
vt 0.826760 0.010453
vt 0.827546 0.015276
vt 0.829616 0.015167
vt 0.823687 0.659199
vt 0.822114 0.660596
vt 0.802705 0.656564
vt 0.801294 0.655149
vt 0.801443 0.646814
vt 0.802864 0.645498
vt 0.819208 0.655073
vt 0.817806 0.656469
vt 0.817763 0.645450
vt 0.819191 0.646775
vt 0.793030 0.134823
vt 0.790753 0.134739
vt 0.769031 0.135679
vt 0.767077 0.136235
vt 0.798971 0.512824
vt 0.826454 0.512939
vt 0.828467 0.512651
vt 0.846724 0.137704
vt 0.825297 0.135445
vt 0.823030 0.135413
vt 0.790657 0.138182
vt 0.793150 0.138191
vt 0.790340 0.145095
vt 0.791792 0.145104
vt 0.798960 0.510427
vt 0.766917 0.137707
vt 0.768802 0.138357
vt 0.763825 0.144141
vt 0.794489 0.504337
vt 0.765569 0.144660
vt 0.792484 0.157542
vt 0.789958 0.157541
vt 0.791640 0.150669
vt 0.790184 0.150670
vt 0.767713 0.157203
vt 0.765742 0.157687
vt 0.798501 0.491742
vt 0.765249 0.150476
vt 0.794400 0.498038
vt 0.763402 0.150812
vt 0.826191 0.491052
vt 0.828169 0.490469
vt 0.846959 0.159403
vt 0.830074 0.497439
vt 0.850512 0.152705
vt 0.831964 0.497049
vt 0.846831 0.139669
vt 0.828518 0.510449
vt 0.826525 0.509949
vt 0.832068 0.503763
vt 0.850485 0.146275
vt 0.830219 0.503432
vt 0.822761 0.138794
vt 0.825236 0.138918
vt 0.823708 0.145829
vt 0.825170 0.145882
vt 0.825022 0.158396
vt 0.822512 0.158299
vt 0.825113 0.151466
vt 0.823660 0.151396
vt 0.790628 0.137180
vt 0.793459 0.137226
vt 0.793354 0.135771
vt 0.790664 0.135717
vt 0.825341 0.136433
vt 0.822665 0.136349
vt 0.822501 0.137806
vt 0.825311 0.137910
vt 0.767281 0.137292
vt 0.799629 0.511077
vt 0.769170 0.137556
vt 0.769278 0.136398
vt 0.799541 0.512196
vt 0.767254 0.136667
vt 0.828193 0.511073
vt 0.846259 0.139051
vt 0.826016 0.510806
vt 0.826053 0.512146
vt 0.846277 0.138181
vt 0.828139 0.511993
vt 0.789803 0.160886
vt 0.792134 0.160806
vt 0.789774 0.159944
vt 0.792525 0.159891
vt 0.792727 0.158486
vt 0.789849 0.158523
vt 0.825085 0.159391
vt 0.822231 0.159242
vt 0.822711 0.161600
vt 0.825022 0.161775
vt 0.822364 0.160665
vt 0.825093 0.160827
vt 0.765671 0.159652
vt 0.798379 0.489292
vt 0.767637 0.160145
vt 0.765860 0.159055
vt 0.798980 0.489920
vt 0.767926 0.159349
vt 0.767960 0.158087
vt 0.799124 0.491051
vt 0.765973 0.158249
vt 0.828023 0.488158
vt 0.846960 0.161744
vt 0.826002 0.488033
vt 0.827743 0.488874
vt 0.846506 0.161104
vt 0.825643 0.488864
vt 0.825661 0.490210
vt 0.846443 0.160084
vt 0.827826 0.489837
vt 0.823563 0.205480
vt 0.825507 0.205666
vt 0.824168 0.196301
vt 0.826062 0.196456
vt 0.824239 0.186909
vt 0.826175 0.187046
vt 0.825840 0.177465
vt 0.823824 0.177590
vt 0.789482 0.185937
vt 0.787547 0.185974
vt 0.790328 0.176675
vt 0.788320 0.176455
vt 0.789065 0.195294
vt 0.787172 0.195343
vt 0.787200 0.204536
vt 0.789148 0.204471
vt 0.758649 0.185356
vt 0.792664 0.464314
vt 0.760654 0.185653
vt 0.763073 0.175133
vt 0.794604 0.473924
vt 0.761047 0.174844
vt 0.757814 0.196906
vt 0.791726 0.454200
vt 0.759822 0.196852
vt 0.758940 0.208998
vt 0.791899 0.444039
vt 0.760861 0.208346
vt 0.831098 0.462622
vt 0.853134 0.187905
vt 0.829067 0.462563
vt 0.828121 0.472284
vt 0.851126 0.177016
vt 0.830108 0.472710
vt 0.831085 0.452370
vt 0.853348 0.199435
vt 0.829043 0.452485
vt 0.829953 0.442159
vt 0.851586 0.211327
vt 0.827948 0.442500
vt 0.792386 0.297545
vt 0.793998 0.297548
vt 0.794120 0.295123
vt 0.792480 0.295063
vt 0.814135 0.297517
vt 0.815742 0.297504
vt 0.815657 0.295043
vt 0.813993 0.295098
vt 0.774633 0.296544
vt 0.793950 0.352303
vt 0.776614 0.296435
vt 0.776870 0.293599
vt 0.794127 0.355285
vt 0.774994 0.293052
vt 0.819233 0.350871
vt 0.817246 0.351242
vt 0.817413 0.353912
vt 0.831552 0.293473
vt 0.819405 0.354097
vt 0.783678 0.269854
vt 0.799992 0.380399
vt 0.781757 0.270532
vt 0.782304 0.274523
vt 0.800217 0.374797
vt 0.784253 0.274611
vt 0.780984 0.279013
vt 0.799388 0.369199
vt 0.782927 0.279643
vt 0.778627 0.284076
vt 0.797610 0.363729
vt 0.780504 0.284885
vt 0.793966 0.280554
vt 0.796149 0.280547
vt 0.793310 0.286483
vt 0.795354 0.286498
vt 0.794428 0.274381
vt 0.796607 0.274344
vt 0.796480 0.268033
vt 0.794375 0.268117
vt 0.814720 0.379793
vt 0.824365 0.271129
vt 0.816723 0.379444
vt 0.816048 0.374008
vt 0.823575 0.275085
vt 0.813994 0.374104
vt 0.816210 0.368490
vt 0.824920 0.279585
vt 0.814181 0.368332
vt 0.817229 0.362948
vt 0.827530 0.284668
vt 0.815221 0.362631
vt 0.813877 0.268610
vt 0.811789 0.268410
vt 0.811410 0.274599
vt 0.813565 0.274708
vt 0.811829 0.280711
vt 0.814002 0.280749
vt 0.812685 0.286579
vt 0.814738 0.286572
vt 0.793133 0.317120
vt 0.794942 0.316264
vt 0.792447 0.305081
vt 0.794380 0.304945
vt 0.794870 0.333342
vt 0.777078 0.317620
vt 0.779103 0.317492
vt 0.793340 0.331775
vt 0.795557 0.345477
vt 0.776498 0.305890
vt 0.778495 0.305824
vt 0.829310 0.317235
vt 0.815425 0.331523
vt 0.813640 0.332480
vt 0.829797 0.305474
vt 0.816941 0.343604
vt 0.814962 0.343857
vt 0.813374 0.316022
vt 0.815165 0.317006
vt 0.813812 0.304857
vt 0.815742 0.304994
vt 0.794289 0.301220
vt 0.792112 0.301152
vt 0.816035 0.301084
vt 0.813858 0.301156
vt 0.778680 0.301507
vt 0.777664 0.300542
vt 0.776732 0.301860
vt 0.795740 0.348458
vt 0.775595 0.301010
vt 0.815469 0.347612
vt 0.817419 0.347066
vt 0.830215 0.300848
vt 0.792126 0.303388
vt 0.794886 0.303312
vt 0.794724 0.302801
vt 0.791833 0.302865
vt 0.816330 0.302786
vt 0.813444 0.302732
vt 0.813287 0.303240
vt 0.816043 0.303308
vt 0.776753 0.304055
vt 0.796909 0.346761
vt 0.778980 0.304011
vt 0.779192 0.303422
vt 0.796873 0.347210
vt 0.776993 0.303564
vt 0.814487 0.346104
vt 0.828606 0.303288
vt 0.816507 0.345302
vt 0.814304 0.345546
vt 0.807510 0.151014
vt 0.809154 0.151051
vt 0.809265 0.145293
vt 0.807624 0.145258
vt 0.812388 0.503414
vt 0.814062 0.503390
vt 0.813936 0.498036
vt 0.812242 0.498085
vt 0.836408 0.151857
vt 0.837984 0.151890
vt 0.837989 0.146613
vt 0.836408 0.146529
vt 0.779206 0.145214
vt 0.777658 0.145232
vt 0.777428 0.150523
vt 0.778973 0.150557
vt 0.831796 0.296694
vt 0.828857 0.303770
vt 0.829717 0.301766
vt 0.816742 0.345652
vn -0.021112 0.076640 0.996835
vn -0.482165 0.111022 0.869017
vn -0.514113 0.112676 0.850289
vn -0.051275 0.079408 0.995523
vn -0.876302 0.118833 0.466876
vn -0.837707 0.120019 0.532769
vn -0.994831 0.097724 0.027610
vn -0.992519 0.100570 0.069223
vn 0.994831 0.097724 0.027610
vn 0.876302 0.118833 0.466875
vn 0.837707 0.120019 0.532769
vn 0.992519 0.100570 0.069223
vn 0.482165 0.111022 0.869018
vn 0.514113 0.112676 0.850290
vn 0.023048 0.076820 0.996779
vn 0.055343 0.079776 0.995275
vn -0.051237 0.079715 -0.995500
vn -0.513775 0.112903 -0.850463
vn -0.482148 0.111274 -0.868995
vn -0.021129 0.076952 -0.996811
vn -0.837611 0.120160 -0.532887
vn -0.876355 0.118953 -0.466745
vn -0.992297 0.100777 -0.072048
vn -0.994785 0.097821 -0.028872
vn 0.992297 0.100777 -0.072048
vn 0.837611 0.120160 -0.532888
vn 0.876355 0.118953 -0.466746
vn 0.994785 0.097821 -0.028872
vn 0.513775 0.112903 -0.850464
vn 0.482148 0.111274 -0.868995
vn 0.055303 0.080083 -0.995253
vn 0.023067 0.077132 -0.996754
vn 0.970668 -0.238108 0.033281
vn 0.817913 -0.319950 0.478175
vn 0.599531 -0.712909 0.363763
vn 0.808608 -0.587324 0.034701
vn 0.475784 -0.297904 0.827577
vn 0.363317 -0.683380 0.633239
vn 0.027440 -0.185668 0.982229
vn 0.028472 -0.490511 0.870970
vn -0.998024 -0.024193 0.057998
vn -0.839560 -0.033639 0.542225
vn -0.806055 0.270185 0.526569
vn -0.973239 0.219400 0.068336
vn -0.520210 -0.031331 0.853463
vn -0.503110 0.254068 0.826033
vn -0.043131 -0.018143 0.998905
vn -0.050919 0.174081 0.983414
vn -0.970421 -0.238909 -0.034709
vn -0.817957 -0.320008 -0.478060
vn -0.599540 -0.712938 -0.363690
vn -0.807329 -0.588997 -0.036088
vn -0.475902 -0.297941 -0.827495
vn -0.363303 -0.683306 -0.633327
vn -0.025264 -0.184445 -0.982518
vn -0.026281 -0.487699 -0.872616
vn 0.027386 -0.185711 -0.982223
vn 0.475902 -0.297940 -0.827496
vn 0.363303 -0.683306 -0.633328
vn 0.028432 -0.490613 -0.870914
vn 0.817957 -0.320008 -0.478060
vn 0.599540 -0.712939 -0.363690
vn 0.970421 -0.238909 -0.034709
vn 0.807329 -0.588997 -0.036088
vn -0.811812 0.583358 0.025575
vn -0.616941 0.697789 0.363969
vn -0.345104 0.913454 0.215651
vn -0.514681 0.857178 0.018716
vn -0.354629 0.671011 0.651140
vn -0.200383 0.897884 0.391984
vn -0.019411 0.476549 0.878934
vn -0.013044 0.791742 0.610716
vn -0.224166 -0.263590 0.938227
vn -0.543484 -0.437491 0.716398
vn -0.392405 -0.366547 0.843600
vn -0.010760 -0.004817 0.999931
vn -0.681218 -0.451463 0.576302
vn -0.868465 -0.346529 0.354523
vn -0.931199 -0.277260 0.236633
vn -0.999929 -0.003290 0.011474
vn 0.011189 -0.006611 0.999916
vn 0.387064 -0.396251 0.832566
vn 0.533836 -0.470483 0.702613
vn 0.225356 -0.290757 0.929879
vn 0.858349 -0.375110 0.350041
vn 0.667191 -0.484950 0.565402
vn 0.999942 -0.003044 0.010312
vn 0.924072 -0.301611 0.234781
vn -0.925291 -0.297074 -0.235761
vn -0.670232 -0.477836 -0.567856
vn -0.860603 -0.368959 -0.351043
vn -0.999931 -0.003846 -0.011124
vn -0.535892 -0.463453 -0.705713
vn -0.388261 -0.389939 -0.834986
vn -0.222739 -0.281789 -0.933264
vn -0.009884 -0.004640 -0.999940
vn 0.999912 -0.004204 -0.012613
vn 0.871589 -0.337034 -0.356006
vn 0.685788 -0.440133 -0.579636
vn 0.933029 -0.269942 -0.237883
vn 0.394129 -0.356690 -0.847015
vn 0.546522 -0.426354 -0.720789
vn 0.012324 -0.006263 -0.999904
vn 0.226742 -0.258466 -0.939033
vn -0.766617 -0.641936 0.014714
vn -0.605681 -0.718885 0.341108
vn -0.559554 -0.722514 0.406045
vn -0.748324 -0.660012 0.066296
vn -0.322803 -0.685515 0.652585
vn -0.360783 -0.696258 0.620533
vn -0.011655 -0.547425 0.836773
vn -0.050443 -0.569065 0.820744
vn -0.747395 -0.660829 -0.068595
vn -0.559284 -0.722854 -0.405813
vn -0.605634 -0.719139 -0.340657
vn -0.766387 -0.642195 -0.015375
vn -0.360407 -0.696814 -0.620126
vn -0.322812 -0.686227 -0.651832
vn -0.050296 -0.569892 -0.820179
vn -0.011661 -0.548334 -0.836178
vn 0.012729 -0.548035 0.836359
vn 0.322803 -0.685514 0.652587
vn 0.360782 -0.696257 0.620534
vn 0.053989 -0.570978 0.819188
vn 0.605681 -0.718885 0.341108
vn 0.559554 -0.722514 0.406045
vn 0.766617 -0.641936 0.014714
vn 0.748325 -0.660011 0.066296
vn 0.053834 -0.571801 -0.818624
vn 0.360409 -0.696809 -0.620131
vn 0.322813 -0.686222 -0.651837
vn 0.012736 -0.548944 -0.835762
vn 0.559288 -0.722846 -0.405821
vn 0.605643 -0.719130 -0.340659
vn 0.747398 -0.660826 -0.068597
vn 0.766387 -0.642195 -0.015375
vn 0.197296 0.980342 0.001949
vn 0.032958 0.999393 0.011308
vn 0.020491 0.999674 0.015236
vn 0.040091 0.999154 0.009202
vn 0.014901 0.999556 0.025794
vn 0.016774 0.999652 0.020353
vn 0.003011 0.979374 0.202034
vn 0.011127 0.999195 0.038533
vn -0.038424 0.999222 0.008868
vn -0.019596 0.999701 0.014615
vn -0.031571 0.999442 0.010881
vn -0.194419 0.980917 0.002036
vn -0.016053 0.999681 0.019480
vn -0.014233 0.999591 0.024795
vn -0.010644 0.999257 0.037038
vn -0.002785 0.979042 0.203638
vn 0.003052 0.980152 -0.198223
vn 0.014242 0.999591 -0.024809
vn 0.016063 0.999681 -0.019494
vn 0.010660 0.999265 -0.036815
vn 0.031609 0.999441 -0.010893
vn 0.019610 0.999701 -0.014628
vn 0.192076 0.981378 -0.002210
vn 0.038435 0.999222 -0.008879
vn 0.998774 0.022498 0.044095
vn 0.853779 0.020274 0.520241
vn 0.854920 -0.307931 0.417481
vn 0.971796 -0.235459 0.013122
vn 0.507410 0.018809 0.861500
vn 0.473031 -0.315803 0.822502
vn 0.034392 0.013049 0.999323
vn 0.016430 -0.243021 0.969882
vn -0.971878 -0.235126 0.013010
vn -0.855249 -0.307305 0.417268
vn -0.853768 0.020317 0.520258
vn -0.998771 0.022570 0.044113
vn -0.473439 -0.315265 0.822474
vn -0.507384 0.018849 0.861514
vn -0.015159 -0.242706 0.969982
vn -0.031771 0.013038 0.999410
vn 0.034343 0.012836 -0.999328
vn 0.507290 0.018736 -0.861572
vn 0.473429 -0.315882 -0.822243
vn 0.016459 -0.243549 -0.969749
vn 0.853807 0.020234 -0.520197
vn 0.855324 -0.307589 -0.416904
vn 0.998696 0.022488 -0.045829
vn 0.971855 -0.235188 -0.013608
vn -0.058696 -0.998193 -0.012890
vn -0.030939 -0.999271 -0.022354
vn -0.048503 -0.998693 -0.016086
vn -0.217901 -0.975970 -0.001511
vn -0.025152 -0.999214 -0.030639
vn -0.022788 -0.999049 -0.037159
vn -0.016319 -0.998016 -0.060810
vn -0.002547 -0.972261 -0.233885
vn -0.967418 0.252805 -0.013886
vn -0.848482 0.326974 -0.416132
vn -0.862171 -0.012095 -0.506473
vn -0.999198 -0.010870 -0.038530
vn -0.467582 0.333397 -0.818666
vn -0.502745 -0.011318 -0.864360
vn -0.014629 0.255697 -0.966646
vn -0.027345 -0.007929 -0.999595
vn 0.999400 -0.014494 0.031442
vn 0.868770 -0.018437 0.494873
vn 0.751714 -0.499273 0.430875
vn 0.917443 -0.396921 0.027441
vn 0.497669 -0.017201 0.867197
vn 0.433404 -0.482938 0.760876
vn 0.025636 -0.011208 0.999608
vn 0.026145 -0.290808 0.956424
vn -0.917443 -0.396921 0.027441
vn -0.751713 -0.499273 0.430875
vn -0.868770 -0.018437 0.494873
vn -0.999400 -0.014494 0.031442
vn -0.433404 -0.482938 0.760876
vn -0.497668 -0.017201 0.867197
vn -0.024119 -0.287877 0.957364
vn -0.023619 -0.011162 0.999659
vn -0.653017 -0.757016 -0.022264
vn -0.479777 -0.826890 -0.293370
vn -0.199550 -0.969846 -0.139923
vn -0.313650 -0.949388 -0.016879
vn -0.265185 -0.816637 -0.512622
vn -0.116590 -0.963746 -0.240002
vn -0.014830 -0.632189 -0.774672
vn -0.009076 -0.916452 -0.400042
vn -0.053512 -0.217908 -0.974501
vn -0.496789 -0.312621 -0.809610
vn -0.258790 -0.004991 -0.965921
vn -0.041720 0.150161 -0.987781
vn -0.786645 -0.331125 -0.521101
vn -0.865195 -0.006108 -0.501398
vn -0.707076 -0.005950 -0.707112
vn -0.959035 -0.273845 -0.072535
vn -0.972500 0.228160 -0.046758
vn -0.041769 0.149568 0.987869
vn -0.500293 -0.005779 0.865837
vn -0.496836 -0.312685 0.809557
vn -0.053570 -0.218053 0.974465
vn -0.707014 -0.006257 0.707171
vn -0.786694 -0.331162 0.521004
vn -0.965913 -0.005986 0.258799
vn -0.972715 0.227639 0.044784
vn -0.959406 -0.273195 0.070035
vn 0.482877 0.875288 -0.026463
vn 0.567856 0.752205 -0.334257
vn 0.226940 0.961386 -0.155675
vn 0.352780 0.935513 -0.019044
vn 0.316423 0.741547 -0.591596
vn 0.130335 0.954343 -0.268780
vn 0.019188 0.526227 -0.850127
vn 0.010209 0.893763 -0.448424
vn 0.019182 0.525579 0.850529
vn 0.316397 0.741423 0.591764
vn 0.130390 0.954306 0.268885
vn 0.010235 0.893687 0.448574
vn 0.567869 0.752057 0.334566
vn 0.226972 0.961368 0.155738
vn 0.483285 0.875091 0.025526
vn 0.354146 0.935011 0.018329
vn 0.025588 -0.011236 -0.999609
vn 0.497634 -0.017231 -0.867216
vn 0.433267 -0.483171 -0.760806
vn 0.026070 -0.290397 -0.956551
vn 0.868836 -0.018454 -0.494756
vn 0.751295 -0.499420 -0.431434
vn 0.999357 -0.014524 -0.032798
vn 0.917044 -0.397748 -0.028767
vn -0.028247 -0.724787 -0.688394
vn -0.274038 -0.827099 -0.490724
vn -0.371333 -0.646815 -0.666140
vn -0.026496 -0.491110 -0.870694
vn -0.472959 -0.835080 -0.280982
vn -0.643379 -0.665989 -0.377521
vn -0.659224 -0.750821 -0.041133
vn -0.843016 -0.536532 -0.038176
vn -0.025524 -0.487396 0.872808
vn -0.365222 -0.643201 0.672983
vn -0.257124 -0.820267 0.510930
vn -0.022577 -0.720128 0.693474
vn -0.642271 -0.661714 0.386811
vn -0.464553 -0.832617 0.301563
vn -0.845024 -0.533540 0.035622
vn -0.663761 -0.746969 0.038198
vn 0.843975 -0.535089 -0.037219
vn 0.642297 -0.661681 -0.386823
vn 0.784434 -0.423764 -0.452866
vn 0.941206 -0.336010 -0.035044
vn 0.365220 -0.643207 -0.672978
vn 0.447232 -0.400264 -0.799857
vn 0.027813 -0.489750 -0.871419
vn 0.025978 -0.276602 -0.960633
vn 0.028650 -0.492112 0.870060
vn 0.364007 -0.646831 0.670156
vn 0.447123 -0.401321 0.799389
vn 0.026060 -0.277082 0.960493
vn 0.639364 -0.665130 0.385766
vn 0.783953 -0.424806 0.452722
vn 0.843689 -0.535576 0.036703
vn 0.941395 -0.335621 0.033684
vn -0.025077 0.088610 0.995751
vn -0.479771 0.127835 0.868031
vn -0.514495 0.129910 0.847596
vn -0.064229 0.092752 0.993616
vn -0.875634 0.136687 0.463229
vn -0.833252 0.138218 0.535338
vn -0.993105 0.112507 0.032945
vn -0.989362 0.116752 0.086789
vn 0.069274 0.093276 0.993227
vn 0.514495 0.129910 0.847596
vn 0.479771 0.127835 0.868031
vn 0.027477 0.088868 0.995664
vn 0.833253 0.138225 0.535335
vn 0.875636 0.136697 0.463223
vn 0.989359 0.116779 0.086781
vn 0.993101 0.112537 0.032945
vn -0.993033 0.112639 -0.034618
vn -0.875657 0.136654 -0.463197
vn -0.833233 0.138185 -0.535377
vn -0.989036 0.116993 -0.090109
vn -0.479613 0.127909 -0.868107
vn -0.514335 0.129968 -0.847684
vn -0.025097 0.088996 -0.995716
vn -0.064112 0.093090 -0.993591
vn 0.027503 0.089252 -0.995629
vn 0.479610 0.127907 -0.868109
vn 0.514333 0.129966 -0.847685
vn 0.069141 0.093607 -0.993206
vn 0.875659 0.136663 -0.463191
vn 0.833234 0.138192 -0.535373
vn 0.993029 0.112669 -0.034618
vn 0.989034 0.117018 -0.090101
vn -0.062424 -0.083318 0.994566
vn -0.514280 -0.116861 0.849623
vn -0.481571 -0.115112 0.868814
vn -0.025784 -0.079829 0.996475
vn -0.836582 -0.124326 0.533549
vn -0.876262 -0.123031 0.465862
vn -0.990892 -0.104913 0.084422
vn -0.994267 -0.101353 0.034065
vn 0.028244 -0.080066 0.996389
vn 0.481571 -0.115112 0.868814
vn 0.514280 -0.116861 0.849623
vn 0.067379 -0.083782 0.994204
vn 0.876264 -0.123040 0.465857
vn 0.836583 -0.124333 0.533545
vn 0.994264 -0.101383 0.034066
vn 0.990890 -0.104939 0.084415
vn -0.990581 -0.105154 -0.087707
vn -0.836371 -0.124516 -0.533835
vn -0.876412 -0.123176 -0.465543
vn -0.994193 -0.101487 -0.035790
vn -0.513917 -0.117173 -0.849800
vn -0.481660 -0.115455 -0.868720
vn -0.062286 -0.083705 -0.994542
vn -0.025792 -0.080232 -0.996442
vn 0.067232 -0.084168 -0.994181
vn 0.513917 -0.117173 -0.849800
vn 0.481659 -0.115455 -0.868720
vn 0.028253 -0.080470 -0.996356
vn 0.836372 -0.124522 -0.533831
vn 0.876414 -0.123184 -0.465537
vn 0.990579 -0.105180 -0.087699
vn 0.994190 -0.101517 -0.035790
vn 0.995109 -0.088552 0.043782
vn 0.854105 -0.117614 0.506628
vn 0.834869 -0.227059 0.501437
vn 0.982229 -0.181511 0.047749
vn 0.502986 -0.108235 0.857490
vn 0.489315 -0.211940 0.845962
vn 0.034622 -0.068302 0.997064
vn 0.038434 -0.143614 0.988887
vn -0.998678 0.007723 0.050811
vn -0.851824 0.010572 0.523722
vn -0.828188 0.189887 0.527302
vn -0.985909 0.148812 0.076407
vn -0.511313 0.009755 0.859339
vn -0.509482 0.177758 0.841920
vn -0.037451 0.005961 0.999281
vn -0.056569 0.117201 0.991496
vn -0.994996 -0.088884 -0.045632
vn -0.854137 -0.117652 -0.506565
vn -0.834844 -0.227050 -0.501482
vn -0.982050 -0.181932 -0.049778
vn -0.502991 -0.108277 -0.857482
vn -0.489344 -0.211923 -0.845950
vn -0.031919 -0.067863 -0.997184
vn -0.035448 -0.142885 -0.989104
vn 0.034604 -0.068337 -0.997062
vn 0.502888 -0.108275 -0.857543
vn 0.489271 -0.211924 -0.845992
vn 0.038416 -0.143574 -0.988894
vn 0.854115 -0.117646 -0.506604
vn 0.834835 -0.227050 -0.501496
vn 0.994995 -0.088887 -0.045660
vn 0.982050 -0.181932 -0.049786
vn -0.043129 -0.000007 0.999069
vn -0.259162 -0.000045 0.965834
vn -0.496783 -0.287111 0.819008
vn -0.073874 -0.191564 0.978696
vn -0.707037 -0.000238 0.707176
vn -0.865664 -0.000163 0.500626
vn -0.800070 -0.307043 0.515376
vn -0.998264 -0.000018 0.058903
vn -0.964492 -0.245219 0.098091
vn 0.998264 -0.000019 0.058905
vn 0.865667 -0.000170 0.500620
vn 0.800070 -0.307043 0.515377
vn 0.964492 -0.245220 0.098095
vn 0.707042 -0.000243 0.707171
vn 0.496784 -0.287111 0.819007
vn 0.259162 -0.000045 0.965834
vn 0.047023 -0.000008 0.998894
vn 0.079605 -0.194125 0.977742
vn -0.998086 -0.000013 -0.061841
vn -0.866073 -0.000049 -0.499918
vn -0.799965 -0.307095 -0.515509
vn -0.963728 -0.246742 -0.101722
vn -0.707349 -0.000041 -0.706865
vn -0.496686 -0.287142 -0.819056
vn -0.258451 -0.000041 -0.966024
vn -0.042998 -0.000007 -0.999075
vn -0.073721 -0.191636 -0.978694
vn 0.046880 -0.000007 -0.998901
vn 0.258451 -0.000041 -0.966024
vn 0.496688 -0.287142 -0.819055
vn 0.079441 -0.194195 -0.977741
vn 0.707354 -0.000046 -0.706859
vn 0.866076 -0.000055 -0.499912
vn 0.799965 -0.307095 -0.515508
vn 0.998086 -0.000015 -0.061843
vn 0.963727 -0.246742 -0.101725
vn -0.025209 0.133727 -0.990698
vn -0.475165 0.188692 -0.859427
vn -0.486187 -0.003301 -0.873848
vn -0.050218 -0.002488 -0.998735
vn -0.866479 0.201016 -0.456953
vn -0.881840 -0.003515 -0.471536
vn -0.984963 0.169230 -0.034772
vn -0.997101 -0.003117 -0.076023
vn -0.050273 -0.002482 0.998732
vn -0.486282 -0.003260 0.873796
vn -0.475213 0.188710 0.859396
vn -0.025202 0.133735 0.990697
vn -0.881842 -0.003507 0.471532
vn -0.866517 0.201023 0.456878
vn -0.997430 -0.003119 0.071579
vn -0.985051 0.169064 0.033056
vn 0.984963 0.169232 -0.034759
vn 0.866509 0.201019 -0.456896
vn 0.881837 -0.003515 -0.471541
vn 0.997101 -0.003117 -0.076026
vn 0.475153 0.188697 -0.859432
vn 0.486192 -0.003300 -0.873846
vn 0.027616 0.134073 -0.990587
vn 0.055784 -0.002492 -0.998440
vn 0.027649 0.134085 0.990584
vn 0.475224 0.188704 0.859391
vn 0.486286 -0.003259 0.873793
vn 0.055845 -0.002485 0.998436
vn 0.866502 0.201019 0.456909
vn 0.881839 -0.003507 0.471537
vn 0.985050 0.169063 0.033074
vn 0.997430 -0.003119 0.071583
vn -0.047992 -0.413834 0.909086
vn -0.259207 -0.397200 0.880366
vn -0.259207 -0.397200 0.880366
vn -0.071765 -0.412913 0.907939
vn -0.709528 -0.281620 0.645956
vn -0.709528 -0.281620 0.645956
vn -0.709528 -0.281620 0.645956
vn -0.709528 -0.281620 0.645956
vn -0.967672 -0.088921 0.236016
vn -0.975641 -0.075023 0.206145
vn -0.999810 0.014031 0.013568
vn -0.967672 -0.088921 0.236016
vn 0.078208 -0.412620 0.907540
vn 0.259207 -0.397200 0.880366
vn 0.259207 -0.397200 0.880366
vn 0.052895 -0.413661 0.908893
vn 0.709528 -0.281620 0.645956
vn 0.709528 -0.281620 0.645956
vn 0.709528 -0.281620 0.645956
vn 0.709528 -0.281620 0.645956
vn 0.967672 -0.088920 0.236016
vn 0.999809 0.014031 0.013568
vn 0.975641 -0.075022 0.206145
vn 0.967672 -0.088920 0.236016
vn -0.975137 -0.075683 -0.208280
vn -0.967648 -0.088640 -0.236220
vn -0.967648 -0.088640 -0.236220
vn -0.999800 0.013534 -0.014704
vn -0.709471 -0.281064 -0.646261
vn -0.709471 -0.281064 -0.646261
vn -0.709471 -0.281064 -0.646261
vn -0.709471 -0.281064 -0.646261
vn -0.259043 -0.395449 -0.881202
vn -0.048005 -0.411148 -0.910304
vn -0.071782 -0.410323 -0.909111
vn -0.259043 -0.395449 -0.881202
vn 0.999800 0.013534 -0.014704
vn 0.967648 -0.088641 -0.236220
vn 0.967648 -0.088641 -0.236220
vn 0.975137 -0.075684 -0.208280
vn 0.709471 -0.281064 -0.646261
vn 0.709471 -0.281064 -0.646261
vn 0.709471 -0.281064 -0.646261
vn 0.709471 -0.281064 -0.646261
vn 0.259043 -0.395449 -0.881202
vn 0.078226 -0.410056 -0.908700
vn 0.052909 -0.410994 -0.910102
vn 0.259043 -0.395449 -0.881202
vn 0.237753 0.000000 0.971326
vn 0.088668 0.000000 0.996061
vn 0.088668 0.000000 0.996061
vn 0.237753 0.000000 0.971326
vn -0.071711 0.000000 0.997425
vn -0.071711 0.000000 0.997425
vn -0.221773 0.000000 0.975098
vn -0.221773 0.000000 0.975098
vn 0.237761 0.000000 -0.971324
vn 0.088805 0.000000 -0.996049
vn 0.088805 0.000000 -0.996049
vn 0.237761 0.000000 -0.971324
vn -0.071849 0.000000 -0.997416
vn -0.071849 0.000000 -0.997416
vn -0.221757 0.000000 -0.975102
vn -0.221757 0.000000 -0.975102
vn 0.965266 0.000000 -0.261269
vn 0.995367 0.000000 -0.096152
vn 0.995367 0.000000 -0.096152
vn 0.965266 0.000000 -0.261269
vn 0.996254 0.000000 0.086474
vn 0.996254 0.000000 0.086474
vn 0.967594 0.000000 0.252510
vn 0.967594 0.000000 0.252510
vn -0.965275 0.000000 -0.261236
vn -0.995367 0.000000 -0.096152
vn -0.995367 0.000000 -0.096152
vn -0.965275 0.000000 -0.261236
vn -0.996254 0.000000 0.086474
vn -0.996254 0.000000 0.086474
vn -0.967597 0.000000 0.252500
vn -0.967597 0.000000 0.252500
vn 0.000000 0.074661 0.997209
vn 0.000000 0.074661 0.997209
vn -0.995406 0.095744 0.000000
vn -0.995406 0.095744 0.000000
vn 0.000000 0.074971 -0.997186
vn 0.000000 0.074971 -0.997186
vn 0.995406 0.095744 0.000000
vn 0.995406 0.095744 0.000000
vn -0.653180 -0.757101 -0.012384
vn -0.658761 -0.752352 0.000000
vn -0.770614 -0.637302 0.000000
vn 0.000000 -0.543178 -0.839618
vn 0.011903 -0.672936 -0.739605
vn 0.000000 -0.665507 -0.746392
vn 0.658761 -0.752352 0.000000
vn 0.653180 -0.757101 -0.012384
vn 0.770614 -0.637302 0.000000
vn 0.000000 -0.665507 0.746392
vn 0.011920 -0.672941 0.739600
vn 0.000000 -0.543120 0.839655
vn 0.000000 -0.214934 0.976629
vn 0.000000 0.170643 0.985333
vn 0.000000 -0.021624 0.999766
vn 0.046526 -0.018356 0.998748
vn 0.054811 0.175082 0.983027
vn -0.962423 -0.271555 0.000000
vn -0.999615 -0.027739 0.000000
vn -0.997887 -0.024359 -0.060235
vn -0.976303 0.216407 0.000000
vn -0.972936 0.219939 -0.070875
vn 0.000000 -0.215030 -0.976607
vn 0.000000 -0.021624 -0.999766
vn 0.046466 -0.018355 -0.998751
vn 0.000000 0.170613 -0.985338
vn 0.054792 0.175053 -0.983033
vn 0.962423 -0.271555 0.000000
vn 0.997887 -0.024359 -0.060235
vn 0.999615 -0.027739 0.000000
vn 0.972936 0.219939 -0.070875
vn 0.976303 0.216407 0.000000
vn -0.513369 0.857947 -0.019490
vn -0.477682 0.878533 -0.000002
vn -0.338743 0.940879 -0.000001
vn -0.334148 0.942500 -0.006217
vn 0.000000 0.908099 -0.418755
vn 0.007428 0.911356 -0.411553
vn 0.014141 0.793300 -0.608667
vn 0.000000 0.821066 -0.570834
vn 0.477682 0.878533 -0.000002
vn 0.513369 0.857947 -0.019490
vn 0.334148 0.942500 -0.006217
vn 0.338743 0.940879 -0.000001
vn 0.000000 0.821077 0.570817
vn 0.014153 0.793315 0.608647
vn 0.007431 0.911357 0.411550
vn 0.000000 0.908100 0.418753
vn -0.774925 0.632054 -0.000003
vn -0.810904 0.584572 -0.026653
vn 0.000000 0.535648 -0.844441
vn 0.021044 0.479447 -0.877319
vn 0.810904 0.584572 -0.026653
vn 0.774925 0.632054 -0.000003
vn 0.000000 0.535419 0.844586
vn 0.021056 0.479098 0.877509
vn -0.991274 0.131821 -0.000001
vn -0.994230 0.101761 -0.033944
vn 0.000000 0.103065 -0.994675
vn 0.026868 0.075101 -0.996814
vn 0.994230 0.101756 -0.033943
vn 0.991274 0.131816 -0.000001
vn 0.000000 0.103070 0.994674
vn 0.026916 0.075150 0.996809
vn 0.000000 0.008204 0.999966
vn 0.000000 0.008204 0.999966
vn -0.999943 0.010635 0.000000
vn -0.999943 0.010635 0.000000
vn 0.999943 0.010635 0.000000
vn 0.999943 0.010635 0.000000
vn 0.000000 0.008204 -0.999966
vn 0.000000 0.008204 -0.999966
vn -0.771365 -0.636393 0.000000
vn -0.771365 -0.636393 0.000000
vn 0.000000 -0.540684 0.841226
vn 0.000000 -0.540684 0.841226
vn 0.000000 -0.541588 -0.840644
vn 0.000000 -0.541588 -0.840644
vn 0.771365 -0.636393 0.000000
vn 0.771365 -0.636393 0.000000
vn 0.000000 0.008510 0.999964
vn -0.999871 0.016053 -0.000001
vn -0.998696 0.022483 -0.045840
vn -0.000001 0.008282 -0.999966
vn 0.999871 0.016053 0.000001
vn 0.000000 -1.000000 -0.000021
vn 0.000000 -1.000000 -0.000007
vn 0.000000 -1.000000 -0.000005
vn 0.000000 -1.000000 -0.000021
vn 0.000000 1.000000 -0.000006
vn 0.000000 1.000000 -0.000003
vn 0.000000 1.000000 -0.000003
vn 0.000000 1.000000 -0.000004
vn -0.238995 -0.971021 -0.000016
vn 0.000000 -1.000000 0.000000
vn 0.000000 -1.000000 -0.000000
vn -0.195689 0.980664 -0.002097
vn -0.240142 0.970738 -0.000010
vn 0.000000 1.000000 0.000000
vn 0.000000 1.000000 0.000000
vn 0.240174 0.970730 0.000001
vn 0.000000 1.000000 0.000000
vn 0.000000 1.000000 0.000000
vn 0.214297 -0.976767 -0.001631
vn 0.239064 -0.971004 0.000017
vn 0.000000 -1.000000 0.000000
vn 0.000000 -1.000000 0.000000
vn 0.000000 1.000000 -0.000005
vn 0.000000 1.000000 -0.000000
vn 0.000000 1.000000 -0.000007
vn 0.000000 1.000000 -0.000005
vn 0.000000 -1.000000 -0.000012
vn 0.000000 -1.000000 -0.000009
vn 0.000000 -1.000000 -0.000008
vn 0.000000 -1.000000 -0.000003
vn -0.999357 -0.014524 -0.032798
vn -0.999888 -0.014950 0.000000
vn -0.999955 -0.009515 -0.000000
vn 0.000000 -0.006793 -0.999977
vn 0.029641 -0.007935 -0.999529
vn 0.000000 -0.011686 -0.999932
vn 0.999888 -0.014950 0.000000
vn 0.999198 -0.010872 -0.038530
vn 0.999955 -0.009515 0.000000
vn 0.000000 -0.011662 0.999932
vn 0.029701 -0.007915 0.999528
vn 0.000000 -0.006769 0.999977
vn -0.289994 -0.957028 0.000000
vn -0.219880 -0.975520 -0.003760
vn -0.222923 -0.974836 0.000000
vn -0.352780 0.935513 -0.019043
vn -0.322764 0.946479 0.000000
vn -0.229158 0.973389 0.000000
vn -0.225926 0.974136 -0.004002
vn 0.000000 0.916206 0.400708
vn 0.004808 0.958899 0.283706
vn 0.000000 0.957413 0.288723
vn 0.009840 -0.917465 0.397694
vn 0.000000 -0.932328 0.361615
vn 0.000000 -0.959736 0.280903
vn 0.004493 -0.961093 0.276189
vn 0.000000 -0.932225 -0.361880
vn 0.009820 -0.917304 -0.398066
vn 0.004503 -0.961049 -0.276340
vn 0.000000 -0.959694 -0.281046
vn 0.000000 0.916275 -0.400550
vn 0.000000 0.957467 -0.288543
vn 0.004811 0.958950 -0.283536
vn 0.313649 -0.949389 -0.016880
vn 0.289994 -0.957028 0.000000
vn 0.222923 -0.974836 0.000000
vn 0.219880 -0.975520 -0.003760
vn 0.322764 0.946479 0.000000
vn 0.225926 0.974136 -0.004003
vn 0.229158 0.973389 0.000000
vn 0.000000 0.251280 0.967914
vn 0.015891 0.255027 0.966803
vn 0.000000 0.965365 0.260902
vn 0.000000 0.965365 0.260902
vn 0.000000 0.703005 0.711185
vn 0.000000 0.703005 0.711185
vn 0.035610 0.720108 0.692948
vn 0.011280 0.708565 0.705555
vn 0.968405 0.249382 0.000002
vn 0.967451 0.252679 -0.013874
vn 0.261177 0.965291 0.000001
vn 0.711875 0.702306 0.000007
vn 0.711877 0.702304 0.000007
vn 0.678592 0.731836 -0.062679
vn 0.707138 0.707011 -0.009548
vn 0.000012 -0.964328 0.264711
vn 0.000012 -0.964326 0.264716
vn 0.002782 -0.973020 0.230704
vn 0.016364 -0.998064 0.060006
vn 0.000000 -0.239370 0.970928
vn 0.000011 -0.696202 0.717846
vn 0.000011 -0.696193 0.717855
vn 0.011528 -0.702080 0.712005
vn 0.035706 -0.713439 0.699807
vn 0.265163 -0.964204 0.000019
vn 0.052842 -0.998534 -0.011761
vn 0.972671 -0.232188 0.000008
vn 0.720566 -0.693386 0.000026
vn 0.720559 -0.693394 0.000026
vn 0.716076 -0.697955 -0.009649
vn 0.687762 -0.723143 -0.063615
vn -0.265139 -0.964210 -0.000018
vn -0.720530 -0.693424 -0.000024
vn -0.720521 -0.693433 -0.000024
vn -0.687115 -0.723775 -0.063428
vn -0.715471 -0.698574 -0.009724
vn -0.972653 -0.232263 -0.000006
vn -0.971732 -0.235696 -0.013568
vn -0.968406 0.249377 -0.000003
vn -0.711815 0.702367 -0.000011
vn -0.711820 0.702362 -0.000011
vn -0.706846 0.707303 -0.009570
vn -0.678279 0.732131 -0.062615
vn -0.261228 0.965277 -0.000010
vn -0.040307 0.999144 -0.009262
vn 0.000000 0.252230 -0.967667
vn 0.015940 0.256000 -0.966545
vn -0.000005 0.703817 -0.710381
vn -0.000005 0.703822 -0.710377
vn 0.011345 0.709233 -0.704883
vn 0.035298 0.720513 -0.692542
vn -0.000005 0.965343 -0.260985
vn -0.000005 0.965343 -0.260983
vn -0.000019 -0.964275 -0.264903
vn -0.000019 -0.964274 -0.264907
vn 0.014743 -0.998496 -0.052801
vn 0.002821 -0.974322 -0.225141
vn -0.000031 -0.696241 -0.717808
vn -0.000031 -0.696232 -0.717817
vn 0.035622 -0.712800 -0.700462
vn 0.011508 -0.701544 -0.712533
vn -0.000014 -0.240448 -0.970662
vn 0.000000 -0.698397 0.715711
vn 0.016030 -0.634874 0.772450
vn 0.000000 -0.359119 0.933292
vn -0.622545 -0.782584 0.000000
vn -0.896448 -0.443148 0.000000
vn -0.917044 -0.397748 -0.028767
vn -0.494391 0.869239 0.000000
vn -0.482877 0.875288 -0.026464
vn -0.963055 -0.269306 0.000000
vn -0.966250 0.257607 0.000002
vn -0.868855 0.495067 0.000001
vn -0.865220 0.500954 -0.020991
vn 0.000000 0.608536 -0.793526
vn 0.000004 -0.213257 -0.976996
vn 0.000000 0.203395 -0.979097
vn 0.045004 0.153036 -0.987195
vn 0.057506 -0.219247 -0.973973
vn 0.000000 0.608165 0.793811
vn 0.000000 0.202882 0.979203
vn 0.045057 0.152460 0.987282
vn 0.000003 -0.213350 0.976976
vn 0.057526 -0.219342 0.973950
vn 0.622545 -0.782584 0.000000
vn 0.653017 -0.757016 -0.022265
vn 0.896449 -0.443148 0.000000
vn 0.000000 -0.698404 -0.715704
vn 0.016078 -0.635203 -0.772178
vn 0.000000 -0.359113 -0.933294
vn 0.494391 0.869239 0.000000
vn 0.868855 0.495067 0.000001
vn 0.966250 0.257607 0.000002
vn 0.972500 0.228160 -0.046759
vn 0.865220 0.500954 -0.020991
vn 0.963056 -0.269301 0.000000
vn 0.959024 -0.273872 -0.072578
vn -0.595676 -0.803211 -0.004619
vn -0.673465 -0.739214 -0.002714
vn -0.578471 -0.815214 -0.028249
vn 0.002245 -0.723065 0.690776
vn 0.003665 -0.788473 0.615058
vn 0.023774 -0.800233 0.599217
vn 0.028131 -0.725985 0.687135
vn 0.673136 -0.739514 0.002717
vn 0.595567 -0.803292 0.004586
vn 0.583149 -0.812163 -0.018108
vn 0.662238 -0.748227 -0.039956
vn -0.003679 -0.788655 -0.614826
vn -0.002260 -0.723221 -0.690613
vn 0.024784 -0.721624 -0.691842
vn 0.016850 -0.796192 -0.604809
vn 0.000100 -0.292741 0.956192
vn -0.000085 -0.292704 -0.956203
vn 0.937234 -0.348701 0.000116
vn -0.941054 -0.336421 -0.035179
vn -0.937235 -0.348699 -0.000116
vn -0.829400 -0.558655 -0.000863
vn -0.000679 -0.521753 -0.853096
vn 0.000689 -0.521194 0.853438
vn 0.828882 -0.559423 0.000873
vn 0.000000 0.085887 0.996305
vn 0.000000 0.085887 0.996305
vn -0.993959 0.109750 0.000000
vn -0.993959 0.109750 0.000000
vn 0.000000 0.086291 -0.996270
vn 0.000000 0.086291 -0.996270
vn 0.993956 0.109782 0.000000
vn 0.993956 0.109782 0.000000
vn 0.000000 -0.077310 0.997007
vn 0.000000 -0.077310 0.997007
vn -0.995107 -0.098802 0.000000
vn -0.995107 -0.098802 0.000000
vn 0.000000 -0.077715 -0.996976
vn 0.000000 -0.077715 -0.996976
vn 0.995104 -0.098834 0.000000
vn 0.995104 -0.098834 0.000000
vn -0.952717 0.000000 -0.303858
vn -0.952717 0.000000 -0.303858
vn 0.268070 0.000000 -0.963400
vn 0.268070 0.000000 -0.963400
vn 0.952889 0.000000 -0.303319
vn 0.952889 0.000000 -0.303319
vn 0.268333 0.000000 0.963326
vn 0.268333 0.000000 0.963326
vn -0.973554 0.228456 0.000000
vn -0.972495 0.232004 -0.020696
vn 0.000000 0.180186 -0.983633
vn 0.017137 0.184063 -0.982765
vn 0.972495 0.232004 -0.020696
vn 0.973554 0.228457 0.000000
vn 0.017147 0.184098 0.982758
vn 0.000000 0.180219 0.983627
vn -0.353274 -0.933254 -0.065067
vn -0.343494 -0.939155 0.000660
vn -0.366127 -0.930565 0.000195
vn -0.364573 -0.929129 -0.061685
vn -0.372199 -0.924304 -0.084441
vn -0.343495 0.939154 0.000660
vn -0.353276 0.933254 -0.065064
vn -0.372200 0.924304 -0.084438
vn -0.364574 0.929129 -0.061681
vn -0.366128 0.930565 0.000195
vn -0.000980 0.925145 -0.379612
vn 0.063018 0.918985 -0.389223
vn 0.075933 0.911225 -0.404849
vn 0.059175 0.915443 -0.398073
vn -0.000418 0.916089 -0.400974
vn 0.063019 -0.918984 -0.389226
vn -0.000980 -0.925145 -0.379613
vn -0.000418 -0.916089 -0.400974
vn 0.059174 -0.915443 -0.398073
vn 0.075933 -0.911225 -0.404849
vn 0.343540 -0.939138 0.000659
vn 0.353322 -0.933238 -0.065045
vn 0.372283 -0.924277 -0.084364
vn 0.364604 -0.929114 -0.061730
vn 0.366158 -0.930553 0.000193
vn 0.353324 0.933237 -0.065042
vn 0.343540 0.939138 0.000659
vn 0.366159 0.930552 0.000193
vn 0.364605 0.929114 -0.061726
vn 0.372284 0.924277 -0.084361
vn -0.000984 -0.925140 0.379625
vn 0.063056 -0.918981 0.389228
vn 0.075988 -0.911233 0.404822
vn 0.059176 -0.915436 0.398090
vn -0.000422 -0.916080 0.400995
vn 0.063056 0.918982 0.389224
vn -0.000984 0.925140 0.379624
vn -0.000422 0.916080 0.400995
vn 0.059176 0.915436 0.398090
vn 0.075988 0.911233 0.404822
vn 0.000000 1.000000 0.000002
vn 0.000000 1.000000 0.000002
vn 0.000000 1.000000 0.000002
vn 0.000000 1.000000 0.000002
vn 0.000000 -1.000000 -0.000001
vn 0.000000 -1.000000 -0.000002
vn 0.000000 -1.000000 -0.000000
vn 0.000000 -1.000000 0.000000
vn 0.000000 1.000000 0.000000
vn 0.000000 1.000000 0.000000
vn 0.000000 1.000000 0.000000
vn 0.000000 1.000000 0.000000
vn 0.000000 -1.000000 -0.000000
vn 0.000000 -1.000000 0.000000
vn 0.000000 1.000000 -0.000001
vn 0.000000 1.000000 -0.000002
vn 0.000000 1.000000 -0.000002
vn 0.000000 1.000000 -0.000000
vn 0.000000 -1.000000 0.000000
vn 0.000000 -1.000000 -0.000000
vn 0.000000 1.000000 0.000000
vn 0.000000 1.000000 0.000000
vn 0.000000 1.000000 0.000000
vn 0.000000 1.000000 0.000000
vn 0.000000 1.000000 -0.000000
vn 0.000000 1.000000 0.000001
vn 0.000000 -1.000000 -0.000000
vn 0.000000 -1.000000 -0.000000
vn 0.000000 -1.000000 -0.000000
vn 0.000000 -1.000000 -0.000000
vn 0.000000 -1.000000 0.000000
vn 0.000000 -1.000000 0.000000
vn 0.000000 -1.000000 0.000000
vn 0.000000 -1.000000 0.000000
vn 0.000000 1.000000 0.000000
vn 0.000000 1.000000 -0.000000
vn 0.000000 -1.000000 -0.000000
vn 0.000000 -1.000000 -0.000000
vn 0.000000 -1.000000 -0.000000
vn 0.000000 -1.000000 -0.000000
vn 0.000000 1.000000 -0.000001
vn 0.000000 1.000000 0.000001
vn 0.000000 -1.000000 0.000000
vn 0.000000 -1.000000 0.000000
vn 0.000000 -1.000000 0.000000
vn 0.000000 -1.000000 0.000000
vn 0.000000 1.000000 -0.000000
vn 0.000000 1.000000 0.000000
vn -0.977443 -0.209793 -0.024348
vn -0.978551 -0.206004 0.000002
vn -0.983216 -0.182445 0.000006
vn 0.000006 -0.143723 -0.989618
vn 0.020784 -0.165326 -0.986020
vn -0.000028 -0.161346 -0.986898
vn 0.978552 -0.206002 -0.000002
vn 0.977444 -0.209789 -0.024339
vn 0.983216 -0.182445 -0.000006
vn -0.000033 -0.161345 0.986898
vn 0.020795 -0.165335 0.986018
vn -0.000003 -0.143750 0.989614
vn -0.000014 -0.075236 0.997166
vn 0.000002 0.115801 0.993272
vn -0.000006 0.006791 0.999977
vn 0.040493 0.006012 0.999162
vn 0.061082 0.118076 0.991124
vn -0.995284 -0.097002 0.000015
vn -0.999962 0.008674 0.000014
vn -0.998572 0.007755 -0.052861
vn -0.989128 0.147054 -0.000005
vn -0.985597 0.149320 -0.079379
vn -0.000002 -0.075237 -0.997166
vn 0.000001 0.006784 -0.999977
vn 0.040424 0.006009 -0.999165
vn -0.000002 0.115804 -0.993272
vn 0.061019 0.118083 -0.991127
vn 0.995284 -0.097002 -0.000014
vn 0.998569 0.007750 -0.052907
vn 0.999962 0.008674 -0.000013
vn 0.985600 0.149312 -0.079358
vn 0.989129 0.147053 0.000005
vn 0.000000 0.000000 1.000000
vn 0.000000 -0.194018 0.980998
vn -0.969666 -0.244434 0.000000
vn -1.000000 0.000000 0.000000
vn 1.000000 0.000000 0.000000
vn 0.969666 -0.244434 0.000000
vn 0.000000 -0.194102 -0.980981
vn 0.000000 0.000000 -1.000000
vn -0.986300 0.164962 -0.000008
vn -0.000002 0.129145 -0.991626
vn 0.986300 0.164962 0.000008
vn 0.000003 0.129152 0.991625
vn -0.942401 -0.328636 -0.062285
vn -0.950507 -0.310703 0.000000
vn 0.047140 -0.266614 -0.962650
vn 0.000000 -0.246512 -0.969140
vn 0.950507 -0.310703 0.000000
vn 0.942400 -0.328636 -0.062286
vn 0.000000 -0.246436 0.969159
vn 0.047217 -0.266550 0.962664
vn -0.983719 -0.179712 0.000000
vn -0.976758 -0.196071 -0.086600
vn -0.999996 -0.002913 0.000000
vn 0.000000 -0.139704 -0.990193
vn 0.065031 -0.160622 -0.984871
vn 0.000000 -0.002228 -0.999997
vn 0.976758 -0.196072 -0.086602
vn 0.983719 -0.179712 0.000000
vn 0.999996 -0.002913 0.000000
vn 0.000000 -0.139704 0.990193
vn 0.065130 -0.160639 0.984862
vn 0.000000 -0.002228 0.999997
vn 0.000000 -0.414976 0.909832
vn 0.000000 -0.414976 0.909832
vn -0.999794 0.020271 0.000000
vn -0.999795 0.020272 0.000000
vn 0.999795 0.020272 0.000000
vn 0.999794 0.020271 0.000000
vn 0.000000 -0.412100 -0.911139
vn 0.000000 -0.412100 -0.911139
vn -0.997119 -0.000093 -0.075855
vn -1.000000 -0.000000 0.000000
vn -1.000000 -0.000000 0.000000
vn -0.997009 -0.000094 -0.077289
vn 0.000000 0.000000 -1.000000
vn 0.058065 -0.000069 -0.998313
vn 0.057141 -0.000068 -0.998366
vn 0.000000 0.000000 -1.000000
vn 1.000000 -0.000000 0.000000
vn 0.997119 -0.000093 -0.075855
vn 0.997009 -0.000094 -0.077289
vn 1.000000 -0.000000 0.000000
vn 0.000000 0.000000 1.000000
vn 0.057225 -0.000063 0.998361
vn 0.058150 -0.000064 0.998308
vn 0.000000 0.000000 1.000000
vn 0.000000 0.552888 0.833255
vn 0.000000 0.552888 0.833255
vn 0.075924 0.589700 0.804046
vn 0.024150 0.565076 0.824686
vn -0.810100 0.586292 0.000000
vn -0.810100 0.586292 0.000000
vn -0.801634 0.597256 -0.025866
vn -0.770126 0.628691 -0.107951
vn 0.000000 0.552687 -0.833389
vn 0.000000 0.552687 -0.833389
vn 0.024092 0.564861 -0.824834
vn 0.075836 0.589507 -0.804196
vn 0.770126 0.628691 -0.107949
vn 0.801634 0.597256 -0.025865
vn 0.810100 0.586292 0.000000
vn 0.810100 0.586292 0.000000
vn 0.000000 0.982414 0.186716
vn 0.019068 0.986459 0.162897
vn 0.006646 0.983930 0.178431
vn 0.000000 0.982414 0.186716
vn 0.018699 -0.987281 0.157882
vn 0.000000 -0.983469 0.181079
vn 0.000000 -0.983469 0.181079
vn 0.006425 -0.984878 0.173127
vn -0.142275 -0.989827 0.000000
vn -0.124652 -0.992004 -0.019739
vn -0.137701 -0.990460 -0.005134
vn -0.142275 -0.989827 0.000000
vn -0.124109 0.992059 -0.020382
vn -0.142102 0.989852 0.000000
vn -0.142102 0.989852 0.000000
vn -0.137345 0.990509 -0.005400
vn 0.142102 0.989852 0.000000
vn 0.124109 0.992059 -0.020382
vn 0.137345 0.990509 -0.005400
vn 0.142102 0.989852 0.000000
vn 0.124652 -0.992004 -0.019739
vn 0.142275 -0.989827 0.000000
vn 0.142275 -0.989827 0.000000
vn 0.137701 -0.990461 -0.005134
vn 0.000000 -0.983468 -0.181085
vn 0.018676 -0.987274 -0.157929
vn 0.006407 -0.984874 -0.173156
vn 0.000000 -0.983468 -0.181085
vn 0.019062 0.986462 -0.162879
vn 0.000000 0.982414 -0.186714
vn 0.000000 0.982414 -0.186714
vn 0.006641 0.983931 -0.178427
vn -0.031938 -0.067855 0.997184
vn -0.035463 -0.142933 0.989097
vn -0.019023 -0.164958 0.986117
vn 0.000000 -1.000000 -0.000000
vn 0.000000 -1.000000 -0.000000
vn -0.058950 0.917553 0.393220
vn 0.000000 1.000000 0.000001
vn -0.250305 0.000000 0.968167
vn -0.250305 0.000000 0.968167
vn -0.058950 -0.917551 0.393224
vn -0.055263 -0.913920 0.402114
vn -0.071679 -0.909829 0.408745
vn 0.000000 -1.000000 -0.000000
vn 0.000000 1.000000 0.000002
vn 0.000000 1.000000 0.000002
vn -0.015707 0.183774 0.982843
vn -0.025326 -0.184412 0.982523
vn -0.026318 -0.487595 0.872673
vn -0.010926 -0.672327 0.740174
vn -0.006811 0.911090 0.412151
vn -0.024813 0.074269 0.996930
vn -0.033175 -0.711641 0.701759
vn -0.010600 -0.701095 0.712990
vn -0.014868 -0.998426 0.054076
vn -0.002571 -0.973397 0.229112
vn 0.000000 1.000000 0.000001
vn 0.000000 1.000000 0.000004
vn 0.000000 -1.000000 -0.000017
vn 0.000000 -1.000000 0.000003
vn -0.010397 0.708115 0.706020
vn -0.033040 0.718852 0.694378
vn -0.014619 0.254724 0.966903
vn -0.027400 -0.007906 0.999593
vn -0.014785 -0.631862 0.774940
vn -0.009095 -0.916612 0.399675
vn -0.004122 -0.960985 0.276571
vn -0.009449 0.892527 0.450895
vn -0.004409 0.958777 0.284125
vn -0.017685 0.521749 0.852916
vn -0.023898 -0.275447 0.961019
vn -0.014884 -0.795408 0.605892
vn -0.021668 -0.799480 -0.600302
vn -0.023997 -0.275777 -0.960922
vn -0.017691 0.522400 -0.852517
vn -0.009425 0.892608 -0.450735
vn -0.004412 0.958833 -0.283937
vn -0.004131 -0.960942 -0.276720
vn -0.024049 -0.287459 -0.957491
vn -0.023574 -0.011190 -0.999659
vn -0.032832 0.719654 -0.693556
vn -0.010423 0.709051 -0.705080
vn -0.011182 0.999174 -0.039074
vn -0.002748 0.978171 -0.207781
vn 0.000000 -1.000000 0.000002
vn 0.000000 -1.000000 0.000005
vn 0.000000 1.000000 -0.000009
vn 0.000000 1.000000 -0.000000
vn -0.010584 -0.701686 -0.712408
vn -0.033290 -0.712455 -0.700928
vn -0.015229 -0.244319 -0.969575
vn -0.031724 0.012741 -0.999416
vn -0.024768 0.074220 -0.996934
vn -0.019400 0.476900 -0.878743
vn -0.013033 0.791725 -0.610738
vn -0.006809 0.911090 -0.412151
vn -0.010909 -0.672322 -0.740178
vn -0.043125 -0.018152 -0.998905
vn -0.050895 0.174046 -0.983421
vn -0.015697 0.183740 -0.982850
vn 0.000000 1.000000 -0.000003
vn 0.000000 1.000000 -0.000003
vn -0.058915 -0.917559 -0.393210
vn 0.000000 -1.000000 0.000001
vn -0.250097 0.000000 -0.968221
vn -0.250097 0.000000 -0.968221
vn -0.058915 0.917561 -0.393206
vn -0.055254 0.913932 -0.402089
vn -0.071635 0.909832 -0.408747
vn 0.000000 1.000000 -0.000002
vn 0.000000 -1.000000 -0.000000
vn 0.000000 -1.000000 -0.000000
vn -0.019018 -0.164961 -0.986117
vn -0.037375 0.005944 -0.999284
vn -0.056577 0.117209 -0.991494
vn -0.059123 -0.160572 -0.985252
vn -0.043016 -0.265810 -0.963065
vn -0.070831 0.587214 -0.806327
vn -0.021889 0.563768 -0.825643
vn -0.017944 0.986250 -0.164284
vn -0.006025 0.983794 -0.179204
vn -0.017584 -0.987076 -0.159288
vn -0.005813 -0.984747 -0.173898
vn -0.052255 -0.000062 -0.998634
vn -0.053121 -0.000063 -0.998588
vn -0.052332 -0.000058 0.998630
vn -0.053199 -0.000059 0.998584
vn -0.017605 -0.987083 0.159242
vn -0.005829 -0.984753 0.173863
vn -0.017949 0.986246 0.164304
vn -0.006029 0.983793 0.179208
vn -0.021942 0.563980 0.825497
vn -0.070912 0.587406 0.806179
vn -0.043087 -0.265743 0.963081
vn -0.059212 -0.160588 0.985244
vn 0.977509 -0.209615 0.023194
vn 0.000000 -1.000000 -0.000000
vn 0.000000 -1.000000 -0.000000
vn 0.355116 0.932710 0.062810
vn 0.000000 1.000000 0.000000
vn 0.956109 0.000000 0.293012
vn 0.956109 0.000000 0.293012
vn 0.355114 -0.932710 0.062813
vn 0.366342 -0.928572 0.059563
vn 0.373962 -0.923820 0.081913
vn 0.000000 -1.000000 0.000000
vn 0.000000 1.000000 0.000000
vn 0.000000 1.000000 0.000000
vn 0.973239 0.219401 0.068335
vn 0.972553 0.231844 0.019747
vn 0.998024 -0.024194 0.057990
vn 0.653436 -0.756890 0.011822
vn 0.514681 0.857178 0.018716
vn 0.334351 0.942430 0.005934
vn 0.811812 0.583358 0.025575
vn 0.994340 0.101156 0.032477
vn 0.688201 -0.722901 0.061599
vn 0.715748 -0.698297 0.009284
vn 0.058751 -0.998190 0.012870
vn 0.218696 -0.975792 0.001419
vn 0.000000 -1.000000 0.000000
vn 0.000000 1.000000 0.000000
vn 0.707192 0.706961 0.009237
vn 0.680016 0.730711 0.060333
vn 0.967461 0.252672 0.013304
vn 0.999258 -0.010873 0.036950
vn 0.653842 -0.756327 0.021472
vn 0.314851 -0.949002 0.016234
vn 0.220011 -0.975491 0.003595
vn 0.226068 0.974104 0.003830
vn 0.865414 0.500650 0.020209
vn 0.972715 0.227639 0.044784
vn 0.959417 -0.273164 0.070008
vn 0.659422 -0.750562 0.042659
vn 0.579386 -0.814638 0.026008
vn -0.583880 -0.811666 0.016773
vn -0.941536 -0.335235 0.033567
vn -0.865414 0.500650 0.020209
vn -0.483285 0.875091 0.025525
vn -0.354146 0.935011 0.018329
vn -0.226068 0.974104 0.003830
vn -0.314851 -0.949002 0.016234
vn -0.220012 -0.975491 0.003595
vn -0.653842 -0.756327 0.021472
vn -0.999258 -0.010874 0.036950
vn -0.967494 0.252543 0.013292
vn -0.680092 0.730628 0.060468
vn -0.707357 0.706797 0.009192
vn 0.000000 1.000000 0.000000
vn -0.215779 -0.976441 0.001508
vn 0.000000 -1.000000 -0.000001
vn -0.053522 -0.998496 0.011871
vn -0.716248 -0.697785 0.009219
vn -0.688785 -0.722336 0.061701
vn -0.994340 0.101162 0.032478
vn -0.334351 0.942430 0.005934
vn -0.653436 -0.756890 0.011822
vn -0.808608 -0.587324 0.034701
vn -0.970669 -0.238106 0.033282
vn -0.972553 0.231844 0.019747
vn 0.000000 1.000000 0.000000
vn 0.000000 1.000000 0.000000
vn -0.355069 -0.932726 0.062839
vn 0.000000 -1.000000 0.000000
vn -0.955949 0.000000 0.293534
vn -0.955949 0.000000 0.293534
vn -0.355071 0.932725 0.062836
vn -0.366313 0.928586 0.059520
vn -0.373889 0.923843 0.081983
vn 0.000000 1.000000 0.000000
vn 0.000000 -1.000000 0.000000
vn 0.000000 -1.000000 0.000000
vn -0.977509 -0.209615 0.023198
vn -0.982230 -0.181505 0.047755
vn -0.995107 -0.088553 0.043817
vn -0.977062 -0.196462 0.082176
vn -0.942685 -0.328376 0.059285
vn -0.771401 0.627649 0.104865
vn -0.802099 0.596689 0.024472
vn -0.124549 0.992014 0.019889
vn -0.137630 0.990471 0.005077
vn -0.125064 -0.991962 0.019262
vn -0.137969 -0.990425 0.004829
vn -0.997383 -0.000091 0.072302
vn -0.997277 -0.000093 0.073745
vn 0.997383 -0.000091 0.072302
vn 0.997277 -0.000093 0.073745
vn 0.125064 -0.991962 0.019260
vn 0.137969 -0.990425 0.004829
vn 0.124549 0.992014 0.019886
vn 0.137630 0.990471 0.005077
vn 0.802099 0.596689 0.024473
vn 0.771401 0.627649 0.104867
vn 0.942685 -0.328376 0.059286
vn 0.977061 -0.196463 0.082178
vn 0.985907 0.148816 0.076425
vn 0.998681 0.007724 0.050760
vn -0.055263 0.913920 0.402114
vn -0.071679 0.909829 0.408745
vn -0.055254 -0.913932 -0.402088
vn -0.071635 -0.909832 -0.408747
vn 0.366342 0.928572 0.059559
vn 0.373963 0.923820 0.081911
vn -0.366312 -0.928586 0.059524
vn -0.373888 -0.923843 0.081985
vn 0.000000 -1.000000 0.000000
vn 0.000000 -1.000000 0.000001
vn 0.000000 -1.000000 0.000000
vn 0.000000 -1.000000 0.000000
vn 0.000000 -1.000000 0.000000
vn -0.050790 -0.993564 0.101251
vn -0.088639 -0.994905 0.048035
vn 0.000000 -1.000000 0.000002
vn 0.000000 -1.000000 0.000001
vn 0.000000 -1.000000 0.000002
vn -0.093999 -0.994376 -0.048798
vn -0.054294 -0.993555 -0.099499
vn 0.000000 -1.000000 0.000000
vn 0.000000 -1.000000 -0.000000
vn 0.000000 -1.000000 0.000000
vn 0.093087 -0.994288 0.052214
vn 0.053775 -0.992850 0.106572
vn 0.000000 -1.000000 -0.000000
vn 0.000000 -1.000000 -0.000000
vn 0.055780 -0.992237 -0.111147
vn 0.097504 -0.993832 -0.052827
vn 0.000000 1.000000 0.000001
vn 0.000000 1.000000 0.000001
vn 0.000000 1.000000 0.000001
vn 0.000000 1.000000 0.000001
vn 0.000000 1.000000 0.000000
vn 0.000000 1.000000 0.000000
vn 0.000000 1.000000 0.000001
vn 0.000000 1.000000 -0.000001
vn 0.000000 1.000000 -0.000001
vn 0.000000 1.000000 -0.000001
vn 0.000000 1.000000 -0.000001
vn 0.000000 1.000000 -0.000001
vn 0.000000 1.000000 -0.000000
vn 0.000000 1.000000 -0.000001
vn 0.000000 1.000000 -0.000001
vn 0.000000 1.000000 -0.000001
vn 0.000000 1.000000 -0.000001
vn 0.000000 1.000000 0.000001
vn 0.000000 1.000000 0.000001
vn 0.000000 1.000000 0.000001
vn 0.000000 1.000000 0.000001
vn -0.030466 0.930169 0.365867
vn 0.036840 0.930506 0.364419
vn 0.036840 -0.930506 0.364419
vn -0.030466 -0.930169 0.365866
vn -0.030505 -0.930230 -0.365707
vn 0.036876 -0.930567 -0.364260
vn 0.036876 0.930567 -0.364259
vn -0.030505 0.930230 -0.365707
vn 0.352721 0.934881 0.039825
vn 0.352032 0.934980 -0.043422
vn 0.352056 -0.934971 -0.043426
vn 0.352745 -0.934871 0.039827
vn -0.352745 -0.934871 0.039827
vn -0.352057 -0.934971 -0.043426
vn -0.352032 0.934980 -0.043421
vn -0.352721 0.934881 0.039825
vn 0.806071 0.270196 0.526540
vn 0.839398 -0.033641 0.542476
vn 0.503095 0.254081 0.826038
vn 0.520227 -0.031333 0.853453
vn 0.285470 -0.798069 0.530653
vn 0.510160 -0.818537 0.264072
vn -0.817853 -0.319889 0.478316
vn -0.599530 -0.712909 0.363763
vn -0.475859 -0.297833 0.827559
vn -0.363317 -0.683380 0.633240
vn -0.510160 -0.818537 0.264072
vn -0.285470 -0.798069 0.530653
vn -0.839349 -0.033637 -0.542551
vn -0.520209 -0.031332 -0.853464
vn -0.285395 -0.798087 -0.530666
vn -0.510178 -0.818535 -0.264043
vn -0.806123 0.270195 -0.526460
vn -0.503211 0.254083 -0.825966
vn 0.520208 -0.031332 -0.853464
vn 0.839349 -0.033637 -0.542551
vn 0.510178 -0.818535 -0.264043
vn 0.285395 -0.798087 -0.530667
vn 0.503211 0.254083 -0.825966
vn 0.806123 0.270195 -0.526460
vn -0.616912 0.697864 -0.363876
vn -0.345113 0.913445 -0.215672
vn -0.354558 0.671122 -0.651064
vn -0.200319 0.897869 -0.392051
vn -0.242403 0.961361 -0.130480
vn -0.138429 0.953459 -0.267869
vn -0.138473 0.953456 0.267856
vn -0.242402 0.961359 0.130499
vn 0.354558 0.671122 -0.651064
vn 0.200319 0.897869 -0.392050
vn 0.616912 0.697863 -0.363876
vn 0.345113 0.913445 -0.215673
vn 0.138429 0.953459 -0.267869
vn 0.242403 0.961361 -0.130480
vn 0.616939 0.697790 0.363971
vn 0.345104 0.913453 0.215653
vn 0.354628 0.671013 0.651138
vn 0.200382 0.897884 0.391983
vn 0.242402 0.961359 0.130500
vn 0.138474 0.953456 0.267856
vn -0.494072 0.139119 0.858218
vn -0.856856 0.151251 0.492871
vn -0.856802 0.151272 -0.492957
vn -0.493868 0.139108 -0.858337
vn 0.493868 0.139108 -0.858338
vn 0.856804 0.151271 -0.492954
vn 0.856858 0.151250 0.492868
vn 0.494072 0.139119 0.858218
vn -0.000040 -1.000000 0.000002
vn -0.000003 -1.000000 -0.000001
vn -0.000029 -1.000000 0.000001
vn -0.000040 -1.000000 0.000002
vn 0.000000 -1.000000 -0.000002
vn 0.000000 -1.000000 -0.000003
vn 0.294997 0.802992 0.517861
vn 0.301917 0.804119 0.512092
vn 0.542870 0.797123 0.264362
vn 0.479223 0.809126 0.340090
vn 0.467312 0.332375 0.819235
vn 0.502820 -0.011295 0.864317
vn 0.848422 0.326643 0.416515
vn 0.862169 -0.012081 0.506476
vn -0.848545 0.326382 0.416468
vn -0.862169 -0.012084 0.506477
vn -0.467444 0.332209 0.819227
vn -0.502819 -0.011297 0.864318
vn -0.479278 0.809006 0.340296
vn -0.543219 0.796944 0.264186
vn -0.301988 0.803918 0.512367
vn -0.295354 0.802835 0.517902
vn -0.000005 -1.000000 0.000011
vn -0.000004 -1.000000 0.000009
vn -0.000007 -1.000000 0.000013
vn -0.000008 -1.000000 0.000009
vn -0.000009 -1.000000 0.000007
vn -0.000009 -1.000000 0.000007
vn 0.000000 -1.000000 -0.000001
vn 0.000000 -1.000000 -0.000002
vn 0.000000 -1.000000 -0.000001
vn 0.000000 -1.000000 -0.000000
vn 0.000000 -1.000000 -0.000000
vn 0.000000 -1.000000 -0.000000
vn 0.542966 0.797347 -0.263486
vn 0.478626 0.809491 -0.340061
vn 0.295384 0.803306 -0.517154
vn 0.301535 0.804312 -0.512014
vn 0.848583 0.326749 -0.416104
vn 0.862170 -0.012097 -0.506474
vn 0.467711 0.333249 -0.818652
vn 0.502744 -0.011320 -0.864361
vn 0.305855 -0.798096 0.519130
vn 0.299787 -0.797113 0.524154
vn 0.485911 -0.803061 0.344941
vn 0.550930 -0.790606 0.267242
vn 0.025133 -0.999216 0.030603
vn 0.022773 -0.999052 0.037109
vn 0.030913 -0.999273 0.022326
vn 0.048464 -0.998696 0.016067
vn 0.000000 1.000000 -0.000002
vn 0.000000 1.000000 -0.000002
vn 0.000000 1.000000 -0.000001
vn 0.000000 1.000000 -0.000000
vn 0.000000 1.000000 0.000000
vn 0.000000 1.000000 0.000000
vn -0.027913 -0.999404 0.020305
vn -0.044117 -0.998917 0.014746
vn -0.022741 -0.999360 0.027616
vn -0.020479 -0.999214 0.033931
vn 0.000000 1.000000 0.000002
vn 0.000000 1.000000 0.000002
vn 0.000000 1.000000 0.000002
vn 0.000000 1.000000 0.000002
vn 0.000000 1.000000 0.000002
vn 0.000000 1.000000 0.000003
vn -0.552028 -0.789803 0.267350
vn -0.486699 -0.802329 0.345532
vn -0.300529 -0.796284 0.524990
vn -0.306442 -0.797246 0.520088
vn 0.486616 -0.802391 -0.345506
vn 0.551981 -0.789836 -0.267353
vn 0.306241 -0.797352 -0.520044
vn 0.300446 -0.796411 -0.524844
vn 0.027577 -0.999418 -0.020078
vn 0.043625 -0.998941 -0.014595
vn 0.022472 -0.999375 -0.027283
vn 0.020225 -0.999232 -0.033571
vn 0.000000 1.000000 0.000001
vn 0.000000 1.000000 -0.000001
vn 0.000000 1.000000 0.000000
vn 0.000000 1.000000 0.000001
vn 0.000000 1.000000 -0.000003
vn 0.000000 1.000000 -0.000003
vn -0.550782 -0.790757 -0.267101
vn -0.485704 -0.803284 -0.344712
vn -0.299539 -0.797447 -0.523788
vn -0.305610 -0.798428 -0.518763
vn 0.000000 1.000000 0.000002
vn 0.000000 1.000000 0.000002
vn 0.000000 1.000000 0.000003
vn 0.000000 1.000000 0.000000
vn 0.000000 1.000000 -0.000001
vn 0.000000 1.000000 -0.000001
vn -0.855134 -0.308903 -0.416323
vn -0.853789 0.020126 -0.520230
vn -0.473594 -0.317631 -0.821474
vn -0.507255 0.018621 -0.861595
vn -0.478397 0.809731 -0.339811
vn -0.542570 0.797649 -0.263388
vn -0.301411 0.804560 -0.511699
vn -0.295126 0.803532 -0.516950
vn -0.020631 0.999670 -0.015330
vn -0.033174 0.999385 -0.011377
vn -0.016888 0.999648 -0.020484
vn -0.015005 0.999551 -0.025948
vn 0.000000 -1.000000 -0.000001
vn 0.000000 -1.000000 0.000001
vn 0.000000 -1.000000 -0.000000
vn 0.000000 -1.000000 -0.000001
vn 0.000000 -1.000000 0.000002
vn 0.000000 -1.000000 0.000003
vn 0.265107 -0.816423 0.513003
vn 0.479701 -0.826851 0.293607
vn 0.116575 -0.963806 0.239768
vn 0.199498 -0.969876 0.139791
vn 0.086653 -0.979800 0.180231
vn 0.153695 -0.984098 0.089043
vn -0.479701 -0.826850 0.293608
vn -0.199498 -0.969875 0.139793
vn -0.265107 -0.816423 0.513003
vn -0.116575 -0.963805 0.239771
vn -0.153695 -0.984098 0.089044
vn -0.086653 -0.979799 0.180235
vn -0.751296 -0.499421 -0.431432
vn -0.433268 -0.483172 -0.760805
vn -0.086744 -0.979757 -0.180420
vn -0.153766 -0.984084 -0.089072
vn -0.868836 -0.018454 -0.494756
vn -0.497634 -0.017231 -0.867216
vn -0.679442 0.585979 -0.441574
vn -0.567858 0.752206 -0.334251
vn -0.441871 0.578585 -0.685558
vn -0.316428 0.741545 -0.591594
vn -0.226939 0.961387 -0.155673
vn -0.130333 0.954342 -0.268782
vn -0.158522 0.983143 -0.091105
vn -0.089610 0.978659 -0.184924
vn -0.316398 0.741426 0.591759
vn -0.130390 0.954306 0.268882
vn -0.567871 0.752058 0.334563
vn -0.226972 0.961369 0.155737
vn -0.089594 0.978641 0.185027
vn -0.158513 0.983140 0.091155
vn -0.441852 0.578653 0.685513
vn -0.679564 0.585890 0.441504
vn 0.786650 -0.331154 -0.521076
vn 0.865196 -0.006108 -0.501397
vn 0.496807 -0.312646 -0.809590
vn 0.707078 -0.005950 -0.707110
vn 0.258790 -0.004991 -0.965921
vn 0.679430 0.585989 -0.441579
vn 0.441872 0.578598 -0.685546
vn 0.089611 0.978659 -0.184924
vn 0.158522 0.983143 -0.091108
vn 0.441850 0.578651 0.685516
vn 0.679563 0.585890 0.441505
vn 0.158513 0.983140 0.091155
vn 0.089594 0.978641 0.185027
vn 0.500294 -0.005779 0.865836
vn 0.496859 -0.312665 0.809550
vn 0.965914 -0.005986 0.258796
vn 0.786708 -0.331138 0.520997
vn 0.707014 -0.006257 0.707172
vn 0.479777 -0.826889 -0.293374
vn 0.265185 -0.816635 -0.512624
vn 0.199549 -0.969846 -0.139923
vn 0.116590 -0.963746 -0.240002
vn 0.153764 -0.984085 -0.089074
vn 0.086744 -0.979757 -0.180420
vn -0.783895 -0.424838 -0.452793
vn -0.447037 -0.401337 -0.799429
vn -0.447363 -0.400331 0.799751
vn -0.784413 -0.423782 0.452885
vn 0.464530 -0.832633 -0.301553
vn 0.257141 -0.820296 -0.510875
vn 0.255124 -0.824239 0.505511
vn 0.458230 -0.836228 0.301244
vn -0.851699 0.281030 0.442301
vn -0.461055 0.263655 0.847299
vn -0.461133 0.263645 -0.847259
vn -0.851714 0.281019 -0.442281
vn 0.851714 0.281019 -0.442281
vn 0.461134 0.263645 -0.847259
vn 0.461055 0.263655 0.847299
vn 0.851699 0.281030 0.442301
vn -0.203532 -0.917131 0.342702
vn -0.229847 -0.904404 0.359478
vn -0.324677 -0.926718 0.189153
vn -0.331831 -0.913165 0.236682
vn -0.323106 -0.927148 -0.189734
vn -0.330548 -0.913600 -0.236799
vn -0.202887 -0.917205 -0.342888
vn -0.229294 -0.904555 -0.359451
vn -0.324678 0.926717 0.189155
vn -0.331831 0.913165 0.236682
vn -0.203535 0.917129 0.342707
vn -0.229847 0.904404 0.359478
vn -0.810593 0.000000 0.585609
vn -0.810593 0.000000 0.585609
vn -0.555402 0.000000 0.831582
vn -0.555402 0.000000 0.831582
vn -0.202887 0.917205 -0.342889
vn -0.229294 0.904555 -0.359451
vn -0.323102 0.927150 -0.189731
vn -0.330548 0.913600 -0.236799
vn -0.552768 0.000000 -0.833335
vn -0.552768 0.000000 -0.833335
vn -0.806693 0.000000 -0.590970
vn -0.806693 0.000000 -0.590970
vn 0.323300 0.927311 -0.188607
vn 0.330488 0.913913 -0.235670
vn 0.203662 0.918248 -0.339620
vn 0.229223 0.905616 -0.356815
vn 0.203662 -0.918248 -0.339620
vn 0.229223 -0.905616 -0.356815
vn 0.323304 -0.927309 -0.188609
vn 0.330488 -0.913913 -0.235670
vn 0.562222 0.000000 -0.826986
vn 0.562222 0.000000 -0.826986
vn 0.810174 0.000000 -0.586190
vn 0.810174 0.000000 -0.586190
vn 0.324839 -0.926886 0.188047
vn 0.331734 -0.913486 0.235574
vn 0.204307 -0.918176 0.339427
vn 0.229764 -0.905469 0.356839
vn 0.204310 0.918174 0.339431
vn 0.229764 0.905469 0.356838
vn 0.324841 0.926886 0.188047
vn 0.331734 0.913487 0.235573
vn 0.564847 0.000000 0.825195
vn 0.564847 0.000000 0.825195
vn 0.813903 0.000000 0.581001
vn 0.813903 0.000000 0.581001
vn 0.000000 -1.000000 -0.000000
vn 0.000000 -1.000000 0.000000
vn 0.000000 1.000000 0.000000
vn 0.000000 1.000000 0.000000
vn 0.000000 1.000000 0.000001
vn 0.000000 1.000000 0.000001
vn 0.000000 1.000000 0.000000
vn 0.000000 1.000000 0.000001
vn 0.000000 1.000000 -0.000001
vn 0.000000 1.000000 -0.000000
vn 0.000000 -1.000000 0.000000
vn 0.000000 -1.000000 0.000000
vn 0.000000 -1.000000 -0.000001
vn 0.000000 -1.000000 0.000001
vn 0.000000 1.000000 -0.000001
vn 0.000000 1.000000 -0.000001
vn 0.000000 1.000000 -0.000001
vn 0.000000 1.000000 -0.000000
vn 0.000000 -1.000000 0.000001
vn 0.000000 -1.000000 -0.000000
vn 0.000000 1.000000 -0.000001
vn 0.000000 1.000000 -0.000000
vn 0.000000 1.000000 -0.000001
vn 0.000000 1.000000 -0.000001
vn 0.000000 -1.000000 -0.000000
vn 0.000000 -1.000000 -0.000000
vn 0.000000 -1.000000 0.000000
vn 0.000000 -1.000000 0.000000
vn 0.000000 1.000000 0.000000
vn 0.000000 1.000000 0.000000
vn 0.000000 1.000000 0.000000
vn 0.000000 1.000000 0.000000
vn 0.000000 -1.000000 0.000000
vn 0.000000 -1.000000 -0.000000
vn 0.000000 -1.000000 -0.000000
vn 0.000000 -1.000000 -0.000000
vn 0.000000 -1.000000 -0.000000
vn 0.000000 -1.000000 0.000000
vn 0.000000 -1.000000 -0.000000
vn 0.000000 -1.000000 -0.000000
vn 0.000000 1.000000 -0.000000
vn 0.000000 1.000000 -0.000000
vn 0.000000 -1.000000 -0.000000
vn 0.000000 -1.000000 -0.000000
vn 0.000000 -1.000000 0.000000
vn 0.000000 -1.000000 0.000000
vn 0.000000 1.000000 -0.000000
vn 0.000000 1.000000 -0.000000
vn 0.828156 0.189885 0.527353
vn 0.851889 0.010587 0.523615
vn 0.509485 0.177758 0.841919
vn 0.511363 0.009778 0.859309
vn 0.457539 -0.236460 0.857172
vn 0.856498 -0.254262 0.449180
vn -0.854096 -0.117634 0.506637
vn -0.834884 -0.227039 0.501420
vn -0.502886 -0.108267 0.857545
vn -0.489277 -0.211914 0.845991
vn -0.856507 -0.254253 0.449167
vn -0.457503 -0.236437 0.857198
vn -0.851807 0.010583 -0.523749
vn -0.511272 0.009765 -0.859364
vn -0.457503 -0.236417 -0.857204
vn -0.856476 -0.254246 -0.449230
vn -0.828151 0.189889 -0.527360
vn -0.509458 0.177759 -0.841935
vn 0.511210 0.009782 -0.859400
vn 0.851792 0.010603 -0.523774
vn 0.856482 -0.254258 -0.449213
vn 0.457482 -0.236433 -0.857211
vn 0.509455 0.177759 -0.841937
vn 0.828198 0.189890 -0.527285
vn -0.847527 -0.222730 -0.481756
vn -0.484139 -0.211362 -0.849079
vn -0.805837 -0.377255 -0.456406
vn -0.459544 -0.356966 -0.813262
vn -0.484235 -0.211354 0.849027
vn -0.459634 -0.356886 0.813246
vn -0.847484 -0.222744 0.481826
vn -0.805819 -0.377213 0.456471
vn 0.484137 -0.211362 -0.849080
vn 0.847526 -0.222732 -0.481758
vn 0.459547 -0.356966 -0.813260
vn 0.805836 -0.377254 -0.456407
vn 0.847483 -0.222746 0.481827
vn 0.484233 -0.211354 0.849028
vn 0.805818 -0.377212 0.456473
vn 0.459636 -0.356886 0.813245
vn -0.259084 -0.000287 0.965855
vn -0.259084 -0.000287 0.965855
vn -0.707024 -0.000533 0.707189
vn -0.865675 -0.000445 0.500607
vn -0.866388 -0.000445 0.499372
vn -0.707024 -0.000533 0.707189
vn -0.965938 -0.000316 -0.258774
vn -0.965938 -0.000316 -0.258774
vn -0.707024 -0.000533 -0.707189
vn -0.500286 -0.000436 -0.865860
vn -0.499510 -0.000435 -0.866308
vn -0.707024 -0.000533 -0.707189
vn 0.500286 -0.000436 -0.865860
vn 0.499510 -0.000435 -0.866308
vn 0.707024 -0.000533 -0.707189
vn 0.707024 -0.000533 -0.707189
vn 0.965938 -0.000316 -0.258774
vn 0.965938 -0.000316 -0.258774
vn 0.865675 -0.000445 0.500607
vn 0.866388 -0.000445 0.499372
vn 0.707024 -0.000533 0.707189
vn 0.707024 -0.000533 0.707189
vn 0.259083 -0.000287 0.965855
vn 0.259083 -0.000287 0.965855
vn -0.585104 0.698392 0.412192
vn -0.648167 0.687317 0.327834
vn -0.372083 0.686542 0.624671
vn -0.351836 0.682523 0.640604
vn 0.372083 0.686541 0.624673
vn 0.351836 0.682522 0.640606
vn 0.585103 0.698391 0.412195
vn 0.648167 0.687316 0.327836
vn -0.372121 0.686445 -0.624756
vn -0.351794 0.682412 -0.640746
vn -0.585242 0.698286 -0.412175
vn -0.648158 0.687247 -0.328000
vn 0.585242 0.698286 -0.412176
vn 0.648158 0.687247 -0.327999
vn 0.372120 0.686444 -0.624757
vn 0.351793 0.682411 -0.640747
vn -0.063744 -0.993062 0.098818
vn -0.060530 -0.992817 0.103197
vn -0.092054 -0.993894 0.060827
vn -0.101984 -0.993637 0.047797
vn -0.092636 0.993780 0.061799
vn -0.102179 0.993577 0.048615
vn -0.064715 0.992764 0.101153
vn -0.061280 0.992470 0.106060
vn 0.064715 0.992764 0.101153
vn 0.061280 0.992470 0.106060
vn 0.092636 0.993780 0.061800
vn 0.102179 0.993577 0.048614
vn 0.092054 -0.993895 0.060824
vn 0.101984 -0.993637 0.047794
vn 0.063744 -0.993062 0.098817
vn 0.060530 -0.992818 0.103195
vn -0.092067 -0.993892 -0.060850
vn -0.101986 -0.993635 -0.047830
vn -0.063743 -0.993058 -0.098858
vn -0.060498 -0.992811 -0.103277
vn -0.064681 0.992767 -0.101145
vn -0.061244 0.992472 -0.106055
vn -0.092598 0.993783 -0.061813
vn -0.102148 0.993580 -0.048632
vn 0.092598 0.993783 -0.061815
vn 0.102148 0.993580 -0.048633
vn 0.064681 0.992766 -0.101148
vn 0.061244 0.992472 -0.106059
vn 0.063743 -0.993058 -0.098861
vn 0.060498 -0.992811 -0.103281
vn 0.092067 -0.993892 -0.060850
vn 0.101986 -0.993635 -0.047830
s 1
g Chair Armrest_L_support
usemtl initialShadingGroup
f 2264/2604/2969 2263/3045/2970 2266/3046/2971 2265/2606/2972
f 2263/3045/2970 2262/3044/2973 2267/3047/2974 2266/3046/2971
f 2262/3044/2973 2261/2920/2975 2268/2313/2976 2267/3047/2974
f 2272/2815/2977 2271/3049/2978 2274/3050/2979 2273/2818/2980
f 2271/3049/2978 2270/3048/2981 2275/3051/2982 2274/3050/2979
f 2270/3048/2981 2269/2319/2983 2276/2343/2984 2275/3051/2982
f 2280/2707/2985 2279/3053/2986 2282/3056/2987 2281/2709/2988
f 2279/3054/2986 2278/3052/2989 2283/3057/2990 2282/3055/2987
f 2278/3052/2989 2277/2320/2991 2284/2324/2992 2283/3057/2990
f 2288/2314/2993 2287/3059/2994 2290/3062/2995 2289/2322/2996
f 2287/3060/2994 2286/3058/2997 2291/3063/2998 2290/3061/2995
f 2286/3058/2997 2285/2321/2999 2292/2325/3000 2291/3063/2998
s 5
f 2304/2812/3001 2303/3069/3002 2306/3070/3003 2305/2814/3004
f 2303/3069/3002 2302/3068/3005 2307/3071/3006 2306/3070/3003
f 2302/3068/3005 2301/2328/3007 2308/2327/3008 2307/3071/3006
f 2320/2925/3009 2319/3077/3010 2322/3078/3011 2321/2927/3012
f 2319/3077/3010 2318/3076/3013 2323/3079/3014 2322/3078/3011
f 2318/3076/3013 2317/2598/3015 2324/2596/3016 2323/3079/3014
f 2328/2332/3017 2327/3082/3018 2330/3083/3019 2329/2331/3020
f 2327/3082/3018 2326/3080/3021 2331/3085/3022 2330/3083/3019
f 2326/3081/3021 2325/2713/3023 2332/2711/3024 2331/3084/3022
f 2344/2335/3025 2343/3094/3026 2346/3095/3027 2345/2334/3028
f 2343/3094/3026 2342/3092/3029 2347/3097/3030 2346/3095/3027
f 2342/3093/3029 2341/2337/3031 2348/2326/3032 2347/3096/3030
s 9
f 2368/2915/3033 2367/3111/3034 2370/3112/3035 2369/2917/3036
f 2367/3111/3034 2366/3110/3037 2371/3113/3038 2370/3112/3035
f 2366/3110/3037 2365/2610/3039 2372/2608/3040 2371/3113/3038
s 10
f 2408/2623/3041 2407/3135/3042 2410/3136/3043 2409/2624/3044
f 2407/3135/3042 2406/3134/3045 2411/3137/3046 2410/3136/3043
f 2406/3134/3045 2405/2904/3047 2412/2903/3048 2411/3137/3046
f 2416/2367/3049 2415/3139/3050 2418/3140/3051 2417/2353/3052
f 2415/3139/3050 2414/3138/3053 2419/3141/3054 2418/3140/3051
f 2414/3138/3053 2413/2833/3055 2420/2832/3056 2419/3141/3054
f 2424/2369/3057 2423/3144/3058 2426/3145/3059 2425/2354/3060
f 2423/3144/3058 2422/3142/3061 2427/3147/3062 2426/3145/3059
f 2422/3143/3061 2421/2693/3063 2428/2692/3064 2427/3146/3062
f 2432/2371/3065 2431/3150/3066 2434/3151/3067 2433/2355/3068
f 2431/3150/3066 2430/3148/3069 2435/3153/3070 2434/3151/3067
f 2430/3149/3069 2429/2356/3071 2436/2373/3072 2435/3152/3070
s 14
f 2440/2884/3073 2439/3155/3074 2442/3156/3075 2441/2885/3076
f 2439/3155/3074 2438/3154/3077 2443/3157/3078 2442/3156/3075
f 2438/3154/3077 2437/2643/3079 2444/2642/3080 2443/3157/3078
f 2448/2379/3081 2447/3160/3082 2450/3161/3083 2449/2358/3084
f 2447/3160/3082 2446/3158/3085 2451/3163/3086 2450/3161/3083
f 2446/3159/3085 2445/2673/3087 2452/2672/3088 2451/3162/3086
f 2456/2381/3089 2455/3165/3090 2458/3166/3091 2457/2359/3092
f 2455/3165/3090 2454/3164/3093 2459/3167/3094 2458/3166/3091
f 2454/3164/3093 2453/2854/3095 2460/2852/3096 2459/3167/3094
f 2464/2383/3097 2463/3170/3098 2466/3171/3099 2465/2360/3100
f 2463/3170/3098 2462/3168/3101 2467/3173/3102 2466/3171/3099
f 2462/3169/3101 2461/2361/3103 2468/2386/3104 2467/3172/3102
s 18
f 2472/2835/3105 2471/3175/3106 2474/3176/3107 2473/2837/3108
f 2471/3175/3106 2470/3174/3109 2475/3177/3110 2474/3176/3107
f 2470/3174/3109 2469/2388/3111 2476/2390/3112 2475/3177/3110
f 2496/2898/3113 2495/3187/3114 2498/3188/3115 2497/2900/3116
f 2495/3187/3114 2494/3186/3117 2499/3189/3118 2498/3188/3115
f 2494/3186/3117 2493/2628/3119 2500/2626/3120 2499/3189/3118
f 2504/2374/3121 2503/3191/3122 2506/3194/3123 2505/2409/3124
f 2503/3192/3122 2502/3190/3125 2507/3195/3126 2506/3193/3123
f 2502/3190/3125 2501/2392/3127 2508/2393/3128 2507/3195/3126
s 9
f 2520/2824/3129 2519/3204/3130 2522/3205/3131 2521/2825/3132
f 2519/3204/3130 2518/3203/3133 2523/3206/3134 2522/3205/3131
f 2518/3203/3133 2517/2395/3135 2524/2396/3136 2523/3206/3134
f 2544/2909/3137 2543/3216/3138 2546/3217/3139 2545/2911/3140
f 2543/3216/3138 2542/3215/3141 2547/3218/3142 2546/3217/3139
f 2542/3215/3141 2541/2616/3143 2548/2614/3144 2547/3218/3142
f 2552/2365/3145 2551/3221/3146 2554/3224/3147 2553/2413/3148
f 2551/3222/3146 2550/3220/3149 2555/3225/3150 2554/3223/3147
f 2550/3220/3149 2549/2398/3151 2556/2399/3152 2555/3225/3150
s 24
f 2568/2402/3153 2567/3234/3154 2570/3235/3155 2569/2401/3156
f 2567/3234/3154 2566/3232/3157 2571/3237/3158 2570/3235/3155
f 2566/3233/3157 2565/2697/3159 2572/2695/3160 2571/3236/3158
s 25
f 2584/2405/3161 2583/3246/3162 2586/3247/3163 2585/2404/3164
f 2583/3246/3162 2582/3244/3165 2587/3249/3166 2586/3247/3163
f 2582/3245/3165 2581/2685/3167 2588/2683/3168 2587/3248/3166
f 2600/2843/3169 2599/3257/3170 2602/3258/3171 2601/2845/3172
f 2599/3257/3170 2598/3256/3173 2603/3259/3174 2602/3258/3171
f 2598/3256/3173 2597/2415/3175 2604/2416/3176 2603/3259/3174
f 2624/2890/3177 2623/3269/3178 2626/3270/3179 2625/2892/3180
f 2623/3269/3178 2622/3268/3181 2627/3271/3182 2626/3270/3179
f 2622/3268/3181 2621/2635/3183 2628/2633/3184 2627/3271/3182
f 2632/2418/3185 2631/3274/3186 2634/3275/3187 2633/2417/3188
f 2631/3274/3186 2630/3272/3189 2635/3277/3190 2634/3275/3187
f 2630/3273/3189 2629/2677/3191 2636/2675/3192 2635/3276/3190
s 29
f 2648/2664/3193 2647/3285/3194 2650/3288/3195 2649/2666/3196
f 2647/3286/3194 2646/3284/3197 2651/3289/3198 2650/3287/3199
f 2646/3284/3197 2645/2421/3200 2652/2422/3201 2651/3289/3198
f 2672/2648/3202 2671/3301/3203 2674/3302/3204 2673/2650/3205
f 2671/3301/3203 2670/3300/3206 2675/3303/3207 2674/3302/3204
f 2670/3300/3208 2669/2877/3209 2676/2876/3210 2675/3303/3207
f 2688/2438/3211 2687/3311/3212 2690/3314/3213 2689/2437/3214
f 2687/3312/3212 2686/3310/3215 2691/3315/3216 2690/3313/3213
f 2686/3310/3215 2685/2423/3217 2692/2384/3218 2691/3315/3216
f 2696/2429/3219 2695/3317/3220 2698/3318/3221 2697/2428/3222
f 2695/3317/3220 2694/3316/3223 2699/3319/3224 2698/3318/3221
f 2694/3316/3223 2693/2857/3225 2700/2855/3226 2699/3319/3224
s 25
f 2712/2376/3227 2711/3326/3228 2714/3329/3229 2713/2436/3230
f 2711/3327/3228 2710/3325/3231 2715/3330/3232 2714/3328/3229
f 2710/3325/3231 2709/2432/3233 2716/2433/3234 2715/3330/3232
s 29
f 2728/2659/3235 2727/3339/3236 2730/3341/3237 2729/2660/3238
f 2727/3339/3236 2726/3338/3239 2731/3343/3240 2730/3341/3237
f 2726/3338/3239 2725/2447/3241 2732/2315/3242 2731/3343/3240
f 2740/2316/3243 2739/3350/3244 2746/3353/3245 2745/2656/3246
f 2739/3350/3244 2738/3348/3247 2747/3354/3248 2746/3353/3245
f 2738/3348/3247 2737/2871/3249 2748/2870/3250 2747/3354/3248
f 2756/2317/3251 2755/3359/3252 2758/3361/3253 2757/2455/3254
f 2755/3358/3252 2754/3357/3255 2759/3362/3256 2758/3360/3253
f 2754/3357/3255 2753/2450/3257 2760/2443/3258 2759/3362/3256
f 2764/2318/3259 2763/3366/3260 2766/3367/3261 2765/2452/3262
f 2763/3366/3260 2762/3364/3263 2767/3368/3264 2766/3367/3261
f 2762/3364/3263 2761/2865/3265 2768/2863/3266 2767/3368/3264
s 40
f 2872/2591/3267 2871/3430/3268 2874/3431/3269 2873/2592/3270
f 2871/3430/3268 2870/3429/3271 2875/3432/3272 2874/3431/3269
f 2870/3429/3271 2869/2932/3273 2876/2931/3274 2875/3432/3272
f 2880/2490/3275 2879/3434/3276 2882/3435/3277 2881/2457/3278
f 2879/3434/3276 2878/3433/3279 2883/3436/3280 2882/3435/3277
f 2878/3433/3279 2877/2805/3281 2884/2803/3282 2883/3436/3280
f 2888/2492/3283 2887/3439/3284 2890/3440/3285 2889/2458/3286
f 2887/3439/3284 2886/3437/3287 2891/3442/3288 2890/3440/3285
f 2886/3438/3287 2885/2723/3289 2892/2722/3290 2891/3441/3288
f 2896/2494/3291 2895/3445/3292 2898/3446/3293 2897/2459/3294
f 2895/3445/3292 2894/3443/3295 2899/3448/3296 2898/3446/3293
f 2894/3444/3295 2893/2460/3297 2900/2498/3298 2899/3447/3296
s 44
f 2908/2581/3299 2907/3452/3300 2910/3453/3301 2909/2582/3302
f 2907/3452/3300 2906/3451/3303 2911/3454/3304 2910/3453/3301
f 2906/3451/3303 2905/2942/3305 2912/2941/3306 2911/3454/3304
f 2916/2499/3307 2915/3456/3308 2922/3459/3309 2921/2461/3310
f 2915/3456/3308 2914/3455/3311 2923/3460/3312 2922/3459/3309
f 2914/3455/3311 2913/2795/3313 2924/2793/3314 2923/3460/3312
f 2932/2502/3315 2931/3466/3316 2934/3467/3317 2933/2462/3318
f 2931/3466/3316 2930/3464/3319 2935/3469/3320 2934/3467/3317
f 2930/3465/3319 2929/2733/3321 2936/2732/3322 2935/3468/3320
f 2944/2504/3323 2943/3475/3324 2946/3476/3325 2945/2463/3326
f 2943/3475/3324 2942/3473/3327 2947/3478/3328 2946/3476/3325
f 2942/3474/3327 2941/2464/3329 2948/2507/3330 2947/3477/3328
s 48
f 2960/2998/3331 2959/3484/3332 2962/3485/3333 2961/2790/3334
f 2959/3484/3332 2958/3483/3335 2963/3486/3336 2962/3485/3333
f 2958/3483/3335 2957/2513/3337 2964/2512/3338 2963/3486/3336
f 2976/2949/3339 2975/3492/3340 2978/3493/3341 2977/2951/3342
f 2975/3492/3340 2974/3491/3343 2979/3494/3344 2978/3493/3341
f 2974/3491/3343 2973/2572/3345 2980/2787/3346 2979/3494/3344
f 2984/2517/3347 2983/3497/3348 2986/3498/3349 2985/2516/3350
f 2983/3497/3348 2982/3495/3351 2987/3500/3352 2986/3498/3349
f 2982/3496/3351 2981/2739/3353 2988/2737/3354 2987/3499/3352
f 3000/2520/3355 2999/3509/3356 3002/3510/3357 3001/2519/3358
f 2999/3509/3356 2998/3507/3359 3003/3512/3360 3002/3510/3357
f 2998/3508/3359 2997/2522/3361 3004/2511/3362 3003/3511/3360
f 3016/2775/3363 3015/3520/3364 3018/3521/3365 3017/2777/3366
f 3015/3520/3367 3014/3519/3368 3019/3522/3369 3018/3521/3365
f 3014/3519/3368 3013/2963/3370 3020/2962/3371 3019/3522/3369
f 3024/2982/3372 3023/3524/3373 3026/3525/3374 3025/2983/3375
f 3023/3524/3373 3022/3523/3376 3027/3526/3377 3026/3525/3374
f 3022/3523/3378 3021/2525/3379 3028/2536/3380 3027/3526/3377
f 3032/2560/3381 3031/3529/3382 3034/3530/3383 3033/2526/3384
f 3031/3529/3382 3030/3527/3385 3035/3532/3386 3034/3530/3383
f 3030/3528/3387 3029/2755/3388 3036/2753/3389 3035/3531/3386
f 3040/2561/3390 3039/3534/3391 3042/3535/3392 3041/2528/3393
f 3039/3534/3394 3038/3533/3395 3043/3537/3396 3042/3535/3392
f 3038/3645/3395 3037/2527/3397 3044/2535/3398 3043/3536/3396
f 3048/2745/3399 3047/3539/3400 3050/3542/3401 3049/2747/3402
f 3047/3540/3400 3046/3538/3403 3051/3543/3404 3050/3541/3401
f 3046/3538/3403 3045/2538/3405 3052/2539/3406 3051/3543/3404
f 3072/2783/3407 3071/3555/3408 3074/3556/3409 3073/2785/3410
f 3071/3555/3408 3070/3554/3411 3075/3557/3412 3074/3556/3409
f 3070/3554/3411 3069/2955/3413 3076/2954/3414 3075/3557/3412
f 3080/2531/3415 3079/3559/3416 3082/3562/3417 3081/2544/3418
f 3079/3560/3416 3078/3558/3419 3083/3563/3420 3082/3561/3417
f 3078/3558/3419 3077/2541/3421 3084/2542/3422 3083/3563/3420
f 3096/2532/3423 3095/3571/3424 3098/3572/3425 3097/2548/3426
f 3095/3571/3424 3094/3570/3427 3099/3573/3428 3098/3572/3425
f 3094/3570/3427 3093/2992/3429 3100/2990/3430 3099/3573/3428
s 64
f 3160/2770/3431 3159/3612/3432 3162/3613/3433 3161/2771/3434
s off
f 3159/3612/3435 3158/3611/3436 3163/3614/3437 3162/3613/3438
s 65
f 3158/3611/3439 3157/2968/3440 3164/2967/3441 3163/3614/3442
s 64
f 3168/2563/3443 3167/3616/3444 3170/3617/3445 3169/2549/3446
s off
f 3167/3616/3447 3166/3615/3448 3171/3618/3449 3170/3617/3450
s 67
f 3166/3615/3451 3165/2978/3452 3172/2977/3453 3171/3618/3454
s 65
f 3176/2565/3455 3175/3621/3456 3178/3622/3457 3177/2550/3458
s off
f 3175/3621/3459 3174/3619/3460 3179/3624/3461 3178/3622/3462
s 69
f 3174/3620/3463 3173/2761/3464 3180/2760/3465 3179/3623/3466
s 67
f 3184/2568/3467 3183/3626/3468 3186/3646/3469 3185/2551/3470
s off
f 3183/3648/3471 3182/3625/3472 3187/3628/3473 3186/3627/3474
s 69
f 3182/3625/3475 3181/2552/3476 3188/2570/3477 3187/3628/3478
s 72
f 3191/2489/3479 3190/3630/3480 3196/3631/3481 3195/2471/3482
f 3190/3630/3480 3189/3629/3483 3197/3632/3484 3196/3631/3481
f 3189/3629/3483 3193/2587/3485 3198/2589/3486 3197/3632/3484
f 3201/2483/3487 3200/3634/3488 3206/3635/3489 3205/2467/3490
f 3200/3634/3488 3199/3633/3491 3207/3636/3492 3206/3635/3489
f 3199/3633/3491 3203/2728/3493 3208/2730/3494 3207/3636/3492
f 3211/2486/3495 3210/3638/3496 3216/3639/3497 3215/2469/3498
f 3210/3638/3496 3209/3637/3499 3217/3640/3500 3216/3639/3497
f 3209/3637/3499 3213/2799/3501 3218/2801/3502 3217/3640/3500
f 3221/2479/3503 3220/3642/3504 3226/3643/3505 3225/2466/3506
f 3220/3642/3504 3219/3641/3507 3227/3644/3508 3226/3643/3505
f 3219/3641/3507 3223/2936/3509 3228/2939/3510 3227/3644/3508
s 1
f 2051/2607/3511 2052/2609/3512 2276/2343/2984 2269/2319/2983
f 2218/2341/3513 2219/2921/3514 2284/2324/2992 2277/2320/2991
f 2107/2710/3515 2108/2712/3516 2292/2325/3000 2285/2321/2999
f 2288/2314/2993 2289/2322/2996 2161/2817/3517 2162/2323/3518
s 5
f 2284/2324/3519 2219/2921/3520 2220/2924/3521 2329/2331/3020
f 2109/2714/3522 2345/2334/3028 2292/2325/3523 2108/2712/3524
f 2161/2817/3525 2289/2322/3526 2348/2326/3032 2160/2816/3527
f 2051/2607/3528 2269/2319/3529 2308/2327/3008 2050/2605/3530
f 2049/2603/3531 2050/2605/3530 2308/2327/3008 2301/2328/3007
f 2047/2599/3532 2048/2601/3533 2297/2330/3534 2293/2329/3535
f 2048/2601/3533 2049/2603/3531 2301/2328/3007 2297/2330/3534
f 2220/2924/3521 2221/2926/3536 2328/2332/3017 2329/2331/3020
f 2221/2926/3536 2222/2928/3537 2336/2333/3538 2328/2332/3017
f 2222/2928/3537 2223/2929/3539 2340/2473/3540 2336/2333/3538
f 2109/2714/3522 2110/2716/3541 2344/2335/3025 2345/2334/3028
f 2110/2716/3541 2111/2718/3542 2352/2336/3543 2344/2335/3025
f 2111/2718/3542 2112/2720/3544 2356/2475/3545 2352/2336/3543
f 2348/2326/3032 2341/2337/3031 2159/2813/3546 2160/2816/3527
f 2341/2337/3031 2349/2338/3547 2158/2811/3548 2159/2813/3546
f 2349/2338/3547 2353/2339/3549 2157/2809/3550 2158/2811/3548
s 9
f 2364/2340/3551 2217/2919/3552 2218/2341/3553 2277/2320/3554
f 2107/2710/3555 2285/2321/3556 2380/2342/3557 2106/2708/3558
f 2163/2820/3559 2377/2346/3560 2288/2314/3561 2162/2323/3562
f 2053/2611/3563 2385/2347/3564 2276/2343/3565 2052/2609/3566
f 2216/2918/3567 2217/2919/3552 2364/2340/3551 2360/2344/3568
f 2105/2706/3569 2106/2708/3558 2380/2342/3557 2376/2345/3570
f 2373/2350/3571 2377/2346/3560 2163/2820/3559 2164/2822/3572
f 2053/2611/3563 2054/2613/3573 2381/2352/3574 2385/2347/3564
f 2215/2916/3575 2216/2918/3567 2360/2344/3568 2396/2348/3576
f 2104/2364/3577 2105/2706/3569 2376/2345/3570 2400/2349/3578
f 2397/2366/3579 2373/2350/3571 2164/2822/3572 2165/2351/3580
f 2054/2613/3573 2055/2615/3581 2401/2362/3582 2381/2352/3574
s 10
f 2060/2625/3583 2061/2627/3584 2416/2367/3049 2417/2353/3052
f 2209/2905/3585 2210/2907/3586 2424/2369/3057 2425/2354/3060
f 2170/2834/3587 2171/2836/3588 2432/2371/3065 2433/2355/3068
f 2098/2694/3589 2099/2696/3590 2436/2373/3072 2429/2356/3071
s 14
f 2199/2357/3591 2200/2887/3592 2448/2379/3081 2449/2358/3084
f 2070/2644/3593 2071/2646/3594 2456/2381/3089 2457/2359/3092
f 2088/2674/3595 2089/2676/3596 2464/2383/3097 2465/2360/3100
f 2468/2386/3104 2461/2361/3103 2180/2853/3597 2181/2856/3598
s 9
f 2055/2615/3581 2056/2617/3599 2517/2395/3135 2401/2362/3582
f 2214/2914/3600 2215/2916/3575 2396/2348/3576 2580/2363/3601
f 2103/2703/3602 2104/2364/3577 2400/2349/3578 2552/2365/3145
f 2165/2351/3580 2166/2826/3603 2549/2398/3151 2397/2366/3579
s 81
f 2062/2629/3604 2469/2388/3605 2416/2367/3606 2061/2627/3607
s 82
f 2532/2368/3608 2059/2622/3609 2060/2625/3610 2417/2353/3611
s 24
f 2211/2400/3612 2569/2401/3156 2424/2369/3613 2210/2907/3614
s 18
f 2596/2370/3615 2208/2902/3616 2209/2905/3617 2425/2354/3618
f 2172/2838/3619 2501/2392/3127 2432/2371/3620 2171/2836/3621
s 24
f 2564/2372/3622 2169/2831/3623 2170/2834/3624 2433/2355/3625
s 85
f 2100/2698/3626 2561/2410/3627 2436/2373/3628 2099/2696/3629
s 86
f 2504/2374/3630 2097/2691/3631 2098/2694/3632 2429/2356/3633
s 25
f 2644/2375/3634 2204/2894/3635 2205/2897/3636 2585/2404/3164
f 2094/2686/3637 2513/2407/3638 2712/2376/3227 2093/2684/3639
f 2176/2846/3640 2709/2432/3233 2516/2377/3641 2175/2844/3642
f 2066/2636/3643 2597/2415/3175 2484/2378/3644 2065/2634/3645
f 2201/2889/3646 2633/2417/3188 2448/2379/3647 2200/2887/3648
s 29
f 2660/2380/3649 2198/2883/3650 2199/2357/3651 2449/2358/3652
f 2072/2427/3653 2697/2428/3222 2456/2381/3654 2071/2646/3655
s 25
f 2612/2382/3656 2069/2641/3657 2070/2644/3658 2457/2359/3659
f 2090/2678/3660 2721/2434/3661 2464/2383/3662 2089/2676/3663
s 29
f 2692/2384/3218 2087/2671/3664 2088/2674/3665 2465/2360/3666
s 25
f 2724/2385/3667 2179/2851/3668 2180/2853/3669 2461/2361/3670
s 29
f 2182/2858/3671 2689/2437/3214 2468/2386/3672 2181/2856/3673
s 25
f 2064/2632/3674 2065/2634/3645 2484/2378/3644 2480/2387/3675
s 18
f 2062/2629/3676 2063/2389/3677 2476/2390/3112 2469/2388/3111
s 93
f 2063/2389/3678 2064/2632/3679 2480/2387/3680 2476/2390/3681
s 25
f 2174/2842/3682 2175/2844/3642 2516/2377/3641 2512/2391/3683
s 18
f 2172/2838/3619 2173/2840/3684 2508/2393/3128 2501/2392/3127
s 93
f 2173/2840/3685 2174/2842/3686 2512/2391/3687 2508/2393/3688
s 24
f 2058/2621/3689 2059/2622/3690 2532/2368/3691 2528/2394/3692
s 9
f 2056/2617/3599 2057/2619/3693 2524/2396/3136 2517/2395/3135
s 96
f 2057/2619/3694 2058/2621/3695 2528/2394/3696 2524/2396/3697
s 24
f 2168/2830/3698 2169/2831/3623 2564/2372/3622 2560/2397/3699
s 9
f 2166/2826/3603 2167/2828/3700 2556/2399/3152 2549/2398/3151
s 96
f 2167/2828/3701 2168/2830/3702 2560/2397/3703 2556/2399/3704
s 24
f 2211/2400/3612 2212/2910/3705 2568/2402/3153 2569/2401/3156
s 96
f 2212/2910/3706 2213/2912/3707 2576/2403/3708 2568/2402/3709
s 9
f 2213/2912/3710 2214/2914/3600 2580/2363/3601 2576/2403/3711
s 25
f 2205/2897/3636 2206/2899/3712 2584/2405/3161 2585/2404/3164
s 93
f 2206/2899/3713 2207/2901/3714 2592/2406/3715 2584/2405/3716
s 18
f 2207/2901/3717 2208/2902/3616 2596/2370/3615 2592/2406/3718
s 25
f 2094/2686/3637 2095/2688/3719 2509/2408/3720 2513/2407/3638
s 93
f 2095/2688/3721 2096/2690/3722 2505/2409/3723 2509/2408/3724
s 18
f 2096/2690/3725 2097/2691/3726 2504/2374/3121 2505/2409/3124
s 24
f 2100/2698/3727 2101/2411/3728 2557/2412/3729 2561/2410/3730
s 96
f 2101/2411/3731 2102/2701/3732 2553/2413/3733 2557/2412/3734
s 9
f 2102/2701/3735 2103/2703/3602 2552/2365/3145 2553/2413/3148
s 25
f 2068/2640/3736 2069/2641/3657 2612/2382/3656 2608/2414/3737
f 2066/2636/3643 2067/2638/3738 2604/2416/3176 2597/2415/3175
f 2067/2638/3738 2068/2640/3736 2608/2414/3737 2604/2416/3176
f 2201/2889/3646 2202/2891/3739 2632/2418/3185 2633/2417/3188
f 2202/2891/3739 2203/2893/3740 2640/2419/3741 2632/2418/3185
f 2203/2893/3740 2204/2894/3635 2644/2375/3634 2640/2419/3741
s 29
f 2197/2882/3742 2198/2883/3650 2660/2380/3649 2656/2420/3743
f 2195/2878/3744 2196/2880/3745 2652/2422/3201 2645/2421/3200
f 2196/2880/3745 2197/2882/3746 2656/2420/3747 2652/2422/3201
f 2086/2670/3748 2087/2671/3664 2692/2384/3218 2685/2423/3217
f 2084/2424/3749 2085/2668/3750 2681/2426/3751 2677/2425/3752
f 2085/2668/3750 2086/2670/3748 2685/2423/3217 2681/2426/3751
f 2072/2427/3653 2073/2649/3753 2696/2429/3219 2697/2428/3222
f 2073/2649/3753 2074/2651/3754 2704/2430/3755 2696/2429/3219
f 2074/2651/3754 2075/2653/3756 2708/2442/3757 2704/2430/3755
s 25
f 2178/2850/3758 2179/2851/3668 2724/2385/3667 2720/2431/3759
f 2176/2846/3640 2177/2848/3760 2716/2433/3234 2709/2432/3233
f 2177/2848/3760 2178/2850/3758 2720/2431/3759 2716/2433/3234
f 2090/2678/3660 2091/2680/3761 2717/2435/3762 2721/2434/3661
f 2091/2680/3761 2092/2682/3763 2713/2436/3230 2717/2435/3762
f 2092/2682/3763 2093/2684/3639 2712/2376/3227 2713/2436/3230
s 29
f 2182/2858/3671 2183/2860/3764 2688/2438/3211 2689/2437/3214
f 2183/2860/3765 2184/2862/3766 2684/2439/3767 2688/2438/3768
f 2184/2862/3766 2185/2864/3769 2680/2444/3770 2684/2439/3767
f 2191/3009/3771 2192/2872/3772 2725/2447/3241 2778/3029/3773
f 2078/2658/3774 2079/3007/3775 2781/3036/3776 2772/2440/3777
f 2188/2869/3778 2189/3010/3779 2785/3033/3780 2752/2441/3781
f 2080/3011/3782 2081/2661/3783 2749/2449/3784 2786/3034/3785
f 2076/2655/3786 2765/2452/3262 2708/2442/3757 2075/2653/3756
f 2084/2424/3749 2677/2425/3752 2760/2443/3258 2083/2665/3787
f 2186/2866/3788 2757/2455/3254 2680/2444/3770 2185/2864/3769
f 2736/2445/3789 2194/2875/3790 2195/2878/3744 2645/2421/3200
f 2192/2872/3772 2193/2446/3791 2732/2315/3242 2725/2447/3241
f 2193/2874/3791 2194/2875/3790 2736/2445/3789 2732/2448/3242
f 2081/2661/3783 2082/2663/3792 2753/2450/3257 2749/2449/3784
f 2082/2663/3792 2083/2665/3787 2760/2443/3258 2753/2450/3257
f 2076/2655/3786 2077/2451/3793 2764/2318/3259 2765/2452/3262
f 2077/2657/3793 2078/2658/3774 2772/2440/3777 2764/2453/3259
f 2186/2866/3788 2187/2454/3794 2756/2317/3251 2757/2455/3254
f 2187/2868/3794 2188/2869/3778 2752/2441/3781 2756/2456/3251
s 40
f 2044/2593/3795 2045/2595/3796 2880/2490/3275 2881/2457/3278
f 2225/2933/3797 2226/2935/3798 2888/2492/3283 2889/2458/3286
f 2114/2724/3799 2115/2726/3800 2896/2494/3291 2897/2459/3294
f 2900/2498/3298 2893/2460/3297 2154/2804/3801 2155/2807/3802
s 44
f 2040/2583/3803 2041/2585/3804 2916/2499/3307 2921/2461/3310
f 2229/2943/3805 2230/2945/3806 2932/2502/3315 2933/2462/3318
f 2118/2734/3807 2119/2736/3808 2944/2504/3323 2945/2463/3326
f 2948/2507/3330 2941/2464/3329 2150/2794/3809 2151/2797/3810
s 72
f 2820/2465/3811 3221/2479/3503 3225/2466/3506 2833/2480/3812
f 3201/2483/3487 3205/2467/3490 2841/2481/3813 2852/2468/3814
f 3211/2486/3495 3215/2469/3498 2849/2484/3815 2844/2470/3816
f 3191/2489/3479 3195/2471/3482 2857/2487/3817 2868/2472/3818
s 5
f 2340/2473/3540 2223/2929/3539 2224/2474/3819 2793/2493/3820
f 2113/2721/3821 2797/2495/3822 2356/2475/3545 2112/2720/3544
f 2157/2809/3550 2353/2339/3549 2800/2476/3823 2156/2497/3824
f 2047/2599/3532 2293/2329/3535 2804/2477/3825 2046/2597/3826
s 107
f 2816/2478/3827 2227/3005/3828 3222/3026/3829 3221/2479/3830 2820/2465/3831
s 108
f 2228/2940/3832 2829/2503/3833 2833/2480/3834 3225/2466/3835 3224/3027/3836
f 2117/2731/3837 2837/2505/3838 2841/2481/3839 3205/2467/3840 3204/3023/3841
s 107
f 2848/2482/3842 2116/3001/3843 3202/3022/3844 3201/2483/3845 2852/2468/3846
f 2153/2802/3847 2845/2496/3848 2849/2484/3849 3215/2469/3850 3214/3025/3851
s 108
f 2840/2485/3852 2152/3003/3853 3212/3024/3854 3211/2486/3855 2844/2470/3856
s 107
f 2043/2590/3857 2853/2491/3858 2857/2487/3859 3195/2471/3860 3194/3021/3861
s 108
f 2864/2488/3862 2042/2999/3863 3192/3020/3864 3191/2489/3865 2868/2472/3866
s 115
f 2046/2597/3867 2804/2477/3868 2880/2490/3869 2045/2595/3870
s 107
f 2853/2491/3858 2043/2590/3857 2044/2593/3871 2881/2457/3872
f 2227/3005/3828 2816/2478/3827 2888/2492/3873 2226/2935/3874
s 115
f 2793/2493/3875 2224/2474/3876 2225/2933/3877 2889/2458/3878
s 107
f 2116/3001/3843 2848/2482/3842 2896/2494/3879 2115/2726/3880
s 115
f 2797/2495/3881 2113/2721/3882 2114/2724/3883 2897/2459/3884
s 107
f 2845/2496/3848 2153/2802/3847 2154/2804/3885 2893/2460/3886
s 115
f 2156/2497/3887 2800/2476/3888 2900/2498/3889 2155/2807/3890
s 108
f 2042/2999/3863 2864/2488/3862 2916/2499/3891 2041/2585/3892
s 119
f 2917/2500/3893 2039/2580/3894 2040/2583/3895 2921/2461/3896
f 2231/2501/3897 2928/2508/3898 2932/2502/3899 2230/2945/3900
s 108
f 2829/2503/3833 2228/2940/3832 2229/2943/3901 2933/2462/3902
s 119
f 2120/2738/3903 2940/2509/3904 2944/2504/3905 2119/2736/3906
s 108
f 2837/2505/3838 2117/2731/3837 2118/2734/3907 2945/2463/3908
s 119
f 2937/2506/3909 2149/2510/3910 2150/2794/3911 2941/2464/3912
s 108
f 2152/3003/3853 2840/2485/3852 2948/2507/3913 2151/2797/3914
s 48
f 2928/2508/3915 2231/2501/3916 2232/2948/3917 2985/2516/3350
f 2121/2740/3918 3001/2519/3358 2940/2509/3919 2120/2738/3920
f 2149/2510/3921 2937/2506/3922 3004/2511/3362 2148/2792/3923
f 2039/2580/3924 2917/2500/3925 2964/2512/3338 2038/2579/3926
f 2037/2577/3927 2038/2579/3926 2964/2512/3338 2957/2513/3337
f 2035/2573/3928 2036/2575/3929 2953/2515/3930 2949/2514/3931
f 2036/2575/3929 2037/2577/3927 2957/2513/3337 2953/2515/3930
f 2232/2948/3917 2233/2950/3932 2984/2517/3347 2985/2516/3350
f 2233/2950/3932 2234/2952/3933 2992/2518/3934 2984/2517/3347
f 2234/2952/3933 2235/2953/3935 2996/2529/3936 2992/2518/3934
f 2121/2740/3918 2122/2742/3937 3000/2520/3355 3001/2519/3358
f 2122/2742/3937 2123/2744/3938 3008/2521/3939 3000/2520/3355
f 2123/2744/3938 2124/2746/3940 3012/2530/3941 3008/2521/3939
f 3004/2511/3362 2997/2522/3361 2147/2789/3942 2148/2792/3923
f 2997/2522/3361 3005/2523/3943 2260/2997/3944 2147/2789/3942
f 3005/2523/3943 3009/2524/3945 2259/2995/3946 2260/2997/3944
f 2141/2778/3947 2142/2780/3948 3028/2536/3380 3021/2525/3379
f 2240/2964/3949 2241/2966/3950 3032/2560/3381 3033/2526/3384
f 2253/2984/3951 2254/2986/3952 3044/2535/3398 3037/2527/3397
f 2129/2756/3953 2130/2758/3954 3040/2561/3390 3041/2528/3393
f 2996/2529/3936 2235/2953/3935 2236/2956/3955 3045/2538/3405
f 2125/2748/3956 3077/2541/3421 3012/2530/3941 2124/2746/3940
f 2259/2995/3946 3009/2524/3945 3080/2531/3415 2258/2994/3957
f 2146/2788/3958 2035/2573/3928 2949/2514/3931 3096/2532/3423
f 3060/2533/3959 2239/2961/3960 2240/2964/3949 3033/2526/3384
f 2129/2756/3953 3041/2528/3393 3092/2534/3961 2128/2754/3962
f 2255/2987/3963 3089/2543/3964 3044/2535/3398 2254/2986/3952
f 2143/2782/3965 3105/2546/3966 3028/2536/3380 2142/2780/3948
f 2238/2960/3967 2239/2961/3960 3060/2533/3959 3056/2537/3968
f 2236/2956/3955 2237/2958/3969 3052/2539/3406 3045/2538/3405
f 2237/2958/3969 2238/2960/3967 3056/2537/3968 3052/2539/3406
f 2127/2752/3970 2128/2754/3962 3092/2534/3961 3088/2540/3971
f 2125/2748/3956 2126/2750/3972 3084/2542/3422 3077/2541/3421
f 2126/2750/3972 2127/2752/3970 3088/2540/3971 3084/2542/3422
f 3085/2545/3973 3089/2543/3964 2255/2987/3963 2256/2989/3974
f 3080/2531/3415 3081/2544/3418 2257/2991/3975 2258/2994/3957
f 3081/2544/3418 3085/2545/3973 2256/2989/3974 2257/2991/3975
f 2143/2782/3965 2144/2784/3976 3101/2547/3977 3105/2546/3966
f 2144/2784/3976 2145/2786/3978 3097/2548/3426 3101/2547/3977
f 2145/2786/3978 2146/2788/3958 3096/2532/3423 3097/2548/3426
s 64
f 2138/2772/3979 2139/2774/3980 3168/2563/3443 3169/2549/3446
s 65
f 2243/2969/3981 2244/2971/3982 3176/2565/3455 3177/2550/3458
s 67
f 2250/2979/3983 2251/2981/3984 3184/2568/3467 3185/2551/3470
s 69
f 2132/2762/3985 2133/2764/3986 3188/2570/3477 3181/2552/3476
s 124
f 3124/2553/3987 2245/2972/3988 2246/2554/3989 3117/2555/3990
s 125
f 2135/3015/3991 3128/2556/3992 3132/2557/3993 2134/2765/3994
s 126
f 2249/2976/3995 3129/2569/3996 3125/3040/3997 2248/2974/3998
s 127
f 2137/2769/3999 3137/2564/4000 3133/3041/4001 2136/2767/4002
s 128
f 2140/2776/4003 2141/2778/4004 3021/2525/4005 3148/2558/4006
f 2241/2966/4007 2242/2559/4008 3149/3042/4009 3032/2560/4010
f 2130/2758/4011 2131/2759/4012 3153/2571/4013 3040/2561/4014
f 3037/2527/4015 3156/2562/4016 2252/2567/4017 2253/2984/4018
s 132
f 2140/2776/4019 3148/2558/4020 3168/2563/4021 2139/2774/4022
s 133
f 3137/2564/4023 2137/2769/4024 2138/2772/4025 3169/2549/4026
f 2245/2972/4027 3124/2553/4028 3176/2565/4029 2244/2971/4030
s 132
f 3149/2566/4031 2242/2559/4032 2243/2969/4033 3177/2550/4034
f 2252/2567/4035 3156/3043/4036 3184/2568/4037 2251/2981/4038
s 133
f 3129/2569/4039 2249/2976/4040 2250/2979/4041 3185/2551/4042
f 2134/2765/4043 3132/2557/4044 3188/2570/4045 2133/2764/4046
s 132
f 3153/2571/4047 2131/2759/4048 2132/2762/4049 3181/2552/4050
s 48
f 2980/2787/3346 2973/2572/3345 2036/2575/3929 2035/2573/3928
f 2973/2572/3345 2965/2574/4051 2037/2577/3927 2036/2575/3929
f 2965/2574/4051 2969/2576/4052 2038/2579/3926 2037/2577/3927
f 2904/2578/4053 2039/2580/3924 2038/2579/3926 2969/2576/4052
s 119
f 2040/2583/3895 2039/2580/3894 2904/2578/4054 2908/2581/4055
s 44
f 2908/2581/3299 2909/2582/3302 2041/2585/3804 2040/2583/3803
s 108
f 2821/2584/4056 2042/2999/3863 2041/2585/3892 2909/2582/4057
s 72
f 2812/2586/4058 3198/2589/3486 3193/2587/3485 2825/3000/4059
s 107
f 2808/2588/4060 2043/2590/3857 3194/3021/3861 3198/2589/4061 2812/2586/4062
f 2044/2593/3871 2043/2590/3857 2808/2588/4060 2872/2591/4063
s 40
f 2872/2591/3267 2873/2592/3270 2045/2595/3796 2044/2593/3795
s 115
f 2789/2594/4064 2046/2597/3867 2045/2595/3870 2873/2592/4065
s 5
f 2324/2596/3016 2047/2599/3532 2046/2597/3826 2789/2594/4066
f 2324/2596/3016 2317/2598/3015 2048/2601/3533 2047/2599/3532
f 2317/2598/3015 2309/2600/4067 2049/2603/3531 2048/2601/3533
f 2309/2600/4067 2313/2602/4068 2050/2605/3530 2049/2603/3531
f 2264/2604/4069 2051/2607/3528 2050/2605/3530 2313/2602/4068
s 1
f 2264/2604/2969 2265/2606/2972 2052/2609/3512 2051/2607/3511
s 9
f 2372/2608/3040 2053/2611/3563 2052/2609/3566 2265/2606/4070
f 2372/2608/3040 2365/2610/3039 2054/2613/3573 2053/2611/3563
f 2365/2610/3039 2392/2612/4071 2055/2615/3581 2054/2613/3573
f 2392/2612/4071 2548/2614/3144 2056/2617/3599 2055/2615/3581
f 2548/2614/3144 2541/2616/3143 2057/2619/3693 2056/2617/3599
s 96
f 2541/2616/4072 2533/2618/4073 2058/2621/3695 2057/2619/3694
s 24
f 2533/2618/4074 2537/2620/4075 2059/2622/3690 2058/2621/3689
s 82
f 2060/2625/3610 2059/2622/3609 2537/2620/4076 2408/2623/4077
s 10
f 2408/2623/3041 2409/2624/3044 2061/2627/3584 2060/2625/3583
s 81
f 2500/2626/4078 2062/2629/3604 2061/2627/3607 2409/2624/4079
s 18
f 2500/2626/3120 2493/2628/3119 2063/2389/3677 2062/2629/3676
s 93
f 2493/2628/4080 2485/2630/4081 2064/2632/3679 2063/2389/3678
s 25
f 2485/2630/4082 2489/2631/4083 2065/2634/3645 2064/2632/3674
f 2628/2633/3184 2066/2636/3643 2065/2634/3645 2489/2631/4083
f 2628/2633/3184 2621/2635/3183 2067/2638/3738 2066/2636/3643
f 2621/2635/3183 2613/2637/4084 2068/2640/3736 2067/2638/3738
f 2613/2637/4084 2617/2639/4085 2069/2641/3657 2068/2640/3736
f 2070/2644/3658 2069/2641/3657 2617/2639/4085 2444/2642/4086
s 14
f 2444/2642/3080 2437/2643/3079 2071/2646/3594 2070/2644/3593
s 29
f 2668/2645/4087 2072/2427/3653 2071/2646/3655 2437/2643/4088
f 2668/2645/4087 2664/2647/4089 2073/2649/3753 2072/2427/3653
f 2664/2647/4089 2672/2648/3202 2074/2651/3754 2073/2649/3753
f 2672/2648/3202 2673/2650/3205 2075/2653/3756 2074/2651/3754
f 2744/2652/4090 2076/2655/3786 2075/2653/3756 2673/2650/3205
f 2744/2652/4090 2740/2654/3243 2077/2451/3793 2076/2655/3786
f 2740/2316/3243 2745/2656/3246 2078/2658/3774 2077/2657/3793
f 2745/2656/3246 2774/3032/4091 2079/3007/3775 2078/2658/3774
f 2777/3028/4092 2728/2659/3235 2081/2661/3783 2080/3011/3782
f 2728/2659/3235 2729/2660/3238 2082/2663/3792 2081/2661/3783
f 2729/2660/3238 2733/2662/4093 2083/2665/3787 2082/2663/3792
f 2648/2664/3193 2084/2424/3749 2083/2665/3787 2733/2662/4093
f 2648/2664/3193 2649/2666/3196 2085/2668/3750 2084/2424/3749
f 2649/2666/3196 2653/2667/4094 2086/2670/3748 2085/2668/3750
f 2653/2667/4094 2657/2669/4095 2087/2671/3664 2086/2670/3748
f 2088/2674/3665 2087/2671/3664 2657/2669/4095 2452/2672/4096
s 14
f 2452/2672/3088 2445/2673/3087 2089/2676/3596 2088/2674/3595
s 25
f 2636/2675/3192 2090/2678/3660 2089/2676/3663 2445/2673/4097
f 2636/2675/3192 2629/2677/3191 2091/2680/3761 2090/2678/3660
f 2629/2677/3191 2637/2679/4098 2092/2682/3763 2091/2680/3761
f 2637/2679/4098 2641/2681/4099 2093/2684/3639 2092/2682/3763
f 2588/2683/3168 2094/2686/3637 2093/2684/3639 2641/2681/4099
f 2588/2683/3168 2581/2685/3167 2095/2688/3719 2094/2686/3637
s 93
f 2581/2685/4100 2589/2687/4101 2096/2690/3722 2095/2688/3721
s 18
f 2589/2687/4102 2593/2689/4103 2097/2691/3726 2096/2690/3725
s 86
f 2098/2694/3632 2097/2691/3631 2593/2689/4104 2428/2692/4105
s 10
f 2428/2692/3064 2421/2693/3063 2099/2696/3590 2098/2694/3589
s 85
f 2572/2695/4106 2100/2698/3626 2099/2696/3629 2421/2693/4107
s 24
f 2572/2695/3160 2565/2697/3159 2101/2411/3728 2100/2698/3727
s 96
f 2565/2697/4108 2573/2699/4109 2102/2701/3732 2101/2411/3731
s 9
f 2573/2699/4110 2577/2700/4111 2103/2703/3602 2102/2701/3735
f 2577/2700/4111 2393/2702/4112 2104/2364/3577 2103/2703/3602
f 2393/2702/4112 2357/2704/4113 2105/2706/3569 2104/2364/3577
f 2357/2704/4113 2361/2705/4114 2106/2708/3558 2105/2706/3569
f 2280/2707/4115 2107/2710/3555 2106/2708/3558 2361/2705/4114
s 1
f 2280/2707/2985 2281/2709/2988 2108/2712/3516 2107/2710/3515
s 5
f 2332/2711/3024 2109/2714/3522 2108/2712/3524 2281/2709/4116
f 2332/2711/3024 2325/2713/3023 2110/2716/3541 2109/2714/3522
f 2325/2713/3023 2333/2715/4117 2111/2718/3542 2110/2716/3541
f 2333/2715/4117 2337/2717/4118 2112/2720/3544 2111/2718/3542
f 2796/2719/4119 2113/2721/3821 2112/2720/3544 2337/2717/4118
s 115
f 2114/2724/3883 2113/2721/3882 2796/2719/4120 2892/2722/4121
s 40
f 2892/2722/3290 2885/2723/3289 2115/2726/3800 2114/2724/3799
s 107
f 2813/2725/4122 2116/3001/3843 2115/2726/3880 2885/2723/4123
s 72
f 2836/2727/4124 3208/2730/3494 3203/2728/3493 2817/3002/4125
s 108
f 2832/2729/4126 2117/2731/3837 3204/3023/3841 3208/2730/4127 2836/2727/4128
f 2118/2734/3907 2117/2731/3837 2832/2729/4126 2936/2732/4129
s 44
f 2936/2732/3322 2929/2733/3321 2119/2736/3808 2118/2734/3807
s 119
f 2925/2735/4130 2120/2738/3903 2119/2736/3906 2929/2733/4131
s 48
f 2988/2737/3354 2121/2740/3918 2120/2738/3920 2925/2735/4132
f 2988/2737/3354 2981/2739/3353 2122/2742/3937 2121/2740/3918
f 2981/2739/3353 2989/2741/4133 2123/2744/3938 2122/2742/3937
f 2989/2741/4133 2993/2743/4134 2124/2746/3940 2123/2744/3938
f 3048/2745/3399 2125/2748/3956 2124/2746/3940 2993/2743/4134
f 3048/2745/3399 3049/2747/3402 2126/2750/3972 2125/2748/3956
f 3049/2747/3402 3053/2749/4135 2127/2752/3970 2126/2750/3972
f 3053/2749/4135 3057/2751/4136 2128/2754/3962 2127/2752/3970
f 3036/2753/3389 2129/2756/3953 2128/2754/3962 3057/2751/4136
f 3036/2753/3389 3029/2755/3388 2130/2758/3954 2129/2756/3953
s 128
f 3029/2755/4137 3152/2757/4138 2131/2759/4012 2130/2758/4011
s 132
f 2132/2762/4049 2131/2759/4048 3152/2757/4139 3180/2760/4140
s 69
f 3180/2760/3465 3173/2761/3464 2133/2764/3986 2132/2762/3985
s 133
f 3121/2763/4141 2134/2765/4043 2133/2764/4046 3173/2761/4142
s 125
f 3121/2763/4143 3118/3039/4144 2135/3015/3991 2134/2765/3994
s 127
f 3116/2766/4145 2137/2769/3999 2136/2767/4002 3111/2768/4146
s 133
f 2138/2772/4025 2137/2769/4024 3116/2766/4147 3160/2770/4148
s 64
f 3160/2770/3431 3161/2771/3434 2139/2774/3980 2138/2772/3979
s 132
f 3141/2773/4149 2140/2776/4019 2139/2774/4022 3161/2771/4150
s 128
f 3141/2773/4151 3016/2775/4152 2141/2778/4004 2140/2776/4003
s 48
f 3016/2775/3363 3017/2777/3366 2142/2780/3948 2141/2778/3947
f 3068/2779/4153 2143/2782/3965 2142/2780/3948 3017/2777/3366
f 3068/2779/4153 3064/2781/4154 2144/2784/3976 2143/2782/3965
f 3064/2781/4154 3072/2783/3407 2145/2786/3978 2144/2784/3976
f 3072/2783/3407 3073/2785/3410 2146/2788/3958 2145/2786/3978
f 2980/2787/3346 2035/2573/3928 2146/2788/3958 3073/2785/3410
f 2148/2792/3923 2147/2789/3942 2960/2998/3331 2961/2790/3334
f 2920/2791/4155 2149/2510/3921 2148/2792/3923 2961/2790/3334
s 119
f 2150/2794/3911 2149/2510/3910 2920/2791/4156 2924/2793/4157
s 44
f 2151/2797/3810 2150/2794/3809 2924/2793/3314 2913/2795/3313
s 108
f 2861/2796/4158 2152/3003/3853 2151/2797/3914 2913/2795/4159
s 72
f 2860/2798/4160 3218/2801/3502 3213/2799/3501 2865/3004/4161
s 107
f 2856/2800/4162 2153/2802/3847 3214/3025/3851 3218/2801/4163 2860/2798/4164
f 2154/2804/3885 2153/2802/3847 2856/2800/4162 2884/2803/4165
s 40
f 2155/2807/3802 2154/2804/3801 2884/2803/3282 2877/2805/3281
s 115
f 2801/2806/4166 2156/2497/3887 2155/2807/3890 2877/2805/4167
s 5
f 2296/2808/4168 2157/2809/3550 2156/2497/3824 2801/2806/4169
f 2158/2811/3548 2157/2809/3550 2296/2808/4168 2300/2810/4170
f 2159/2813/3546 2158/2811/3548 2300/2810/4170 2304/2812/3001
f 2160/2816/3527 2159/2813/3546 2304/2812/3001 2305/2814/3004
f 2272/2815/4171 2161/2817/3525 2160/2816/3527 2305/2814/3004
s 1
f 2162/2323/3518 2161/2817/3517 2272/2815/2977 2273/2818/2980
s 9
f 2388/2819/4172 2163/2820/3559 2162/2323/3562 2273/2818/4173
f 2164/2822/3572 2163/2820/3559 2388/2819/4172 2384/2821/4174
f 2165/2351/3580 2164/2822/3572 2384/2821/4174 2404/2823/4175
f 2404/2823/4175 2520/2824/3129 2166/2826/3603 2165/2351/3580
f 2520/2824/3129 2521/2825/3132 2167/2828/3700 2166/2826/3603
s 96
f 2521/2825/4176 2525/2827/4177 2168/2830/3702 2167/2828/3701
s 24
f 2525/2827/4178 2529/2829/4179 2169/2831/3623 2168/2830/3698
f 2170/2834/3624 2169/2831/3623 2529/2829/4179 2420/2832/4180
s 10
f 2420/2832/3056 2413/2833/3055 2171/2836/3588 2170/2834/3587
s 18
f 2472/2835/3105 2172/2838/3619 2171/2836/3621 2413/2833/4181
f 2472/2835/3105 2473/2837/3108 2173/2840/3684 2172/2838/3619
s 93
f 2473/2837/4182 2477/2839/4183 2174/2842/3686 2173/2840/3685
s 25
f 2477/2839/4184 2481/2841/4185 2175/2844/3642 2174/2842/3682
f 2600/2843/3169 2176/2846/3640 2175/2844/3642 2481/2841/4185
f 2600/2843/3169 2601/2845/3172 2177/2848/3760 2176/2846/3640
f 2601/2845/3172 2605/2847/4186 2178/2850/3758 2177/2848/3760
f 2605/2847/4186 2609/2849/4187 2179/2851/3668 2178/2850/3758
f 2180/2853/3669 2179/2851/3668 2609/2849/4187 2460/2852/4188
s 14
f 2181/2856/3598 2180/2853/3597 2460/2852/3096 2453/2854/3095
s 29
f 2700/2855/3226 2182/2858/3671 2181/2856/3673 2453/2854/4189
f 2700/2855/3226 2693/2857/3225 2183/2860/3764 2182/2858/3671
f 2693/2857/4190 2701/2859/4191 2184/2862/3766 2183/2860/3765
f 2701/2859/4191 2705/2861/4192 2185/2864/3769 2184/2862/3766
f 2768/2863/3266 2186/2866/3788 2185/2864/3769 2705/2861/4192
f 2768/2863/3266 2761/2865/3265 2187/2454/3794 2186/2866/3788
f 2761/3035/3265 2769/2867/4193 2188/2869/3778 2187/2868/3794
f 2769/2867/4193 2782/3037/4194 2189/3010/3779 2188/2869/3778
f 2773/3031/4195 2748/2870/3250 2192/2872/3772 2191/3009/3771
f 2748/2870/3250 2737/2871/3249 2193/2446/3791 2192/2872/3772
f 2737/3030/3249 2741/2873/4196 2194/2875/3790 2193/2874/3791
f 2195/2878/3744 2194/2875/3790 2741/2873/4196 2676/2876/3210
f 2676/2876/3210 2669/2877/3209 2196/2880/3745 2195/2878/3744
f 2669/2877/3209 2661/2879/4197 2197/2882/3746 2196/2880/3745
f 2661/2879/4198 2665/2881/4199 2198/2883/3650 2197/2882/3742
f 2199/2357/3651 2198/2883/3650 2665/2881/4199 2440/2884/4200
s 14
f 2440/2884/3073 2441/2885/3076 2200/2887/3592 2199/2357/3591
s 25
f 2620/2886/4201 2201/2889/3646 2200/2887/3648 2441/2885/4202
f 2620/2886/4201 2616/2888/4203 2202/2891/3739 2201/2889/3646
f 2616/2888/4203 2624/2890/3177 2203/2893/3740 2202/2891/3739
f 2624/2890/3177 2625/2892/3180 2204/2894/3635 2203/2893/3740
f 2205/2897/3636 2204/2894/3635 2625/2892/3180 2492/2895/4204
f 2492/2895/4204 2488/2896/4205 2206/2899/3712 2205/2897/3636
s 93
f 2488/2896/4206 2496/2898/4207 2207/2901/3714 2206/2899/3713
s 18
f 2496/2898/3113 2497/2900/3116 2208/2902/3616 2207/2901/3717
f 2209/2905/3617 2208/2902/3616 2497/2900/3116 2412/2903/4208
s 10
f 2412/2903/3048 2405/2904/3047 2210/2907/3586 2209/2905/3585
s 24
f 2540/2906/4209 2211/2400/3612 2210/2907/3614 2405/2904/4210
f 2540/2906/4209 2536/2908/4211 2212/2910/3705 2211/2400/3612
s 96
f 2536/2908/4212 2544/2909/4213 2213/2912/3707 2212/2910/3706
s 9
f 2544/2909/3137 2545/2911/3140 2214/2914/3600 2213/2912/3710
f 2545/2911/3140 2389/2913/4214 2215/2916/3575 2214/2914/3600
f 2389/2913/4214 2368/2915/3033 2216/2918/3567 2215/2916/3575
f 2368/2915/3033 2369/2917/3036 2217/2919/3552 2216/2918/3567
f 2218/2341/3553 2217/2919/3552 2369/2917/3036 2268/2313/4215
s 1
f 2268/2313/2976 2261/2920/2975 2219/2921/3514 2218/2341/3513
s 5
f 2220/2924/3521 2219/2921/3520 2261/2920/4216 2316/2922/4217
f 2316/2922/4217 2312/2923/4218 2221/2926/3536 2220/2924/3521
f 2312/2923/4218 2320/2925/3009 2222/2928/3537 2221/2926/3536
f 2320/2925/3009 2321/2927/3012 2223/2929/3539 2222/2928/3537
f 2224/2474/3819 2223/2929/3539 2321/2927/3012 2792/2930/4219
s 115
f 2225/2933/3877 2224/2474/3876 2792/2930/4220 2876/2931/4221
s 40
f 2876/2931/3274 2869/2932/3273 2226/2935/3798 2225/2933/3797
s 107
f 2805/2934/4222 2227/3005/3828 2226/2935/3874 2869/2932/4223
s 72
f 3228/2939/3510 3223/2936/3509 2809/3006/4224 2828/2937/4225
s 108
f 2824/2938/4226 2228/2940/3832 3224/3027/3836 3228/2939/4227 2828/2937/4228
f 2229/2943/3901 2228/2940/3832 2824/2938/4226 2912/2941/4229
s 44
f 2912/2941/3306 2905/2942/3305 2230/2945/3806 2229/2943/3805
s 119
f 2901/2944/4230 2231/2501/3897 2230/2945/3900 2905/2942/4231
s 48
f 2232/2948/3917 2231/2501/3916 2901/2944/4232 2972/2946/4233
f 2972/2946/4233 2968/2947/4234 2233/2950/3932 2232/2948/3917
f 2968/2947/4234 2976/2949/3339 2234/2952/3933 2233/2950/3932
f 2976/2949/3339 2977/2951/3342 2235/2953/3935 2234/2952/3933
f 2236/2956/3955 2235/2953/3935 2977/2951/3342 3076/2954/3414
f 3076/2954/3414 3069/2955/3413 2237/2958/3969 2236/2956/3955
f 3069/2955/3413 3061/2957/4235 2238/2960/3967 2237/2958/3969
f 3061/2957/4235 3065/2959/4236 2239/2961/3960 2238/2960/3967
f 2240/2964/3949 2239/2961/3960 3065/2959/4236 3020/2962/3371
f 3020/2962/3371 3013/2963/3370 2241/2966/3950 2240/2964/3949
s 128
f 3013/2963/4237 3144/2965/4238 2242/2559/4008 2241/2966/4007
s 132
f 2243/2969/4033 2242/2559/4032 3144/2965/4239 3164/2967/4240
s 65
f 3164/2967/3441 3157/2968/3440 2244/2971/3982 2243/2969/3981
s 133
f 3113/2970/4241 2245/2972/4027 2244/2971/4030 3157/2968/4242
s 124
f 2246/2554/3989 2245/2972/3988 3113/2970/4243 3112/3038/4244
s 126
f 3140/2973/4245 2249/2976/3995 2248/2974/3998 3136/2975/4246
s 133
f 2250/2979/4041 2249/2976/4040 3140/2973/4247 3172/2977/4248
s 67
f 3172/2977/3453 3165/2978/3452 2251/2981/3984 2250/2979/3983
s 132
f 3145/2980/4249 2252/2567/4035 2251/2981/4038 3165/2978/4250
s 128
f 2253/2984/4018 2252/2567/4017 3145/2980/4251 3024/2982/4252
s 48
f 3024/2982/3372 3025/2983/3375 2254/2986/3952 2253/2984/3951
f 3108/2985/4253 2255/2987/3963 2254/2986/3952 3025/2983/3375
f 2256/2989/3974 2255/2987/3963 3108/2985/4253 3104/2988/4254
f 2257/2991/3975 2256/2989/3974 3104/2988/4254 3100/2990/3430
f 2258/2994/3957 2257/2991/3975 3100/2990/3430 3093/2992/3429
f 2952/2993/4255 2259/2995/3946 2258/2994/3957 3093/2992/3429
f 2260/2997/3944 2259/2995/3946 2952/2993/4255 2956/2996/4256
f 2147/2789/3942 2260/2997/3944 2956/2996/4256 2960/2998/3331
s 108
f 3193/2587/4257 3192/3020/3864 2042/2999/3863 2821/2584/4056 2825/3000/4258
s 107
f 3203/2728/4259 3202/3022/3844 2116/3001/3843 2813/2725/4122 2817/3002/4260
s 108
f 3213/2799/4261 3212/3024/3854 2152/3003/3853 2861/2796/4158 2865/3004/4262
s 107
f 3223/2936/4263 3222/3026/3829 2227/3005/3828 2805/2934/4222 2809/3006/4264
s 29
f 2773/3031/4265 2191/3009/4266 2190/3008/4267 2079/3007/4268 2774/3032/4269 2775/3371/4270 2776/3372/4271
f 2777/3028/4272 2080/3011/4273 2190/3008/4267 2191/3009/4266 2778/3029/4274 2779/3373/4275 2780/3374/4276
f 2781/3036/4277 2079/3007/4268 2190/3008/4267 2189/3010/4278 2782/3037/4279 2783/3375/4280 2784/3376/4281
f 2785/3033/4282 2189/3010/4278 2190/3008/4267 2080/3011/4273 2786/3034/4283 2787/3377/4284 2788/3378/4285
s 141
f 3109/3578/4286 3110/3579/4287 3111/2768/4288 2136/2767/4289 2247/3016/4290 2246/3012/4291 3112/3013/4292
f 3117/3014/4293 2246/3012/4291 2247/3016/4290 2135/3015/4294 3118/3039/4295 3119/3582/4296 3120/3585/4297
f 2135/3015/4294 2247/3016/4290 2248/3017/4298 3125/3018/4299 3126/3590/4300 3127/3591/4301 3128/2556/4302
f 2248/3017/4298 2247/3016/4290 2136/2767/4289 3133/3041/4303 3134/3595/4304 3135/3596/4305 3136/3019/4306
s 108
f 3192/3020/3864 3193/2587/4257 3189/3629/4307
f 3192/3020/3864 3189/3629/4307 3190/3630/4308
f 3192/3020/3864 3190/3630/4308 3191/2489/3865
s 107
f 3194/3021/3861 3195/2471/3860 3196/3631/4309
f 3194/3021/3861 3196/3631/4309 3197/3632/4310
f 3194/3021/3861 3197/3632/4310 3198/2589/4061
f 3202/3022/3844 3203/2728/4259 3199/3633/4311
f 3202/3022/3844 3199/3633/4311 3200/3634/4312
f 3202/3022/3844 3200/3634/4312 3201/2483/3845
s 108
f 3204/3023/3841 3205/2467/3840 3206/3635/4313
f 3204/3023/3841 3206/3635/4313 3207/3636/4314
f 3204/3023/3841 3207/3636/4314 3208/2730/4127
f 3212/3024/3854 3213/2799/4261 3209/3637/4315
f 3212/3024/3854 3209/3637/4315 3210/3638/4316
f 3212/3024/3854 3210/3638/4316 3211/2486/3855
s 107
f 3214/3025/3851 3215/2469/3850 3216/3639/4317
f 3214/3025/3851 3216/3639/4317 3217/3640/4318
f 3214/3025/3851 3217/3640/4318 3218/2801/4163
f 3222/3026/3829 3223/2936/4263 3219/3641/4319
f 3222/3026/3829 3219/3641/4319 3220/3642/4320
f 3222/3026/3829 3220/3642/4320 3221/2479/3830
s 108
f 3224/3027/3836 3225/2466/3835 3226/3643/4321
f 3224/3027/3836 3226/3643/4321 3227/3644/4322
f 3224/3027/3836 3227/3644/4322 3228/2939/4227
s 5
f 2296/2808/4168 2295/3065/4323 2299/3067/4324 2300/2810/4170
f 2295/3065/4323 2294/3064/4325 2298/3066/4326 2299/3067/4324
f 2294/3064/4325 2293/2329/3535 2297/2330/3534 2298/3066/4326
f 2300/2810/4170 2299/3067/4324 2303/3069/3002 2304/2812/3001
f 2299/3067/4324 2298/3066/4326 2302/3068/3005 2303/3069/3002
f 2298/3066/4326 2297/2330/3534 2301/2328/3007 2302/3068/3005
f 2269/2319/3529 2270/3048/4327 2307/3071/3006 2308/2327/3008
f 2270/3048/4327 2271/3049/4328 2306/3070/3003 2307/3071/3006
f 2271/3049/4328 2272/2815/4171 2305/2814/3004 2306/3070/3003
f 2311/3073/4329 2312/2923/4218 2316/2922/4217 2315/3075/4330
f 2309/2600/4067 2310/3072/4331 2314/3074/4332 2313/2602/4068
f 2310/3072/4331 2311/3073/4329 2315/3075/4330 2314/3074/4332
f 2261/2920/4216 2262/3044/4333 2315/3075/4330 2316/2922/4217
f 2262/3044/4333 2263/3045/4334 2314/3074/4332 2315/3075/4330
f 2263/3045/4334 2264/2604/4069 2313/2602/4068 2314/3074/4332
f 2312/2923/4218 2311/3073/4329 2319/3077/3010 2320/2925/3009
f 2311/3073/4329 2310/3072/4331 2318/3076/3013 2319/3077/3010
f 2310/3072/4331 2309/2600/4067 2317/2598/3015 2318/3076/3013
f 2327/3082/3018 2328/2332/3017 2336/2333/3538 2335/3088/4335
f 2325/2713/3023 2326/3081/3021 2334/3087/4336 2333/2715/4117
f 2326/3080/3021 2327/3082/3018 2335/3088/4335 2334/3086/4336
f 2281/2709/4116 2282/3056/4337 2331/3084/3022 2332/2711/3024
f 2282/3055/4337 2283/3057/4338 2330/3083/3019 2331/3085/3022
f 2283/3057/4338 2284/2324/3519 2329/2331/3020 2330/3083/3019
f 2335/3088/4335 2336/2333/3538 2340/2473/3540 2339/3091/4339
f 2333/2715/4117 2334/3087/4336 2338/3090/4340 2337/2717/4118
f 2334/3086/4336 2335/3088/4335 2339/3091/4339 2338/3089/4340
f 2343/3094/3026 2344/2335/3025 2352/2336/3543 2351/3100/4341
f 2341/2337/3031 2342/3093/3029 2350/3099/4342 2349/2338/3547
f 2342/3092/3029 2343/3094/3026 2351/3100/4341 2350/3098/4342
f 2289/2322/3526 2290/3062/4343 2347/3096/3030 2348/2326/3032
f 2290/3061/4343 2291/3063/4344 2346/3095/3027 2347/3097/3030
f 2291/3063/4344 2292/2325/3523 2345/2334/3028 2346/3095/3027
f 2351/3100/4341 2352/2336/3543 2356/2475/3545 2355/3103/4345
f 2349/2338/3547 2350/3099/4342 2354/3102/4346 2353/2339/3549
f 2350/3098/4342 2351/3100/4341 2355/3103/4345 2354/3101/4346
s 9
f 2359/3106/4347 2360/2344/3568 2364/2340/3551 2363/3109/4348
f 2357/2704/4113 2358/3104/4349 2362/3108/4350 2361/2705/4114
f 2358/3105/4349 2359/3106/4347 2363/3109/4348 2362/3107/4350
f 2277/2320/3554 2278/3052/4351 2363/3109/4348 2364/2340/3551
f 2278/3052/4351 2279/3054/4352 2362/3107/4350 2363/3109/4348
f 2279/3053/4352 2280/2707/4115 2361/2705/4114 2362/3108/4350
f 2265/2606/4070 2266/3046/4353 2371/3113/3038 2372/2608/3040
f 2266/3046/4353 2267/3047/4354 2370/3112/3035 2371/3113/3038
f 2267/3047/4354 2268/2313/4215 2369/2917/3036 2370/3112/3035
f 2375/3116/4355 2376/2345/3570 2380/2342/3557 2379/3119/4356
f 2373/2350/3571 2374/3114/4357 2378/3118/4358 2377/2346/3560
f 2374/3115/4357 2375/3116/4355 2379/3119/4356 2378/3117/4358
f 2285/2321/3556 2286/3058/4359 2379/3119/4356 2380/2342/3557
f 2286/3058/4359 2287/3060/4360 2378/3117/4358 2379/3119/4356
f 2287/3059/4360 2288/2314/3561 2377/2346/3560 2378/3118/4358
f 2383/3121/4361 2384/2821/4174 2388/2819/4172 2387/3123/4362
f 2381/2352/3574 2382/3120/4363 2386/3122/4364 2385/2347/3564
f 2382/3120/4363 2383/3121/4361 2387/3123/4362 2386/3122/4364
f 2273/2818/4173 2274/3050/4365 2387/3123/4362 2388/2819/4172
f 2274/3050/4365 2275/3051/4366 2386/3122/4364 2387/3123/4362
f 2275/3051/4366 2276/2343/3565 2385/2347/3564 2386/3122/4364
f 2365/2610/3039 2366/3110/3037 2391/3125/4367 2392/2612/4071
f 2366/3110/3037 2367/3111/3034 2390/3124/4368 2391/3125/4367
f 2367/3111/3034 2368/2915/3033 2389/2913/4214 2390/3124/4368
f 2360/2344/3568 2359/3106/4347 2395/3128/4369 2396/2348/3576
f 2359/3106/4347 2358/3105/4349 2394/3127/4370 2395/3128/4369
f 2358/3104/4349 2357/2704/4113 2393/2702/4112 2394/3126/4370
f 2376/2345/3570 2375/3116/4355 2399/3131/4371 2400/2349/3578
f 2375/3116/4355 2374/3115/4357 2398/3130/4372 2399/3131/4371
f 2374/3114/4357 2373/2350/3571 2397/2366/3579 2398/3129/4372
f 2384/2821/4174 2383/3121/4361 2403/3133/4373 2404/2823/4175
f 2383/3121/4361 2382/3120/4363 2402/3132/4374 2403/3133/4373
f 2382/3120/4363 2381/2352/3574 2401/2362/3582 2402/3132/4374
s 81
f 2413/2833/4375 2414/3138/4376 2471/3175/4377 2472/2835/4378
f 2414/3138/4376 2415/3139/4379 2470/3174/4380 2471/3175/4377
f 2415/3139/4379 2416/2367/3606 2469/2388/3605 2470/3174/4380
s 93
f 2475/3177/4381 2476/2390/3681 2480/2387/3680 2479/3179/4382
f 2473/2837/4182 2474/3176/4383 2478/3178/4384 2477/2839/4183
f 2474/3176/4383 2475/3177/4381 2479/3179/4382 2478/3178/4384
s 25
f 2479/3179/4385 2480/2387/3675 2484/2378/3644 2483/3181/4386
f 2477/2839/4184 2478/3178/4387 2482/3180/4388 2481/2841/4185
f 2478/3178/4387 2479/3179/4385 2483/3181/4386 2482/3180/4388
f 2487/3183/4389 2488/2896/4205 2492/2895/4204 2491/3185/4390
f 2485/2630/4082 2486/3182/4391 2490/3184/4392 2489/2631/4083
f 2486/3182/4391 2487/3183/4389 2491/3185/4390 2490/3184/4392
s 93
f 2488/2896/4206 2487/3183/4393 2495/3187/4394 2496/2898/4207
f 2487/3183/4393 2486/3182/4395 2494/3186/4396 2495/3187/4394
f 2486/3182/4395 2485/2630/4081 2493/2628/4080 2494/3186/4396
s 81
f 2409/2624/4079 2410/3136/4397 2499/3189/4398 2500/2626/4078
f 2410/3136/4397 2411/3137/4399 2498/3188/4400 2499/3189/4398
f 2411/3137/4399 2412/2903/4401 2497/2900/4402 2498/3188/4400
s 86
f 2429/2356/3633 2430/3149/4403 2503/3191/4404 2504/2374/3630
f 2430/3148/4403 2431/3150/4405 2502/3190/4406 2503/3192/4404
f 2431/3150/4405 2432/2371/4407 2501/2392/4408 2502/3190/4406
s 93
f 2507/3195/4409 2508/2393/3688 2512/2391/3687 2511/3198/4410
f 2505/2409/3723 2506/3194/4411 2510/3197/4412 2509/2408/3724
f 2506/3193/4411 2507/3195/4409 2511/3198/4410 2510/3196/4412
s 25
f 2511/3198/4413 2512/2391/3683 2516/2377/3641 2515/3201/4414
f 2509/2408/3720 2510/3197/4415 2514/3199/4416 2513/2407/3638
f 2510/3196/4415 2511/3198/4413 2515/3201/4414 2514/3200/4416
s 9
f 2404/2823/4175 2403/3133/4373 2519/3204/3130 2520/2824/3129
f 2403/3133/4373 2402/3132/4374 2518/3203/3133 2519/3204/3130
f 2402/3132/4374 2401/2362/3582 2517/2395/3135 2518/3203/3133
s 96
f 2523/3206/4417 2524/2396/3697 2528/2394/3696 2527/3208/4418
f 2521/2825/4176 2522/3205/4419 2526/3207/4420 2525/2827/4177
f 2522/3205/4419 2523/3206/4417 2527/3208/4418 2526/3207/4420
s 24
f 2527/3208/4421 2528/2394/3692 2532/2368/3691 2531/3210/4422
f 2525/2827/4178 2526/3207/4423 2530/3209/4424 2529/2829/4179
f 2526/3207/4423 2527/3208/4421 2531/3210/4422 2530/3209/4424
s 82
f 2417/2353/3611 2418/3140/4425 2531/3210/4426 2532/2368/3608
f 2418/3140/4425 2419/3141/4427 2530/3209/4428 2531/3210/4426
f 2419/3141/4427 2420/2832/4429 2529/2829/4430 2530/3209/4428
s 24
f 2535/3212/4431 2536/2908/4211 2540/2906/4209 2539/3214/4432
f 2533/2618/4074 2534/3211/4433 2538/3213/4434 2537/2620/4075
f 2534/3211/4433 2535/3212/4431 2539/3214/4432 2538/3213/4434
s 82
f 2405/2904/4435 2406/3134/4436 2539/3214/4437 2540/2906/4438
f 2406/3134/4436 2407/3135/4439 2538/3213/4440 2539/3214/4437
f 2407/3135/4439 2408/2623/4077 2537/2620/4076 2538/3213/4440
s 96
f 2536/2908/4212 2535/3212/4441 2543/3216/4442 2544/2909/4213
f 2535/3212/4441 2534/3211/4443 2542/3215/4444 2543/3216/4442
f 2534/3211/4443 2533/2618/4073 2541/2616/4072 2542/3215/4444
s 9
f 2392/2612/4071 2391/3125/4367 2547/3218/3142 2548/2614/3144
f 2391/3125/4367 2390/3124/4368 2546/3217/3139 2547/3218/3142
f 2390/3124/4368 2389/2913/4214 2545/2911/3140 2546/3217/3139
f 2400/2349/3578 2399/3131/4371 2551/3221/3146 2552/2365/3145
f 2399/3131/4371 2398/3130/4372 2550/3219/3149 2551/3221/3146
f 2398/3129/4372 2397/2366/3579 2549/2398/3151 2550/3220/3149
s 96
f 2555/3225/4445 2556/2399/3704 2560/2397/3703 2559/3228/4446
f 2553/2413/3733 2554/3224/4447 2558/3227/4448 2557/2412/3734
f 2554/3223/4447 2555/3225/4445 2559/3228/4446 2558/3226/4448
s 24
f 2559/3228/4449 2560/2397/3699 2564/2372/3622 2563/3231/4450
f 2557/2412/3729 2558/3227/4451 2562/3230/4452 2561/2410/3730
f 2558/3226/4451 2559/3228/4449 2563/3231/4450 2562/3229/4452
s 85
f 2433/2355/4453 2434/3151/4454 2563/3231/4455 2564/2372/4456
f 2434/3151/4454 2435/3153/4457 2562/3229/4458 2563/3231/4455
f 2435/3152/4457 2436/2373/3628 2561/2410/3627 2562/3230/4458
s 96
f 2567/3234/4459 2568/2402/3709 2576/2403/3708 2575/3240/4460
f 2565/2697/4108 2566/3233/4461 2574/3239/4462 2573/2699/4109
f 2566/3232/4461 2567/3234/4459 2575/3240/4460 2574/3238/4462
s 85
f 2421/2693/4107 2422/3143/4463 2571/3236/4464 2572/2695/4106
f 2422/3142/4463 2423/3144/4465 2570/3235/4466 2571/3237/4464
f 2423/3144/4465 2424/2369/4467 2569/2401/4468 2570/3235/4466
s 9
f 2575/3240/4469 2576/2403/3711 2580/2363/3601 2579/3243/4470
f 2573/2699/4110 2574/3239/4471 2578/3242/4472 2577/2700/4111
f 2574/3238/4471 2575/3240/4469 2579/3243/4470 2578/3241/4472
f 2396/2348/3576 2395/3128/4369 2579/3243/4470 2580/2363/3601
f 2395/3128/4369 2394/3127/4370 2578/3241/4472 2579/3243/4470
f 2394/3126/4370 2393/2702/4112 2577/2700/4111 2578/3242/4472
s 93
f 2583/3246/4473 2584/2405/3716 2592/2406/3715 2591/3252/4474
f 2581/2685/4100 2582/3245/4475 2590/3251/4476 2589/2687/4101
f 2582/3244/4475 2583/3246/4473 2591/3252/4474 2590/3250/4476
s 18
f 2591/3252/4477 2592/2406/3718 2596/2370/3615 2595/3255/4478
f 2589/2687/4102 2590/3251/4479 2594/3254/4480 2593/2689/4103
f 2590/3250/4479 2591/3252/4477 2595/3255/4478 2594/3253/4480
s 86
f 2425/2354/4481 2426/3145/4482 2595/3255/4483 2596/2370/4484
f 2426/3145/4482 2427/3147/4485 2594/3253/4486 2595/3255/4483
f 2427/3146/4485 2428/2692/4105 2593/2689/4104 2594/3254/4486
s 25
f 2481/2841/4185 2482/3180/4388 2599/3257/3170 2600/2843/3169
f 2482/3180/4388 2483/3181/4386 2598/3256/3173 2599/3257/3170
f 2483/3181/4386 2484/2378/3644 2597/2415/3175 2598/3256/3173
f 2603/3259/3174 2604/2416/3176 2608/2414/3737 2607/3261/4487
f 2601/2845/3172 2602/3258/3171 2606/3260/4488 2605/2847/4186
f 2602/3258/3171 2603/3259/3174 2607/3261/4487 2606/3260/4488
f 2607/3261/4487 2608/2414/3737 2612/2382/3656 2611/3263/4489
f 2605/2847/4186 2606/3260/4488 2610/3262/4490 2609/2849/4187
f 2606/3260/4488 2607/3261/4487 2611/3263/4489 2610/3262/4490
f 2457/2359/3659 2458/3166/4491 2611/3263/4489 2612/2382/3656
f 2458/3166/4491 2459/3167/4492 2610/3262/4490 2611/3263/4489
f 2459/3167/4492 2460/2852/4188 2609/2849/4187 2610/3262/4490
f 2615/3265/4493 2616/2888/4203 2620/2886/4201 2619/3267/4494
f 2613/2637/4084 2614/3264/4495 2618/3266/4496 2617/2639/4085
f 2614/3264/4495 2615/3265/4493 2619/3267/4494 2618/3266/4496
f 2441/2885/4202 2442/3156/4497 2619/3267/4494 2620/2886/4201
f 2442/3156/4497 2443/3157/4498 2618/3266/4496 2619/3267/4494
f 2443/3157/4498 2444/2642/4086 2617/2639/4085 2618/3266/4496
f 2616/2888/4203 2615/3265/4493 2623/3269/3178 2624/2890/3177
f 2615/3265/4493 2614/3264/4495 2622/3268/3181 2623/3269/3178
f 2614/3264/4495 2613/2637/4084 2621/2635/3183 2622/3268/3181
f 2489/2631/4083 2490/3184/4392 2627/3271/3182 2628/2633/3184
f 2490/3184/4392 2491/3185/4390 2626/3270/3179 2627/3271/3182
f 2491/3185/4390 2492/2895/4204 2625/2892/3180 2626/3270/3179
f 2631/3274/3186 2632/2418/3185 2640/2419/3741 2639/3280/4499
f 2629/2677/3191 2630/3273/3189 2638/3279/4500 2637/2679/4098
f 2630/3272/3189 2631/3274/3186 2639/3280/4499 2638/3278/4500
f 2445/2673/4097 2446/3159/4501 2635/3276/3190 2636/2675/3192
f 2446/3158/4501 2447/3160/4502 2634/3275/3187 2635/3277/3190
f 2447/3160/4502 2448/2379/3647 2633/2417/3188 2634/3275/3187
f 2639/3280/4499 2640/2419/3741 2644/2375/3634 2643/3283/4503
f 2637/2679/4098 2638/3279/4500 2642/3282/4504 2641/2681/4099
f 2638/3278/4500 2639/3280/4499 2643/3283/4503 2642/3281/4504
f 2585/2404/3164 2586/3247/3163 2643/3283/4503 2644/2375/3634
f 2586/3247/3163 2587/3249/3166 2642/3281/4504 2643/3283/4503
f 2587/3248/3166 2588/2683/3168 2641/2681/4099 2642/3282/4504
s 29
f 2651/3289/4505 2652/2422/3201 2656/2420/3747 2655/3292/4506
f 2649/2666/3196 2650/3288/4507 2654/3291/4508 2653/2667/4094
f 2650/3287/4507 2651/3289/4505 2655/3292/4506 2654/3290/4508
f 2655/3292/4506 2656/2420/3743 2660/2380/3649 2659/3295/4509
f 2653/2667/4094 2654/3291/4508 2658/3294/4510 2657/2669/4095
f 2654/3290/4508 2655/3292/4506 2659/3295/4509 2658/3293/4510
f 2449/2358/3652 2450/3161/4511 2659/3295/4509 2660/2380/3649
f 2450/3161/4511 2451/3163/4512 2658/3293/4510 2659/3295/4509
f 2451/3162/4512 2452/2672/4096 2657/2669/4095 2658/3294/4510
f 2663/3297/4513 2664/2647/4089 2668/2645/4087 2667/3299/4514
f 2661/2879/4198 2662/3296/4515 2666/3298/4516 2665/2881/4199
f 2662/3296/4515 2663/3297/4513 2667/3299/4514 2666/3298/4516
f 2437/2643/4088 2438/3154/4517 2667/3299/4514 2668/2645/4087
f 2438/3154/4517 2439/3155/4518 2666/3298/4516 2667/3299/4514
f 2439/3155/4518 2440/2884/4200 2665/2881/4199 2666/3298/4516
f 2664/2647/4089 2663/3297/4513 2671/3301/4519 2672/2648/3202
f 2663/3297/4513 2662/3296/4515 2670/3300/4520 2671/3301/4519
f 2662/3296/4515 2661/2879/4197 2669/2877/3209 2670/3300/4520
f 2680/2444/3770 2679/3305/4521 2683/3309/4522 2684/2439/3767
f 2679/3306/4521 2678/3304/4523 2682/3307/4524 2683/3308/4522
f 2678/3304/4523 2677/2425/3752 2681/2426/3751 2682/3307/4525
f 2684/2439/3767 2683/3309/4526 2687/3311/3212 2688/2438/3768
f 2683/3308/4526 2682/3307/4527 2686/3310/3215 2687/3312/3212
f 2682/3307/4527 2681/2426/3751 2685/2423/3217 2686/3310/3215
f 2465/2360/3666 2466/3171/4528 2691/3315/3216 2692/2384/3218
f 2466/3171/4528 2467/3173/4529 2690/3313/3213 2691/3315/3216
f 2467/3172/4529 2468/2386/3672 2689/2437/3214 2690/3314/3213
f 2695/3317/3220 2696/2429/3219 2704/2430/3755 2703/3321/4530
f 2693/2857/4190 2694/3316/3223 2702/3320/4531 2701/2859/4191
f 2694/3316/3223 2695/3317/3220 2703/3321/4530 2702/3320/4531
f 2453/2854/4189 2454/3164/4532 2699/3319/3224 2700/2855/3226
f 2454/3164/4532 2455/3165/4533 2698/3318/3221 2699/3319/3224
f 2455/3165/4533 2456/2381/3654 2697/2428/3222 2698/3318/3221
f 2703/3321/4534 2704/2430/3755 2708/2442/3757 2707/3323/4535
f 2701/2859/4191 2702/3320/4536 2706/3322/4537 2705/2861/4192
f 2702/3320/4538 2703/3321/4534 2707/3323/4535 2706/3322/4537
s 25
f 2513/2407/3638 2514/3199/4416 2711/3326/3228 2712/2376/3227
f 2514/3199/4416 2515/3202/4414 2710/3324/3231 2711/3326/3228
f 2515/3201/4414 2516/2377/3641 2709/2432/3233 2710/3325/3231
f 2715/3330/3232 2716/2433/3234 2720/2431/3759 2719/3333/4539
f 2713/2436/3230 2714/3329/3229 2718/3332/4540 2717/2435/3762
f 2714/3328/3229 2715/3330/3232 2719/3333/4539 2718/3331/4540
f 2719/3333/4539 2720/2431/3759 2724/2385/3667 2723/3336/4541
f 2717/2435/3762 2718/3332/4540 2722/3334/4542 2721/2434/3661
f 2718/3331/4540 2719/3333/4539 2723/3336/4541 2722/3335/4542
f 2461/2361/3670 2462/3169/4543 2723/3336/4541 2724/2385/3667
f 2462/3168/4543 2463/3170/4544 2722/3334/4542 2723/3337/4541
f 2463/3170/4544 2464/2383/3662 2721/2434/3661 2722/3334/4542
s 29
f 2727/3339/3236 2728/2659/3235 2777/3028/4092 2780/3374/4276
f 2725/2447/3241 2726/3338/3239 2779/3373/4275 2778/3029/3773
f 2726/3338/3239 2727/3339/3236 2780/3374/4276 2779/3373/4275
f 2731/3342/3240 2732/2448/3242 2736/2445/3789 2735/3346/4545
f 2729/2660/3238 2730/3341/3237 2734/3345/4546 2733/2662/4093
f 2730/3340/3237 2731/3342/3240 2735/3346/4545 2734/3344/4546
f 2645/2421/3200 2646/3284/3197 2735/3346/4545 2736/2445/3789
f 2646/3284/3197 2647/3286/3194 2734/3344/4546 2735/3346/4545
f 2647/3285/3194 2648/2664/3193 2733/2662/4093 2734/3345/4546
f 2739/3349/3244 2740/2654/3243 2744/2652/4090 2743/3352/4547
f 2737/3030/3249 2738/3347/3247 2742/3351/4548 2741/2873/4196
f 2738/3347/3247 2739/3349/3244 2743/3352/4547 2742/3351/4548
f 2673/2650/3205 2674/3302/3204 2743/3352/4547 2744/2652/4090
f 2674/3302/3204 2675/3303/3207 2742/3351/4548 2743/3352/4547
f 2675/3303/3207 2676/2876/3210 2741/2873/4196 2742/3351/4548
f 2747/3354/3248 2748/2870/3250 2773/3031/4195 2776/3372/4271
f 2745/2656/3246 2746/3353/3245 2775/3371/4270 2774/3032/4091
f 2746/3353/3245 2747/3354/3248 2776/3372/4271 2775/3371/4270
f 2751/3356/4549 2752/2441/3781 2785/3033/3780 2788/3378/4285
f 2749/2449/3784 2750/3355/4550 2787/3377/4284 2786/3034/3785
f 2750/3355/4550 2751/3356/4549 2788/3378/4285 2787/3377/4284
f 2752/2441/3781 2751/3356/4549 2755/3358/3252 2756/2456/3251
f 2751/3356/4549 2750/3355/4550 2754/3357/3255 2755/3358/3252
f 2750/3355/4550 2749/2449/3784 2753/2450/3257 2754/3357/3255
f 2677/2425/3752 2678/3304/4523 2759/3362/3256 2760/2443/3258
f 2678/3304/4523 2679/3306/4521 2758/3360/3253 2759/3362/3256
f 2679/3305/4521 2680/2444/3770 2757/2455/3254 2758/3361/3253
f 2763/3365/3260 2764/2453/3259 2772/2440/3777 2771/3370/4551
f 2761/3035/3265 2762/3363/3263 2770/3369/4552 2769/2867/4193
f 2762/3363/3263 2763/3365/3260 2771/3370/4551 2770/3369/4552
f 2705/2861/4192 2706/3322/4537 2767/3368/3264 2768/2863/3266
f 2706/3322/4537 2707/3323/4535 2766/3367/3261 2767/3368/3264
f 2707/3323/4535 2708/2442/3757 2765/2452/3262 2766/3367/3261
f 2771/3370/4551 2772/2440/3777 2781/3036/3776 2784/3376/4281
f 2769/2867/4193 2770/3369/4552 2783/3375/4280 2782/3037/4194
f 2770/3369/4552 2771/3370/4551 2784/3376/4281 2783/3375/4280
s 5
f 2321/2927/3012 2322/3078/3011 2791/3380/4553 2792/2930/4219
f 2322/3078/3011 2323/3079/3014 2790/3379/4554 2791/3380/4553
f 2323/3079/3014 2324/2596/3016 2789/2594/4066 2790/3379/4554
f 2337/2717/4118 2338/3090/4340 2795/3383/4555 2796/2719/4119
f 2338/3089/4340 2339/3091/4339 2794/3381/4556 2795/3382/4555
f 2339/3091/4339 2340/2473/3540 2793/2493/3820 2794/3381/4556
f 2353/2339/3549 2354/3102/4346 2799/3386/4557 2800/2476/3823
f 2354/3101/4346 2355/3103/4345 2798/3384/4558 2799/3385/4557
f 2355/3103/4345 2356/2475/3545 2797/2495/3822 2798/3384/4558
f 2293/2329/3535 2294/3064/4325 2803/3388/4559 2804/2477/3825
f 2294/3064/4325 2295/3065/4323 2802/3387/4560 2803/3388/4559
f 2295/3065/4323 2296/2808/4168 2801/2806/4169 2802/3387/4560
s 107
f 2807/3390/4561 2808/2588/4060 2812/2586/4062 2811/3392/4562
f 2805/2934/4222 2806/3389/4563 2810/3391/4564 2809/3006/4264
f 2806/3389/4563 2807/3390/4561 2811/3392/4562 2810/3391/4564
f 2815/3395/4565 2816/2478/3827 2820/2465/3831 2819/3398/4566
f 2813/2725/4122 2814/3393/4567 2818/3397/4568 2817/3002/4260
f 2814/3394/4567 2815/3395/4565 2819/3398/4566 2818/3396/4568
s 108
f 2823/3400/4569 2824/2938/4226 2828/2937/4228 2827/3402/4570
f 2821/2584/4056 2822/3399/4571 2826/3401/4572 2825/3000/4258
f 2822/3399/4571 2823/3400/4569 2827/3402/4570 2826/3401/4572
s 72
f 2809/3006/4224 2810/3391/4573 2827/3402/4574 2828/2937/4225
f 2810/3391/4573 2811/3392/4575 2826/3401/4576 2827/3402/4574
f 2811/3392/4575 2812/2586/4058 2825/3000/4059 2826/3401/4576
s 108
f 2831/3405/4577 2832/2729/4126 2836/2727/4128 2835/3407/4578
f 2829/2503/3833 2830/3403/4579 2834/3406/4580 2833/2480/3834
f 2830/3403/4579 2831/3404/4577 2835/3408/4578 2834/3406/4580
s 72
f 2817/3002/4125 2818/3397/4581 2835/3407/4582 2836/2727/4124
f 2818/3396/4581 2819/3398/4583 2834/3406/4584 2835/3408/4582
f 2819/3398/4583 2820/2465/3811 2833/2480/3812 2834/3406/4584
s 108
f 2839/3411/4585 2840/2485/3852 2844/2470/3856 2843/3413/4586
f 2837/2505/3838 2838/3409/4587 2842/3412/4588 2841/2481/3839
f 2838/3409/4587 2839/3410/4585 2843/3414/4586 2842/3412/4588
s 107
f 2847/3417/4589 2848/2482/3842 2852/2468/3846 2851/3420/4590
f 2845/2496/3848 2846/3415/4591 2850/3419/4592 2849/2484/3849
f 2846/3416/4591 2847/3417/4589 2851/3420/4590 2850/3418/4592
s 72
f 2841/2481/3813 2842/3412/4593 2851/3420/4594 2852/2468/3814
f 2842/3412/4593 2843/3414/4595 2850/3418/4596 2851/3420/4594
f 2843/3413/4595 2844/2470/3816 2849/2484/3815 2850/3419/4596
s 107
f 2855/3422/4597 2856/2800/4162 2860/2798/4164 2859/3424/4598
f 2853/2491/3858 2854/3421/4599 2858/3423/4600 2857/2487/3859
f 2854/3421/4599 2855/3422/4597 2859/3424/4598 2858/3423/4600
s 108
f 2863/3426/4601 2864/2488/3862 2868/2472/3866 2867/3428/4602
f 2861/2796/4158 2862/3425/4603 2866/3427/4604 2865/3004/4262
f 2862/3425/4603 2863/3426/4601 2867/3428/4602 2866/3427/4604
s 72
f 2857/2487/3817 2858/3423/4605 2867/3428/4606 2868/2472/3818
f 2858/3423/4605 2859/3424/4607 2866/3427/4608 2867/3428/4606
f 2859/3424/4607 2860/2798/4160 2865/3004/4161 2866/3427/4608
s 107
f 2808/2588/4060 2807/3390/4561 2871/3430/4609 2872/2591/4063
f 2807/3390/4561 2806/3389/4563 2870/3429/4610 2871/3430/4609
f 2806/3389/4563 2805/2934/4222 2869/2932/4223 2870/3429/4610
s 115
f 2792/2930/4220 2791/3380/4611 2875/3432/4612 2876/2931/4221
f 2791/3380/4611 2790/3379/4613 2874/3431/4614 2875/3432/4612
f 2790/3379/4613 2789/2594/4064 2873/2592/4065 2874/3431/4614
f 2804/2477/3868 2803/3388/4615 2879/3434/4616 2880/2490/3869
f 2803/3388/4615 2802/3387/4617 2878/3433/4618 2879/3434/4616
f 2802/3387/4617 2801/2806/4166 2877/2805/4167 2878/3433/4618
s 107
f 2856/2800/4162 2855/3422/4597 2883/3436/4619 2884/2803/4165
f 2855/3422/4597 2854/3421/4599 2882/3435/4620 2883/3436/4619
f 2854/3421/4599 2853/2491/3858 2881/2457/3872 2882/3435/4620
f 2816/2478/3827 2815/3395/4565 2887/3439/4621 2888/2492/3873
f 2815/3395/4565 2814/3394/4567 2886/3437/4622 2887/3439/4621
f 2814/3393/4567 2813/2725/4122 2885/2723/4123 2886/3438/4622
s 115
f 2796/2719/4120 2795/3383/4623 2891/3441/4624 2892/2722/4121
f 2795/3382/4623 2794/3381/4625 2890/3440/4626 2891/3442/4624
f 2794/3381/4625 2793/2493/3875 2889/2458/3878 2890/3440/4626
s 107
f 2848/2482/3842 2847/3417/4589 2895/3445/4627 2896/2494/3879
f 2847/3417/4589 2846/3416/4591 2894/3443/4628 2895/3445/4627
f 2846/3415/4591 2845/2496/3848 2893/2460/3886 2894/3444/4628
s 115
f 2800/2476/3888 2799/3386/4629 2899/3447/4630 2900/2498/3889
f 2799/3385/4629 2798/3384/4631 2898/3446/4632 2899/3448/4630
f 2798/3384/4631 2797/2495/3881 2897/2459/3884 2898/3446/4632
s 119
f 2904/2578/4054 2903/3450/4633 2907/3452/4634 2908/2581/4055
f 2903/3450/4633 2902/3449/4635 2906/3451/4636 2907/3452/4634
f 2902/3449/4635 2901/2944/4230 2905/2942/4231 2906/3451/4636
s 108
f 2824/2938/4226 2823/3400/4569 2911/3454/4637 2912/2941/4229
f 2823/3400/4569 2822/3399/4571 2910/3453/4638 2911/3454/4637
f 2822/3399/4571 2821/2584/4056 2909/2582/4057 2910/3453/4638
f 2864/2488/3862 2863/3426/4601 2915/3456/4639 2916/2499/3891
f 2863/3426/4601 2862/3425/4603 2914/3455/4640 2915/3456/4639
f 2862/3425/4603 2861/2796/4158 2913/2795/4159 2914/3455/4640
s 119
f 2920/2791/4156 2919/3458/4641 2923/3460/4642 2924/2793/4157
f 2919/3458/4641 2918/3457/4643 2922/3459/4644 2923/3460/4642
f 2918/3457/4643 2917/2500/3893 2921/2461/3896 2922/3459/4644
f 2928/2508/3898 2927/3463/4645 2931/3466/4646 2932/2502/3899
f 2927/3463/4645 2926/3461/4647 2930/3464/4648 2931/3466/4646
f 2926/3462/4647 2925/2735/4130 2929/2733/4131 2930/3465/4648
s 108
f 2832/2729/4126 2831/3405/4577 2935/3468/4649 2936/2732/4129
f 2831/3404/4577 2830/3403/4579 2934/3467/4650 2935/3469/4649
f 2830/3403/4579 2829/2503/3833 2933/2462/3902 2934/3467/4650
s 119
f 2940/2509/3904 2939/3472/4651 2943/3475/4652 2944/2504/3905
f 2939/3472/4651 2938/3470/4653 2942/3473/4654 2943/3475/4652
f 2938/3471/4653 2937/2506/3909 2941/2464/3912 2942/3474/4654
s 108
f 2840/2485/3852 2839/3411/4585 2947/3477/4655 2948/2507/3913
f 2839/3410/4585 2838/3409/4587 2946/3476/4656 2947/3478/4655
f 2838/3409/4587 2837/2505/3838 2945/2463/3908 2946/3476/4656
s 48
f 2952/2993/4255 2951/3480/4657 2955/3482/4658 2956/2996/4256
f 2951/3480/4657 2950/3479/4659 2954/3481/4660 2955/3482/4658
f 2950/3479/4659 2949/2514/3931 2953/2515/3930 2954/3481/4660
f 2956/2996/4256 2955/3482/4658 2959/3484/3332 2960/2998/3331
f 2955/3482/4658 2954/3481/4660 2958/3483/3335 2959/3484/3332
f 2954/3481/4660 2953/2515/3930 2957/2513/3337 2958/3483/3335
f 2917/2500/3925 2918/3457/4661 2963/3486/3336 2964/2512/3338
f 2918/3457/4661 2919/3458/4662 2962/3485/3333 2963/3486/3336
f 2919/3458/4662 2920/2791/4155 2961/2790/3334 2962/3485/3333
f 2967/3488/4663 2968/2947/4234 2972/2946/4233 2971/3490/4664
f 2965/2574/4051 2966/3487/4665 2970/3489/4666 2969/2576/4052
f 2966/3487/4665 2967/3488/4663 2971/3490/4664 2970/3489/4666
f 2901/2944/4232 2902/3449/4667 2971/3490/4664 2972/2946/4233
f 2902/3449/4667 2903/3450/4668 2970/3489/4666 2971/3490/4664
f 2903/3450/4668 2904/2578/4053 2969/2576/4052 2970/3489/4666
f 2968/2947/4234 2967/3488/4663 2975/3492/3340 2976/2949/3339
f 2967/3488/4663 2966/3487/4665 2974/3491/3343 2975/3492/3340
f 2966/3487/4665 2965/2574/4051 2973/2572/3345 2974/3491/3343
f 2983/3497/3348 2984/2517/3347 2992/2518/3934 2991/3503/4669
f 2981/2739/3353 2982/3496/3351 2990/3502/4670 2989/2741/4133
f 2982/3495/3351 2983/3497/3348 2991/3503/4669 2990/3501/4670
f 2925/2735/4132 2926/3462/4671 2987/3499/3352 2988/2737/3354
f 2926/3461/4671 2927/3463/4672 2986/3498/3349 2987/3500/3352
f 2927/3463/4672 2928/2508/3915 2985/2516/3350 2986/3498/3349
f 2991/3503/4669 2992/2518/3934 2996/2529/3936 2995/3506/4673
f 2989/2741/4133 2990/3502/4670 2994/3505/4674 2993/2743/4134
f 2990/3501/4670 2991/3503/4669 2995/3506/4673 2994/3504/4674
f 2999/3509/3356 3000/2520/3355 3008/2521/3939 3007/3515/4675
f 2997/2522/3361 2998/3508/3359 3006/3514/4676 3005/2523/3943
f 2998/3507/3359 2999/3509/3356 3007/3515/4675 3006/3513/4676
f 2937/2506/3922 2938/3471/4677 3003/3511/3360 3004/2511/3362
f 2938/3470/4677 2939/3472/4678 3002/3510/3357 3003/3512/3360
f 2939/3472/4678 2940/2509/3919 3001/2519/3358 3002/3510/3357
f 3007/3515/4675 3008/2521/3939 3012/2530/3941 3011/3518/4679
f 3005/2523/3943 3006/3514/4676 3010/3517/4680 3009/2524/3945
f 3006/3513/4676 3007/3515/4675 3011/3518/4679 3010/3516/4680
f 2993/2743/4134 2994/3505/4674 3047/3539/3400 3048/2745/3399
f 2994/3504/4674 2995/3506/4673 3046/3538/3403 3047/3540/3400
f 2995/3506/4673 2996/2529/3936 3045/2538/3405 3046/3538/3403
f 3051/3543/3404 3052/2539/3406 3056/2537/3968 3055/3546/4681
f 3049/2747/3402 3050/3542/3401 3054/3545/4682 3053/2749/4135
f 3050/3541/3401 3051/3543/3404 3055/3546/4681 3054/3544/4682
f 3055/3546/4681 3056/2537/3968 3060/2533/3959 3059/3549/4683
f 3053/2749/4135 3054/3545/4682 3058/3548/4684 3057/2751/4136
f 3054/3544/4682 3055/3546/4681 3059/3549/4683 3058/3547/4684
f 3033/2526/3384 3034/3530/3383 3059/3549/4683 3060/2533/3959
f 3034/3530/3383 3035/3532/3386 3058/3547/4684 3059/3549/4683
f 3035/3531/3386 3036/2753/3389 3057/2751/4136 3058/3548/4684
f 3063/3551/4685 3064/2781/4154 3068/2779/4153 3067/3553/4686
f 3061/2957/4235 3062/3550/4687 3066/3552/4688 3065/2959/4236
f 3062/3550/4687 3063/3551/4685 3067/3553/4686 3066/3552/4688
f 3017/2777/3366 3018/3521/3365 3067/3553/4686 3068/2779/4153
f 3018/3521/3365 3019/3522/3369 3066/3552/4688 3067/3553/4686
f 3019/3522/3369 3020/2962/3371 3065/2959/4236 3066/3552/4688
f 3064/2781/4154 3063/3551/4685 3071/3555/3408 3072/2783/3407
f 3063/3551/4685 3062/3550/4687 3070/3554/3411 3071/3555/3408
f 3062/3550/4687 3061/2957/4235 3069/2955/3413 3070/3554/3411
f 2977/2951/3342 2978/3493/3341 3075/3557/3412 3076/2954/3414
f 2978/3493/3341 2979/3494/3344 3074/3556/3409 3075/3557/3412
f 2979/3494/3344 2980/2787/3346 3073/2785/3410 3074/3556/3409
f 3009/2524/3945 3010/3517/4680 3079/3559/3416 3080/2531/3415
f 3010/3516/4680 3011/3518/4679 3078/3558/3419 3079/3560/3416
f 3011/3518/4679 3012/2530/3941 3077/2541/3421 3078/3558/3419
f 3083/3563/3420 3084/2542/3422 3088/2540/3971 3087/3566/4689
f 3081/2544/3418 3082/3562/3417 3086/3565/4690 3085/2545/3973
f 3082/3561/3417 3083/3563/3420 3087/3566/4689 3086/3564/4690
f 3087/3566/4689 3088/2540/3971 3092/2534/3961 3091/3569/4691
f 3085/2545/3973 3086/3565/4690 3090/3568/4692 3089/2543/3964
f 3086/3564/4690 3087/3566/4689 3091/3569/4691 3090/3567/4692
f 3041/2528/3393 3042/3535/3392 3091/3569/4691 3092/2534/3961
f 3042/3535/3392 3043/3537/3396 3090/3567/4692 3091/3569/4691
f 3043/3536/3396 3044/2535/3398 3089/2543/3964 3090/3568/4692
f 2949/2514/3931 2950/3479/4659 3095/3571/3424 3096/2532/3423
f 2950/3479/4659 2951/3480/4657 3094/3570/3427 3095/3571/3424
f 2951/3480/4657 2952/2993/4255 3093/2992/3429 3094/3570/3427
f 3099/3573/3428 3100/2990/3430 3104/2988/4254 3103/3575/4693
f 3097/2548/3426 3098/3572/3425 3102/3574/4694 3101/2547/3977
f 3098/3572/3425 3099/3573/3428 3103/3575/4693 3102/3574/4694
f 3103/3575/4693 3104/2988/4254 3108/2985/4253 3107/3577/4695
f 3101/2547/3977 3102/3574/4694 3106/3576/4696 3105/2546/3966
f 3102/3574/4694 3103/3575/4693 3107/3577/4695 3106/3576/4696
f 3025/2983/3375 3026/3525/3374 3107/3577/4695 3108/2985/4253
f 3026/3525/3374 3027/3526/3377 3106/3576/4696 3107/3577/4695
f 3027/3526/3377 3028/2536/3380 3105/2546/3966 3106/3576/4696
s 127
f 3111/2768/4146 3110/3579/4697 3115/3581/4698 3116/2766/4145
s 124
f 3110/3579/4699 3109/3578/4700 3114/3580/4701 3115/3581/4702
f 3109/3578/4700 3112/3038/4244 3113/2970/4243 3114/3580/4701
f 3117/2555/3990 3120/3584/4703 3123/3588/4704 3124/2553/3987
s 125
f 3120/3584/4705 3119/3583/4706 3122/3587/4707 3123/3588/4708
f 3119/3582/4706 3118/3039/4144 3121/2763/4143 3122/3586/4707
f 3128/2556/3992 3127/3591/4709 3131/3594/4710 3132/2557/3993
f 3127/3591/4709 3126/3590/4711 3130/3593/4712 3131/3594/4710
s 126
f 3126/3589/4713 3125/3040/3997 3129/2569/3996 3130/3592/4714
f 3136/2975/4246 3135/3596/4715 3139/3598/4716 3140/2973/4245
f 3135/3596/4715 3134/3595/4717 3138/3597/4718 3139/3598/4716
s 127
f 3134/3595/4719 3133/3041/4001 3137/2564/4000 3138/3597/4720
s 128
f 3013/2963/4237 3014/3519/4721 3143/3600/4722 3144/2965/4238
f 3014/3519/4721 3015/3520/4723 3142/3599/4724 3143/3600/4722
f 3015/3520/4723 3016/2775/4152 3141/2773/4151 3142/3599/4724
f 3021/2525/4005 3022/3523/4725 3147/3602/4726 3148/2558/4006
f 3022/3523/4725 3023/3524/4727 3146/3601/4728 3147/3602/4726
f 3023/3524/4727 3024/2982/4252 3145/2980/4251 3146/3601/4728
f 3029/2755/4137 3030/3528/4729 3151/3606/4730 3152/2757/4138
f 3030/3527/4729 3031/3529/4731 3150/3604/4732 3151/3607/4730
f 3031/3529/4731 3032/2560/4010 3149/3042/4009 3150/3604/4732
f 3037/2527/4015 3038/3645/4733 3155/3610/4734 3156/2562/4016
f 3038/3533/4733 3039/3534/4735 3154/3608/4736 3155/3609/4734
f 3039/3534/4735 3040/2561/4014 3153/2571/4013 3154/3608/4736
s 133
f 3116/2766/4147 3115/3581/4737 3159/3612/4738 3160/2770/4148
f 3115/3581/4737 3114/3580/4739 3158/3611/4740 3159/3612/4738
f 3114/3580/4739 3113/2970/4241 3157/2968/4242 3158/3611/4740
s 132
f 3144/2965/4239 3143/3600/4741 3163/3614/4742 3164/2967/4240
f 3143/3600/4741 3142/3599/4743 3162/3613/4744 3163/3614/4742
f 3142/3599/4743 3141/2773/4149 3161/2771/4150 3162/3613/4744
f 3148/2558/4020 3147/3602/4745 3167/3616/4746 3168/2563/4021
f 3147/3602/4745 3146/3601/4747 3166/3615/4748 3167/3616/4746
f 3146/3601/4747 3145/2980/4249 3165/2978/4250 3166/3615/4748
s 133
f 3140/2973/4247 3139/3598/4749 3171/3618/4750 3172/2977/4248
f 3139/3598/4749 3138/3597/4751 3170/3617/4752 3171/3618/4750
f 3138/3597/4751 3137/2564/4023 3169/2549/4026 3170/3617/4752
f 3124/2553/4028 3123/3588/4753 3175/3621/4754 3176/2565/4029
f 3123/3588/4753 3122/3587/4755 3174/3619/4756 3175/3621/4754
f 3122/3586/4755 3121/2763/4141 3173/2761/4142 3174/3620/4756
s 132
f 3152/2757/4139 3151/3606/4757 3179/3623/4758 3180/2760/4140
f 3151/3605/4757 3150/3603/4759 3178/3622/4760 3179/3624/4758
f 3150/3603/4759 3149/2566/4031 3177/2550/4034 3178/3622/4760
f 3156/3043/4036 3155/3647/4761 3183/3626/4762 3184/2568/4037
f 3155/3609/4761 3154/3608/4763 3182/3625/4764 3183/3648/4762
f 3154/3608/4763 3153/2571/4047 3181/2552/4050 3182/3625/4764
s 133
f 3132/2557/4044 3131/3594/4765 3187/3628/4766 3188/2570/4045
f 3131/3594/4765 3130/3593/4767 3186/3627/4768 3187/3628/4766
f 3130/3592/4767 3129/2569/4039 3185/2551/4042 3186/3646/4768
g default
v -85.808396 -96.484427 -897.288616
v -92.278648 -96.701917 -896.843077
v -98.637745 -96.915680 -895.676029
v -79.327034 -96.266554 -897.005653
v -89.038621 -99.054260 -889.239728
v -98.555095 -99.374150 -895.676029
v -92.196014 -99.160387 -896.843077
v -85.725754 -98.942878 -897.288616
v -79.244391 -98.725043 -897.005653
v -92.278648 -96.701917 -829.284020
v -85.808396 -96.484427 -828.838018
v -79.327034 -96.266554 -829.120981
v -98.637745 -96.915680 -830.450720
v -85.725754 -98.942878 -828.838018
v -92.196014 -99.160387 -829.284020
v -98.555095 -99.374150 -830.450720
v -89.038621 -99.054260 -836.886906
v -79.244391 -98.725043 -829.120981
v -108.073488 -99.694132 -835.433082
v -105.218252 -99.598134 -832.069433
v -107.277598 -99.667388 -833.313521
v -108.156131 -97.235644 -835.433082
v -107.360257 -97.208890 -833.313521
v -105.300894 -97.139683 -832.069433
v -46.034821 -97.608655 -832.448739
v -42.904787 -97.503438 -835.607101
v -43.801650 -97.533587 -833.487540
v -46.117464 -95.150186 -832.448739
v -43.884257 -95.075125 -833.487540
v -42.987428 -95.044978 -835.607101
v -107.360257 -97.208890 -892.813114
v -108.156131 -97.235644 -890.693553
v -105.300910 -97.139683 -894.057837
v -108.073488 -99.694132 -890.693553
v -107.277598 -99.667388 -892.813114
v -105.218268 -99.598134 -894.057837
v -46.117464 -95.150186 -893.678011
v -42.987428 -95.044978 -890.519533
v -43.884257 -95.075125 -892.639094
v -46.034821 -97.608655 -893.678011
v -43.801650 -97.533587 -892.639094
v -42.904787 -97.503438 -890.519533
v -79.325140 -94.547619 -897.005653
v -85.806517 -94.765492 -897.288616
v -92.276755 -94.982954 -896.843077
v -98.635860 -95.196717 -895.676029
v -98.635860 -95.196717 -830.450720
v -92.276755 -94.982954 -829.284020
v -85.806517 -94.765492 -828.838018
v -79.325140 -94.547619 -829.120981
v -108.154237 -95.516699 -890.693553
v -107.358317 -95.489925 -892.813114
v -108.154237 -95.516699 -835.433082
v -107.358317 -95.489925 -833.313521
v -105.299009 -95.420719 -832.069433
v -105.299024 -95.420720 -894.057837
v -46.115570 -93.431222 -893.678011
v -46.115570 -93.431222 -832.448739
v -43.882391 -93.356162 -833.487540
v -42.985535 -93.326014 -835.607101
v -42.985535 -93.326014 -890.519533
v -43.882391 -93.356162 -892.639094
v -79.375288 -91.860555 -897.486273
v -85.948477 -92.081468 -897.773455
v -92.510393 -92.302040 -897.321385
v -98.959490 -92.518837 -896.137751
v -98.959490 -92.518837 -829.988999
v -92.510393 -92.302040 -828.805596
v -85.948477 -92.081468 -828.353468
v -79.375288 -91.860555 -828.640650
v -108.612638 -92.843378 -891.084765
v -107.805445 -92.816234 -893.234321
v -108.612638 -92.843378 -835.041870
v -107.805445 -92.816234 -832.892313
v -105.717019 -92.746060 -831.630540
v -105.717019 -92.746060 -894.496730
v -45.695575 -90.728355 -894.111470
v -45.695575 -90.728355 -832.015279
v -43.430744 -90.652269 -833.068818
v -42.521257 -90.621696 -835.218374
v -42.521257 -90.621696 -890.908491
v -43.430744 -90.652269 -893.057990
v -79.373593 -90.300204 -897.486273
v -85.946751 -90.521116 -897.773455
v -92.508674 -90.741687 -897.321385
v -98.957780 -90.958486 -896.137751
v -98.957780 -90.958486 -829.988999
v -92.508674 -90.741687 -828.805596
v -85.946751 -90.521116 -828.353468
v -79.373593 -90.300204 -828.640650
v -108.610927 -91.283026 -891.084765
v -107.803727 -91.255882 -893.234321
v -108.610927 -91.283026 -835.041870
v -107.803727 -91.255882 -832.892313
v -105.715278 -91.185697 -831.630540
v -105.715293 -91.185698 -894.496730
v -45.693857 -89.167993 -894.111470
v -45.693857 -89.167993 -832.015279
v -43.429030 -89.091917 -833.068818
v -42.519508 -89.061324 -835.218374
v -42.519508 -89.061324 -890.908491
v -43.429030 -89.091917 -893.057990
v -78.604349 -85.989672 -890.575767
v -86.543200 -86.256529 -884.281005
v -83.857896 -86.166299 -890.805154
v -89.102463 -86.342560 -890.443880
v -94.256905 -86.515828 -889.497955
v -94.256905 -86.515828 -836.628853
v -86.543200 -86.256529 -841.845918
v -89.102463 -86.342560 -835.683043
v -83.857896 -86.166299 -835.321654
v -78.604349 -85.989672 -835.551040
v -101.972123 -86.775215 -885.459380
v -101.327002 -86.753510 -887.177384
v -101.972123 -86.775215 -840.667312
v -101.327002 -86.753510 -838.949308
v -99.657807 -86.697437 -837.940676
v -99.657822 -86.697438 -888.186363
v -51.685953 -85.084811 -887.878375
v -51.685953 -85.084811 -838.248375
v -49.875796 -85.023962 -839.090500
v -49.148869 -84.999536 -840.808504
v -49.148869 -84.999536 -885.318419
v -49.875796 -85.023962 -887.036423
v -85.606891 -96.477653 -896.616926
v -79.252727 -96.264056 -896.339396
v -85.606177 -94.758758 -896.616926
v -79.251998 -94.545160 -896.339396
v -91.950140 -96.690874 -896.180057
v -91.949412 -94.971950 -896.180057
v -98.184410 -96.900441 -895.035896
v -98.183705 -95.181536 -895.035896
v -91.950140 -96.690874 -829.947040
v -98.184410 -96.900441 -831.090969
v -91.949412 -94.971950 -829.947040
v -98.183705 -95.181536 -831.090969
v -85.606891 -96.477653 -829.509823
v -85.606177 -94.758758 -829.509823
v -79.252727 -96.264056 -829.787238
v -79.251998 -94.545160 -829.787238
v -107.515957 -97.214124 -890.151208
v -106.735706 -97.187914 -892.229156
v -107.515244 -95.495219 -890.151208
v -106.734939 -95.468979 -892.229156
v -107.515957 -97.214124 -835.975427
v -107.515244 -95.495219 -835.975427
v -106.735706 -97.187914 -833.897478
v -106.734939 -95.468979 -833.897478
v -104.716780 -97.120048 -832.677722
v -104.716052 -95.401123 -832.677722
v -104.716795 -97.120048 -893.449433
v -104.716068 -95.401124 -893.449433
v -46.695033 -95.169601 -893.077062
v -46.694312 -93.450686 -893.077062
v -46.695033 -95.169601 -833.049688
v -46.694312 -93.450686 -833.049688
v -44.505664 -95.096033 -834.068088
v -44.504960 -93.377099 -834.068088
v -43.626432 -95.066477 -836.146036
v -43.625712 -93.347543 -836.146036
v -43.626432 -95.066477 -889.980598
v -43.625712 -93.347543 -889.980598
v -44.505664 -95.096033 -892.058547
v -44.504960 -93.377099 -892.058547
v -79.302100 -88.718870 -896.855734
v -79.370949 -87.006199 -894.919266
v -85.753541 -88.924724 -897.133206
v -85.574048 -87.223835 -895.185179
v -92.191779 -89.127937 -896.684257
v -91.718321 -87.441577 -894.761949
v -98.518998 -89.333333 -895.519868
v -97.805497 -87.653861 -893.650211
v -98.517199 -89.326691 -830.609424
v -97.807128 -87.655324 -832.470065
v -92.191779 -89.127937 -829.442724
v -91.719980 -87.444046 -831.353877
v -85.753541 -88.924714 -828.993775
v -85.574098 -87.226052 -830.931803
v -79.301939 -88.715090 -829.272634
v -79.370578 -87.007060 -831.203727
v -108.016894 -89.717935 -890.582471
v -106.259834 -87.940797 -889.094201
v -107.196574 -89.616733 -892.667702
v -105.589094 -87.937572 -891.165099
v -108.016894 -89.717935 -835.544163
v -106.099950 -87.897342 -837.167961
v -107.196574 -89.616733 -833.458932
v -105.589079 -87.937553 -834.961651
v -105.149496 -89.554116 -832.218370
v -103.673142 -87.880828 -833.755650
v -105.149496 -89.554107 -893.908727
v -103.605295 -87.860822 -892.300648
v -46.230104 -87.633668 -893.552423
v -47.756111 -85.988974 -891.964341
v -46.230104 -87.633668 -832.574443
v -47.857924 -85.965544 -834.268346
v -44.020014 -87.521866 -833.622028
v -45.671868 -85.913043 -835.165550
v -43.088288 -87.592490 -835.698995
v -44.874953 -85.874584 -837.206164
v -43.088292 -87.592490 -890.427813
v -45.051128 -85.838510 -888.772112
v -44.020018 -87.521867 -892.504721
v -45.671876 -85.913043 -890.961200
vt 0.386382 0.560963
vt 0.680893 0.817053
vt 0.670925 0.714365
vt 0.347907 0.817866
vt 0.431845 0.786797
vt 0.415207 0.597855
vt 0.596907 0.783506
vt 0.643867 0.561938
vt 0.614648 0.598540
vt 0.346934 0.785181
vt 0.351984 0.752394
vt 0.386243 0.609597
vt 0.385043 0.585287
vt 0.676437 0.750608
vt 0.681826 0.783739
vt 0.644971 0.586247
vt 0.691014 0.783790
vt 0.643589 0.610482
vt 0.685176 0.748042
vt 0.646591 0.683655
vt 0.663681 0.719320
vt 0.689815 0.819615
vt 0.407742 0.669373
vt 0.620696 0.678778
vt 0.389873 0.633524
vt 0.621812 0.979187
vt 0.408473 0.968916
vt 0.621419 0.669851
vt 0.641194 0.691223
vt 0.647522 0.959523
vt 0.619784 0.970320
vt 0.407806 0.678559
vt 0.395307 0.658591
vt 0.386605 0.951662
vt 0.407856 0.977991
vt 0.364253 0.721152
vt 0.385695 0.691952
vt 0.639856 0.634261
vt 0.634125 0.659195
vt 0.640476 0.954104
vt 0.619428 0.425545
vt 0.631309 0.437338
vt 0.378728 0.956227
vt 0.412064 0.424686
vt 0.629524 0.666891
vt 0.634109 0.675319
vt 0.631317 0.683725
vt 0.627425 0.428943
vt 0.635175 0.971167
vt 0.630520 0.963689
vt 0.396063 0.683133
vt 0.388155 0.677953
vt 0.397674 0.671582
vt 0.396512 0.962855
vt 0.397267 0.974729
vt 0.386543 0.965983
vt 0.358876 0.815596
vt 0.358312 0.785687
vt 0.362922 0.755762
vt 0.373545 0.727365
vt 0.654597 0.726035
vt 0.665555 0.754199
vt 0.670424 0.784302
vt 0.669874 0.814670
vt 0.400684 0.694691
vt 0.409509 0.689169
vt 0.618677 0.689242
vt 0.627025 0.694687
vt 0.635513 0.700815
vt 0.392037 0.701116
vt 0.394944 0.944849
vt 0.632469 0.947024
vt 0.624308 0.953927
vt 0.616479 0.960230
vt 0.411373 0.958460
vt 0.403281 0.952083
vt 0.368807 0.813914
vt 0.368405 0.785933
vt 0.372585 0.758173
vt 0.381850 0.732056
vt 0.646299 0.730994
vt 0.655885 0.756729
vt 0.660246 0.784551
vt 0.659856 0.812894
vt 0.404108 0.702654
vt 0.411262 0.698142
vt 0.616881 0.698306
vt 0.623880 0.702547
vt 0.630776 0.708109
vt 0.397210 0.708531
vt 0.401702 0.938825
vt 0.625825 0.941130
vt 0.619633 0.946964
vt 0.613301 0.951829
vt 0.414497 0.949490
vt 0.408039 0.944788
vt 0.350407 0.817805
vt 0.349398 0.786157
vt 0.355767 0.786526
vt 0.356628 0.816648
vt 0.354174 0.754272
vt 0.360187 0.756206
vt 0.365692 0.723908
vt 0.370719 0.727315
vt 0.662326 0.722179
vt 0.674281 0.752549
vt 0.668290 0.754602
vt 0.657402 0.725882
vt 0.679365 0.784750
vt 0.672975 0.785144
vt 0.678385 0.816976
vt 0.672120 0.815767
vt 0.397558 0.686100
vt 0.410006 0.680876
vt 0.411050 0.686925
vt 0.399725 0.692020
vt 0.618413 0.681052
vt 0.617190 0.687029
vt 0.629986 0.686450
vt 0.627925 0.692060
vt 0.640791 0.694698
vt 0.637818 0.699869
vt 0.386326 0.695310
vt 0.389669 0.700305
vt 0.387980 0.948406
vt 0.392689 0.944556
vt 0.639205 0.950702
vt 0.634681 0.946735
vt 0.629005 0.961070
vt 0.625782 0.956145
vt 0.617263 0.968082
vt 0.615260 0.962357
vt 0.410872 0.966644
vt 0.412662 0.960693
vt 0.398200 0.959779
vt 0.401744 0.954477
vt 0.374190 0.786476
vt 0.381212 0.812820
vt 0.378049 0.759948
vt 0.380555 0.787763
vt 0.386545 0.735112
vt 0.384012 0.762708
vt 0.650419 0.758521
vt 0.636465 0.738281
vt 0.654445 0.785066
vt 0.644472 0.761275
vt 0.653982 0.812049
vt 0.648070 0.786311
vt 0.412436 0.703465
vt 0.408832 0.712052
vt 0.615682 0.703590
vt 0.414824 0.709233
vt 0.621978 0.706883
vt 0.613330 0.709312
vt 0.627792 0.712232
vt 0.619343 0.712008
vt 0.641636 0.734097
vt 0.624586 0.717382
vt 0.400306 0.712589
vt 0.391767 0.739263
vt 0.406195 0.706902
vt 0.403512 0.717736
vt 0.374645 0.813129
vt 0.409979 0.930783
vt 0.621842 0.937734
vt 0.647384 0.811680
vt 0.617004 0.943200
vt 0.617689 0.933161
vt 0.611538 0.946739
vt 0.613862 0.938591
vt 0.416236 0.944226
vt 0.608772 0.941466
vt 0.410578 0.940782
vt 0.418956 0.938817
vt 0.405783 0.935404
vt 0.413826 0.936107
vt 0.390282 0.789047
vt 0.409186 0.814441
vt 0.393169 0.766021
vt 0.407377 0.795874
vt 0.399943 0.744322
vt 0.409115 0.776969
vt 0.635397 0.764530
vt 0.614188 0.757600
vt 0.638478 0.787527
vt 0.619518 0.775086
vt 0.637320 0.810869
vt 0.621297 0.794020
vt 0.419888 0.717908
vt 0.425308 0.735574
vt 0.607895 0.718348
vt 0.431470 0.733341
vt 0.614811 0.719559
vt 0.596668 0.732854
vt 0.619654 0.724958
vt 0.602928 0.735024
vt 0.628244 0.743257
vt 0.607025 0.740509
vt 0.408653 0.725601
vt 0.414204 0.758990
vt 0.413291 0.719684
vt 0.421008 0.740909
vt 0.391276 0.812120
vt 0.428236 0.906426
vt 0.611347 0.924926
vt 0.619362 0.813024
vt 0.608510 0.931165
vt 0.599568 0.909186
vt 0.602921 0.932972
vt 0.596541 0.915345
vt 0.425302 0.929640
vt 0.590749 0.917728
vt 0.419250 0.928592
vt 0.437263 0.914827
vt 0.416129 0.922890
vt 0.431311 0.912398
vt 0.404067 0.428016
vt 0.400096 0.436378
vt 0.379225 0.686033
vt 0.399791 0.666351
vt 0.356337 0.716370
vt 0.339186 0.820392
vt 0.337777 0.785329
vt 0.343162 0.750109
vn -0.311512 -0.010472 0.950185
vn -0.311518 -0.010472 0.950182
vn -0.208934 -0.007023 0.977904
vn -0.208934 -0.007023 0.977905
vn -0.311530 -0.010473 -0.950179
vn -0.311523 -0.010473 -0.950181
vn -0.208921 -0.007023 -0.977907
vn -0.208922 -0.007023 -0.977907
vn 0.999312 0.033592 0.015732
vn 0.999312 0.033592 0.015732
vn 0.999312 0.033592 -0.015732
vn 0.999312 0.033592 -0.015732
vn -0.999339 -0.033593 -0.013877
vn -0.999339 -0.033593 -0.013878
vn -0.999339 -0.033593 0.013878
vn -0.999339 -0.033593 0.013877
vn 0.090493 0.003042 -0.995893
vn 0.090492 0.003042 -0.995892
vn 0.122138 0.004105 -0.992505
vn 0.122138 0.004106 -0.992505
vn 0.090495 0.003042 0.995892
vn 0.090496 0.003042 0.995892
vn 0.122138 0.004106 0.992505
vn 0.122138 0.004105 0.992505
vn -0.124575 -0.004188 -0.992201
vn -0.124575 -0.004188 -0.992201
vn -0.012538 -0.000421 -0.999921
vn -0.012535 -0.000421 -0.999921
vn -0.012574 -0.000423 0.999921
vn -0.012571 -0.000423 0.999921
vn -0.124584 -0.004188 0.992200
vn -0.124584 -0.004188 0.992200
vn -0.033597 0.999435 -0.000000
vn -0.032506 0.999399 -0.012002
vn -0.035270 0.990066 -0.136109
vn -0.050191 0.989823 -0.133161
vn -0.035707 0.999313 -0.009915
vn 0.033597 -0.999435 -0.000000
vn 0.033597 -0.999435 -0.000000
vn 0.033597 -0.999435 -0.000001
vn 0.033593 -0.999436 -0.000004
vn 0.033597 -0.999435 -0.000000
vn -0.033597 0.999435 0.000000
vn -0.035719 0.999312 0.009970
vn -0.050201 0.989807 0.133274
vn -0.035272 0.990052 0.136206
vn -0.032520 0.999401 0.011871
vn 0.033597 -0.999435 0.000000
vn 0.033597 -0.999435 0.000000
vn 0.033593 -0.999436 0.000004
vn 0.033597 -0.999435 0.000001
vn 0.033597 -0.999435 0.000000
vn -0.935583 -0.031453 0.351703
vn -0.935583 -0.031453 0.351702
vn -0.516577 -0.017366 0.856064
vn -0.516578 -0.017366 0.856064
vn 0.421334 0.014160 0.906795
vn 0.421334 0.014160 0.906795
vn 0.920352 0.030931 0.389867
vn 0.920352 0.030931 0.389867
vn -0.935583 -0.031453 -0.351702
vn -0.935583 -0.031453 -0.351702
vn -0.516774 -0.017373 -0.855946
vn -0.516774 -0.017373 -0.855946
vn 0.421372 0.014162 -0.906777
vn 0.421372 0.014162 -0.906777
vn 0.920352 0.030931 -0.389867
vn 0.920352 0.030931 -0.389867
vn -0.036207 0.999342 -0.002197
vn -0.067924 0.997690 -0.000429
vn -0.067906 0.997692 0.000421
vn -0.036183 0.999343 0.002199
vn -0.035453 0.999355 0.005685
vn -0.035436 0.999356 -0.005632
vn 0.033597 -0.999435 0.000000
vn 0.033597 -0.999435 0.000000
vn 0.033597 -0.999435 0.000000
vn 0.033597 -0.999435 0.000000
vn 0.033597 -0.999435 0.000000
vn 0.033597 -0.999435 0.000000
vn -0.032441 0.999428 -0.009540
vn -0.032456 0.999429 0.009414
vn -0.032594 0.999468 0.000988
vn -0.018628 0.999826 0.000213
vn -0.018638 0.999826 -0.000208
vn -0.032604 0.999468 -0.000991
vn 0.033597 -0.999435 0.000000
vn 0.033597 -0.999435 0.000000
vn 0.033597 -0.999435 0.000000
vn 0.033597 -0.999435 0.000000
vn 0.033597 -0.999435 0.000000
vn 0.033597 -0.999435 0.000000
vn 0.043636 -0.000018 -0.999047
vn 0.043636 -0.000018 -0.999048
vn 0.043636 -0.000018 -0.999047
vn 0.043636 -0.000018 -0.999048
vn -0.068710 0.000029 -0.997637
vn -0.068710 0.000029 -0.997637
vn -0.068710 0.000029 -0.997637
vn -0.068710 0.000029 -0.997637
vn -0.180515 0.000075 -0.983572
vn -0.180515 0.000075 -0.983572
vn -0.180515 0.000075 -0.983572
vn -0.180515 0.000075 -0.983572
vn -0.180480 0.000075 0.983579
vn -0.180480 0.000075 0.983579
vn -0.180480 0.000075 0.983579
vn -0.180480 0.000075 0.983579
vn -0.068765 0.000029 0.997633
vn -0.068765 0.000029 0.997633
vn -0.068765 0.000029 0.997633
vn -0.068765 0.000029 0.997633
vn 0.043618 -0.000018 0.999048
vn 0.043618 -0.000018 0.999048
vn 0.043618 -0.000018 0.999048
vn 0.043618 -0.000018 0.999048
vn -0.936176 0.000404 -0.351533
vn -0.936176 0.000404 -0.351533
vn -0.936176 0.000404 -0.351533
vn -0.936176 0.000404 -0.351533
vn -1.000000 0.000415 0.000000
vn -1.000000 0.000415 0.000000
vn -1.000000 0.000415 0.000000
vn -1.000000 0.000415 0.000000
vn -0.936176 0.000404 0.351533
vn -0.936176 0.000404 0.351533
vn -0.936176 0.000404 0.351533
vn -0.936176 0.000404 0.351533
vn -0.517121 0.000225 0.855912
vn -0.517121 0.000225 0.855912
vn -0.517121 0.000225 0.855912
vn -0.517121 0.000225 0.855912
vn -0.236046 0.000098 0.971742
vn -0.236046 0.000098 0.971742
vn -0.236046 0.000098 0.971742
vn -0.236046 0.000098 0.971742
vn -0.236005 0.000098 -0.971752
vn -0.236005 0.000098 -0.971752
vn -0.236005 0.000098 -0.971752
vn -0.236005 0.000098 -0.971752
vn -0.517286 0.000226 -0.855813
vn -0.517286 0.000226 -0.855813
vn -0.517286 0.000226 -0.855813
vn -0.517286 0.000226 -0.855813
vn 0.099704 -0.000042 -0.995017
vn 0.099704 -0.000042 -0.995017
vn 0.099704 -0.000042 -0.995017
vn 0.099704 -0.000042 -0.995017
vn 0.099707 -0.000042 0.995017
vn 0.099707 -0.000042 0.995017
vn 0.099707 -0.000042 0.995017
vn 0.099707 -0.000042 0.995017
vn 0.421767 -0.000175 0.906704
vn 0.421767 -0.000175 0.906704
vn 0.421767 -0.000175 0.906704
vn 0.421767 -0.000175 0.906704
vn 0.920952 -0.000382 0.389676
vn 0.920952 -0.000382 0.389676
vn 0.920952 -0.000382 0.389676
vn 0.920952 -0.000382 0.389676
vn 1.000000 -0.000419 0.000000
vn 1.000000 -0.000419 0.000000
vn 1.000000 -0.000419 0.000000
vn 1.000000 -0.000419 0.000000
vn 0.920952 -0.000382 -0.389676
vn 0.920952 -0.000382 -0.389676
vn 0.920952 -0.000382 -0.389676
vn 0.920952 -0.000382 -0.389676
vn 0.421807 -0.000175 -0.906686
vn 0.421807 -0.000175 -0.906686
vn 0.421807 -0.000175 -0.906686
vn 0.421807 -0.000175 -0.906686
vn 0.048829 -0.175013 -0.983355
vn 0.048829 -0.175013 -0.983355
vn 0.048829 -0.175013 -0.983355
vn 0.048829 -0.175013 -0.983355
vn -0.061543 -0.180539 -0.981641
vn -0.061543 -0.180539 -0.981641
vn -0.061543 -0.180539 -0.981641
vn -0.061543 -0.180539 -0.981641
vn -0.171214 -0.187475 -0.967233
vn -0.171214 -0.187475 -0.967233
vn -0.171214 -0.187475 -0.967233
vn -0.171214 -0.187475 -0.967233
vn -0.171170 -0.187492 0.967237
vn -0.171170 -0.187492 0.967237
vn -0.171170 -0.187492 0.967237
vn -0.171170 -0.187492 0.967237
vn -0.061584 -0.180511 0.981643
vn -0.061584 -0.180511 0.981643
vn -0.061584 -0.180511 0.981643
vn -0.061584 -0.180511 0.981643
vn 0.048827 -0.174910 0.983373
vn 0.048827 -0.174910 0.983373
vn 0.048827 -0.174910 0.983373
vn 0.048827 -0.174910 0.983373
vn -0.914921 -0.207544 -0.346187
vn -0.914921 -0.207544 -0.346187
vn -0.914921 -0.207544 -0.346187
vn -0.914921 -0.207544 -0.346187
vn -0.985615 -0.169006 0.000000
vn -0.985615 -0.169006 0.000000
vn -0.985615 -0.169006 0.000000
vn -0.985615 -0.169006 0.000000
vn -0.914921 -0.207543 0.346187
vn -0.914921 -0.207543 0.346187
vn -0.914921 -0.207543 0.346187
vn -0.914921 -0.207543 0.346187
vn -0.499609 -0.215733 0.838957
vn -0.499609 -0.215733 0.838957
vn -0.499609 -0.215733 0.838958
vn -0.499609 -0.215733 0.838957
vn -0.225573 -0.191964 0.955127
vn -0.225573 -0.191964 0.955127
vn -0.225573 -0.191964 0.955127
vn -0.225573 -0.191964 0.955127
vn -0.225503 -0.191957 -0.955145
vn -0.225503 -0.191957 -0.955145
vn -0.225503 -0.191957 -0.955145
vn -0.225503 -0.191957 -0.955145
vn -0.499798 -0.215744 -0.838842
vn -0.499798 -0.215744 -0.838842
vn -0.499798 -0.215744 -0.838842
vn -0.499798 -0.215744 -0.838842
vn 0.103959 -0.173227 -0.979380
vn 0.103959 -0.173227 -0.979380
vn 0.103959 -0.173227 -0.979380
vn 0.103959 -0.173227 -0.979380
vn 0.103958 -0.173176 0.979389
vn 0.103958 -0.173176 0.979389
vn 0.103958 -0.173176 0.979389
vn 0.103958 -0.173176 0.979389
vn 0.418356 -0.206841 0.884418
vn 0.418356 -0.206841 0.884418
vn 0.418356 -0.206841 0.884418
vn 0.418356 -0.206841 0.884418
vn 0.901637 -0.209214 0.378524
vn 0.901637 -0.209214 0.378524
vn 0.901637 -0.209214 0.378524
vn 0.901637 -0.209214 0.378524
vn 0.985581 -0.169205 0.000000
vn 0.985581 -0.169205 0.000000
vn 0.985581 -0.169205 0.000000
vn 0.985581 -0.169205 0.000000
vn 0.901630 -0.209242 -0.378525
vn 0.901630 -0.209242 -0.378525
vn 0.901630 -0.209242 -0.378525
vn 0.901630 -0.209242 -0.378525
vn 0.418362 -0.206869 -0.884408
vn 0.418362 -0.206869 -0.884408
vn 0.418362 -0.206869 -0.884408
vn 0.418362 -0.206869 -0.884408
vn 0.043650 -0.000048 -0.999047
vn 0.043650 -0.000048 -0.999047
vn -0.019169 0.198984 -0.979815
vn 0.082425 0.192543 -0.977821
vn -0.068733 0.000076 -0.997635
vn -0.068733 0.000076 -0.997635
vn -0.129055 0.206543 -0.969889
vn -0.180526 0.000198 -0.983570
vn -0.180526 0.000198 -0.983570
vn -0.211268 0.213183 -0.953897
vn -0.180492 0.000198 0.983576
vn -0.180492 0.000198 0.983576
vn -0.129070 0.206651 0.969864
vn -0.211282 0.213378 0.953850
vn -0.068741 0.000076 0.997635
vn -0.068741 0.000076 0.997635
vn -0.019160 0.199042 0.979804
vn 0.043650 -0.000048 0.999047
vn 0.043650 -0.000048 0.999047
vn 0.082415 0.192660 0.977799
vn -0.936174 0.001029 -0.351536
vn -0.936174 0.001029 -0.351536
vn -0.982085 0.187936 -0.013775
vn -0.912131 0.229510 -0.339622
vn -0.999999 0.001097 0.000000
vn -0.999999 0.001097 0.000000
vn -0.982085 0.187936 0.013775
vn -0.936174 0.001029 0.351536
vn -0.936174 0.001029 0.351536
vn -0.912130 0.229510 0.339622
vn -0.517132 0.000573 0.855906
vn -0.517132 0.000573 0.855906
vn -0.310934 0.224036 0.923649
vn -0.507783 0.241285 0.827006
vn -0.236064 0.000261 0.971737
vn -0.236064 0.000261 0.971737
vn -0.235993 0.000260 -0.971755
vn -0.235993 0.000260 -0.971755
vn -0.311006 0.223915 -0.923654
vn -0.517324 0.000570 -0.855790
vn -0.517324 0.000570 -0.855790
vn -0.507953 0.241314 -0.826893
vn 0.099707 -0.000109 -0.995017
vn 0.099707 -0.000109 -0.995017
vn 0.113606 0.195106 -0.974180
vn 0.099702 -0.000109 0.995017
vn 0.099702 -0.000109 0.995017
vn 0.113584 0.195216 0.974161
vn 0.421786 -0.000464 0.906695
vn 0.421786 -0.000464 0.906695
vn 0.404134 0.229726 0.885382
vn 0.920960 -0.001022 0.389655
vn 0.920960 -0.001022 0.389655
vn 0.982603 0.185037 0.015891
vn 0.895004 0.230361 0.381971
vn 0.999999 -0.001121 0.000000
vn 0.999999 -0.001121 0.000000
vn 0.982603 0.185037 -0.015891
vn 0.920956 -0.001021 -0.389665
vn 0.920956 -0.001021 -0.389665
vn 0.894999 0.230369 -0.381978
vn 0.421767 -0.000465 -0.906704
vn 0.421767 -0.000465 -0.906704
vn 0.404131 0.229721 -0.885385
vn -0.033596 0.999435 -0.000000
vn -0.033596 0.999435 -0.000000
vn -0.033596 0.999435 -0.000000
vn -0.033596 0.999435 -0.000000
vn 0.033596 -0.999435 0.000000
vn 0.033596 -0.999435 0.000000
vn 0.033596 -0.999435 0.000000
vn 0.033596 -0.999435 0.000000
vn -0.033595 0.999436 -0.000001
vn -0.033595 0.999436 -0.000001
vn -0.033595 0.999436 -0.000001
vn -0.033595 0.999436 -0.000001
vn 0.033591 -0.999436 0.000003
vn 0.033591 -0.999436 0.000003
vn 0.033591 -0.999436 0.000003
vn 0.033591 -0.999436 0.000003
vn -0.033596 0.999435 0.000000
vn -0.033596 0.999435 0.000000
vn -0.033596 0.999435 0.000000
vn -0.033596 0.999435 0.000000
vn 0.033595 -0.999435 -0.000014
vn 0.033595 -0.999436 -0.000014
vn 0.033595 -0.999435 -0.000014
vn 0.033595 -0.999435 -0.000014
vn -0.033596 0.999435 0.000000
vn -0.033596 0.999435 0.000000
vn -0.033596 0.999435 0.000000
vn -0.033596 0.999435 0.000000
vn 0.033595 -0.999435 0.000014
vn 0.033595 -0.999436 0.000014
vn 0.033595 -0.999435 0.000014
vn 0.033595 -0.999435 0.000014
vn -0.033595 0.999436 0.000001
vn -0.033595 0.999436 0.000001
vn -0.033595 0.999436 0.000001
vn -0.033595 0.999436 0.000001
vn 0.033591 -0.999436 -0.000002
vn 0.033591 -0.999436 -0.000002
vn 0.033591 -0.999436 -0.000002
vn 0.033591 -0.999436 -0.000002
vn -0.033596 0.999435 -0.000000
vn -0.033596 0.999435 -0.000000
vn -0.033596 0.999435 -0.000000
vn -0.033596 0.999435 -0.000000
vn 0.033596 -0.999435 0.000000
vn 0.033596 -0.999435 0.000000
vn 0.033596 -0.999435 0.000000
vn 0.033596 -0.999435 0.000000
vn -0.033582 0.999436 0.000001
vn -0.033582 0.999436 0.000001
vn -0.033582 0.999436 0.000001
vn -0.033582 0.999436 0.000001
vn 0.033595 -0.999435 -0.000007
vn 0.033595 -0.999435 -0.000007
vn 0.033595 -0.999435 -0.000007
vn 0.033595 -0.999435 -0.000007
vn -0.033596 0.999435 0.000000
vn -0.033596 0.999435 0.000000
vn -0.033596 0.999435 0.000000
vn -0.033596 0.999435 0.000000
vn 0.033596 -0.999435 0.000000
vn 0.033596 -0.999435 0.000000
vn 0.033596 -0.999435 0.000000
vn 0.033596 -0.999435 0.000000
vn -0.033582 0.999436 -0.000001
vn -0.033582 0.999436 -0.000001
vn -0.033582 0.999436 -0.000001
vn -0.033582 0.999436 -0.000001
vn 0.033595 -0.999435 0.000007
vn 0.033595 -0.999435 0.000007
vn 0.033595 -0.999435 0.000007
vn 0.033595 -0.999435 0.000007
vn -0.033588 0.999436 -0.000007
vn -0.033588 0.999436 -0.000007
vn -0.033588 0.999436 -0.000007
vn -0.033588 0.999436 -0.000007
vn 0.033589 -0.999436 0.000001
vn 0.033589 -0.999436 0.000001
vn 0.033589 -0.999436 0.000001
vn 0.033589 -0.999436 0.000001
vn -0.033599 0.999435 -0.000002
vn -0.033599 0.999435 -0.000002
vn -0.033599 0.999435 -0.000002
vn -0.033599 0.999435 -0.000002
vn 0.033594 -0.999436 0.000013
vn 0.033594 -0.999436 0.000013
vn 0.033594 -0.999436 0.000013
vn 0.033594 -0.999435 0.000013
vn -0.033599 0.999435 0.000002
vn -0.033599 0.999435 0.000002
vn -0.033599 0.999435 0.000002
vn -0.033599 0.999435 0.000002
vn 0.033594 -0.999436 -0.000014
vn 0.033594 -0.999436 -0.000014
vn 0.033594 -0.999435 -0.000014
vn 0.033594 -0.999435 -0.000014
vn -0.033588 0.999436 0.000007
vn -0.033588 0.999436 0.000007
vn -0.033588 0.999436 0.000007
vn -0.033588 0.999436 0.000007
vn 0.033589 -0.999436 -0.000000
vn 0.033589 -0.999436 -0.000000
vn 0.033589 -0.999436 -0.000000
vn 0.033589 -0.999436 -0.000000
vn -0.033597 0.999435 -0.000000
vn -0.033597 0.999435 -0.000000
vn -0.033597 0.999435 -0.000000
vn -0.033597 0.999435 -0.000000
vn 0.033598 -0.999435 -0.000007
vn 0.033598 -0.999435 -0.000007
vn 0.033598 -0.999435 -0.000007
vn 0.033598 -0.999435 -0.000007
vn -0.033597 0.999435 0.000000
vn -0.033597 0.999435 0.000000
vn -0.033597 0.999435 0.000000
vn -0.033597 0.999435 0.000000
vn 0.033598 -0.999435 0.000007
vn 0.033598 -0.999435 0.000007
vn 0.033598 -0.999435 0.000007
vn 0.033598 -0.999435 0.000007
vn -0.033596 0.999436 -0.000017
vn -0.033596 0.999435 -0.000017
vn -0.033596 0.999435 -0.000017
vn -0.033596 0.999436 -0.000017
vn 0.033598 -0.999435 0.000014
vn 0.033598 -0.999435 0.000014
vn 0.033598 -0.999435 0.000014
vn 0.033598 -0.999435 0.000014
vn -0.033618 0.999435 -0.000009
vn -0.033618 0.999435 -0.000009
vn -0.033618 0.999435 -0.000009
vn -0.033618 0.999435 -0.000009
vn 0.033607 -0.999435 0.000005
vn 0.033607 -0.999435 0.000005
vn 0.033607 -0.999435 0.000005
vn 0.033607 -0.999435 0.000005
vn -0.033626 0.999434 0.000000
vn -0.033626 0.999434 0.000000
vn -0.033626 0.999434 0.000000
vn -0.033626 0.999434 0.000000
vn 0.033611 -0.999435 0.000000
vn 0.033611 -0.999435 0.000000
vn 0.033611 -0.999435 0.000000
vn 0.033611 -0.999435 0.000000
vn -0.033618 0.999435 0.000009
vn -0.033618 0.999435 0.000009
vn -0.033618 0.999435 0.000009
vn -0.033618 0.999435 0.000009
vn 0.033607 -0.999435 -0.000005
vn 0.033607 -0.999435 -0.000005
vn 0.033607 -0.999435 -0.000005
vn 0.033607 -0.999435 -0.000005
vn -0.033596 0.999435 0.000017
vn -0.033596 0.999435 0.000017
vn -0.033596 0.999435 0.000017
vn -0.033596 0.999435 0.000017
vn 0.033598 -0.999435 -0.000014
vn 0.033598 -0.999435 -0.000014
vn 0.033598 -0.999435 -0.000014
vn 0.033598 -0.999435 -0.000014
vn 0.051566 0.600396 -0.798039
vn 0.005804 0.912677 -0.408641
vn 0.020938 0.906726 -0.421201
vn 0.077601 0.595353 -0.799708
vn -0.030601 0.615623 -0.787447
vn -0.036462 0.915413 -0.400862
vn -0.118057 0.624147 -0.772336
vn -0.080031 0.919067 -0.385891
vn -0.182250 0.625669 -0.758500
vn -0.109203 0.923607 -0.367456
vn -0.259477 0.634478 -0.728086
vn -0.144469 0.926638 -0.347089
vn -0.181464 0.625307 0.758988
vn -0.107663 0.925824 0.362297
vn -0.149515 0.920369 0.361339
vn -0.261180 0.627539 0.733471
vn -0.118189 0.621432 0.774502
vn -0.080017 0.918974 0.386114
vn -0.030517 0.613686 0.788960
vn -0.036429 0.915296 0.401130
vn 0.051439 0.606806 0.793184
vn 0.006382 0.911655 0.410907
vn 0.076943 0.601804 0.794929
vn 0.019623 0.909935 0.414287
vn -0.814470 0.580113 -0.010366
vn -0.457878 0.889000 -0.005227
vn -0.301770 0.926764 -0.223704
vn -0.552336 0.708173 -0.439792
vn -0.814415 0.580179 0.011026
vn -0.450844 0.892587 0.005274
vn -0.558294 0.711296 0.427043
vn -0.316804 0.923276 0.217250
vn 0.245886 0.937474 -0.246337
vn 0.470014 0.753676 -0.459412
vn 0.459682 0.750451 0.474885
vn 0.227985 0.939013 0.257443
vn 0.799711 0.600266 0.011997
vn 0.415836 0.909418 0.006251
vn 0.799660 0.600316 -0.012833
vn 0.407104 0.913361 -0.006193
s 1
g Chair Seat
usemtl initialShadingGroup
f 3252/3677/4769 3248/3668/4770 3244/3651/4771 3241/3669/4772
s 2
f 3264/3867/4773 3261/3685/4774 3231/3684/4775 3234/3869/4776
s 3
f 3258/3679/4777 3254/3674/4778 3270/3683/4779 3266/3675/4780
s 4
f 3260/3680/4781 3262/3671/4782 3247/3676/4783 3250/3672/4784
s 2
f 3237/3870/4785 3232/3652/4786 3265/3682/4787 3268/3691/4788
s 1
f 3240/3650/4789 3246/3670/4790 3253/3678/4791 3256/3688/4792
s 2
f 3231/3684/4775 3230/3659/4793 3235/3872/4794 3234/3869/4776
f 3230/3659/4793 3229/3658/4795 3236/3871/4796 3235/3872/4794
f 3229/3658/4795 3232/3652/4786 3237/3870/4785 3236/3871/4796
s 1
f 3240/3650/4789 3239/3663/4797 3242/3665/4798 3246/3670/4790
f 3239/3663/4797 3238/3662/4799 3243/3667/4800 3242/3665/4798
f 3238/3662/4799 3241/3669/4772 3244/3651/4771 3243/3667/4800
s 7
f 3332/3653/4801 3331/3826/4802 3333/3828/4803
f 3332/3653/4801 3333/3828/4803 3334/3830/4804
f 3332/3653/4801 3334/3830/4804 3335/3848/4805
s 8
f 3233/3654/4806 3234/3673/4807 3235/3660/4808
f 3233/3654/4806 3235/3660/4808 3236/3661/4809
f 3233/3654/4806 3236/3661/4809 3237/3649/4810
s 7
f 3337/3655/4811 3336/3832/4812 3338/3834/4813
f 3337/3655/4811 3338/3834/4813 3339/3836/4814
f 3337/3655/4811 3339/3836/4814 3340/3854/4815
s 8
f 3245/3657/4816 3246/3656/4817 3242/3664/4818
f 3245/3657/4816 3242/3664/4818 3243/3666/4819
f 3245/3657/4816 3243/3666/4819 3244/3686/4820
s 4
f 3247/3676/4783 3249/3694/4821 3251/3695/4822 3250/3672/4784
s 1
f 3249/3694/4823 3248/3668/4770 3252/3677/4769 3251/3695/4824
f 3253/3678/4791 3255/3697/4825 3257/3698/4826 3256/3688/4792
s 3
f 3255/3697/4827 3254/3674/4778 3258/3679/4777 3257/3698/4828
s 4
f 3260/3680/4781 3259/3699/4829 3263/3701/4830 3262/3671/4782
s 2
f 3259/3699/4831 3261/3685/4774 3264/3867/4773 3263/3700/4832
f 3265/3682/4787 3267/3702/4833 3269/3704/4834 3268/3691/4788
s 3
f 3267/3702/4835 3266/3675/4780 3270/3683/4779 3269/3703/4836
s 7
f 3342/3838/4837 3341/3840/4838 3343/3842/4839 3344/3844/4840 3345/3846/4841 3336/3832/4812 3337/3655/4811 3332/3653/4801 3335/3848/4805 3346/3850/4842
s 8
f 3234/3673/4807 3233/3654/4806 3245/3657/4816 3244/3686/4820 3248/3687/4843 3249/3693/4844 3247/3676/4845 3262/3671/4846 3263/3868/4847 3264/3681/4848
s 7
f 3347/3852/4849 3331/3826/4802 3332/3653/4801 3337/3655/4811 3340/3854/4815 3348/3856/4850 3349/3858/4851 3350/3860/4852 3351/3862/4853 3352/3864/4854
s 8
f 3254/3689/4855 3255/3696/4856 3253/3690/4857 3246/3656/4817 3245/3657/4816 3233/3654/4806 3237/3649/4810 3268/3866/4858 3269/3865/4859 3270/3692/4860
s off
f 3354/3745/4861 3353/3746/4862 3355/3747/4863 3356/3748/4864
f 3353/3746/4865 3357/3749/4866 3358/3750/4867 3355/3747/4868
f 3357/3749/4869 3359/3751/4870 3360/3752/4871 3358/3750/4872
f 3362/3753/4873 3361/3754/4874 3363/3755/4875 3364/3756/4876
f 3361/3754/4877 3365/3757/4878 3366/3758/4879 3363/3755/4880
f 3365/3757/4881 3367/3759/4882 3368/3760/4883 3366/3758/4884
f 3370/3761/4885 3369/3762/4886 3371/3763/4887 3372/3764/4888
f 3369/3762/4889 3373/3765/4890 3374/3766/4891 3371/3763/4892
f 3373/3765/4893 3375/3767/4894 3376/3768/4895 3374/3766/4896
f 3375/3767/4897 3377/3769/4898 3378/3770/4899 3376/3768/4900
f 3377/3769/4901 3362/3753/4902 3364/3756/4903 3378/3770/4904
f 3359/3751/4905 3379/3771/4906 3380/3772/4907 3360/3752/4908
f 3379/3771/4909 3370/3761/4910 3372/3764/4911 3380/3772/4912
f 3381/3773/4913 3354/3745/4914 3356/3748/4915 3382/3774/4916
f 3367/3759/4917 3383/3775/4918 3384/3776/4919 3368/3760/4920
f 3383/3775/4921 3385/3777/4922 3386/3778/4923 3384/3776/4924
f 3385/3777/4925 3387/3779/4926 3388/3780/4927 3386/3778/4928
f 3387/3779/4929 3389/3781/4930 3390/3782/4931 3388/3780/4932
f 3389/3781/4933 3391/3783/4934 3392/3784/4935 3390/3782/4936
f 3391/3783/4937 3381/3773/4938 3382/3774/4939 3392/3784/4940
f 3271/3705/4941 3272/3706/4942 3292/3726/4943 3291/3725/4944
f 3272/3706/4945 3273/3707/4946 3293/3727/4947 3292/3726/4948
f 3273/3707/4949 3274/3708/4950 3294/3728/4951 3293/3727/4952
f 3275/3709/4953 3276/3710/4954 3296/3730/4955 3295/3729/4956
f 3276/3710/4957 3277/3711/4958 3297/3731/4959 3296/3730/4960
f 3277/3711/4961 3278/3712/4962 3298/3732/4963 3297/3731/4964
f 3280/3713/4965 3279/3714/4966 3299/3734/4967 3300/3733/4968
f 3279/3714/4969 3281/3715/4970 3301/3735/4971 3299/3734/4972
f 3281/3715/4973 3282/3716/4974 3302/3736/4975 3301/3735/4976
f 3282/3716/4977 3283/3717/4978 3303/3737/4979 3302/3736/4980
f 3283/3717/4981 3275/3709/4982 3295/3729/4983 3303/3737/4984
f 3274/3708/4985 3284/3718/4986 3304/3738/4987 3294/3728/4988
f 3284/3718/4989 3280/3713/4990 3300/3733/4991 3304/3738/4992
f 3285/3719/4993 3271/3705/4994 3291/3725/4995 3305/3739/4996
f 3278/3712/4997 3286/3720/4998 3306/3740/4999 3298/3732/5000
f 3286/3720/5001 3287/3721/5002 3307/3741/5003 3306/3740/5004
f 3287/3721/5005 3288/3722/5006 3308/3742/5007 3307/3741/5008
f 3288/3722/5009 3289/3723/5010 3309/3743/5011 3308/3742/5012
f 3289/3723/5013 3290/3724/5014 3310/3744/5015 3309/3743/5016
f 3290/3724/5017 3285/3719/5018 3305/3739/5019 3310/3744/5020
s 7
f 3291/3725/5021 3292/3726/5022 3312/3785/5023 3311/3811/5024
f 3292/3726/5025 3293/3727/5026 3313/3787/5027 3312/3785/5023
f 3293/3727/5028 3294/3728/5029 3314/3789/5030 3313/3787/5027
f 3295/3729/5031 3296/3730/5032 3316/3791/5033 3315/3805/5034
f 3296/3730/5035 3297/3731/5036 3317/3793/5037 3316/3791/5033
f 3297/3731/5038 3298/3732/5039 3318/3795/5040 3317/3793/5037
f 3300/3733/5041 3299/3734/5042 3319/3797/5043 3320/3809/5044
f 3299/3734/5045 3301/3735/5046 3321/3799/5047 3319/3797/5043
f 3301/3735/5048 3302/3736/5049 3322/3801/5050 3321/3799/5047
f 3302/3736/5051 3303/3737/5052 3323/3803/5053 3322/3801/5054
f 3303/3737/5055 3295/3729/5056 3315/3805/5034 3323/3803/5053
f 3294/3728/5057 3304/3738/5058 3324/3807/5059 3314/3789/5030
f 3304/3738/5060 3300/3733/5061 3320/3809/5062 3324/3807/5059
f 3305/3739/5063 3291/3725/5064 3311/3811/5024 3325/3823/5065
f 3298/3732/5066 3306/3740/5067 3326/3813/5068 3318/3795/5040
f 3306/3740/5069 3307/3741/5070 3327/3815/5071 3326/3813/5068
f 3307/3741/5072 3308/3742/5073 3328/3817/5074 3327/3815/5075
f 3308/3742/5076 3309/3743/5077 3329/3819/5078 3328/3817/5074
f 3309/3743/5079 3310/3744/5080 3330/3821/5081 3329/3819/5078
f 3310/3744/5082 3305/3739/5083 3325/3823/5065 3330/3821/5084
s off
f 3232/3652/5085 3229/3658/5086 3353/3746/5087 3354/3745/5088
f 3272/3706/5089 3271/3705/5090 3356/3748/5091 3355/3747/5092
f 3229/3658/5093 3230/3659/5094 3357/3749/5095 3353/3746/5096
f 3273/3707/5097 3272/3706/5098 3355/3747/5099 3358/3750/5100
f 3230/3659/5101 3231/3684/5102 3359/3751/5103 3357/3749/5104
f 3274/3708/5105 3273/3707/5106 3358/3750/5107 3360/3752/5108
f 3241/3669/5109 3238/3662/5110 3361/3754/5111 3362/3753/5112
f 3276/3710/5113 3275/3709/5114 3364/3756/5115 3363/3755/5116
f 3238/3662/5117 3239/3663/5118 3365/3757/5119 3361/3754/5120
f 3277/3711/5121 3276/3710/5122 3363/3755/5123 3366/3758/5124
f 3239/3663/5125 3240/3650/5126 3367/3759/5127 3365/3757/5128
f 3278/3712/5129 3277/3711/5130 3366/3758/5131 3368/3760/5132
f 3259/3699/5133 3260/3680/5134 3369/3762/5135 3370/3761/5136
f 3279/3714/5137 3280/3713/5138 3372/3764/5139 3371/3763/5140
f 3260/3680/5141 3250/3672/5142 3373/3765/5143 3369/3762/5144
f 3281/3715/5145 3279/3714/5146 3371/3763/5147 3374/3766/5148
f 3250/3672/5149 3251/3695/5150 3375/3767/5151 3373/3765/5152
f 3282/3716/5153 3281/3715/5154 3374/3766/5155 3376/3768/5156
f 3251/3695/5157 3252/3677/5158 3377/3769/5159 3375/3767/5160
f 3283/3717/5161 3282/3716/5162 3376/3768/5163 3378/3770/5164
f 3252/3677/5165 3241/3669/5166 3362/3753/5167 3377/3769/5168
f 3275/3709/5169 3283/3717/5170 3378/3770/5171 3364/3756/5172
f 3231/3684/5173 3261/3685/5174 3379/3771/5175 3359/3751/5176
f 3284/3718/5177 3274/3708/5178 3360/3752/5179 3380/3772/5180
f 3261/3685/5181 3259/3699/5182 3370/3761/5183 3379/3771/5184
f 3280/3713/5185 3284/3718/5186 3380/3772/5187 3372/3764/5188
f 3265/3682/5189 3232/3652/5190 3354/3745/5191 3381/3773/5192
f 3271/3705/5193 3285/3719/5194 3382/3774/5195 3356/3748/5196
f 3240/3650/5197 3256/3688/5198 3383/3775/5199 3367/3759/5200
f 3286/3720/5201 3278/3712/5202 3368/3760/5203 3384/3776/5204
f 3256/3688/5205 3257/3698/5206 3385/3777/5207 3383/3775/5208
f 3287/3721/5209 3286/3720/5210 3384/3776/5211 3386/3778/5212
f 3257/3698/5213 3258/3679/5214 3387/3779/5215 3385/3777/5216
f 3288/3722/5217 3287/3721/5218 3386/3778/5219 3388/3780/5220
f 3258/3679/5221 3266/3675/5222 3389/3781/5223 3387/3779/5224
f 3289/3723/5225 3288/3722/5226 3388/3780/5227 3390/3782/5228
f 3266/3675/5229 3267/3702/5230 3391/3783/5231 3389/3781/5232
f 3290/3724/5233 3289/3723/5234 3390/3782/5235 3392/3784/5236
f 3267/3702/5237 3265/3682/5238 3381/3773/5239 3391/3783/5240
f 3285/3719/5241 3290/3724/5242 3392/3784/5243 3382/3774/5244
s 7
f 3393/3786/5245 3394/3851/5246 3422/3863/5247 3421/3812/5248
f 3394/3851/5246 3393/3786/5245 3395/3788/5249 3396/3825/5250
f 3396/3825/5250 3395/3788/5249 3397/3790/5251 3398/3827/5252
f 3398/3827/5252 3397/3790/5251 3399/3808/5253 3400/3829/5254
f 3400/3829/5254 3399/3808/5253 3419/3810/5255 3420/3847/5256
f 3401/3792/5257 3402/3845/5258 3418/3843/5259 3417/3806/5260
f 3402/3845/5258 3401/3792/5257 3403/3794/5261 3404/3831/5262
f 3404/3831/5262 3403/3794/5261 3405/3796/5263 3406/3833/5264
f 3406/3833/5264 3405/3796/5263 3407/3814/5265 3408/3835/5266
f 3408/3835/5266 3407/3814/5265 3423/3816/5267 3424/3853/5268
f 3409/3800/5269 3410/3837/5270 3412/3849/5271 3411/3798/5272
f 3410/3837/5270 3409/3800/5269 3413/3802/5273 3414/3839/5274
f 3411/3798/5272 3412/3849/5271 3420/3847/5256 3419/3810/5255
f 3414/3839/5274 3413/3802/5273 3415/3804/5275 3416/3841/5276
f 3416/3841/5276 3415/3804/5275 3417/3806/5260 3418/3843/5259
f 3421/3812/5248 3422/3863/5247 3432/3861/5277 3431/3824/5278
f 3424/3853/5268 3423/3816/5267 3425/3818/5279 3426/3855/5280
f 3426/3855/5280 3425/3818/5279 3427/3820/5281 3428/3857/5282
f 3428/3857/5282 3427/3820/5281 3429/3822/5283 3430/3859/5284
f 3430/3859/5284 3429/3822/5283 3431/3824/5278 3432/3861/5277
f 3311/3811/5024 3312/3785/5023 3395/3788/5249 3393/3786/5245
f 3312/3785/5023 3313/3787/5027 3397/3790/5251 3395/3788/5249
f 3313/3787/5027 3314/3789/5030 3399/3808/5253 3397/3790/5251
f 3315/3805/5034 3316/3791/5033 3403/3794/5261 3401/3792/5257
f 3316/3791/5033 3317/3793/5037 3405/3796/5263 3403/3794/5261
f 3317/3793/5037 3318/3795/5040 3407/3814/5265 3405/3796/5263
f 3320/3809/5044 3319/3797/5043 3409/3800/5269 3411/3798/5272
f 3319/3797/5043 3321/3799/5047 3413/3802/5273 3409/3800/5269
f 3321/3799/5047 3322/3801/5050 3415/3804/5275 3413/3802/5273
f 3322/3801/5054 3323/3803/5053 3417/3806/5260 3415/3804/5275
f 3323/3803/5053 3315/3805/5034 3401/3792/5257 3417/3806/5260
f 3314/3789/5030 3324/3807/5059 3419/3810/5255 3399/3808/5253
f 3324/3807/5059 3320/3809/5062 3411/3798/5272 3419/3810/5255
f 3325/3823/5065 3311/3811/5024 3393/3786/5245 3421/3812/5248
f 3318/3795/5040 3326/3813/5068 3423/3816/5267 3407/3814/5265
f 3326/3813/5068 3327/3815/5071 3425/3818/5279 3423/3816/5267
f 3327/3815/5075 3328/3817/5074 3427/3820/5281 3425/3818/5279
f 3328/3817/5074 3329/3819/5078 3429/3822/5283 3427/3820/5281
f 3329/3819/5078 3330/3821/5081 3431/3824/5278 3429/3822/5283
f 3330/3821/5084 3325/3823/5065 3421/3812/5248 3431/3824/5278
f 3394/3851/5246 3396/3825/5250 3333/3828/4803 3331/3826/4802
f 3396/3825/5250 3398/3827/5252 3334/3830/4804 3333/3828/4803
f 3398/3827/5252 3400/3829/5254 3335/3848/4805 3334/3830/4804
f 3402/3845/5258 3404/3831/5262 3338/3834/4813 3336/3832/4812
f 3404/3831/5262 3406/3833/5264 3339/3836/4814 3338/3834/4813
f 3406/3833/5264 3408/3835/5266 3340/3854/4815 3339/3836/4814
f 3412/3849/5271 3410/3837/5270 3341/3840/4838 3342/3838/4837
f 3410/3837/5270 3414/3839/5274 3343/3842/4839 3341/3840/4838
f 3414/3839/5274 3416/3841/5276 3344/3844/4840 3343/3842/4839
f 3416/3841/5276 3418/3843/5259 3345/3846/4841 3344/3844/4840
f 3418/3843/5259 3402/3845/5258 3336/3832/4812 3345/3846/4841
f 3400/3829/5254 3420/3847/5256 3346/3850/4842 3335/3848/4805
f 3420/3847/5256 3412/3849/5271 3342/3838/4837 3346/3850/4842
f 3422/3863/5247 3394/3851/5246 3331/3826/4802 3347/3852/4849
f 3408/3835/5266 3424/3853/5268 3348/3856/4850 3340/3854/4815
f 3424/3853/5268 3426/3855/5280 3349/3858/4851 3348/3856/4850
f 3426/3855/5280 3428/3857/5282 3350/3860/4852 3349/3858/4851
f 3428/3857/5282 3430/3859/5284 3351/3862/4853 3350/3860/4852
f 3430/3859/5284 3432/3861/5277 3352/3864/4854 3351/3862/4853
f 3432/3861/5277 3422/3863/5247 3347/3852/4849 3352/3864/4854
g default
v -49.069774 -142.046655 -837.544828
v -49.246122 -142.046655 -837.890970
v -49.520828 -142.046655 -838.165636
v -49.866905 -142.046655 -838.341984
v -50.250569 -142.046655 -838.402744
v -50.634237 -142.046655 -838.341984
v -50.980344 -142.046655 -838.165636
v -51.255017 -142.046655 -837.890970
v -51.431371 -142.046655 -837.544828
v -51.492137 -142.046655 -837.161179
v -51.431371 -142.046655 -836.777531
v -51.255017 -142.046655 -836.431389
v -50.980344 -142.046655 -836.156722
v -50.634237 -142.046655 -835.980374
v -50.250569 -142.046655 -835.919615
v -49.866908 -142.046655 -835.980374
v -49.520828 -142.046662 -836.156722
v -49.246122 -142.046655 -836.431389
v -49.069774 -142.046655 -836.777531
v -49.009005 -142.046655 -837.161179
v -47.008258 -95.795057 -838.214691
v -47.492475 -95.795057 -839.164995
v -48.246699 -95.795057 -839.919287
v -49.197093 -95.795057 -840.403490
v -50.250569 -95.795057 -840.570371
v -51.304068 -95.795057 -840.403490
v -52.254483 -95.795057 -839.919287
v -53.008690 -95.795057 -839.164995
v -53.492939 -95.795057 -838.214691
v -53.659794 -95.795057 -837.161179
v -53.492939 -95.795057 -836.107667
v -53.008690 -95.795057 -835.157312
v -52.254483 -95.795057 -834.403072
v -51.304068 -95.795057 -833.918868
v -50.250569 -95.795057 -833.751988
v -49.197093 -95.795057 -833.918868
v -48.246699 -95.795057 -834.403072
v -47.492475 -95.795057 -835.157312
v -47.008258 -95.795057 -836.107667
v -46.841378 -95.795057 -837.161179
v -50.250569 -142.046655 -837.161179
v -50.250569 -95.795057 -837.161179
v -49.245644 -105.169625 -834.068322
v -49.281737 -108.291609 -834.179437
v -49.317826 -111.413594 -834.290500
v -49.353931 -114.535579 -834.401511
v -49.390013 -117.657563 -834.512626
v -50.250569 -117.657563 -834.376385
v -50.250569 -114.535579 -834.259548
v -50.250569 -111.413594 -834.142815
v -50.250569 -108.291609 -834.025978
v -50.250569 -105.169625 -833.909140
v -51.111129 -117.657563 -834.512626
v -51.147218 -114.535579 -834.401511
v -51.183313 -111.413594 -834.290500
v -51.219406 -108.291609 -834.179437
v -51.255494 -105.169625 -834.068322
v -51.887474 -117.657563 -834.908239
v -51.956128 -114.535579 -834.813771
v -52.024788 -111.413594 -834.719198
v -52.093441 -108.291609 -834.624729
v -52.162095 -105.169625 -834.530261
v -52.503575 -117.657563 -835.524262
v -52.598050 -114.535579 -835.455595
v -52.692551 -111.413594 -835.386928
v -52.787045 -108.291609 -835.318366
v -52.881527 -105.169625 -835.249699
v -52.899116 -117.657563 -836.300662
v -53.010212 -114.535579 -836.264508
v -53.121281 -111.413594 -836.228458
v -53.232357 -108.291609 -836.192356
v -53.343453 -105.169625 -836.156254
v -53.035415 -117.657563 -837.161179
v -53.152207 -114.535579 -837.161179
v -53.269005 -111.413594 -837.161179
v -53.385823 -108.291609 -837.161179
v -53.502602 -105.169625 -837.161179
v -52.899116 -117.657563 -838.021696
v -53.010212 -114.535579 -838.057850
v -53.121281 -111.413594 -838.093900
v -53.232357 -108.291609 -838.130002
v -53.343453 -105.169625 -838.166104
v -52.503575 -117.657563 -838.798097
v -52.598050 -114.535579 -838.866764
v -52.692551 -111.413594 -838.935430
v -52.787045 -108.291609 -839.003993
v -52.881527 -105.169625 -839.072659
v -51.887474 -117.657563 -839.414119
v -51.956128 -114.535579 -839.508588
v -52.024788 -111.413594 -839.603109
v -52.093441 -108.291609 -839.697629
v -52.162095 -105.169625 -839.792098
v -51.111129 -117.657563 -839.809733
v -51.147218 -114.535579 -839.920796
v -51.183313 -111.413594 -840.031859
v -51.219406 -108.291609 -840.142922
v -51.255494 -105.169625 -840.253985
v -50.250569 -117.657563 -839.945973
v -50.250569 -114.535579 -840.062811
v -50.250569 -111.413594 -840.179544
v -50.250569 -108.291609 -840.296381
v -50.250569 -105.169625 -840.413166
v -49.390013 -117.657563 -839.809733
v -49.353931 -114.535579 -839.920796
v -49.317826 -111.413594 -840.031859
v -49.281737 -108.291609 -840.142922
v -49.245644 -105.169625 -840.253985
v -48.613694 -117.657563 -839.414119
v -48.545041 -114.535579 -839.508588
v -48.476390 -111.413594 -839.603109
v -48.407740 -108.291609 -839.697629
v -48.339099 -105.169625 -839.792098
v -47.997623 -117.657563 -838.798097
v -47.903112 -114.535579 -838.866764
v -47.808647 -111.413594 -838.935430
v -47.714129 -108.291609 -839.003993
v -47.619638 -105.169625 -839.072659
v -47.602084 -117.657563 -838.021696
v -47.490969 -114.535579 -838.057850
v -47.379887 -111.413594 -838.093900
v -47.268840 -108.291609 -838.130002
v -47.157728 -105.169625 -838.166104
v -47.465762 -117.657563 -837.161179
v -47.348987 -114.535579 -837.161179
v -47.232156 -111.413594 -837.161179
v -47.115358 -108.291609 -837.161179
v -46.998573 -105.169625 -837.161179
v -47.602084 -117.657563 -836.300662
v -47.490969 -114.535579 -836.264508
v -47.379887 -111.413594 -836.228458
v -47.268840 -108.291609 -836.192356
v -47.157728 -105.169625 -836.156254
v -47.997623 -117.657563 -835.524262
v -47.903115 -114.535579 -835.455595
v -47.808647 -111.413594 -835.386928
v -47.714133 -108.291609 -835.318366
v -47.619641 -105.169625 -835.249699
v -48.613694 -117.657563 -834.908239
v -48.545041 -114.535579 -834.813771
v -48.476390 -111.413594 -834.719198
v -48.407740 -108.291609 -834.624729
v -48.339099 -105.169625 -834.530261
v -49.229216 -101.998185 -834.017758
v -50.250569 -101.998185 -833.855976
v -51.271930 -101.998185 -834.017758
v -52.193333 -101.998185 -834.487240
v -52.924541 -101.998185 -835.218435
v -53.394016 -101.998185 -836.139816
v -53.555779 -101.998185 -837.161179
v -53.394016 -101.998185 -838.182543
v -52.924541 -101.998185 -839.103871
v -52.193333 -101.998185 -839.835118
v -51.271930 -101.998185 -840.304548
v -50.250569 -101.998185 -840.466331
v -49.229216 -101.998185 -840.304548
v -48.307842 -101.998185 -839.835118
v -47.576621 -101.998185 -839.103871
v -47.107181 -101.998185 -838.182543
v -46.945415 -101.998185 -837.161179
v -47.107181 -101.998185 -836.139816
v -47.576624 -101.998185 -835.218435
v -48.307842 -101.998185 -834.487240
v -49.297645 -103.752130 -834.228336
v -50.250569 -103.752130 -834.077322
v -51.203523 -103.752130 -834.228336
v -52.063218 -103.752130 -834.666294
v -52.745449 -103.752130 -835.348538
v -53.183491 -103.752130 -836.208170
v -53.334408 -103.752130 -837.161179
v -53.183491 -103.752130 -838.114188
v -52.745449 -103.752130 -838.973821
v -52.063218 -103.752130 -839.656065
v -51.203523 -103.752130 -840.094023
v -50.250569 -103.752130 -840.244985
v -49.297645 -103.752130 -840.094023
v -48.437947 -103.752130 -839.656065
v -47.755729 -103.752130 -838.973821
v -47.317707 -103.752130 -838.114188
v -47.166751 -103.752130 -837.161179
v -47.317707 -103.752130 -836.208170
v -47.755729 -103.752130 -835.348538
v -48.437947 -103.752130 -834.666294
v -49.313453 -99.775337 -834.277027
v -50.250569 -99.775337 -834.128561
v -51.187689 -99.775337 -834.277027
v -52.033104 -99.775337 -834.707806
v -52.703995 -99.775337 -835.378657
v -53.134754 -99.775337 -836.223985
v -53.283181 -99.775337 -837.161179
v -53.134754 -99.775337 -838.098322
v -52.703995 -99.775337 -838.943649
v -52.033104 -99.775337 -839.614553
v -51.187689 -99.775337 -840.045332
v -50.250569 -99.775337 -840.193693
v -49.313453 -99.775337 -840.045332
v -48.468060 -99.775337 -839.614553
v -47.797160 -99.775337 -838.943649
v -47.366420 -99.775337 -838.098322
v -47.217984 -99.775337 -837.161179
v -47.366420 -99.775337 -836.223985
v -47.797160 -99.775337 -835.378657
v -48.468060 -99.775337 -834.707806
v -49.151403 -100.568659 -833.778310
v -49.131249 -101.210394 -833.716302
v -48.159831 -100.568659 -834.283477
v -48.121493 -101.210394 -834.230781
v -50.250569 -100.568659 -833.604146
v -50.250569 -101.210394 -833.538913
v -51.349735 -100.568659 -833.778310
v -51.369893 -101.210394 -833.716302
v -52.341343 -100.568659 -834.283477
v -52.379669 -101.210394 -834.230781
v -53.128239 -100.568659 -835.070334
v -53.181000 -101.210394 -835.032047
v -53.633484 -100.568659 -836.061942
v -53.695519 -101.210394 -836.041810
v -53.807557 -100.568659 -837.161179
v -53.872784 -101.210394 -837.161179
v -53.633484 -100.568659 -838.260417
v -53.695519 -101.210394 -838.280549
v -53.128239 -100.568659 -839.251869
v -53.181000 -101.210394 -839.290207
v -52.341343 -100.568659 -840.038777
v -52.379669 -101.210394 -840.091578
v -51.349735 -100.568659 -840.544049
v -51.369893 -101.210394 -840.606057
v -50.250569 -100.568659 -840.718160
v -50.250569 -101.210394 -840.783393
v -49.151403 -100.568659 -840.544049
v -49.131249 -101.210394 -840.606057
v -48.159831 -100.568659 -840.038777
v -48.121493 -101.210394 -840.091578
v -47.372910 -100.568659 -839.251869
v -47.320145 -101.210394 -839.290207
v -46.867674 -100.568659 -838.260417
v -46.805650 -101.210394 -838.280549
v -46.693589 -100.568659 -837.161179
v -46.628375 -101.210394 -837.161179
v -46.867677 -100.568659 -836.061942
v -46.805653 -101.210394 -836.041810
v -47.372910 -100.568659 -835.070334
v -47.320145 -101.210394 -835.032047
v -49.392699 -103.402516 -834.520897
v -49.404771 -103.076620 -834.558092
v -48.618795 -103.402505 -834.915210
v -48.641762 -103.076620 -834.946838
v -50.250569 -103.402505 -834.384969
v -50.250569 -103.076620 -834.424036
v -51.108447 -103.402516 -834.520897
v -51.096368 -103.076620 -834.558092
v -51.882370 -103.402505 -834.915210
v -51.859403 -103.076620 -834.946838
v -52.496532 -103.402516 -835.529412
v -52.464917 -103.076620 -835.552353
v -52.890858 -103.402505 -836.303263
v -52.853683 -103.076620 -836.315332
v -53.026722 -103.402516 -837.161179
v -52.987648 -103.076620 -837.161179
v -52.890858 -103.402505 -838.019095
v -52.853683 -103.076620 -838.006975
v -52.496532 -103.402505 -838.792947
v -52.464917 -103.076620 -838.769954
v -51.882370 -103.402505 -839.407149
v -51.859403 -103.076620 -839.375520
v -51.108447 -103.402505 -839.801357
v -51.096368 -103.076620 -839.764215
v -50.250569 -103.402516 -839.937286
v -50.250569 -103.076620 -839.898219
v -49.392702 -103.402505 -839.801357
v -49.404771 -103.076620 -839.764215
v -48.618795 -103.402505 -839.407149
v -48.641762 -103.076620 -839.375520
v -48.004629 -103.402505 -838.792947
v -48.036241 -103.076620 -838.769954
v -47.610317 -103.402505 -838.019095
v -47.647469 -103.076620 -838.006975
v -47.474440 -103.402505 -837.161179
v -47.513520 -103.076620 -837.161179
v -47.610317 -103.402505 -836.303263
v -47.647469 -103.076620 -836.315332
v -48.004626 -103.402516 -835.529412
v -48.036241 -103.076620 -835.552353
v -49.506831 -103.402516 -834.872153
v -49.517297 -103.076620 -834.904399
v -50.250571 -103.076620 -834.788178
v -50.250571 -103.402505 -834.754308
v -48.835888 -103.402505 -835.214006
v -48.855799 -103.076620 -835.241427
v -48.303427 -103.402516 -835.746495
v -48.330837 -103.076620 -835.766383
v -50.983845 -103.076620 -834.904399
v -50.994317 -103.402516 -834.872153
v -51.645366 -103.076620 -835.241427
v -51.665277 -103.402505 -835.214006
v -52.170323 -103.076620 -835.766383
v -52.197732 -103.402516 -835.746495
v -52.507367 -103.076620 -836.427856
v -52.539597 -103.402505 -836.417393
v -52.623509 -103.076620 -837.161172
v -52.657385 -103.402516 -837.161172
v -52.507367 -103.076620 -837.894443
v -52.539597 -103.402505 -837.904952
v -52.170323 -103.076620 -838.555916
v -52.197732 -103.402505 -838.575850
v -51.645366 -103.076620 -839.080918
v -51.665277 -103.402505 -839.108339
v -50.983845 -103.076620 -839.417901
v -50.994317 -103.402505 -839.450102
v -50.250571 -103.076620 -839.534077
v -50.250571 -103.402516 -839.567947
v -49.517297 -103.076620 -839.417901
v -49.506834 -103.402505 -839.450102
v -48.855799 -103.076620 -839.080918
v -48.835888 -103.402505 -839.108339
v -48.330837 -103.076620 -838.555916
v -48.303430 -103.402505 -838.575850
v -47.993786 -103.076620 -837.894443
v -47.961577 -103.402505 -837.904952
v -47.877658 -103.076620 -837.161172
v -47.843777 -103.402505 -837.161172
v -47.993786 -103.076620 -836.427856
v -47.961577 -103.402505 -836.417393
vt 0.446403 0.009409
vt 0.443839 0.010304
vt 0.441678 0.011947
vt 0.440130 0.014177
vt 0.439347 0.016777
vt 0.439405 0.019491
vt 0.440300 0.022054
vt 0.441942 0.024215
vt 0.444172 0.025763
vt 0.446771 0.026546
vt 0.449490 0.026487
vt 0.452053 0.025593
vt 0.454214 0.023950
vt 0.455761 0.021719
vt 0.456543 0.019120
vt 0.456484 0.016406
vt 0.455590 0.013843
vt 0.453947 0.011681
vt 0.451716 0.010134
vt 0.449117 0.009351
vt 0.460533 0.403132
vt 0.466800 0.399093
vt 0.471514 0.393314
vt 0.474212 0.386360
vt 0.474632 0.378912
vt 0.472731 0.371696
vt 0.468696 0.365417
vt 0.462923 0.360689
vt 0.455976 0.357971
vt 0.448513 0.357702
vt 0.441308 0.359584
vt 0.435044 0.363605
vt 0.430331 0.369369
vt 0.427635 0.376310
vt 0.427217 0.383747
vt 0.429120 0.390950
vt 0.433156 0.397214
vt 0.438932 0.401925
vt 0.445881 0.404620
vt 0.453325 0.405036
vt 0.447945 0.017948
vt 0.450924 0.381333
vt 0.422407 0.024689
vt 0.425090 0.025109
vt 0.394480 0.193528
vt 0.427781 0.025474
vt 0.400508 0.194372
vt 0.430480 0.025787
vt 0.406539 0.195099
vt 0.433185 0.026046
vt 0.412574 0.195712
vt 0.435896 0.026251
vt 0.418612 0.196216
vt 0.438612 0.026404
vt 0.424650 0.196614
vt 0.441330 0.026504
vt 0.430689 0.196909
vt 0.444050 0.026551
vt 0.436727 0.197100
vt 0.442763 0.197190
vt 0.448796 0.197179
vt 0.452209 0.026376
vt 0.454826 0.197066
vt 0.454925 0.026213
vt 0.460852 0.196851
vt 0.457637 0.025997
vt 0.466873 0.196533
vt 0.460344 0.025728
vt 0.472889 0.196111
vt 0.463044 0.025406
vt 0.478899 0.195583
vt 0.465737 0.025032
vt 0.484903 0.194946
vt 0.468421 0.024605
vt 0.490899 0.194198
vt 0.471096 0.024125
vt 0.496885 0.193336
vt 0.473759 0.023591
vt 0.502863 0.192356
vt 0.476411 0.023005
vt 0.508830 0.191252
vt 0.389202 0.281618
vt 0.514783 0.190020
vt 0.489976 0.260427
vt 0.488673 0.238528
vt 0.486957 0.216696
vt 0.480671 0.217267
vt 0.482162 0.239030
vt 0.483307 0.260867
vt 0.474382 0.217741
vt 0.475653 0.239446
vt 0.476648 0.261227
vt 0.468089 0.218119
vt 0.469145 0.239774
vt 0.469995 0.261506
vt 0.461793 0.218402
vt 0.462636 0.240015
vt 0.463343 0.261702
vt 0.455492 0.218592
vt 0.456124 0.240171
vt 0.456690 0.261817
vt 0.449187 0.218690
vt 0.449608 0.240244
vt 0.450033 0.261852
vt 0.442877 0.218697
vt 0.443085 0.240237
vt 0.443370 0.261813
vt 0.436561 0.218615
vt 0.436554 0.240152
vt 0.436697 0.261703
vt 0.430243 0.218446
vt 0.430014 0.239994
vt 0.430010 0.261529
vt 0.423918 0.218191
vt 0.423464 0.239767
vt 0.423307 0.261300
vt 0.417591 0.217853
vt 0.416903 0.239475
vt 0.416580 0.261027
vt 0.411263 0.217433
vt 0.410333 0.239123
vt 0.409827 0.260720
vt 0.404936 0.216934
vt 0.403756 0.238714
vt 0.403043 0.260392
vt 0.398614 0.216357
vt 0.397175 0.238248
vt 0.396226 0.260047
vt 0.518307 0.212365
vt 0.392301 0.215710
vt 0.521272 0.234682
vt 0.390594 0.237722
vt 0.523639 0.257119
vt 0.389382 0.259679
vt 0.512052 0.213425
vt 0.514750 0.235637
vt 0.516859 0.257937
vt 0.505788 0.214390
vt 0.508227 0.236495
vt 0.510099 0.258664
vt 0.499516 0.215258
vt 0.501705 0.237261
vt 0.503366 0.259321
vt 0.493239 0.216026
vt 0.495187 0.237938
vt 0.496660 0.259910
vt 0.490769 0.282409
vt 0.484049 0.282805
vt 0.477325 0.283121
vt 0.470596 0.283354
vt 0.463863 0.283504
vt 0.457127 0.283571
vt 0.450391 0.283559
vt 0.443655 0.283470
vt 0.436920 0.283309
vt 0.430186 0.283084
vt 0.423448 0.282805
vt 0.416701 0.282488
vt 0.409930 0.282161
vt 0.403110 0.281864
vt 0.396207 0.281665
vt 0.390381 0.291500
vt 0.524953 0.279754
vt 0.517907 0.280260
vt 0.511023 0.280829
vt 0.504235 0.281403
vt 0.497494 0.281938
vt 0.485949 0.357568
vt 0.478456 0.357805
vt 0.470960 0.357950
vt 0.463466 0.358005
vt 0.441040 0.357475
vt 0.433580 0.357140
vt 0.426132 0.356695
vt 0.418700 0.356130
vt 0.411286 0.355437
vt 0.403894 0.354602
vt 0.396530 0.353609
vt 0.389202 0.352435
vt 0.381919 0.351044
vt 0.527171 0.326297
vt 0.530643 0.354070
vt 0.523225 0.354951
vt 0.515808 0.355677
vt 0.508372 0.356295
vt 0.500913 0.356815
vt 0.493436 0.357239
vt 0.386846 0.318182
vt 0.527536 0.314580
vt 0.492467 0.329118
vt 0.499143 0.322035
vt 0.492147 0.322459
vt 0.485387 0.329453
vt 0.485144 0.322790
vt 0.478296 0.329698
vt 0.478133 0.323034
vt 0.471198 0.329853
vt 0.471115 0.323193
vt 0.464099 0.329921
vt 0.464095 0.323266
vt 0.457003 0.329900
vt 0.457076 0.323254
vt 0.449914 0.329789
vt 0.450064 0.323157
vt 0.442835 0.329596
vt 0.443063 0.322979
vt 0.435770 0.329317
vt 0.436078 0.322718
vt 0.428722 0.328948
vt 0.429112 0.322373
vt 0.421693 0.328482
vt 0.422167 0.321940
vt 0.414687 0.327910
vt 0.415238 0.321414
vt 0.407712 0.327220
vt 0.408314 0.320781
vt 0.400780 0.326399
vt 0.401356 0.320019
vt 0.393929 0.325454
vt 0.394269 0.319109
vt 0.387229 0.324481
vt 0.527859 0.319364
vt 0.520458 0.326886
vt 0.520347 0.320092
vt 0.513558 0.327551
vt 0.513183 0.320865
vt 0.506568 0.328165
vt 0.506144 0.321510
vt 0.499531 0.328689
vt 0.485003 0.318242
vt 0.478045 0.318487
vt 0.471080 0.318648
vt 0.464111 0.318726
vt 0.457142 0.318721
vt 0.450180 0.318632
vt 0.443229 0.318463
vt 0.436296 0.318214
vt 0.429383 0.317885
vt 0.422493 0.317475
vt 0.415622 0.316981
vt 0.408753 0.316394
vt 0.401836 0.315693
vt 0.394751 0.314831
vt 0.387206 0.313707
vt 0.526202 0.308430
vt 0.520035 0.315580
vt 0.512855 0.316360
vt 0.505843 0.316987
vt 0.498891 0.317498
vt 0.491950 0.317913
vt 0.391272 0.300594
vt 0.523376 0.293430
vt 0.491153 0.295778
vt 0.497726 0.292041
vt 0.491040 0.292496
vt 0.484424 0.296143
vt 0.484318 0.292872
vt 0.477666 0.296428
vt 0.477571 0.293166
vt 0.470887 0.296631
vt 0.470808 0.293377
vt 0.464098 0.296753
vt 0.464034 0.293505
vt 0.457306 0.296793
vt 0.457257 0.293552
vt 0.450515 0.296753
vt 0.450481 0.293520
vt 0.443734 0.296637
vt 0.443713 0.293410
vt 0.436967 0.296448
vt 0.436956 0.293228
vt 0.430224 0.296193
vt 0.430218 0.292980
vt 0.423514 0.295879
vt 0.423506 0.292674
vt 0.416850 0.295516
vt 0.416827 0.292322
vt 0.410255 0.295124
vt 0.410193 0.291946
vt 0.403761 0.294728
vt 0.403611 0.291580
vt 0.397413 0.294391
vt 0.397053 0.291321
vt 0.391227 0.294487
vt 0.524112 0.290140
vt 0.517266 0.293679
vt 0.517496 0.290373
vt 0.510942 0.294246
vt 0.510945 0.290929
vt 0.504444 0.294818
vt 0.504364 0.291512
vt 0.497834 0.295334
vt 0.491338 0.303275
vt 0.484814 0.312249
vt 0.484570 0.303614
vt 0.477926 0.312496
vt 0.477771 0.303876
vt 0.471026 0.312663
vt 0.470951 0.304058
vt 0.464119 0.312749
vt 0.464121 0.304160
vt 0.457212 0.312753
vt 0.457288 0.304180
vt 0.450311 0.312676
vt 0.450458 0.304122
vt 0.443421 0.312520
vt 0.443641 0.303987
vt 0.436550 0.312287
vt 0.436842 0.303778
vt 0.429702 0.311979
vt 0.430071 0.303501
vt 0.422883 0.311599
vt 0.423340 0.303161
vt 0.416092 0.311149
vt 0.416662 0.302770
vt 0.409320 0.310629
vt 0.410064 0.302341
vt 0.402540 0.310025
vt 0.403586 0.301889
vt 0.395691 0.309270
vt 0.397297 0.301391
vt 0.388743 0.308078
vt 0.523535 0.300155
vt 0.519164 0.309673
vt 0.517514 0.301188
vt 0.512236 0.310442
vt 0.511208 0.301830
vt 0.505379 0.311028
vt 0.504696 0.302380
vt 0.498537 0.311515
vt 0.498056 0.302862
vt 0.491685 0.311921
vt 0.491272 0.300710
vt 0.484525 0.301057
vt 0.484457 0.298725
vt 0.491193 0.298369
vt 0.497876 0.297936
vt 0.497966 0.300288
vt 0.504473 0.297433
vt 0.504572 0.299796
vt 0.477743 0.301326
vt 0.477688 0.299001
vt 0.470941 0.301515
vt 0.470898 0.299196
vt 0.464128 0.301623
vt 0.464097 0.299311
vt 0.457311 0.301650
vt 0.457292 0.299344
vt 0.450497 0.301599
vt 0.450490 0.299298
vt 0.443695 0.301470
vt 0.443698 0.299176
vt 0.436911 0.301269
vt 0.436924 0.298981
vt 0.430154 0.301000
vt 0.430175 0.298719
vt 0.423436 0.300670
vt 0.423463 0.298397
vt 0.416775 0.300291
vt 0.416805 0.298027
vt 0.410201 0.299879
vt 0.410230 0.297626
vt 0.403770 0.299453
vt 0.403789 0.297217
vt 0.397607 0.299041
vt 0.397599 0.296854
vt 0.391991 0.298594
vt 0.392000 0.296729
vt 0.522698 0.297904
vt 0.517197 0.298624
vt 0.517095 0.296271
vt 0.522743 0.295825
vt 0.511029 0.299240
vt 0.510923 0.296869
vn 0.000000 -1.000000 0.000003
vn 0.000000 -1.000000 0.000005
vn -0.000000 -1.000000 -0.000000
vn 0.000000 -1.000000 -0.000001
vn 0.000000 -1.000000 0.000001
vn 0.000000 -1.000000 0.000000
vn 0.000000 -1.000000 0.000000
vn 0.000000 -1.000000 0.000000
vn 0.000000 -1.000000 0.000005
vn 0.000000 -1.000000 0.000005
vn 0.000000 -1.000000 0.000000
vn 0.000000 -1.000000 -0.000005
vn 0.000000 -1.000000 -0.000005
vn 0.000000 -1.000000 0.000001
vn 0.000000 -1.000000 0.000001
vn 0.000000 -1.000000 0.000000
vn -0.000009 -1.000000 0.000005
vn -0.000003 -1.000000 0.000000
vn 0.000006 -1.000000 -0.000010
vn 0.000000 -1.000000 -0.000005
vn 0.000000 -1.000000 0.000000
vn 0.000000 1.000000 -0.000001
vn 0.000000 1.000000 0.000000
vn 0.000000 1.000000 0.000000
vn 0.000000 1.000000 -0.000000
vn 0.000000 1.000000 -0.000001
vn 0.000000 1.000000 0.000000
vn 0.000000 1.000000 -0.000001
vn 0.000000 1.000000 0.000001
vn 0.000000 1.000000 -0.000000
vn 0.000000 1.000000 -0.000001
vn 0.000000 1.000000 0.000000
vn 0.000000 1.000000 0.000001
vn 0.000000 1.000000 0.000000
vn 0.000000 1.000000 -0.000000
vn 0.000000 1.000000 0.000001
vn 0.000000 1.000000 0.000000
vn 0.000000 1.000000 0.000001
vn 0.000000 1.000000 -0.000001
vn 0.000000 1.000000 -0.000000
vn 0.000000 1.000000 0.000001
vn 0.000000 1.000000 0.000000
vn 0.308483 -0.058985 0.949399
vn 0.308801 -0.037384 0.950392
vn 0.000000 -0.037379 0.999301
vn -0.000000 -0.058985 0.998259
vn 0.308789 -0.037380 0.950396
vn 0.000000 -0.037377 0.999301
vn 0.308794 -0.037388 0.950394
vn 0.000000 -0.037393 0.999301
vn 0.309010 0.009706 0.951009
vn -0.000000 0.009704 0.999953
vn 0.949160 -0.063149 -0.308395
vn 0.807409 -0.063150 -0.586603
vn 0.807613 -0.058985 -0.586755
vn 0.949403 -0.058984 -0.308471
vn 0.586609 -0.063150 -0.807404
vn 0.586760 -0.058983 -0.807610
vn 0.308401 -0.063151 -0.949158
vn 0.308482 -0.058984 -0.949400
vn 0.000000 -0.063150 -0.998004
vn 0.000000 -0.058984 -0.998259
vn -0.308393 -0.063151 -0.949161
vn -0.308475 -0.058984 -0.949402
vn -0.586600 -0.063150 -0.807411
vn -0.586750 -0.058983 -0.807617
vn -0.807408 -0.063152 -0.586604
vn -0.807612 -0.058985 -0.586756
vn -0.949161 -0.063151 -0.308390
vn -0.949405 -0.058985 -0.308467
vn -0.998004 -0.063151 0.000000
vn -0.998259 -0.058985 -0.000000
vn -0.949161 -0.063151 0.308390
vn -0.949405 -0.058985 0.308467
vn -0.807408 -0.063152 0.586604
vn -0.807612 -0.058985 0.586756
vn -0.586599 -0.063150 0.807411
vn -0.586752 -0.058984 0.807616
vn -0.308393 -0.063151 0.949161
vn -0.308476 -0.058985 0.949402
vn 0.000000 -0.063150 0.998004
vn 0.308401 -0.063151 0.949158
vn 0.586608 -0.063150 0.807405
vn 0.586761 -0.058983 0.807609
vn 0.807409 -0.063150 0.586603
vn 0.807613 -0.058985 0.586755
vn 0.949160 -0.063149 0.308396
vn 0.949403 -0.058984 0.308471
vn 0.998004 -0.063149 0.000000
vn 0.998259 -0.058983 -0.000000
vn -0.308999 0.009705 0.951013
vn -0.308788 -0.037388 0.950396
vn -0.308782 -0.037380 0.950398
vn -0.308797 -0.037384 0.950393
vn -0.587755 0.009707 0.808981
vn -0.587361 -0.037381 0.808461
vn -0.587349 -0.037384 0.808470
vn -0.587366 -0.037389 0.808458
vn -0.808980 0.009704 0.587756
vn -0.808464 -0.037381 0.587358
vn -0.808451 -0.037383 0.587376
vn -0.808446 -0.037389 0.587381
vn -0.951013 0.009705 0.308998
vn -0.950392 -0.037385 0.308800
vn -0.950396 -0.037383 0.308787
vn -0.950393 -0.037386 0.308798
vn -0.999953 0.009708 -0.000000
vn -0.999301 -0.037386 -0.000000
vn -0.999301 -0.037385 0.000000
vn -0.999301 -0.037385 0.000000
vn -0.951013 0.009705 -0.308998
vn -0.950392 -0.037385 -0.308800
vn -0.950396 -0.037383 -0.308787
vn -0.950393 -0.037386 -0.308798
vn -0.808980 0.009704 -0.587756
vn -0.808462 -0.037382 -0.587361
vn -0.808446 -0.037383 -0.587382
vn -0.808444 -0.037387 -0.587385
vn -0.587747 0.009706 -0.808986
vn -0.587354 -0.037382 -0.808466
vn -0.587350 -0.037386 -0.808469
vn -0.587354 -0.037385 -0.808466
vn -0.308989 0.009709 -0.951016
vn -0.308786 -0.037383 -0.950397
vn -0.308793 -0.037384 -0.950394
vn -0.308807 -0.037382 -0.950390
vn 0.000000 0.009709 -0.999953
vn 0.000000 -0.037384 -0.999301
vn 0.000000 -0.037381 -0.999301
vn -0.000000 -0.037380 -0.999301
vn 0.308999 0.009709 -0.951013
vn 0.308792 -0.037383 -0.950395
vn 0.308800 -0.037384 -0.950392
vn 0.308811 -0.037382 -0.950389
vn 0.587750 0.009707 -0.808985
vn 0.587364 -0.037382 -0.808459
vn 0.587360 -0.037385 -0.808462
vn 0.587364 -0.037385 -0.808459
vn 0.808982 0.009703 -0.587753
vn 0.808463 -0.037384 -0.587359
vn 0.808444 -0.037382 -0.587384
vn 0.808450 -0.037388 -0.587377
vn 0.951014 0.009704 -0.308995
vn 0.950391 -0.037385 -0.308803
vn 0.950396 -0.037382 -0.308789
vn 0.950393 -0.037389 -0.308796
vn 0.999953 0.009705 -0.000000
vn 0.999301 -0.037384 0.000000
vn 0.999301 -0.037385 0.000000
vn 0.999301 -0.037389 0.000000
vn 0.951014 0.009704 0.308996
vn 0.950391 -0.037384 0.308804
vn 0.950395 -0.037382 0.308790
vn 0.950393 -0.037389 0.308797
vn 0.808982 0.009703 0.587753
vn 0.808465 -0.037382 0.587356
vn 0.808449 -0.037381 0.587377
vn 0.808452 -0.037390 0.587373
vn 0.587758 0.009707 0.808978
vn 0.587372 -0.037381 0.808454
vn 0.587360 -0.037383 0.808462
vn 0.587376 -0.037388 0.808450
vn 0.306875 0.117839 0.944427
vn 0.000000 0.117844 0.993032
vn -0.306879 0.117838 0.944425
vn -0.583666 0.117828 0.803399
vn -0.803372 0.117818 0.583705
vn -0.944426 0.117822 0.306882
vn -0.993034 0.117826 0.000000
vn -0.944426 0.117822 -0.306882
vn -0.803372 0.117818 -0.583705
vn -0.583658 0.117820 -0.803406
vn -0.306849 0.117821 -0.944437
vn 0.000000 0.117826 -0.993034
vn 0.306845 0.117822 -0.944438
vn 0.583670 0.117817 -0.803398
vn 0.803373 0.117821 -0.583703
vn 0.944424 0.117827 -0.306887
vn 0.993034 0.117826 -0.000000
vn 0.944424 0.117826 0.306888
vn 0.803374 0.117820 0.583703
vn 0.583678 0.117825 0.803391
vn 0.000000 -0.094192 0.995554
vn 0.307660 -0.094195 0.946822
vn 0.307655 -0.094195 0.946824
vn -0.000000 -0.094192 0.995554
vn -0.307652 -0.094197 0.946825
vn -0.307653 -0.094197 0.946825
vn -0.585162 -0.094203 0.805426
vn -0.585159 -0.094203 0.805429
vn -0.805408 -0.094199 0.585188
vn -0.805412 -0.094199 0.585181
vn -0.946824 -0.094197 0.307656
vn -0.946829 -0.094197 0.307637
vn -0.995553 -0.094199 -0.000000
vn -0.995553 -0.094199 0.000000
vn -0.946823 -0.094199 -0.307657
vn -0.946825 -0.094199 -0.307652
vn -0.805413 -0.094200 -0.585181
vn -0.805417 -0.094200 -0.585175
vn -0.585180 -0.094203 -0.805413
vn -0.585175 -0.094203 -0.805417
vn -0.307626 -0.094203 -0.946833
vn -0.307629 -0.094203 -0.946832
vn 0.000000 -0.094204 -0.995553
vn -0.000000 -0.094204 -0.995553
vn 0.307633 -0.094202 -0.946830
vn 0.307631 -0.094202 -0.946831
vn 0.585184 -0.094201 -0.805410
vn 0.585175 -0.094201 -0.805417
vn 0.805416 -0.094198 -0.585176
vn 0.805419 -0.094198 -0.585173
vn 0.946825 -0.094195 -0.307652
vn 0.946826 -0.094195 -0.307649
vn 0.995554 -0.094195 -0.000000
vn 0.995554 -0.094195 0.000000
vn 0.946825 -0.094193 0.307651
vn 0.946831 -0.094193 0.307635
vn 0.805411 -0.094196 0.585183
vn 0.805415 -0.094196 0.585179
vn 0.585166 -0.094201 0.805423
vn 0.585159 -0.094201 0.805429
vn 0.289198 0.352493 0.890008
vn 0.304831 -0.164534 0.938087
vn 0.579769 -0.164551 0.797992
vn 0.550014 0.352493 0.757122
vn -0.000000 0.352485 0.935817
vn -0.000000 -0.164528 0.986372
vn 0.797989 -0.164562 0.579770
vn 0.757068 0.352494 0.550088
vn -0.289193 0.352493 0.890009
vn -0.304828 -0.164534 0.938088
vn -0.550017 0.352490 0.757121
vn -0.579762 -0.164549 0.797997
vn -0.757069 0.352492 0.550088
vn -0.797987 -0.164553 0.579775
vn -0.890014 0.352489 0.289184
vn -0.938098 -0.164531 0.304797
vn -0.935815 0.352492 0.000000
vn -0.986374 -0.164519 0.000000
vn -0.890008 0.352489 -0.289202
vn -0.938095 -0.164526 -0.304809
vn -0.757077 0.352495 -0.550075
vn -0.797980 -0.164525 -0.579793
vn -0.550074 0.352490 -0.757079
vn -0.579767 -0.164518 -0.798000
vn -0.289187 0.352498 -0.890009
vn -0.304816 -0.164531 -0.938092
vn 0.000000 0.352500 -0.935812
vn -0.000000 -0.164546 -0.986369
vn 0.289192 0.352497 -0.890008
vn 0.304818 -0.164532 -0.938091
vn 0.550072 0.352492 -0.757080
vn 0.579774 -0.164520 -0.797995
vn 0.757075 0.352497 -0.550075
vn 0.797981 -0.164534 -0.579789
vn 0.890007 0.352493 -0.289199
vn 0.938094 -0.164547 -0.304802
vn 0.935814 0.352494 0.000001
vn 0.986369 -0.164546 0.000001
vn 0.890013 0.352492 0.289180
vn 0.938097 -0.164552 0.304790
vn 0.257803 0.551441 0.793379
vn 0.490316 0.551464 0.674891
vn 0.000000 0.551436 0.834217
vn -0.257799 0.551442 0.793380
vn -0.490312 0.551466 0.674892
vn -0.674878 0.551462 0.490337
vn -0.793390 0.551435 0.257783
vn -0.834225 0.551423 -0.000000
vn -0.793389 0.551433 -0.257790
vn -0.674886 0.551428 -0.490363
vn -0.490351 0.551421 -0.674900
vn -0.257786 0.551437 -0.793387
vn 0.000000 0.551451 -0.834207
vn 0.257790 0.551437 -0.793386
vn 0.490355 0.551420 -0.674899
vn 0.674883 0.551432 -0.490362
vn 0.793383 0.551443 -0.257787
vn 0.834217 0.551437 0.000000
vn 0.793384 0.551443 0.257781
vn 0.674876 0.551465 0.490336
vn 0.000000 -0.421012 0.907055
vn 0.280317 -0.421005 0.862657
vn -0.280313 -0.421005 0.862658
vn -0.533141 -0.421010 0.733833
vn -0.733819 -0.421020 0.533153
vn -0.862660 -0.421021 0.280284
vn -0.907052 -0.421020 0.000000
vn -0.862656 -0.421022 -0.280296
vn -0.733820 -0.421014 -0.533156
vn -0.533148 -0.421012 -0.733827
vn -0.280286 -0.421021 -0.862659
vn -0.000000 -0.421032 -0.907046
vn 0.280289 -0.421022 -0.862658
vn 0.533149 -0.421014 -0.733826
vn 0.733820 -0.421017 -0.533153
vn 0.862656 -0.421025 -0.280289
vn 0.907050 -0.421022 0.000000
vn 0.862661 -0.421024 0.280277
vn 0.733819 -0.421023 0.533151
vn 0.533142 -0.421012 0.733831
vn 0.307369 0.103435 0.945952
vn 0.307409 0.103435 0.945939
vn -0.000000 0.103426 0.994637
vn -0.000000 0.103426 0.994637
vn 0.584618 0.103417 0.804691
vn 0.584642 0.103417 0.804673
vn 0.804701 0.103375 0.584610
vn 0.804660 0.103375 0.584668
vn -0.307396 0.103438 0.945943
vn -0.307374 0.103438 0.945950
vn -0.584637 0.103419 0.804676
vn -0.584613 0.103419 0.804694
vn -0.804659 0.103388 0.584666
vn -0.804701 0.103388 0.584608
vn -0.945956 0.103399 0.307370
vn -0.945965 0.103399 0.307341
vn -0.994639 0.103411 -0.000000
vn -0.994639 0.103411 0.000000
vn -0.945973 0.103437 -0.307304
vn -0.945936 0.103437 -0.307419
vn -0.804696 0.103445 -0.584606
vn -0.804662 0.103445 -0.584652
vn -0.584617 0.103415 -0.804691
vn -0.584597 0.103415 -0.804706
vn -0.307316 0.103373 -0.945976
vn -0.307347 0.103373 -0.945966
vn 0.000000 0.103357 -0.994644
vn 0.000000 0.103357 -0.994644
vn 0.307335 0.103370 -0.945970
vn 0.307338 0.103370 -0.945969
vn 0.584623 0.103410 -0.804688
vn 0.584602 0.103410 -0.804703
vn 0.804698 0.103428 -0.584605
vn 0.804661 0.103428 -0.584656
vn 0.945979 0.103411 -0.307296
vn 0.945935 0.103411 -0.307431
vn 0.994641 0.103392 -0.000000
vn 0.994641 0.103392 -0.000000
vn 0.945962 0.103376 0.307359
vn 0.945964 0.103376 0.307352
vn 0.232007 0.660592 0.713996
vn 0.232003 0.660592 0.713997
vn 0.441254 0.660628 0.607343
vn 0.441253 0.660628 0.607344
vn 0.000000 0.660593 0.750744
vn -0.000000 0.660593 0.750744
vn -0.231997 0.660596 0.713996
vn -0.232003 0.660596 0.713994
vn -0.441246 0.660635 0.607341
vn -0.441248 0.660635 0.607340
vn -0.607318 0.660657 0.441245
vn -0.607313 0.660657 0.441253
vn -0.713943 0.660662 0.231970
vn -0.713942 0.660662 0.231974
vn -0.750688 0.660656 0.000000
vn -0.750689 0.660656 0.000000
vn -0.713947 0.660659 -0.231970
vn -0.713945 0.660659 -0.231974
vn -0.607322 0.660651 -0.441248
vn -0.607317 0.660651 -0.441256
vn -0.441217 0.660658 -0.607337
vn -0.441222 0.660658 -0.607333
vn -0.231951 0.660668 -0.713944
vn -0.231948 0.660668 -0.713945
vn 0.000000 0.660686 -0.750662
vn -0.000000 0.660686 -0.750662
vn 0.231959 0.660665 -0.713944
vn 0.231947 0.660665 -0.713948
vn 0.441223 0.660652 -0.607339
vn 0.441227 0.660652 -0.607336
vn 0.607338 0.660637 -0.441247
vn 0.607329 0.660637 -0.441259
vn 0.713963 0.660638 -0.231979
vn 0.713961 0.660638 -0.231986
vn 0.750702 0.660641 0.000000
vn 0.750702 0.660641 0.000000
vn 0.713961 0.660640 0.231978
vn 0.713959 0.660640 0.231985
vn 0.607336 0.660641 0.441244
vn 0.607326 0.660641 0.441258
vn 0.000000 -0.466072 0.884747
vn 0.273428 -0.466072 0.841436
vn -0.273422 -0.466073 0.841437
vn -0.520027 -0.466078 0.715781
vn -0.715768 -0.466078 0.520046
vn -0.841436 -0.466086 0.273405
vn -0.884737 -0.466091 -0.000000
vn -0.841433 -0.466091 -0.273405
vn -0.715772 -0.466080 -0.520038
vn -0.520026 -0.466081 -0.715780
vn -0.273383 -0.466081 -0.841445
vn -0.000000 -0.466087 -0.884739
vn 0.273389 -0.466080 -0.841444
vn 0.520032 -0.466078 -0.715778
vn 0.715777 -0.466072 -0.520039
vn 0.841446 -0.466072 -0.273397
vn 0.884749 -0.466068 -0.000000
vn 0.841449 -0.466066 0.273397
vn 0.715773 -0.466069 0.520047
vn 0.520033 -0.466075 0.715779
vn 0.000000 -1.000000 -0.000001
vn 0.000000 -1.000000 -0.000001
vn 0.000000 -1.000000 -0.000001
vn 0.000000 -1.000000 -0.000001
vn 0.000014 1.000000 -0.000001
vn 0.000014 1.000000 -0.000001
vn 0.000014 1.000000 -0.000001
vn 0.000014 1.000000 -0.000001
vn -0.000013 1.000000 0.000006
vn -0.000013 1.000000 0.000006
vn -0.000013 1.000000 0.000006
vn -0.000013 1.000000 0.000006
vn 0.000000 -1.000000 -0.000001
vn 0.000000 -1.000000 -0.000001
vn 0.000000 -1.000000 -0.000001
vn 0.000000 -1.000000 -0.000001
vn 0.000010 1.000000 -0.000010
vn 0.000010 1.000000 -0.000010
vn 0.000010 1.000000 -0.000010
vn 0.000010 1.000000 -0.000010
vn 0.000000 -1.000000 0.000002
vn 0.000000 -1.000000 0.000002
vn 0.000000 -1.000000 0.000002
vn 0.000000 -1.000000 0.000002
vn 0.000000 -1.000000 -0.000003
vn 0.000000 -1.000000 -0.000003
vn 0.000000 -1.000000 -0.000003
vn 0.000000 -1.000000 -0.000003
vn -0.000014 1.000000 -0.000006
vn -0.000014 1.000000 -0.000006
vn -0.000014 1.000000 -0.000006
vn -0.000014 1.000000 -0.000006
vn 0.000000 -1.000000 -0.000002
vn 0.000000 -1.000000 -0.000002
vn 0.000000 -1.000000 -0.000002
vn 0.000000 -1.000000 -0.000002
vn 0.000013 1.000000 0.000004
vn 0.000013 1.000000 0.000004
vn 0.000013 1.000000 0.000004
vn 0.000013 1.000000 0.000004
vn 0.000000 -1.000000 -0.000001
vn 0.000000 -1.000000 -0.000001
vn 0.000000 -1.000000 -0.000001
vn 0.000000 -1.000000 -0.000001
vn -0.000010 1.000000 -0.000010
vn -0.000010 1.000000 -0.000010
vn -0.000010 1.000000 -0.000010
vn -0.000010 1.000000 -0.000010
vn 0.000000 -1.000000 0.000002
vn 0.000000 -1.000000 0.000002
vn 0.000000 -1.000000 0.000002
vn 0.000000 -1.000000 0.000002
vn 0.000006 1.000000 0.000010
vn 0.000006 1.000000 0.000010
vn 0.000006 1.000000 0.000010
vn 0.000006 1.000000 0.000010
vn 0.000000 -1.000000 0.000000
vn 0.000000 -1.000000 0.000000
vn 0.000000 -1.000000 0.000000
vn 0.000000 -1.000000 0.000000
vn -0.000002 1.000000 -0.000015
vn -0.000002 1.000000 -0.000015
vn -0.000002 1.000000 -0.000015
vn -0.000002 1.000000 -0.000015
vn 0.000000 -1.000000 0.000000
vn 0.000000 -1.000000 0.000000
vn 0.000000 -1.000000 0.000000
vn 0.000000 -1.000000 0.000000
vn -0.000002 1.000000 0.000015
vn -0.000002 1.000000 0.000015
vn -0.000002 1.000000 0.000015
vn -0.000002 1.000000 0.000015
vn 0.000000 -1.000000 -0.000002
vn 0.000000 -1.000000 -0.000002
vn 0.000000 -1.000000 -0.000002
vn 0.000000 -1.000000 -0.000002
vn 0.000000 1.000000 0.000001
vn 0.000000 1.000000 0.000001
vn 0.000000 1.000000 0.000001
vn 0.000000 1.000000 0.000001
vn 0.000000 -1.000000 0.000002
vn 0.000000 -1.000000 0.000002
vn 0.000000 -1.000000 0.000002
vn 0.000000 -1.000000 0.000002
vn 0.000000 1.000000 0.000000
vn 0.000000 1.000000 0.000000
vn 0.000000 1.000000 0.000000
vn 0.000000 1.000000 0.000000
vn 0.000000 -1.000000 0.000005
vn 0.000000 -1.000000 0.000005
vn 0.000000 -1.000000 0.000005
vn 0.000000 -1.000000 0.000005
vn 0.000000 1.000000 -0.000001
vn 0.000000 1.000000 -0.000001
vn 0.000000 1.000000 -0.000001
vn 0.000000 1.000000 -0.000001
vn 0.000000 -1.000000 0.000002
vn 0.000000 -1.000000 0.000002
vn 0.000000 -1.000000 0.000002
vn 0.000000 -1.000000 0.000002
vn 0.000014 1.000000 -0.000001
vn 0.000014 1.000000 -0.000001
vn 0.000014 1.000000 -0.000001
vn 0.000014 1.000000 -0.000001
vn 0.000000 -1.000000 0.000001
vn 0.000000 -1.000000 0.000001
vn 0.000000 -1.000000 0.000001
vn 0.000000 -1.000000 0.000001
vn -0.000014 1.000000 -0.000005
vn -0.000014 1.000000 -0.000005
vn -0.000014 1.000000 -0.000005
vn -0.000014 1.000000 -0.000005
vn 0.000000 -1.000000 -0.000001
vn 0.000000 -1.000000 -0.000001
vn 0.000000 -1.000000 -0.000001
vn 0.000000 -1.000000 -0.000001
vn 0.000000 1.000000 0.000000
vn 0.000000 1.000000 0.000000
vn 0.000000 1.000000 0.000000
vn 0.000000 1.000000 0.000000
vn 0.000000 -1.000000 -0.000001
vn 0.000000 -1.000000 -0.000001
vn 0.000000 -1.000000 -0.000001
vn 0.000000 -1.000000 -0.000001
vn 0.000000 1.000000 0.000001
vn 0.000000 1.000000 0.000001
vn 0.000000 1.000000 0.000001
vn 0.000000 1.000000 0.000001
vn 0.000000 -1.000000 0.000000
vn 0.000000 -1.000000 0.000000
vn 0.000000 -1.000000 0.000000
vn 0.000000 -1.000000 0.000000
vn 0.000000 1.000000 0.000000
vn 0.000000 1.000000 0.000000
vn 0.000000 1.000000 0.000000
vn 0.000000 1.000000 0.000000
vn 0.000000 -1.000000 0.000000
vn 0.000000 -1.000000 0.000000
vn 0.000000 -1.000000 0.000000
vn 0.000000 -1.000000 0.000000
vn 0.000000 1.000000 0.000000
vn 0.000000 1.000000 0.000000
vn 0.000000 1.000000 0.000000
vn 0.000000 1.000000 0.000000
vn 0.000000 -1.000000 0.000002
vn 0.000000 -1.000000 0.000002
vn 0.000000 -1.000000 0.000002
vn 0.000000 -1.000000 0.000002
vn 0.000000 1.000000 -0.000002
vn 0.000000 1.000000 -0.000002
vn 0.000000 1.000000 -0.000002
vn 0.000000 1.000000 -0.000002
vn 0.000000 -1.000000 0.000002
vn 0.000000 -1.000000 0.000002
vn 0.000000 -1.000000 0.000002
vn 0.000000 -1.000000 0.000002
vn -0.000006 1.000000 0.000012
vn -0.000006 1.000000 0.000012
vn -0.000006 1.000000 0.000012
vn -0.000006 1.000000 0.000012
s 1
g Chair Leg_F_R
usemtl initialShadingGroup
f 3434/3874/5285 3433/3873/5286 3473/3913/5287
f 3435/3875/5288 3434/3874/5285 3473/3913/5287
f 3436/3876/5289 3435/3875/5288 3473/3913/5287
f 3437/3877/5290 3436/3876/5289 3473/3913/5287
f 3438/3878/5291 3437/3877/5290 3473/3913/5287
f 3439/3879/5292 3438/3878/5291 3473/3913/5287
f 3440/3880/5293 3439/3879/5292 3473/3913/5287
f 3441/3881/5294 3440/3880/5293 3473/3913/5287
f 3442/3882/5295 3441/3881/5294 3473/3913/5287
f 3443/3883/5296 3442/3882/5295 3473/3913/5287
f 3444/3884/5297 3443/3883/5296 3473/3913/5287
f 3445/3885/5298 3444/3884/5297 3473/3913/5287
f 3446/3886/5299 3445/3885/5298 3473/3913/5287
f 3447/3887/5300 3446/3886/5299 3473/3913/5287
f 3448/3888/5301 3447/3887/5300 3473/3913/5287
f 3449/3889/5302 3448/3888/5301 3473/3913/5287
f 3450/3890/5303 3449/3889/5302 3473/3913/5287
f 3451/3891/5304 3450/3890/5303 3473/3913/5287
f 3452/3892/5305 3451/3891/5304 3473/3913/5287
f 3433/3873/5286 3452/3892/5305 3473/3913/5287
s 2
f 3453/3911/5306 3454/3910/5307 3474/3914/5308
f 3454/3910/5307 3455/3909/5309 3474/3914/5308
f 3455/3909/5309 3456/3908/5310 3474/3914/5308
f 3456/3908/5310 3457/3907/5311 3474/3914/5308
f 3457/3907/5311 3458/3906/5312 3474/3914/5308
f 3458/3906/5312 3459/3905/5313 3474/3914/5308
f 3459/3905/5313 3460/3904/5314 3474/3914/5308
f 3460/3904/5314 3461/3903/5315 3474/3914/5308
f 3461/3903/5315 3462/3902/5316 3474/3914/5308
f 3462/3902/5316 3463/3901/5317 3474/3914/5308
f 3463/3901/5317 3464/3900/5318 3474/3914/5308
f 3464/3900/5318 3465/3899/5319 3474/3914/5308
f 3465/3899/5319 3466/3898/5320 3474/3914/5308
f 3466/3898/5320 3467/3897/5321 3474/3914/5308
f 3467/3897/5321 3468/3896/5322 3474/3914/5308
f 3468/3896/5322 3469/3895/5323 3474/3914/5308
f 3469/3895/5323 3470/3894/5324 3474/3914/5308
f 3470/3894/5324 3471/3893/5325 3474/3914/5308
f 3471/3893/5325 3472/3912/5326 3474/3914/5308
f 3472/3912/5326 3453/3911/5306 3474/3914/5308
s 3
f 3479/3945/5327 3478/3958/5328 3481/3959/5329 3480/3943/5330
f 3478/3958/5328 3477/3957/5331 3482/3960/5332 3481/3959/5329
f 3477/3957/5331 3476/3956/5333 3483/3961/5334 3482/3960/5332
f 3476/3956/5333 3475/4019/5335 3484/4020/5336 3483/3961/5334
f 3433/3915/5337 3434/3916/5338 3545/3919/5339 3550/3917/5340
f 3434/3916/5338 3435/3918/5341 3540/3921/5342 3545/3919/5339
f 3435/3918/5341 3436/3920/5343 3535/3923/5344 3540/3921/5342
f 3436/3920/5343 3437/3922/5345 3530/3925/5346 3535/3923/5344
f 3437/3922/5345 3438/3924/5347 3525/3927/5348 3530/3925/5346
f 3438/3924/5347 3439/3926/5349 3520/3929/5350 3525/3927/5348
f 3439/3926/5349 3440/3928/5351 3515/3931/5352 3520/3929/5350
f 3440/3928/5351 3441/3930/5353 3510/3932/5354 3515/3931/5352
f 3441/3930/5353 3442/3882/5355 3505/3933/5356 3510/3932/5354
f 3442/3882/5355 3443/3883/5357 3500/3935/5358 3505/3933/5356
f 3443/3883/5357 3444/3934/5359 3495/3937/5360 3500/3935/5358
f 3444/3934/5359 3445/3936/5361 3490/3939/5362 3495/3937/5360
f 3445/3936/5361 3446/3938/5363 3485/3941/5364 3490/3939/5362
f 3446/3938/5363 3447/3940/5365 3480/3943/5330 3485/3941/5364
f 3447/3940/5365 3448/3942/5366 3479/3945/5327 3480/3943/5330
f 3448/3942/5366 3449/3944/5367 3570/3947/5368 3479/3945/5327
f 3449/3944/5367 3450/3946/5369 3565/3949/5370 3570/3947/5368
f 3450/3946/5369 3451/3948/5371 3560/3951/5372 3565/3949/5370
f 3451/3948/5371 3452/3950/5373 3555/3953/5374 3560/3951/5372
f 3452/3950/5373 3433/3952/5337 3550/3955/5340 3555/3953/5374
f 3483/3961/5334 3484/4020/5336 3489/4021/5375 3488/3964/5376
f 3482/3960/5332 3483/3961/5334 3488/3964/5376 3487/3963/5377
f 3480/3943/5330 3481/3959/5329 3486/3962/5378 3485/3941/5364
f 3481/3959/5329 3482/3960/5332 3487/3963/5377 3486/3962/5378
f 3488/3964/5376 3489/4021/5375 3494/4022/5379 3493/3967/5380
f 3487/3963/5377 3488/3964/5376 3493/3967/5380 3492/3966/5381
f 3485/3941/5364 3486/3962/5378 3491/3965/5382 3490/3939/5362
f 3486/3962/5378 3487/3963/5377 3492/3966/5381 3491/3965/5382
f 3493/3967/5380 3494/4022/5379 3499/4023/5383 3498/3970/5384
f 3492/3966/5381 3493/3967/5380 3498/3970/5384 3497/3969/5385
f 3490/3939/5362 3491/3965/5382 3496/3968/5386 3495/3937/5360
f 3491/3965/5382 3492/3966/5381 3497/3969/5385 3496/3968/5386
f 3498/3970/5384 3499/4023/5383 3504/4024/5387 3503/3973/5388
f 3497/3969/5385 3498/3970/5384 3503/3973/5388 3502/3972/5389
f 3495/3937/5360 3496/3968/5386 3501/3971/5390 3500/3935/5358
f 3496/3968/5386 3497/3969/5385 3502/3972/5389 3501/3971/5390
f 3503/3973/5388 3504/4024/5387 3509/4025/5391 3508/3976/5392
f 3502/3972/5389 3503/3973/5388 3508/3976/5392 3507/3975/5393
f 3500/3935/5358 3501/3971/5390 3506/3974/5394 3505/3933/5356
f 3501/3971/5390 3502/3972/5389 3507/3975/5393 3506/3974/5394
f 3508/3976/5392 3509/4025/5391 3514/4026/5395 3513/3979/5396
f 3507/3975/5393 3508/3976/5392 3513/3979/5396 3512/3978/5397
f 3505/3933/5356 3506/3974/5394 3511/3977/5398 3510/3932/5354
f 3506/3974/5394 3507/3975/5393 3512/3978/5397 3511/3977/5398
f 3513/3979/5396 3514/4026/5395 3519/4027/5399 3518/3982/5400
f 3512/3978/5397 3513/3979/5396 3518/3982/5400 3517/3981/5401
f 3510/3932/5354 3511/3977/5398 3516/3980/5402 3515/3931/5352
f 3511/3977/5398 3512/3978/5397 3517/3981/5401 3516/3980/5402
f 3518/3982/5400 3519/4027/5399 3524/4028/5403 3523/3985/5404
f 3517/3981/5401 3518/3982/5400 3523/3985/5404 3522/3984/5405
f 3515/3931/5352 3516/3980/5402 3521/3983/5406 3520/3929/5350
f 3516/3980/5402 3517/3981/5401 3522/3984/5405 3521/3983/5406
f 3523/3985/5404 3524/4028/5403 3529/4029/5407 3528/3988/5408
f 3522/3984/5405 3523/3985/5404 3528/3988/5408 3527/3987/5409
f 3520/3929/5350 3521/3983/5406 3526/3986/5410 3525/3927/5348
f 3521/3983/5406 3522/3984/5405 3527/3987/5409 3526/3986/5410
f 3528/3988/5408 3529/4029/5407 3534/4030/5411 3533/3991/5412
f 3527/3987/5409 3528/3988/5408 3533/3991/5412 3532/3990/5413
f 3525/3927/5348 3526/3986/5410 3531/3989/5414 3530/3925/5346
f 3526/3986/5410 3527/3987/5409 3532/3990/5413 3531/3989/5414
f 3533/3991/5412 3534/4030/5411 3539/4031/5415 3538/3994/5416
f 3532/3990/5413 3533/3991/5412 3538/3994/5416 3537/3993/5417
f 3530/3925/5346 3531/3989/5414 3536/3992/5418 3535/3923/5344
f 3531/3989/5414 3532/3990/5413 3537/3993/5417 3536/3992/5418
f 3538/3994/5416 3539/4031/5415 3544/4032/5419 3543/3997/5420
f 3537/3993/5417 3538/3994/5416 3543/3997/5420 3542/3996/5421
f 3535/3923/5344 3536/3992/5418 3541/3995/5422 3540/3921/5342
f 3536/3992/5418 3537/3993/5417 3542/3996/5421 3541/3995/5422
f 3543/3997/5420 3544/4032/5419 3549/4033/5423 3548/4000/5424
f 3542/3996/5421 3543/3997/5420 3548/4000/5424 3547/3999/5425
f 3540/3921/5342 3541/3995/5422 3546/3998/5426 3545/3919/5339
f 3541/3995/5422 3542/3996/5421 3547/3999/5425 3546/3998/5426
f 3548/4000/5424 3549/4033/5423 3554/3954/5427 3553/4006/5428
f 3547/3999/5425 3548/4000/5424 3553/4006/5428 3552/4004/5429
f 3545/3919/5339 3546/3998/5426 3551/4002/5430 3550/3917/5340
f 3546/3998/5426 3547/3999/5425 3552/4004/5429 3551/4002/5430
f 3553/4005/5428 3554/4035/5427 3559/4036/5431 3558/4009/5432
f 3552/4003/5429 3553/4005/5428 3558/4009/5432 3557/4008/5433
f 3550/3955/5340 3551/4001/5430 3556/4007/5434 3555/3953/5374
f 3551/4001/5430 3552/4003/5429 3557/4008/5433 3556/4007/5434
f 3558/4009/5432 3559/4036/5431 3564/4037/5435 3563/4012/5436
f 3557/4008/5433 3558/4009/5432 3563/4012/5436 3562/4011/5437
f 3555/3953/5374 3556/4007/5434 3561/4010/5438 3560/3951/5372
f 3556/4007/5434 3557/4008/5433 3562/4011/5437 3561/4010/5438
f 3563/4012/5436 3564/4037/5435 3569/4038/5439 3568/4015/5440
f 3562/4011/5437 3563/4012/5436 3568/4015/5440 3567/4014/5441
f 3560/3951/5372 3561/4010/5438 3566/4013/5442 3565/3949/5370
f 3561/4010/5438 3562/4011/5437 3567/4014/5441 3566/4013/5442
f 3568/4015/5440 3569/4038/5439 3574/4039/5443 3573/4018/5444
f 3567/4014/5441 3568/4015/5440 3573/4018/5444 3572/4017/5445
f 3565/3949/5370 3566/4013/5442 3571/4016/5446 3570/3947/5368
f 3566/4013/5442 3567/4014/5441 3572/4017/5445 3571/4016/5446
f 3475/4019/5335 3476/3956/5333 3573/4018/5444 3574/4039/5443
f 3476/3956/5333 3477/3957/5331 3572/4017/5445 3573/4018/5444
f 3477/3957/5331 3478/3958/5328 3571/4016/5446 3572/4017/5445
f 3478/3958/5328 3479/3945/5327 3570/3947/5368 3571/4016/5446
f 3484/4020/5336 3475/4019/5335 3595/4127/5447 3596/4129/5448
f 3489/4021/5375 3484/4020/5336 3596/4129/5448 3597/4131/5449
f 3494/4022/5379 3489/4021/5375 3597/4131/5449 3598/4133/5450
f 3499/4023/5383 3494/4022/5379 3598/4133/5450 3599/4135/5451
f 3504/4024/5387 3499/4023/5383 3599/4135/5451 3600/4137/5452
f 3509/4025/5391 3504/4024/5387 3600/4137/5452 3601/4139/5453
f 3514/4026/5395 3509/4025/5391 3601/4139/5453 3602/4141/5454
f 3519/4027/5399 3514/4026/5395 3602/4141/5454 3603/4143/5455
f 3524/4028/5403 3519/4027/5399 3603/4143/5455 3604/4145/5456
f 3529/4029/5407 3524/4028/5403 3604/4145/5456 3605/4147/5457
f 3534/4030/5411 3529/4029/5407 3605/4147/5457 3606/4149/5458
f 3539/4031/5415 3534/4030/5411 3606/4149/5458 3607/4151/5459
f 3544/4032/5419 3539/4031/5415 3607/4151/5459 3608/4153/5460
f 3549/4033/5423 3544/4032/5419 3608/4153/5460 3609/4155/5461
f 3554/3954/5427 3549/4033/5423 3609/4155/5461 3610/4034/5462
f 3559/4036/5431 3554/4035/5427 3610/4157/5462 3611/4159/5463
f 3564/4037/5435 3559/4036/5431 3611/4159/5463 3612/4161/5464
f 3569/4038/5439 3564/4037/5435 3612/4161/5464 3613/4163/5465
f 3574/4039/5443 3569/4038/5439 3613/4163/5465 3614/4126/5466
f 3475/4019/5335 3574/4039/5443 3614/4126/5466 3595/4127/5447
s 5
f 3616/4065/5467 3615/4062/5468 3468/4059/5469 3467/4040/5470
f 3617/4067/5471 3616/4065/5467 3467/4040/5470 3466/4041/5472
f 3618/4069/5473 3617/4067/5471 3466/4041/5472 3465/4042/5474
f 3619/4071/5475 3618/4069/5473 3465/4042/5474 3464/4043/5476
f 3620/4073/5477 3619/4071/5475 3464/4043/5476 3463/3901/5478
f 3621/4075/5479 3620/4073/5477 3463/3901/5478 3462/3902/5480
f 3622/4077/5481 3621/4075/5479 3462/3902/5480 3461/4044/5482
f 3623/4079/5483 3622/4077/5481 3461/4044/5482 3460/4045/5484
f 3624/4081/5485 3623/4079/5483 3460/4045/5484 3459/4046/5486
f 3625/4083/5487 3624/4081/5485 3459/4046/5486 3458/4047/5488
f 3626/4085/5489 3625/4083/5487 3458/4047/5488 3457/4048/5490
f 3627/4087/5491 3626/4085/5489 3457/4048/5490 3456/4049/5492
f 3628/4089/5493 3627/4087/5491 3456/4049/5492 3455/4050/5494
f 3629/4091/5495 3628/4089/5493 3455/4050/5494 3454/4051/5496
f 3630/4093/5497 3629/4091/5495 3454/4051/5496 3453/4052/5498
f 3631/4095/5499 3630/4053/5497 3453/4054/5498 3472/4055/5500
f 3632/4097/5501 3631/4095/5499 3472/4055/5500 3471/4056/5502
f 3633/4099/5503 3632/4097/5501 3471/4056/5502 3470/4057/5504
f 3634/4101/5505 3633/4099/5503 3470/4057/5504 3469/4058/5506
f 3615/4062/5468 3634/4101/5505 3469/4058/5506 3468/4059/5469
s 6
f 3635/4064/5507 3636/4122/5508 3638/4121/5509 3637/4063/5510
f 3636/4122/5508 3635/4064/5507 3639/4066/5511 3640/4102/5512
f 3637/4063/5510 3638/4121/5509 3674/4120/5513 3673/4100/5514
f 3640/4102/5512 3639/4066/5511 3641/4068/5515 3642/4103/5516
f 3642/4103/5516 3641/4068/5515 3643/4070/5517 3644/4104/5518
f 3644/4104/5518 3643/4070/5517 3645/4072/5519 3646/4105/5520
f 3646/4105/5520 3645/4072/5519 3647/4074/5521 3648/4106/5522
f 3648/4106/5522 3647/4074/5521 3649/4076/5523 3650/4107/5524
f 3650/4107/5524 3649/4076/5523 3651/4078/5525 3652/4108/5526
f 3652/4108/5526 3651/4078/5525 3653/4080/5527 3654/4109/5528
f 3654/4109/5528 3653/4080/5527 3655/4082/5529 3656/4110/5530
f 3656/4110/5530 3655/4082/5529 3657/4084/5531 3658/4111/5532
f 3658/4111/5532 3657/4084/5531 3659/4086/5533 3660/4112/5534
f 3660/4112/5534 3659/4086/5533 3661/4088/5535 3662/4113/5536
f 3662/4113/5536 3661/4088/5535 3663/4090/5537 3664/4114/5538
f 3664/4114/5538 3663/4090/5537 3665/4092/5539 3666/4115/5540
f 3666/4115/5540 3665/4092/5539 3667/4060/5541 3668/4116/5542
f 3668/4061/5542 3667/4094/5541 3669/4096/5543 3670/4118/5544
f 3670/4118/5544 3669/4096/5543 3671/4098/5545 3672/4119/5546
f 3672/4119/5546 3671/4098/5545 3673/4100/5514 3674/4120/5513
f 3615/4062/5547 3635/4064/5507 3637/4063/5510 3634/4101/5548
f 3635/4064/5507 3615/4062/5547 3616/4065/5549 3639/4066/5511
f 3639/4066/5511 3616/4065/5549 3617/4067/5550 3641/4068/5515
f 3641/4068/5515 3617/4067/5550 3618/4069/5551 3643/4070/5517
f 3643/4070/5517 3618/4069/5551 3619/4071/5552 3645/4072/5519
f 3645/4072/5519 3619/4071/5552 3620/4073/5553 3647/4074/5521
f 3647/4074/5521 3620/4073/5553 3621/4075/5554 3649/4076/5523
f 3649/4076/5523 3621/4075/5554 3622/4077/5555 3651/4078/5525
f 3651/4078/5525 3622/4077/5555 3623/4079/5556 3653/4080/5527
f 3653/4080/5527 3623/4079/5556 3624/4081/5557 3655/4082/5529
f 3655/4082/5529 3624/4081/5557 3625/4083/5558 3657/4084/5531
f 3657/4084/5531 3625/4083/5558 3626/4085/5559 3659/4086/5533
f 3659/4086/5533 3626/4085/5559 3627/4087/5560 3661/4088/5535
f 3661/4088/5535 3627/4087/5560 3628/4089/5561 3663/4090/5537
f 3663/4090/5537 3628/4089/5561 3629/4091/5562 3665/4092/5539
f 3665/4092/5539 3629/4091/5562 3630/4093/5563 3667/4060/5541
f 3667/4094/5541 3630/4053/5563 3631/4095/5564 3669/4096/5543
f 3669/4096/5543 3631/4095/5564 3632/4097/5565 3671/4098/5545
f 3671/4098/5545 3632/4097/5565 3633/4099/5566 3673/4100/5514
f 3673/4100/5514 3633/4099/5566 3634/4101/5548 3637/4063/5510
f 3576/4166/5567 3575/4204/5568 3636/4122/5508 3640/4102/5512
f 3577/4168/5569 3576/4166/5567 3640/4102/5512 3642/4103/5516
f 3578/4170/5570 3577/4168/5569 3642/4103/5516 3644/4104/5518
f 3579/4172/5571 3578/4170/5570 3644/4104/5518 3646/4105/5520
f 3580/4174/5572 3579/4172/5571 3646/4105/5520 3648/4106/5522
f 3581/4176/5573 3580/4174/5572 3648/4106/5522 3650/4107/5524
f 3582/4178/5574 3581/4176/5573 3650/4107/5524 3652/4108/5526
f 3583/4180/5575 3582/4178/5574 3652/4108/5526 3654/4109/5528
f 3584/4182/5576 3583/4180/5575 3654/4109/5528 3656/4110/5530
f 3585/4184/5577 3584/4182/5576 3656/4110/5530 3658/4111/5532
f 3586/4186/5578 3585/4184/5577 3658/4111/5532 3660/4112/5534
f 3587/4188/5579 3586/4186/5578 3660/4112/5534 3662/4113/5536
f 3588/4190/5580 3587/4188/5579 3662/4113/5536 3664/4114/5538
f 3589/4192/5581 3588/4190/5580 3664/4114/5538 3666/4115/5540
f 3590/4194/5582 3589/4192/5581 3666/4115/5540 3668/4116/5542
f 3591/4196/5583 3590/4117/5582 3668/4061/5542 3670/4118/5544
f 3592/4198/5584 3591/4196/5583 3670/4118/5544 3672/4119/5546
f 3593/4200/5585 3592/4198/5584 3672/4119/5546 3674/4120/5513
f 3594/4202/5586 3593/4200/5585 3674/4120/5513 3638/4121/5509
f 3575/4204/5568 3594/4202/5586 3638/4121/5509 3636/4122/5508
s 7
f 3715/4208/5587 3716/4205/5588 3717/4206/5589 3718/4207/5590
f 3716/4205/5588 3715/4208/5587 3719/4209/5591 3720/4210/5592
f 3720/4210/5592 3719/4209/5591 3721/4211/5593 3722/4212/5594
f 3718/4207/5590 3717/4206/5589 3723/4213/5595 3724/4214/5596
f 3724/4214/5596 3723/4213/5595 3725/4215/5597 3726/4216/5598
f 3726/4216/5598 3725/4215/5597 3727/4217/5599 3728/4218/5600
f 3728/4218/5600 3727/4217/5599 3729/4219/5601 3730/4220/5602
f 3730/4220/5602 3729/4219/5601 3731/4221/5603 3732/4222/5604
f 3732/4222/5604 3731/4221/5603 3733/4223/5605 3734/4224/5606
f 3734/4224/5606 3733/4223/5605 3735/4225/5607 3736/4226/5608
f 3736/4226/5608 3735/4225/5607 3737/4227/5609 3738/4228/5610
f 3738/4228/5610 3737/4227/5609 3739/4229/5611 3740/4230/5612
f 3740/4230/5612 3739/4229/5611 3741/4231/5613 3742/4232/5614
f 3742/4232/5614 3741/4231/5613 3743/4233/5615 3744/4234/5616
f 3744/4234/5616 3743/4233/5615 3745/4235/5617 3746/4236/5618
f 3746/4236/5618 3745/4235/5617 3747/4237/5619 3748/4238/5620
f 3748/4238/5620 3747/4237/5619 3749/4239/5621 3750/4240/5622
f 3750/4244/5622 3749/4241/5621 3751/4242/5623 3752/4243/5624
f 3752/4243/5624 3751/4242/5623 3753/4245/5625 3754/4246/5626
f 3754/4246/5626 3753/4245/5625 3722/4212/5594 3721/4211/5593
s 8
f 3675/4125/5627 3595/4127/5628 3614/4126/5629 3677/4164/5630
f 3595/4127/5628 3675/4125/5627 3679/4128/5631 3596/4129/5632
f 3596/4129/5632 3679/4128/5631 3681/4130/5633 3597/4131/5634
f 3597/4131/5634 3681/4130/5633 3683/4132/5635 3598/4133/5636
f 3598/4133/5636 3683/4132/5635 3685/4134/5637 3599/4135/5638
f 3599/4135/5638 3685/4134/5637 3687/4136/5639 3600/4137/5640
f 3600/4137/5640 3687/4136/5639 3689/4138/5641 3601/4139/5642
f 3601/4139/5642 3689/4138/5641 3691/4140/5643 3602/4141/5644
f 3602/4141/5644 3691/4140/5643 3693/4142/5645 3603/4143/5646
f 3603/4143/5646 3693/4142/5645 3695/4144/5647 3604/4145/5648
f 3604/4145/5648 3695/4144/5647 3697/4146/5649 3605/4147/5650
f 3605/4147/5650 3697/4146/5649 3699/4148/5651 3606/4149/5652
f 3606/4149/5652 3699/4148/5651 3701/4150/5653 3607/4151/5654
f 3607/4151/5654 3701/4150/5653 3703/4152/5655 3608/4153/5656
f 3608/4153/5656 3703/4152/5655 3705/4154/5657 3609/4155/5658
f 3609/4155/5658 3705/4154/5657 3707/4156/5659 3610/4034/5660
f 3610/4157/5660 3707/4124/5659 3709/4158/5661 3611/4159/5662
f 3611/4159/5662 3709/4158/5661 3711/4160/5663 3612/4161/5664
f 3612/4161/5664 3711/4160/5663 3713/4162/5665 3613/4163/5666
f 3613/4163/5666 3713/4162/5665 3677/4164/5630 3614/4126/5629
s 6
f 3680/4167/5667 3676/4165/5668 3575/4204/5568 3576/4166/5567
f 3682/4169/5669 3680/4167/5667 3576/4166/5567 3577/4168/5569
f 3684/4171/5670 3682/4169/5669 3577/4168/5569 3578/4170/5570
f 3686/4173/5671 3684/4171/5670 3578/4170/5570 3579/4172/5571
f 3688/4175/5672 3686/4173/5671 3579/4172/5571 3580/4174/5572
f 3690/4177/5673 3688/4175/5672 3580/4174/5572 3581/4176/5573
f 3692/4179/5674 3690/4177/5673 3581/4176/5573 3582/4178/5574
f 3694/4181/5675 3692/4179/5674 3582/4178/5574 3583/4180/5575
f 3696/4183/5676 3694/4181/5675 3583/4180/5575 3584/4182/5576
f 3698/4185/5677 3696/4183/5676 3584/4182/5576 3585/4184/5577
f 3700/4187/5678 3698/4185/5677 3585/4184/5577 3586/4186/5578
f 3702/4189/5679 3700/4187/5678 3586/4186/5578 3587/4188/5579
f 3704/4191/5680 3702/4189/5679 3587/4188/5579 3588/4190/5580
f 3706/4193/5681 3704/4191/5680 3588/4190/5580 3589/4192/5581
f 3708/4123/5682 3706/4193/5681 3589/4192/5581 3590/4194/5582
f 3710/4197/5683 3708/4195/5682 3590/4117/5582 3591/4196/5583
f 3712/4199/5684 3710/4197/5683 3591/4196/5583 3592/4198/5584
f 3714/4201/5685 3712/4199/5684 3592/4198/5584 3593/4200/5585
f 3678/4203/5686 3714/4201/5685 3593/4200/5585 3594/4202/5586
f 3676/4165/5668 3678/4203/5686 3594/4202/5586 3575/4204/5568
s off
f 3676/4165/5687 3680/4167/5688 3717/4206/5689 3716/4205/5690
f 3679/4128/5691 3675/4125/5692 3715/4208/5693 3718/4207/5694
f 3675/4125/5695 3677/4164/5696 3719/4209/5697 3715/4208/5698
f 3678/4203/5699 3676/4165/5700 3716/4205/5701 3720/4210/5702
f 3677/4164/5703 3713/4162/5704 3721/4211/5705 3719/4209/5706
f 3714/4201/5707 3678/4203/5708 3720/4210/5709 3722/4212/5710
f 3680/4167/5711 3682/4169/5712 3723/4213/5713 3717/4206/5714
f 3681/4130/5715 3679/4128/5716 3718/4207/5717 3724/4214/5718
f 3682/4169/5719 3684/4171/5720 3725/4215/5721 3723/4213/5722
f 3683/4132/5723 3681/4130/5724 3724/4214/5725 3726/4216/5726
f 3684/4171/5727 3686/4173/5728 3727/4217/5729 3725/4215/5730
f 3685/4134/5731 3683/4132/5732 3726/4216/5733 3728/4218/5734
f 3686/4173/5735 3688/4175/5736 3729/4219/5737 3727/4217/5738
f 3687/4136/5739 3685/4134/5740 3728/4218/5741 3730/4220/5742
f 3688/4175/5743 3690/4177/5744 3731/4221/5745 3729/4219/5746
f 3689/4138/5747 3687/4136/5748 3730/4220/5749 3732/4222/5750
f 3690/4177/5751 3692/4179/5752 3733/4223/5753 3731/4221/5754
f 3691/4140/5755 3689/4138/5756 3732/4222/5757 3734/4224/5758
f 3692/4179/5759 3694/4181/5760 3735/4225/5761 3733/4223/5762
f 3693/4142/5763 3691/4140/5764 3734/4224/5765 3736/4226/5766
f 3694/4181/5767 3696/4183/5768 3737/4227/5769 3735/4225/5770
f 3695/4144/5771 3693/4142/5772 3736/4226/5773 3738/4228/5774
f 3696/4183/5775 3698/4185/5776 3739/4229/5777 3737/4227/5778
f 3697/4146/5779 3695/4144/5780 3738/4228/5781 3740/4230/5782
f 3698/4185/5783 3700/4187/5784 3741/4231/5785 3739/4229/5786
f 3699/4148/5787 3697/4146/5788 3740/4230/5789 3742/4232/5790
f 3700/4187/5791 3702/4189/5792 3743/4233/5793 3741/4231/5794
f 3701/4150/5795 3699/4148/5796 3742/4232/5797 3744/4234/5798
f 3702/4189/5799 3704/4191/5800 3745/4235/5801 3743/4233/5802
f 3703/4152/5803 3701/4150/5804 3744/4234/5805 3746/4236/5806
f 3704/4191/5807 3706/4193/5808 3747/4237/5809 3745/4235/5810
f 3705/4154/5811 3703/4152/5812 3746/4236/5813 3748/4238/5814
f 3706/4193/5815 3708/4123/5816 3749/4239/5817 3747/4237/5818
f 3707/4156/5819 3705/4154/5820 3748/4238/5821 3750/4240/5822
f 3708/4195/5823 3710/4197/5824 3751/4242/5825 3749/4241/5826
f 3709/4158/5827 3707/4124/5828 3750/4244/5829 3752/4243/5830
f 3710/4197/5831 3712/4199/5832 3753/4245/5833 3751/4242/5834
f 3711/4160/5835 3709/4158/5836 3752/4243/5837 3754/4246/5838
f 3712/4199/5839 3714/4201/5840 3722/4212/5841 3753/4245/5842
f 3713/4162/5843 3711/4160/5844 3754/4246/5845 3721/4211/5846
g default
v -49.069774 -142.046655 -889.046863
v -49.246122 -142.046655 -889.393005
v -49.520828 -142.046655 -889.667671
v -49.866905 -142.046655 -889.844019
v -50.250569 -142.046655 -889.904779
v -50.634237 -142.046655 -889.844019
v -50.980344 -142.046655 -889.667671
v -51.255017 -142.046655 -889.393005
v -51.431371 -142.046655 -889.046863
v -51.492137 -142.046655 -888.663214
v -51.431371 -142.046655 -888.279566
v -51.255017 -142.046655 -887.933424
v -50.980344 -142.046655 -887.658757
v -50.634237 -142.046655 -887.482409
v -50.250569 -142.046655 -887.421650
v -49.866908 -142.046655 -887.482409
v -49.520828 -142.046655 -887.658757
v -49.246122 -142.046655 -887.933424
v -49.069774 -142.046655 -888.279566
v -49.009005 -142.046655 -888.663214
v -47.008258 -95.795057 -889.716726
v -47.492475 -95.795057 -890.667030
v -48.246699 -95.795057 -891.421322
v -49.197093 -95.795057 -891.905525
v -50.250569 -95.795057 -892.072406
v -51.304068 -95.795057 -891.905525
v -52.254483 -95.795057 -891.421322
v -53.008690 -95.795057 -890.667030
v -53.492939 -95.795057 -889.716726
v -53.659794 -95.795057 -888.663214
v -53.492939 -95.795057 -887.609702
v -53.008690 -95.795057 -886.659346
v -52.254483 -95.795057 -885.905106
v -51.304068 -95.795057 -885.420903
v -50.250569 -95.795057 -885.254022
v -49.197093 -95.795057 -885.420903
v -48.246699 -95.795057 -885.905106
v -47.492475 -95.795057 -886.659346
v -47.008258 -95.795057 -887.609702
v -46.841378 -95.795057 -888.663214
v -50.250569 -142.046655 -888.663214
v -50.250569 -95.795057 -888.663214
v -49.245644 -105.169625 -885.570357
v -49.281737 -108.291609 -885.681472
v -49.317826 -111.413594 -885.792535
v -49.353931 -114.535579 -885.903546
v -49.390013 -117.657563 -886.014661
v -50.250569 -117.657563 -885.878420
v -50.250569 -114.535579 -885.761583
v -50.250569 -111.413594 -885.644850
v -50.250569 -108.291609 -885.528013
v -50.250569 -105.169625 -885.411175
v -51.111129 -117.657563 -886.014661
v -51.147218 -114.535579 -885.903546
v -51.183313 -111.413594 -885.792535
v -51.219406 -108.291609 -885.681472
v -51.255494 -105.169625 -885.570357
v -51.887474 -117.657563 -886.410274
v -51.956128 -114.535579 -886.315805
v -52.024788 -111.413594 -886.221233
v -52.093441 -108.291609 -886.126764
v -52.162095 -105.169625 -886.032296
v -52.503575 -117.657563 -887.026297
v -52.598050 -114.535579 -886.957630
v -52.692551 -111.413594 -886.888963
v -52.787045 -108.291609 -886.820401
v -52.881527 -105.169625 -886.751734
v -52.899116 -117.657563 -887.802697
v -53.010212 -114.535579 -887.766543
v -53.121281 -111.413594 -887.730493
v -53.232357 -108.291609 -887.694391
v -53.343453 -105.169625 -887.658289
v -53.035415 -117.657563 -888.663214
v -53.152207 -114.535579 -888.663214
v -53.269005 -111.413594 -888.663214
v -53.385823 -108.291609 -888.663214
v -53.502602 -105.169625 -888.663214
v -52.899116 -117.657563 -889.523731
v -53.010212 -114.535579 -889.559885
v -53.121281 -111.413594 -889.595935
v -53.232357 -108.291609 -889.632037
v -53.343453 -105.169625 -889.668139
v -52.503575 -117.657563 -890.300132
v -52.598050 -114.535579 -890.368798
v -52.692551 -111.413594 -890.437465
v -52.787045 -108.291609 -890.506028
v -52.881527 -105.169625 -890.574694
v -51.887474 -117.657563 -890.916154
v -51.956128 -114.535579 -891.010623
v -52.024788 -111.413594 -891.105143
v -52.093441 -108.291609 -891.199664
v -52.162095 -105.169625 -891.294133
v -51.111129 -117.657563 -891.311767
v -51.147218 -114.535579 -891.422830
v -51.183313 -111.413594 -891.533893
v -51.219406 -108.291609 -891.644956
v -51.255494 -105.169625 -891.756019
v -50.250569 -117.657563 -891.448008
v -50.250569 -114.535579 -891.564845
v -50.250569 -111.413594 -891.681579
v -50.250569 -108.291609 -891.798416
v -50.250569 -105.169625 -891.915201
v -49.390013 -117.657563 -891.311767
v -49.353931 -114.535579 -891.422830
v -49.317826 -111.413594 -891.533893
v -49.281737 -108.291609 -891.644956
v -49.245644 -105.169625 -891.756019
v -48.613694 -117.657563 -890.916154
v -48.545041 -114.535579 -891.010623
v -48.476390 -111.413594 -891.105143
v -48.407740 -108.291609 -891.199664
v -48.339099 -105.169625 -891.294133
v -47.997623 -117.657563 -890.300132
v -47.903112 -114.535579 -890.368798
v -47.808647 -111.413594 -890.437465
v -47.714129 -108.291609 -890.506028
v -47.619638 -105.169625 -890.574694
v -47.602084 -117.657563 -889.523731
v -47.490969 -114.535579 -889.559885
v -47.379887 -111.413594 -889.595935
v -47.268840 -108.291609 -889.632037
v -47.157728 -105.169625 -889.668139
v -47.465762 -117.657563 -888.663214
v -47.348987 -114.535579 -888.663214
v -47.232156 -111.413594 -888.663214
v -47.115358 -108.291609 -888.663214
v -46.998573 -105.169625 -888.663214
v -47.602084 -117.657563 -887.802697
v -47.490969 -114.535579 -887.766543
v -47.379887 -111.413594 -887.730493
v -47.268840 -108.291609 -887.694391
v -47.157728 -105.169625 -887.658289
v -47.997623 -117.657563 -887.026297
v -47.903115 -114.535579 -886.957630
v -47.808647 -111.413594 -886.888963
v -47.714133 -108.291609 -886.820401
v -47.619641 -105.169625 -886.751734
v -48.613694 -117.657563 -886.410274
v -48.545041 -114.535579 -886.315805
v -48.476390 -111.413594 -886.221233
v -48.407740 -108.291609 -886.126764
v -48.339099 -105.169625 -886.032296
v -49.229216 -101.998185 -885.519793
v -50.250569 -101.998185 -885.358011
v -51.271930 -101.998185 -885.519793
v -52.193333 -101.998185 -885.989275
v -52.924541 -101.998185 -886.720470
v -53.394016 -101.998185 -887.641851
v -53.555779 -101.998185 -888.663214
v -53.394016 -101.998185 -889.684578
v -52.924541 -101.998185 -890.605906
v -52.193333 -101.998185 -891.337153
v -51.271930 -101.998185 -891.806583
v -50.250569 -101.998185 -891.968366
v -49.229216 -101.998185 -891.806583
v -48.307842 -101.998185 -891.337153
v -47.576621 -101.998185 -890.605906
v -47.107181 -101.998185 -889.684578
v -46.945415 -101.998185 -888.663214
v -47.107181 -101.998185 -887.641851
v -47.576624 -101.998185 -886.720470
v -48.307842 -101.998185 -885.989275
v -49.297645 -103.752130 -885.730371
v -50.250569 -103.752130 -885.579356
v -51.203523 -103.752130 -885.730371
v -52.063218 -103.752130 -886.168328
v -52.745449 -103.752130 -886.850572
v -53.183491 -103.752130 -887.710205
v -53.334408 -103.752130 -888.663214
v -53.183491 -103.752130 -889.616223
v -52.745449 -103.752130 -890.475856
v -52.063218 -103.752130 -891.158100
v -51.203523 -103.752130 -891.596057
v -50.250569 -103.752130 -891.747020
v -49.297645 -103.752130 -891.596057
v -48.437947 -103.752130 -891.158100
v -47.755729 -103.752130 -890.475856
v -47.317707 -103.752130 -889.616223
v -47.166751 -103.752130 -888.663214
v -47.317707 -103.752130 -887.710205
v -47.755729 -103.752130 -886.850572
v -48.437947 -103.752130 -886.168328
v -49.313453 -99.775337 -885.779062
v -50.250569 -99.775337 -885.630596
v -51.187689 -99.775337 -885.779062
v -52.033104 -99.775337 -886.209840
v -52.703995 -99.775337 -886.880692
v -53.134754 -99.775337 -887.726019
v -53.283181 -99.775337 -888.663214
v -53.134754 -99.775337 -889.600357
v -52.703995 -99.775337 -890.445684
v -52.033104 -99.775337 -891.116588
v -51.187689 -99.775337 -891.547367
v -50.250569 -99.775337 -891.695728
v -49.313453 -99.775337 -891.547367
v -48.468060 -99.775337 -891.116588
v -47.797160 -99.775337 -890.445684
v -47.366420 -99.775337 -889.600357
v -47.217984 -99.775337 -888.663214
v -47.366420 -99.775337 -887.726019
v -47.797160 -99.775337 -886.880692
v -48.468060 -99.775337 -886.209840
v -49.151403 -100.568659 -885.280345
v -49.131249 -101.210394 -885.218337
v -48.159831 -100.568659 -885.785512
v -48.121493 -101.210394 -885.732816
v -50.250569 -100.568659 -885.106181
v -50.250569 -101.210394 -885.040948
v -51.349735 -100.568659 -885.280345
v -51.369893 -101.210394 -885.218337
v -52.341343 -100.568659 -885.785512
v -52.379669 -101.210394 -885.732816
v -53.128239 -100.568659 -886.572369
v -53.181000 -101.210394 -886.534082
v -53.633484 -100.568659 -887.563977
v -53.695519 -101.210394 -887.543845
v -53.807557 -100.568659 -888.663214
v -53.872784 -101.210394 -888.663214
v -53.633484 -100.568659 -889.762452
v -53.695519 -101.210394 -889.782583
v -53.128239 -100.568659 -890.753903
v -53.181000 -101.210394 -890.792242
v -52.341343 -100.568659 -891.540812
v -52.379669 -101.210394 -891.593613
v -51.349735 -100.568659 -892.046084
v -51.369893 -101.210394 -892.108092
v -50.250569 -100.568659 -892.220195
v -50.250569 -101.210394 -892.285428
v -49.151403 -100.568659 -892.046084
v -49.131249 -101.210394 -892.108092
v -48.159831 -100.568659 -891.540812
v -48.121493 -101.210394 -891.593613
v -47.372910 -100.568659 -890.753903
v -47.320145 -101.210394 -890.792242
v -46.867674 -100.568659 -889.762452
v -46.805650 -101.210394 -889.782583
v -46.693589 -100.568659 -888.663214
v -46.628375 -101.210394 -888.663214
v -46.867677 -100.568659 -887.563977
v -46.805653 -101.210394 -887.543845
v -47.372910 -100.568659 -886.572369
v -47.320145 -101.210394 -886.534082
v -49.392699 -103.402516 -886.022932
v -49.404771 -103.076620 -886.060127
v -48.618795 -103.402505 -886.417245
v -48.641762 -103.076620 -886.448873
v -50.250569 -103.402505 -885.887003
v -50.250569 -103.076620 -885.926071
v -51.108447 -103.402516 -886.022932
v -51.096368 -103.076620 -886.060127
v -51.882370 -103.402505 -886.417245
v -51.859403 -103.076620 -886.448873
v -52.496532 -103.402516 -887.031446
v -52.464917 -103.076620 -887.054387
v -52.890858 -103.402505 -887.805298
v -52.853683 -103.076620 -887.817367
v -53.026722 -103.402516 -888.663214
v -52.987648 -103.076620 -888.663214
v -52.890858 -103.402505 -889.521130
v -52.853683 -103.076620 -889.509010
v -52.496532 -103.402505 -890.294982
v -52.464917 -103.076620 -890.271989
v -51.882370 -103.402505 -890.909184
v -51.859403 -103.076620 -890.877555
v -51.108447 -103.402505 -891.303392
v -51.096368 -103.076620 -891.266250
v -50.250569 -103.402516 -891.439321
v -50.250569 -103.076620 -891.400254
v -49.392702 -103.402505 -891.303392
v -49.404771 -103.076620 -891.266250
v -48.618795 -103.402505 -890.909184
v -48.641762 -103.076620 -890.877555
v -48.004629 -103.402505 -890.294982
v -48.036241 -103.076620 -890.271989
v -47.610317 -103.402505 -889.521130
v -47.647469 -103.076620 -889.509010
v -47.474440 -103.402505 -888.663214
v -47.513520 -103.076620 -888.663214
v -47.610317 -103.402505 -887.805298
v -47.647469 -103.076620 -887.817367
v -48.004626 -103.402516 -887.031446
v -48.036241 -103.076620 -887.054387
v -49.506831 -103.402516 -886.374188
v -49.517297 -103.076620 -886.406434
v -50.250571 -103.076620 -886.290212
v -50.250571 -103.402505 -886.256343
v -48.835888 -103.402505 -886.716041
v -48.855799 -103.076620 -886.743461
v -48.303427 -103.402516 -887.248529
v -48.330837 -103.076620 -887.268418
v -50.983845 -103.076620 -886.406434
v -50.994317 -103.402516 -886.374188
v -51.645366 -103.076620 -886.743461
v -51.665277 -103.402505 -886.716041
v -52.170323 -103.076620 -887.268418
v -52.197732 -103.402516 -887.248529
v -52.507367 -103.076620 -887.929891
v -52.539597 -103.402505 -887.919428
v -52.623509 -103.076620 -888.663207
v -52.657385 -103.402516 -888.663207
v -52.507367 -103.076620 -889.396478
v -52.539597 -103.402505 -889.406986
v -52.170323 -103.076620 -890.057951
v -52.197732 -103.402505 -890.077885
v -51.645366 -103.076620 -890.582953
v -51.665277 -103.402505 -890.610373
v -50.983845 -103.076620 -890.919936
v -50.994317 -103.402505 -890.952137
v -50.250571 -103.076620 -891.036112
v -50.250571 -103.402516 -891.069981
v -49.517297 -103.076620 -890.919936
v -49.506834 -103.402505 -890.952137
v -48.855799 -103.076620 -890.582953
v -48.835888 -103.402505 -890.610373
v -48.330837 -103.076620 -890.057951
v -48.303430 -103.402505 -890.077885
v -47.993786 -103.076620 -889.396478
v -47.961577 -103.402505 -889.406986
v -47.877658 -103.076620 -888.663207
v -47.843777 -103.402505 -888.663207
v -47.993786 -103.076620 -887.929891
v -47.961577 -103.402505 -887.919428
vt 0.591946 0.008215
vt 0.589393 0.009113
vt 0.587243 0.010756
vt 0.585705 0.012983
vt 0.584931 0.015576
vt 0.584996 0.018281
vt 0.585894 0.020834
vt 0.587537 0.022984
vt 0.589763 0.024522
vt 0.592355 0.025295
vt 0.595067 0.025231
vt 0.597618 0.024333
vt 0.599768 0.022690
vt 0.601305 0.020462
vt 0.602078 0.017869
vt 0.602013 0.015164
vt 0.601115 0.012612
vt 0.599472 0.010461
vt 0.597245 0.008924
vt 0.594652 0.008150
vt 0.621304 0.396459
vt 0.625903 0.390619
vt 0.628474 0.383643
vt 0.628764 0.376212
vt 0.626746 0.369054
vt 0.622618 0.362867
vt 0.616783 0.358253
vt 0.609814 0.355664
vt 0.602368 0.355517
vt 0.595220 0.357516
vt 0.589045 0.361632
vt 0.584448 0.367458
vt 0.581879 0.374422
vt 0.581590 0.381842
vt 0.583610 0.388989
vt 0.587741 0.395162
vt 0.593578 0.399759
vt 0.600550 0.402326
vt 0.607975 0.402613
vt 0.615127 0.400592
vt 0.593505 0.016723
vt 0.605177 0.379030
vt 0.568066 0.023505
vt 0.570741 0.023917
vt 0.540646 0.191871
vt 0.573424 0.024275
vt 0.546655 0.192698
vt 0.576115 0.024579
vt 0.552669 0.193407
vt 0.578813 0.024831
vt 0.558687 0.194004
vt 0.581516 0.025029
vt 0.564706 0.194492
vt 0.584222 0.025175
vt 0.570727 0.194874
vt 0.586932 0.025267
vt 0.576747 0.195152
vt 0.589643 0.025308
vt 0.582765 0.195328
vt 0.588782 0.195403
vt 0.594796 0.195377
vt 0.597776 0.025113
vt 0.600806 0.195249
vt 0.600483 0.024944
vt 0.606813 0.195020
vt 0.603185 0.024722
vt 0.612813 0.194688
vt 0.605883 0.024447
vt 0.618810 0.194253
vt 0.608574 0.024120
vt 0.624799 0.193711
vt 0.611257 0.023740
vt 0.630782 0.193062
vt 0.613932 0.023307
vt 0.636757 0.192301
vt 0.616596 0.022822
vt 0.642722 0.191427
vt 0.619250 0.022284
vt 0.648678 0.190435
vt 0.621892 0.021693
vt 0.654623 0.189321
vt 0.535602 0.279693
vt 0.660554 0.188078
vt 0.636000 0.258320
vt 0.634647 0.236495
vt 0.632882 0.214736
vt 0.626618 0.215321
vt 0.628158 0.237012
vt 0.629354 0.258775
vt 0.620351 0.215810
vt 0.621672 0.237441
vt 0.622717 0.259151
vt 0.614079 0.216202
vt 0.615185 0.237784
vt 0.616086 0.259445
vt 0.607803 0.216500
vt 0.608698 0.238041
vt 0.609456 0.259657
vt 0.601523 0.216705
vt 0.602207 0.238213
vt 0.602825 0.259788
vt 0.595238 0.216817
vt 0.595712 0.238302
vt 0.596189 0.259840
vt 0.588949 0.216840
vt 0.589210 0.238311
vt 0.589547 0.259817
vt 0.582654 0.216774
vt 0.582699 0.238242
vt 0.582895 0.259724
vt 0.576355 0.216621
vt 0.576180 0.238101
vt 0.576230 0.259567
vt 0.570050 0.216383
vt 0.569650 0.237891
vt 0.569547 0.259356
vt 0.563743 0.216062
vt 0.563110 0.237616
vt 0.562842 0.259100
vt 0.557434 0.215659
vt 0.556561 0.237282
vt 0.556110 0.258811
vt 0.551126 0.215177
vt 0.550003 0.236890
vt 0.549346 0.258500
vt 0.544823 0.214618
vt 0.543442 0.236441
vt 0.542550 0.258174
vt 0.664122 0.210342
vt 0.538528 0.213988
vt 0.667132 0.232581
vt 0.536881 0.235934
vt 0.669547 0.254939
vt 0.535727 0.257824
vt 0.657890 0.211414
vt 0.660633 0.233548
vt 0.662791 0.255772
vt 0.651648 0.212392
vt 0.654133 0.234419
vt 0.656054 0.256513
vt 0.645398 0.213272
vt 0.647634 0.235199
vt 0.649345 0.257185
vt 0.639143 0.214053
vt 0.641139 0.235891
vt 0.642662 0.257788
vt 0.636846 0.280230
vt 0.630147 0.280641
vt 0.623446 0.280973
vt 0.616739 0.281221
vt 0.610028 0.281387
vt 0.603314 0.281471
vt 0.596599 0.281476
vt 0.589885 0.281404
vt 0.583171 0.281260
vt 0.576458 0.281053
vt 0.569741 0.280791
vt 0.563015 0.280493
vt 0.556265 0.280182
vt 0.549466 0.279904
vt 0.542584 0.279723
vt 0.536802 0.289540
vt 0.670913 0.277499
vt 0.663890 0.278021
vt 0.657030 0.278605
vt 0.650265 0.279194
vt 0.643547 0.279743
vt 0.632226 0.355165
vt 0.624756 0.355421
vt 0.617285 0.355587
vt 0.594909 0.355405
vt 0.587460 0.355192
vt 0.580023 0.354873
vt 0.572599 0.354444
vt 0.565189 0.353898
vt 0.557797 0.353225
vt 0.550427 0.352410
vt 0.543084 0.351438
vt 0.535777 0.350286
vt 0.528514 0.348917
vt 0.673239 0.323888
vt 0.676768 0.351564
vt 0.669377 0.352461
vt 0.661985 0.353203
vt 0.654573 0.353838
vt 0.647139 0.354375
vt 0.639688 0.354817
vt 0.533344 0.316147
vt 0.673574 0.312208
vt 0.638653 0.326786
vt 0.645290 0.319708
vt 0.638318 0.320148
vt 0.631596 0.327137
vt 0.631338 0.320495
vt 0.624529 0.327397
vt 0.624350 0.320756
vt 0.617454 0.327569
vt 0.617355 0.320930
vt 0.610379 0.327652
vt 0.610358 0.321019
vt 0.603306 0.327645
vt 0.603362 0.321023
vt 0.596239 0.327556
vt 0.596372 0.320946
vt 0.589182 0.327383
vt 0.589393 0.320786
vt 0.582138 0.327124
vt 0.582430 0.320545
vt 0.575112 0.326774
vt 0.575485 0.320219
vt 0.568104 0.326327
vt 0.568560 0.319805
vt 0.561120 0.325775
vt 0.561653 0.319298
vt 0.554165 0.325104
vt 0.554750 0.318684
vt 0.547254 0.324303
vt 0.547812 0.317942
vt 0.540422 0.323378
vt 0.540745 0.317053
vt 0.533741 0.322425
vt 0.673907 0.316975
vt 0.666549 0.324492
vt 0.666421 0.317720
vt 0.659673 0.325172
vt 0.659283 0.318508
vt 0.652706 0.325801
vt 0.652267 0.319168
vt 0.645693 0.326341
vt 0.631186 0.315962
vt 0.624252 0.316223
vt 0.617309 0.316400
vt 0.610362 0.316494
vt 0.603416 0.316505
vt 0.596476 0.316435
vt 0.589547 0.316285
vt 0.582636 0.316055
vt 0.575744 0.315745
vt 0.568875 0.315354
vt 0.562025 0.314878
vt 0.555176 0.314310
vt 0.548280 0.313629
vt 0.541215 0.312786
vt 0.533692 0.311685
vt 0.672228 0.306080
vt 0.666100 0.313222
vt 0.658944 0.314018
vt 0.651956 0.314660
vt 0.645028 0.315186
vt 0.638110 0.315617
vt 0.537712 0.298603
vt 0.669374 0.291135
vt 0.637261 0.293555
vt 0.643804 0.289813
vt 0.637141 0.290284
vt 0.630555 0.293936
vt 0.630441 0.290675
vt 0.623819 0.294236
vt 0.623716 0.290984
vt 0.617062 0.294455
vt 0.616975 0.291211
vt 0.610295 0.294593
vt 0.610224 0.291356
vt 0.603525 0.294649
vt 0.603469 0.291420
vt 0.596756 0.294627
vt 0.596715 0.291404
vt 0.589996 0.294528
vt 0.589967 0.291312
vt 0.583251 0.294357
vt 0.583232 0.291147
vt 0.576529 0.294119
vt 0.576515 0.290917
vt 0.569839 0.293823
vt 0.569823 0.290629
vt 0.563196 0.293479
vt 0.563165 0.290295
vt 0.556620 0.293104
vt 0.556551 0.289936
vt 0.550147 0.292725
vt 0.549989 0.289587
vt 0.543818 0.292405
vt 0.543451 0.289346
vt 0.537652 0.292516
vt 0.670101 0.287854
vt 0.663285 0.291398
vt 0.663506 0.288103
vt 0.656982 0.291979
vt 0.656978 0.288673
vt 0.650507 0.292566
vt 0.650419 0.289270
vt 0.643920 0.293096
vt 0.637464 0.301028
vt 0.630983 0.309988
vt 0.630719 0.301382
vt 0.624118 0.310252
vt 0.623942 0.301659
vt 0.617240 0.310435
vt 0.617145 0.301858
vt 0.610356 0.310536
vt 0.610337 0.301975
vt 0.603471 0.310557
vt 0.603526 0.302013
vt 0.596592 0.310498
vt 0.596718 0.301972
vt 0.589724 0.310361
vt 0.589922 0.301855
vt 0.582874 0.310146
vt 0.583144 0.301664
vt 0.576047 0.309857
vt 0.576395 0.301404
vt 0.569249 0.309495
vt 0.569683 0.301083
vt 0.562479 0.309064
vt 0.563026 0.300710
vt 0.555728 0.308562
vt 0.556448 0.300298
vt 0.548967 0.307976
vt 0.549990 0.299863
vt 0.542138 0.307241
vt 0.543720 0.299383
vt 0.535210 0.306071
vt 0.669550 0.297838
vt 0.665216 0.307337
vt 0.663551 0.298882
vt 0.658313 0.308120
vt 0.657267 0.299538
vt 0.651479 0.308721
vt 0.650777 0.300102
vt 0.644660 0.309224
vt 0.644160 0.300600
vt 0.637831 0.309645
vt 0.637392 0.298471
vt 0.630667 0.298833
vt 0.630594 0.296508
vt 0.637308 0.296137
vt 0.643968 0.295690
vt 0.644063 0.298034
vt 0.650543 0.295172
vt 0.650647 0.297527
vt 0.623908 0.299118
vt 0.623847 0.296800
vt 0.617128 0.299323
vt 0.617079 0.297012
vt 0.610337 0.299447
vt 0.610300 0.297143
vt 0.603542 0.299491
vt 0.603518 0.297193
vt 0.596750 0.299457
vt 0.596737 0.297164
vt 0.589969 0.299346
vt 0.589967 0.297059
vt 0.583206 0.299162
vt 0.583213 0.296882
vt 0.576470 0.298911
vt 0.576485 0.296637
vt 0.569773 0.298599
vt 0.569795 0.296333
vt 0.563133 0.298239
vt 0.563157 0.295982
vt 0.556579 0.297844
vt 0.556602 0.295598
vt 0.550168 0.297435
vt 0.550181 0.295206
vt 0.544023 0.297040
vt 0.544010 0.294860
vt 0.538424 0.296608
vt 0.538428 0.294749
vt 0.668709 0.295597
vt 0.663229 0.296327
vt 0.663121 0.293982
vt 0.668750 0.293524
vt 0.657081 0.296957
vt 0.656970 0.294593
vn 0.000000 -1.000000 0.000003
vn 0.000000 -1.000000 0.000005
vn 0.000000 -1.000000 0.000000
vn 0.000000 -1.000000 -0.000001
vn 0.000000 -1.000000 0.000001
vn 0.000000 -1.000000 0.000000
vn 0.000000 -1.000000 0.000000
vn 0.000000 -1.000000 0.000000
vn 0.000000 -1.000000 0.000005
vn 0.000000 -1.000000 0.000005
vn 0.000000 -1.000000 0.000000
vn 0.000000 -1.000000 -0.000005
vn 0.000000 -1.000000 -0.000005
vn 0.000000 -1.000000 0.000001
vn 0.000000 -1.000000 0.000001
vn 0.000000 -1.000000 0.000000
vn 0.000000 -1.000000 -0.000003
vn 0.000000 -1.000000 0.000003
vn 0.000000 -1.000000 -0.000000
vn 0.000000 -1.000000 -0.000005
vn 0.000000 -1.000000 0.000000
vn 0.000000 1.000000 -0.000001
vn 0.000000 1.000000 0.000000
vn 0.000000 1.000000 0.000000
vn 0.000000 1.000000 -0.000000
vn 0.000000 1.000000 -0.000001
vn 0.000000 1.000000 0.000000
vn 0.000000 1.000000 -0.000001
vn 0.000000 1.000000 0.000001
vn 0.000000 1.000000 -0.000000
vn 0.000000 1.000000 -0.000001
vn 0.000000 1.000000 0.000000
vn 0.000000 1.000000 0.000001
vn 0.000000 1.000000 0.000000
vn 0.000000 1.000000 -0.000000
vn 0.000000 1.000000 0.000001
vn 0.000000 1.000000 0.000000
vn 0.000000 1.000000 0.000001
vn 0.000000 1.000000 -0.000001
vn 0.000000 1.000000 -0.000000
vn 0.000000 1.000000 0.000001
vn 0.000000 1.000000 0.000000
vn 0.308483 -0.058985 0.949399
vn 0.308801 -0.037384 0.950392
vn 0.000000 -0.037379 0.999301
vn -0.000000 -0.058985 0.998259
vn 0.308789 -0.037380 0.950396
vn 0.000000 -0.037377 0.999301
vn 0.308794 -0.037388 0.950394
vn 0.000000 -0.037393 0.999301
vn 0.309010 0.009706 0.951009
vn -0.000000 0.009704 0.999953
vn 0.949160 -0.063149 -0.308395
vn 0.807409 -0.063150 -0.586603
vn 0.807613 -0.058985 -0.586755
vn 0.949403 -0.058984 -0.308471
vn 0.586609 -0.063150 -0.807404
vn 0.586760 -0.058983 -0.807610
vn 0.308401 -0.063151 -0.949158
vn 0.308482 -0.058984 -0.949400
vn 0.000000 -0.063150 -0.998004
vn 0.000000 -0.058984 -0.998259
vn -0.308393 -0.063151 -0.949161
vn -0.308475 -0.058984 -0.949402
vn -0.586600 -0.063150 -0.807411
vn -0.586750 -0.058983 -0.807617
vn -0.807408 -0.063152 -0.586604
vn -0.807612 -0.058985 -0.586756
vn -0.949161 -0.063151 -0.308390
vn -0.949405 -0.058985 -0.308467
vn -0.998004 -0.063151 0.000000
vn -0.998259 -0.058985 -0.000000
vn -0.949161 -0.063151 0.308390
vn -0.949405 -0.058985 0.308467
vn -0.807408 -0.063152 0.586604
vn -0.807612 -0.058985 0.586756
vn -0.586599 -0.063150 0.807411
vn -0.586752 -0.058984 0.807616
vn -0.308393 -0.063151 0.949161
vn -0.308476 -0.058985 0.949402
vn 0.000000 -0.063150 0.998004
vn 0.308401 -0.063151 0.949158
vn 0.586608 -0.063150 0.807405
vn 0.586761 -0.058983 0.807609
vn 0.807409 -0.063150 0.586603
vn 0.807613 -0.058985 0.586755
vn 0.949160 -0.063149 0.308396
vn 0.949403 -0.058984 0.308471
vn 0.998004 -0.063149 0.000000
vn 0.998259 -0.058983 -0.000000
vn -0.308999 0.009705 0.951013
vn -0.308788 -0.037388 0.950396
vn -0.308782 -0.037380 0.950398
vn -0.308797 -0.037384 0.950393
vn -0.587755 0.009707 0.808981
vn -0.587361 -0.037381 0.808461
vn -0.587349 -0.037384 0.808470
vn -0.587366 -0.037389 0.808458
vn -0.808980 0.009704 0.587756
vn -0.808464 -0.037381 0.587358
vn -0.808451 -0.037383 0.587376
vn -0.808446 -0.037389 0.587381
vn -0.951013 0.009705 0.308998
vn -0.950392 -0.037385 0.308800
vn -0.950396 -0.037383 0.308787
vn -0.950393 -0.037386 0.308798
vn -0.999953 0.009708 -0.000000
vn -0.999301 -0.037386 -0.000000
vn -0.999301 -0.037385 0.000000
vn -0.999301 -0.037385 0.000000
vn -0.951013 0.009705 -0.308998
vn -0.950392 -0.037385 -0.308800
vn -0.950396 -0.037383 -0.308787
vn -0.950393 -0.037386 -0.308798
vn -0.808980 0.009704 -0.587756
vn -0.808462 -0.037382 -0.587361
vn -0.808446 -0.037383 -0.587382
vn -0.808444 -0.037387 -0.587385
vn -0.587747 0.009706 -0.808986
vn -0.587354 -0.037382 -0.808466
vn -0.587350 -0.037386 -0.808469
vn -0.587354 -0.037385 -0.808466
vn -0.308989 0.009709 -0.951016
vn -0.308786 -0.037383 -0.950397
vn -0.308793 -0.037384 -0.950394
vn -0.308807 -0.037382 -0.950390
vn 0.000000 0.009709 -0.999953
vn 0.000000 -0.037384 -0.999301
vn 0.000000 -0.037381 -0.999301
vn -0.000000 -0.037380 -0.999301
vn 0.308999 0.009709 -0.951013
vn 0.308792 -0.037383 -0.950395
vn 0.308800 -0.037384 -0.950392
vn 0.308811 -0.037382 -0.950389
vn 0.587750 0.009707 -0.808985
vn 0.587364 -0.037382 -0.808459
vn 0.587360 -0.037385 -0.808462
vn 0.587364 -0.037385 -0.808459
vn 0.808982 0.009703 -0.587753
vn 0.808463 -0.037384 -0.587359
vn 0.808444 -0.037382 -0.587384
vn 0.808450 -0.037388 -0.587377
vn 0.951014 0.009704 -0.308995
vn 0.950391 -0.037385 -0.308803
vn 0.950396 -0.037382 -0.308789
vn 0.950393 -0.037389 -0.308796
vn 0.999953 0.009705 -0.000000
vn 0.999301 -0.037384 0.000000
vn 0.999301 -0.037385 0.000000
vn 0.999301 -0.037389 0.000000
vn 0.951014 0.009704 0.308996
vn 0.950391 -0.037384 0.308804
vn 0.950395 -0.037382 0.308790
vn 0.950393 -0.037389 0.308797
vn 0.808982 0.009703 0.587753
vn 0.808465 -0.037382 0.587356
vn 0.808449 -0.037381 0.587377
vn 0.808452 -0.037390 0.587373
vn 0.587758 0.009707 0.808978
vn 0.587372 -0.037381 0.808454
vn 0.587360 -0.037383 0.808462
vn 0.587376 -0.037388 0.808450
vn 0.306875 0.117839 0.944427
vn 0.000000 0.117844 0.993032
vn -0.306879 0.117838 0.944425
vn -0.583666 0.117828 0.803399
vn -0.803372 0.117818 0.583705
vn -0.944426 0.117822 0.306882
vn -0.993034 0.117826 0.000000
vn -0.944426 0.117822 -0.306882
vn -0.803372 0.117818 -0.583705
vn -0.583658 0.117820 -0.803406
vn -0.306849 0.117821 -0.944437
vn 0.000000 0.117826 -0.993034
vn 0.306845 0.117822 -0.944438
vn 0.583670 0.117817 -0.803398
vn 0.803373 0.117821 -0.583703
vn 0.944424 0.117827 -0.306887
vn 0.993034 0.117826 -0.000000
vn 0.944424 0.117826 0.306888
vn 0.803374 0.117820 0.583703
vn 0.583678 0.117825 0.803391
vn 0.000000 -0.094192 0.995554
vn 0.307660 -0.094195 0.946822
vn 0.307655 -0.094195 0.946824
vn -0.000000 -0.094192 0.995554
vn -0.307652 -0.094197 0.946825
vn -0.307653 -0.094197 0.946825
vn -0.585162 -0.094203 0.805426
vn -0.585159 -0.094203 0.805429
vn -0.805408 -0.094199 0.585188
vn -0.805412 -0.094199 0.585181
vn -0.946824 -0.094197 0.307656
vn -0.946829 -0.094197 0.307637
vn -0.995553 -0.094199 -0.000000
vn -0.995553 -0.094199 0.000000
vn -0.946823 -0.094199 -0.307657
vn -0.946825 -0.094199 -0.307652
vn -0.805413 -0.094200 -0.585181
vn -0.805417 -0.094200 -0.585175
vn -0.585180 -0.094203 -0.805413
vn -0.585175 -0.094203 -0.805417
vn -0.307626 -0.094203 -0.946833
vn -0.307629 -0.094203 -0.946832
vn 0.000000 -0.094204 -0.995553
vn -0.000000 -0.094204 -0.995553
vn 0.307633 -0.094202 -0.946830
vn 0.307631 -0.094202 -0.946831
vn 0.585184 -0.094201 -0.805410
vn 0.585175 -0.094201 -0.805417
vn 0.805416 -0.094198 -0.585176
vn 0.805419 -0.094198 -0.585173
vn 0.946825 -0.094195 -0.307652
vn 0.946826 -0.094195 -0.307649
vn 0.995554 -0.094195 -0.000000
vn 0.995554 -0.094195 0.000000
vn 0.946825 -0.094193 0.307651
vn 0.946831 -0.094193 0.307635
vn 0.805411 -0.094196 0.585183
vn 0.805415 -0.094196 0.585179
vn 0.585166 -0.094201 0.805423
vn 0.585159 -0.094201 0.805429
vn 0.289198 0.352493 0.890008
vn 0.304831 -0.164534 0.938087
vn 0.579769 -0.164551 0.797992
vn 0.550014 0.352493 0.757122
vn -0.000000 0.352485 0.935817
vn -0.000000 -0.164528 0.986372
vn 0.797989 -0.164562 0.579770
vn 0.757068 0.352494 0.550088
vn -0.289193 0.352493 0.890009
vn -0.304828 -0.164534 0.938088
vn -0.550017 0.352490 0.757121
vn -0.579762 -0.164549 0.797997
vn -0.757069 0.352492 0.550088
vn -0.797987 -0.164553 0.579775
vn -0.890014 0.352489 0.289184
vn -0.938098 -0.164531 0.304797
vn -0.935815 0.352492 0.000000
vn -0.986374 -0.164519 0.000000
vn -0.890008 0.352489 -0.289202
vn -0.938095 -0.164526 -0.304809
vn -0.757077 0.352495 -0.550075
vn -0.797980 -0.164525 -0.579793
vn -0.550074 0.352490 -0.757079
vn -0.579767 -0.164518 -0.798000
vn -0.289187 0.352498 -0.890009
vn -0.304816 -0.164531 -0.938092
vn 0.000000 0.352500 -0.935812
vn -0.000000 -0.164546 -0.986369
vn 0.289192 0.352497 -0.890008
vn 0.304818 -0.164532 -0.938091
vn 0.550072 0.352492 -0.757080
vn 0.579774 -0.164520 -0.797995
vn 0.757075 0.352497 -0.550075
vn 0.797981 -0.164534 -0.579789
vn 0.890007 0.352493 -0.289199
vn 0.938094 -0.164547 -0.304802
vn 0.935814 0.352494 0.000001
vn 0.986369 -0.164546 0.000001
vn 0.890013 0.352492 0.289180
vn 0.938097 -0.164552 0.304790
vn 0.257803 0.551441 0.793379
vn 0.490316 0.551464 0.674891
vn 0.000000 0.551436 0.834217
vn -0.257799 0.551442 0.793380
vn -0.490312 0.551466 0.674892
vn -0.674878 0.551462 0.490337
vn -0.793390 0.551435 0.257783
vn -0.834225 0.551423 -0.000000
vn -0.793389 0.551433 -0.257790
vn -0.674886 0.551428 -0.490363
vn -0.490351 0.551421 -0.674900
vn -0.257786 0.551437 -0.793387
vn 0.000000 0.551451 -0.834207
vn 0.257790 0.551437 -0.793386
vn 0.490355 0.551420 -0.674899
vn 0.674883 0.551432 -0.490362
vn 0.793383 0.551443 -0.257787
vn 0.834217 0.551437 0.000000
vn 0.793384 0.551443 0.257781
vn 0.674876 0.551465 0.490336
vn 0.000000 -0.421012 0.907055
vn 0.280317 -0.421005 0.862657
vn -0.280313 -0.421005 0.862658
vn -0.533141 -0.421010 0.733833
vn -0.733819 -0.421020 0.533153
vn -0.862660 -0.421021 0.280284
vn -0.907052 -0.421020 0.000000
vn -0.862656 -0.421022 -0.280296
vn -0.733820 -0.421014 -0.533156
vn -0.533148 -0.421012 -0.733827
vn -0.280286 -0.421021 -0.862659
vn -0.000000 -0.421032 -0.907046
vn 0.280289 -0.421022 -0.862658
vn 0.533149 -0.421014 -0.733826
vn 0.733820 -0.421017 -0.533153
vn 0.862656 -0.421025 -0.280289
vn 0.907050 -0.421022 0.000000
vn 0.862661 -0.421024 0.280277
vn 0.733819 -0.421023 0.533151
vn 0.533142 -0.421012 0.733831
vn 0.307369 0.103435 0.945952
vn 0.307409 0.103435 0.945939
vn -0.000000 0.103426 0.994637
vn -0.000000 0.103426 0.994637
vn 0.584618 0.103417 0.804691
vn 0.584642 0.103417 0.804673
vn 0.804701 0.103375 0.584610
vn 0.804660 0.103375 0.584668
vn -0.307396 0.103438 0.945943
vn -0.307374 0.103438 0.945950
vn -0.584637 0.103419 0.804676
vn -0.584613 0.103419 0.804694
vn -0.804659 0.103388 0.584666
vn -0.804701 0.103388 0.584608
vn -0.945956 0.103399 0.307370
vn -0.945965 0.103399 0.307341
vn -0.994639 0.103411 -0.000000
vn -0.994639 0.103411 0.000000
vn -0.945973 0.103437 -0.307304
vn -0.945936 0.103437 -0.307419
vn -0.804696 0.103445 -0.584606
vn -0.804662 0.103445 -0.584652
vn -0.584617 0.103415 -0.804691
vn -0.584597 0.103415 -0.804706
vn -0.307316 0.103373 -0.945976
vn -0.307347 0.103373 -0.945966
vn 0.000000 0.103357 -0.994644
vn 0.000000 0.103357 -0.994644
vn 0.307335 0.103370 -0.945970
vn 0.307338 0.103370 -0.945969
vn 0.584623 0.103410 -0.804688
vn 0.584602 0.103410 -0.804703
vn 0.804698 0.103428 -0.584605
vn 0.804661 0.103428 -0.584656
vn 0.945979 0.103411 -0.307296
vn 0.945935 0.103411 -0.307431
vn 0.994641 0.103392 -0.000000
vn 0.994641 0.103392 -0.000000
vn 0.945962 0.103376 0.307359
vn 0.945964 0.103376 0.307352
vn 0.232007 0.660592 0.713996
vn 0.232003 0.660592 0.713997
vn 0.441254 0.660628 0.607343
vn 0.441253 0.660628 0.607344
vn 0.000000 0.660593 0.750744
vn -0.000000 0.660593 0.750744
vn -0.231997 0.660596 0.713996
vn -0.232003 0.660596 0.713994
vn -0.441246 0.660635 0.607341
vn -0.441248 0.660635 0.607340
vn -0.607318 0.660657 0.441245
vn -0.607313 0.660657 0.441253
vn -0.713943 0.660662 0.231970
vn -0.713942 0.660662 0.231974
vn -0.750688 0.660656 0.000000
vn -0.750689 0.660656 0.000000
vn -0.713947 0.660659 -0.231970
vn -0.713945 0.660659 -0.231974
vn -0.607322 0.660651 -0.441248
vn -0.607317 0.660651 -0.441256
vn -0.441217 0.660658 -0.607337
vn -0.441222 0.660658 -0.607333
vn -0.231951 0.660668 -0.713944
vn -0.231948 0.660668 -0.713945
vn 0.000000 0.660686 -0.750662
vn -0.000000 0.660686 -0.750662
vn 0.231959 0.660665 -0.713944
vn 0.231947 0.660665 -0.713948
vn 0.441223 0.660652 -0.607339
vn 0.441227 0.660652 -0.607336
vn 0.607338 0.660637 -0.441247
vn 0.607329 0.660637 -0.441259
vn 0.713963 0.660638 -0.231979
vn 0.713961 0.660638 -0.231986
vn 0.750702 0.660641 0.000000
vn 0.750702 0.660641 0.000000
vn 0.713961 0.660640 0.231978
vn 0.713959 0.660640 0.231985
vn 0.607336 0.660641 0.441244
vn 0.607326 0.660641 0.441258
vn 0.000000 -0.466072 0.884747
vn 0.273428 -0.466072 0.841436
vn -0.273422 -0.466073 0.841437
vn -0.520027 -0.466078 0.715781
vn -0.715768 -0.466078 0.520046
vn -0.841436 -0.466086 0.273405
vn -0.884737 -0.466091 -0.000000
vn -0.841433 -0.466091 -0.273405
vn -0.715772 -0.466080 -0.520038
vn -0.520026 -0.466081 -0.715780
vn -0.273383 -0.466081 -0.841445
vn -0.000000 -0.466087 -0.884739
vn 0.273389 -0.466080 -0.841444
vn 0.520032 -0.466078 -0.715778
vn 0.715777 -0.466072 -0.520039
vn 0.841446 -0.466072 -0.273397
vn 0.884749 -0.466068 -0.000000
vn 0.841449 -0.466066 0.273397
vn 0.715773 -0.466069 0.520047
vn 0.520033 -0.466075 0.715779
vn 0.000000 -1.000000 -0.000001
vn 0.000000 -1.000000 -0.000001
vn 0.000000 -1.000000 -0.000001
vn 0.000000 -1.000000 -0.000001
vn 0.000014 1.000000 -0.000001
vn 0.000014 1.000000 -0.000001
vn 0.000014 1.000000 -0.000001
vn 0.000014 1.000000 -0.000001
vn -0.000013 1.000000 0.000006
vn -0.000013 1.000000 0.000006
vn -0.000013 1.000000 0.000006
vn -0.000013 1.000000 0.000006
vn 0.000000 -1.000000 -0.000001
vn 0.000000 -1.000000 -0.000001
vn 0.000000 -1.000000 -0.000001
vn 0.000000 -1.000000 -0.000001
vn 0.000010 1.000000 -0.000010
vn 0.000010 1.000000 -0.000010
vn 0.000010 1.000000 -0.000010
vn 0.000010 1.000000 -0.000010
vn 0.000000 -1.000000 0.000002
vn 0.000000 -1.000000 0.000002
vn 0.000000 -1.000000 0.000002
vn 0.000000 -1.000000 0.000002
vn 0.000000 -1.000000 -0.000003
vn 0.000000 -1.000000 -0.000003
vn 0.000000 -1.000000 -0.000003
vn 0.000000 -1.000000 -0.000003
vn -0.000014 1.000000 -0.000006
vn -0.000014 1.000000 -0.000006
vn -0.000014 1.000000 -0.000006
vn -0.000014 1.000000 -0.000006
vn 0.000000 -1.000000 -0.000002
vn 0.000000 -1.000000 -0.000002
vn 0.000000 -1.000000 -0.000002
vn 0.000000 -1.000000 -0.000002
vn 0.000013 1.000000 0.000004
vn 0.000013 1.000000 0.000004
vn 0.000013 1.000000 0.000004
vn 0.000013 1.000000 0.000004
vn 0.000000 -1.000000 -0.000001
vn 0.000000 -1.000000 -0.000001
vn 0.000000 -1.000000 -0.000001
vn 0.000000 -1.000000 -0.000001
vn -0.000010 1.000000 -0.000010
vn -0.000010 1.000000 -0.000010
vn -0.000010 1.000000 -0.000010
vn -0.000010 1.000000 -0.000010
vn 0.000000 -1.000000 0.000002
vn 0.000000 -1.000000 0.000002
vn 0.000000 -1.000000 0.000002
vn 0.000000 -1.000000 0.000002
vn 0.000006 1.000000 0.000010
vn 0.000006 1.000000 0.000010
vn 0.000006 1.000000 0.000010
vn 0.000006 1.000000 0.000010
vn 0.000000 -1.000000 0.000000
vn 0.000000 -1.000000 0.000000
vn 0.000000 -1.000000 0.000000
vn 0.000000 -1.000000 0.000000
vn -0.000002 1.000000 -0.000015
vn -0.000002 1.000000 -0.000015
vn -0.000002 1.000000 -0.000015
vn -0.000002 1.000000 -0.000015
vn 0.000000 -1.000000 0.000000
vn 0.000000 -1.000000 0.000000
vn 0.000000 -1.000000 0.000000
vn 0.000000 -1.000000 0.000000
vn -0.000002 1.000000 0.000015
vn -0.000002 1.000000 0.000015
vn -0.000002 1.000000 0.000015
vn -0.000002 1.000000 0.000015
vn 0.000000 -1.000000 -0.000002
vn 0.000000 -1.000000 -0.000002
vn 0.000000 -1.000000 -0.000002
vn 0.000000 -1.000000 -0.000002
vn 0.000000 1.000000 0.000001
vn 0.000000 1.000000 0.000001
vn 0.000000 1.000000 0.000001
vn 0.000000 1.000000 0.000001
vn 0.000000 -1.000000 0.000002
vn 0.000000 -1.000000 0.000002
vn 0.000000 -1.000000 0.000002
vn 0.000000 -1.000000 0.000002
vn 0.000000 1.000000 0.000000
vn 0.000000 1.000000 0.000000
vn 0.000000 1.000000 0.000000
vn 0.000000 1.000000 0.000000
vn 0.000000 -1.000000 0.000005
vn 0.000000 -1.000000 0.000005
vn 0.000000 -1.000000 0.000005
vn 0.000000 -1.000000 0.000005
vn 0.000000 1.000000 -0.000001
vn 0.000000 1.000000 -0.000001
vn 0.000000 1.000000 -0.000001
vn 0.000000 1.000000 -0.000001
vn 0.000000 -1.000000 0.000002
vn 0.000000 -1.000000 0.000002
vn 0.000000 -1.000000 0.000002
vn 0.000000 -1.000000 0.000002
vn 0.000014 1.000000 -0.000001
vn 0.000014 1.000000 -0.000001
vn 0.000014 1.000000 -0.000001
vn 0.000014 1.000000 -0.000001
vn 0.000000 -1.000000 0.000001
vn 0.000000 -1.000000 0.000001
vn 0.000000 -1.000000 0.000001
vn 0.000000 -1.000000 0.000001
vn -0.000014 1.000000 -0.000005
vn -0.000014 1.000000 -0.000005
vn -0.000014 1.000000 -0.000005
vn -0.000014 1.000000 -0.000005
vn 0.000000 -1.000000 -0.000001
vn 0.000000 -1.000000 -0.000001
vn 0.000000 -1.000000 -0.000001
vn 0.000000 -1.000000 -0.000001
vn 0.000000 1.000000 0.000000
vn 0.000000 1.000000 0.000000
vn 0.000000 1.000000 0.000000
vn 0.000000 1.000000 0.000000
vn 0.000000 -1.000000 -0.000001
vn 0.000000 -1.000000 -0.000001
vn 0.000000 -1.000000 -0.000001
vn 0.000000 -1.000000 -0.000001
vn 0.000000 1.000000 0.000001
vn 0.000000 1.000000 0.000001
vn 0.000000 1.000000 0.000001
vn 0.000000 1.000000 0.000001
vn 0.000000 -1.000000 0.000000
vn 0.000000 -1.000000 0.000000
vn 0.000000 -1.000000 0.000000
vn 0.000000 -1.000000 0.000000
vn 0.000000 1.000000 0.000000
vn 0.000000 1.000000 0.000000
vn 0.000000 1.000000 0.000000
vn 0.000000 1.000000 0.000000
vn 0.000000 -1.000000 0.000000
vn 0.000000 -1.000000 0.000000
vn 0.000000 -1.000000 0.000000
vn 0.000000 -1.000000 0.000000
vn 0.000000 1.000000 0.000000
vn 0.000000 1.000000 0.000000
vn 0.000000 1.000000 0.000000
vn 0.000000 1.000000 0.000000
vn 0.000000 -1.000000 0.000002
vn 0.000000 -1.000000 0.000002
vn 0.000000 -1.000000 0.000002
vn 0.000000 -1.000000 0.000002
vn 0.000000 1.000000 -0.000002
vn 0.000000 1.000000 -0.000002
vn 0.000000 1.000000 -0.000002
vn 0.000000 1.000000 -0.000002
vn 0.000000 -1.000000 0.000002
vn 0.000000 -1.000000 0.000002
vn 0.000000 -1.000000 0.000002
vn 0.000000 -1.000000 0.000002
vn -0.000006 1.000000 0.000012
vn -0.000006 1.000000 0.000012
vn -0.000006 1.000000 0.000012
vn -0.000006 1.000000 0.000012
s 1
g Chair Leg_F_L
usemtl initialShadingGroup
f 3756/4248/5847 3755/4247/5848 3795/4287/5849
f 3757/4249/5850 3756/4248/5847 3795/4287/5849
f 3758/4250/5851 3757/4249/5850 3795/4287/5849
f 3759/4251/5852 3758/4250/5851 3795/4287/5849
f 3760/4252/5853 3759/4251/5852 3795/4287/5849
f 3761/4253/5854 3760/4252/5853 3795/4287/5849
f 3762/4254/5855 3761/4253/5854 3795/4287/5849
f 3763/4255/5856 3762/4254/5855 3795/4287/5849
f 3764/4256/5857 3763/4255/5856 3795/4287/5849
f 3765/4257/5858 3764/4256/5857 3795/4287/5849
f 3766/4258/5859 3765/4257/5858 3795/4287/5849
f 3767/4259/5860 3766/4258/5859 3795/4287/5849
f 3768/4260/5861 3767/4259/5860 3795/4287/5849
f 3769/4261/5862 3768/4260/5861 3795/4287/5849
f 3770/4262/5863 3769/4261/5862 3795/4287/5849
f 3771/4263/5864 3770/4262/5863 3795/4287/5849
f 3772/4264/5865 3771/4263/5864 3795/4287/5849
f 3773/4265/5866 3772/4264/5865 3795/4287/5849
f 3774/4266/5867 3773/4265/5866 3795/4287/5849
f 3755/4247/5848 3774/4266/5867 3795/4287/5849
s 2
f 3775/4285/5868 3776/4284/5869 3796/4288/5870
f 3776/4284/5869 3777/4283/5871 3796/4288/5870
f 3777/4283/5871 3778/4282/5872 3796/4288/5870
f 3778/4282/5872 3779/4281/5873 3796/4288/5870
f 3779/4281/5873 3780/4280/5874 3796/4288/5870
f 3780/4280/5874 3781/4279/5875 3796/4288/5870
f 3781/4279/5875 3782/4278/5876 3796/4288/5870
f 3782/4278/5876 3783/4277/5877 3796/4288/5870
f 3783/4277/5877 3784/4276/5878 3796/4288/5870
f 3784/4276/5878 3785/4275/5879 3796/4288/5870
f 3785/4275/5879 3786/4274/5880 3796/4288/5870
f 3786/4274/5880 3787/4273/5881 3796/4288/5870
f 3787/4273/5881 3788/4272/5882 3796/4288/5870
f 3788/4272/5882 3789/4271/5883 3796/4288/5870
f 3789/4271/5883 3790/4270/5884 3796/4288/5870
f 3790/4270/5884 3791/4269/5885 3796/4288/5870
f 3791/4269/5885 3792/4268/5886 3796/4288/5870
f 3792/4268/5886 3793/4267/5887 3796/4288/5870
f 3793/4267/5887 3794/4286/5888 3796/4288/5870
f 3794/4286/5888 3775/4285/5868 3796/4288/5870
s 3
f 3801/4319/5889 3800/4332/5890 3803/4333/5891 3802/4317/5892
f 3800/4332/5890 3799/4331/5893 3804/4334/5894 3803/4333/5891
f 3799/4331/5893 3798/4330/5895 3805/4335/5896 3804/4334/5894
f 3798/4330/5895 3797/4393/5897 3806/4394/5898 3805/4335/5896
f 3755/4289/5899 3756/4290/5900 3867/4293/5901 3872/4291/5902
f 3756/4290/5900 3757/4292/5903 3862/4295/5904 3867/4293/5901
f 3757/4292/5903 3758/4294/5905 3857/4297/5906 3862/4295/5904
f 3758/4294/5905 3759/4296/5907 3852/4299/5908 3857/4297/5906
f 3759/4296/5907 3760/4298/5909 3847/4301/5910 3852/4299/5908
f 3760/4298/5909 3761/4300/5911 3842/4303/5912 3847/4301/5910
f 3761/4300/5911 3762/4302/5913 3837/4305/5914 3842/4303/5912
f 3762/4302/5913 3763/4304/5915 3832/4306/5916 3837/4305/5914
f 3763/4304/5915 3764/4256/5917 3827/4307/5918 3832/4306/5916
f 3764/4256/5917 3765/4257/5919 3822/4309/5920 3827/4307/5918
f 3765/4257/5919 3766/4308/5921 3817/4311/5922 3822/4309/5920
f 3766/4308/5921 3767/4310/5923 3812/4313/5924 3817/4311/5922
f 3767/4310/5923 3768/4312/5925 3807/4315/5926 3812/4313/5924
f 3768/4312/5925 3769/4314/5927 3802/4317/5892 3807/4315/5926
f 3769/4314/5927 3770/4316/5928 3801/4319/5889 3802/4317/5892
f 3770/4316/5928 3771/4318/5929 3892/4321/5930 3801/4319/5889
f 3771/4318/5929 3772/4320/5931 3887/4323/5932 3892/4321/5930
f 3772/4320/5931 3773/4322/5933 3882/4325/5934 3887/4323/5932
f 3773/4322/5933 3774/4324/5935 3877/4327/5936 3882/4325/5934
f 3774/4324/5935 3755/4326/5899 3872/4329/5902 3877/4327/5936
f 3805/4335/5896 3806/4394/5898 3811/4395/5937 3810/4338/5938
f 3804/4334/5894 3805/4335/5896 3810/4338/5938 3809/4337/5939
f 3802/4317/5892 3803/4333/5891 3808/4336/5940 3807/4315/5926
f 3803/4333/5891 3804/4334/5894 3809/4337/5939 3808/4336/5940
f 3810/4338/5938 3811/4395/5937 3816/4396/5941 3815/4341/5942
f 3809/4337/5939 3810/4338/5938 3815/4341/5942 3814/4340/5943
f 3807/4315/5926 3808/4336/5940 3813/4339/5944 3812/4313/5924
f 3808/4336/5940 3809/4337/5939 3814/4340/5943 3813/4339/5944
f 3815/4341/5942 3816/4396/5941 3821/4397/5945 3820/4344/5946
f 3814/4340/5943 3815/4341/5942 3820/4344/5946 3819/4343/5947
f 3812/4313/5924 3813/4339/5944 3818/4342/5948 3817/4311/5922
f 3813/4339/5944 3814/4340/5943 3819/4343/5947 3818/4342/5948
f 3820/4344/5946 3821/4397/5945 3826/4398/5949 3825/4347/5950
f 3819/4343/5947 3820/4344/5946 3825/4347/5950 3824/4346/5951
f 3817/4311/5922 3818/4342/5948 3823/4345/5952 3822/4309/5920
f 3818/4342/5948 3819/4343/5947 3824/4346/5951 3823/4345/5952
f 3825/4347/5950 3826/4398/5949 3831/4399/5953 3830/4350/5954
f 3824/4346/5951 3825/4347/5950 3830/4350/5954 3829/4349/5955
f 3822/4309/5920 3823/4345/5952 3828/4348/5956 3827/4307/5918
f 3823/4345/5952 3824/4346/5951 3829/4349/5955 3828/4348/5956
f 3830/4350/5954 3831/4399/5953 3836/4400/5957 3835/4353/5958
f 3829/4349/5955 3830/4350/5954 3835/4353/5958 3834/4352/5959
f 3827/4307/5918 3828/4348/5956 3833/4351/5960 3832/4306/5916
f 3828/4348/5956 3829/4349/5955 3834/4352/5959 3833/4351/5960
f 3835/4353/5958 3836/4400/5957 3841/4401/5961 3840/4356/5962
f 3834/4352/5959 3835/4353/5958 3840/4356/5962 3839/4355/5963
f 3832/4306/5916 3833/4351/5960 3838/4354/5964 3837/4305/5914
f 3833/4351/5960 3834/4352/5959 3839/4355/5963 3838/4354/5964
f 3840/4356/5962 3841/4401/5961 3846/4402/5965 3845/4359/5966
f 3839/4355/5963 3840/4356/5962 3845/4359/5966 3844/4358/5967
f 3837/4305/5914 3838/4354/5964 3843/4357/5968 3842/4303/5912
f 3838/4354/5964 3839/4355/5963 3844/4358/5967 3843/4357/5968
f 3845/4359/5966 3846/4402/5965 3851/4403/5969 3850/4362/5970
f 3844/4358/5967 3845/4359/5966 3850/4362/5970 3849/4361/5971
f 3842/4303/5912 3843/4357/5968 3848/4360/5972 3847/4301/5910
f 3843/4357/5968 3844/4358/5967 3849/4361/5971 3848/4360/5972
f 3850/4362/5970 3851/4403/5969 3856/4404/5973 3855/4365/5974
f 3849/4361/5971 3850/4362/5970 3855/4365/5974 3854/4364/5975
f 3847/4301/5910 3848/4360/5972 3853/4363/5976 3852/4299/5908
f 3848/4360/5972 3849/4361/5971 3854/4364/5975 3853/4363/5976
f 3855/4365/5974 3856/4404/5973 3861/4405/5977 3860/4368/5978
f 3854/4364/5975 3855/4365/5974 3860/4368/5978 3859/4367/5979
f 3852/4299/5908 3853/4363/5976 3858/4366/5980 3857/4297/5906
f 3853/4363/5976 3854/4364/5975 3859/4367/5979 3858/4366/5980
f 3860/4368/5978 3861/4405/5977 3866/4406/5981 3865/4371/5982
f 3859/4367/5979 3860/4368/5978 3865/4371/5982 3864/4370/5983
f 3857/4297/5906 3858/4366/5980 3863/4369/5984 3862/4295/5904
f 3858/4366/5980 3859/4367/5979 3864/4370/5983 3863/4369/5984
f 3865/4371/5982 3866/4406/5981 3871/4407/5985 3870/4374/5986
f 3864/4370/5983 3865/4371/5982 3870/4374/5986 3869/4373/5987
f 3862/4295/5904 3863/4369/5984 3868/4372/5988 3867/4293/5901
f 3863/4369/5984 3864/4370/5983 3869/4373/5987 3868/4372/5988
f 3870/4374/5986 3871/4407/5985 3876/4328/5989 3875/4380/5990
f 3869/4373/5987 3870/4374/5986 3875/4380/5990 3874/4378/5991
f 3867/4293/5901 3868/4372/5988 3873/4376/5992 3872/4291/5902
f 3868/4372/5988 3869/4373/5987 3874/4378/5991 3873/4376/5992
f 3875/4379/5990 3876/4409/5989 3881/4410/5993 3880/4383/5994
f 3874/4377/5991 3875/4379/5990 3880/4383/5994 3879/4382/5995
f 3872/4329/5902 3873/4375/5992 3878/4381/5996 3877/4327/5936
f 3873/4375/5992 3874/4377/5991 3879/4382/5995 3878/4381/5996
f 3880/4383/5994 3881/4410/5993 3886/4411/5997 3885/4386/5998
f 3879/4382/5995 3880/4383/5994 3885/4386/5998 3884/4385/5999
f 3877/4327/5936 3878/4381/5996 3883/4384/6000 3882/4325/5934
f 3878/4381/5996 3879/4382/5995 3884/4385/5999 3883/4384/6000
f 3885/4386/5998 3886/4411/5997 3891/4412/6001 3890/4389/6002
f 3884/4385/5999 3885/4386/5998 3890/4389/6002 3889/4388/6003
f 3882/4325/5934 3883/4384/6000 3888/4387/6004 3887/4323/5932
f 3883/4384/6000 3884/4385/5999 3889/4388/6003 3888/4387/6004
f 3890/4389/6002 3891/4412/6001 3896/4413/6005 3895/4392/6006
f 3889/4388/6003 3890/4389/6002 3895/4392/6006 3894/4391/6007
f 3887/4323/5932 3888/4387/6004 3893/4390/6008 3892/4321/5930
f 3888/4387/6004 3889/4388/6003 3894/4391/6007 3893/4390/6008
f 3797/4393/5897 3798/4330/5895 3895/4392/6006 3896/4413/6005
f 3798/4330/5895 3799/4331/5893 3894/4391/6007 3895/4392/6006
f 3799/4331/5893 3800/4332/5890 3893/4390/6008 3894/4391/6007
f 3800/4332/5890 3801/4319/5889 3892/4321/5930 3893/4390/6008
f 3806/4394/5898 3797/4393/5897 3917/4501/6009 3918/4503/6010
f 3811/4395/5937 3806/4394/5898 3918/4503/6010 3919/4505/6011
f 3816/4396/5941 3811/4395/5937 3919/4505/6011 3920/4507/6012
f 3821/4397/5945 3816/4396/5941 3920/4507/6012 3921/4509/6013
f 3826/4398/5949 3821/4397/5945 3921/4509/6013 3922/4511/6014
f 3831/4399/5953 3826/4398/5949 3922/4511/6014 3923/4513/6015
f 3836/4400/5957 3831/4399/5953 3923/4513/6015 3924/4515/6016
f 3841/4401/5961 3836/4400/5957 3924/4515/6016 3925/4517/6017
f 3846/4402/5965 3841/4401/5961 3925/4517/6017 3926/4519/6018
f 3851/4403/5969 3846/4402/5965 3926/4519/6018 3927/4521/6019
f 3856/4404/5973 3851/4403/5969 3927/4521/6019 3928/4523/6020
f 3861/4405/5977 3856/4404/5973 3928/4523/6020 3929/4525/6021
f 3866/4406/5981 3861/4405/5977 3929/4525/6021 3930/4527/6022
f 3871/4407/5985 3866/4406/5981 3930/4527/6022 3931/4529/6023
f 3876/4328/5989 3871/4407/5985 3931/4529/6023 3932/4408/6024
f 3881/4410/5993 3876/4409/5989 3932/4531/6024 3933/4533/6025
f 3886/4411/5997 3881/4410/5993 3933/4533/6025 3934/4535/6026
f 3891/4412/6001 3886/4411/5997 3934/4535/6026 3935/4537/6027
f 3896/4413/6005 3891/4412/6001 3935/4537/6027 3936/4500/6028
f 3797/4393/5897 3896/4413/6005 3936/4500/6028 3917/4501/6009
s 5
f 3938/4439/6029 3937/4436/6030 3790/4433/6031 3789/4414/6032
f 3939/4441/6033 3938/4439/6029 3789/4414/6032 3788/4415/6034
f 3940/4443/6035 3939/4441/6033 3788/4415/6034 3787/4416/6036
f 3941/4445/6037 3940/4443/6035 3787/4416/6036 3786/4274/6038
f 3942/4447/6039 3941/4445/6037 3786/4274/6038 3785/4275/6040
f 3943/4449/6041 3942/4447/6039 3785/4275/6040 3784/4417/6042
f 3944/4451/6043 3943/4449/6041 3784/4417/6042 3783/4418/6044
f 3945/4453/6045 3944/4451/6043 3783/4418/6044 3782/4419/6046
f 3946/4455/6047 3945/4453/6045 3782/4419/6046 3781/4420/6048
f 3947/4457/6049 3946/4455/6047 3781/4420/6048 3780/4421/6050
f 3948/4459/6051 3947/4457/6049 3780/4421/6050 3779/4422/6052
f 3949/4461/6053 3948/4459/6051 3779/4422/6052 3778/4423/6054
f 3950/4463/6055 3949/4461/6053 3778/4423/6054 3777/4424/6056
f 3951/4465/6057 3950/4463/6055 3777/4424/6056 3776/4425/6058
f 3952/4467/6059 3951/4465/6057 3776/4425/6058 3775/4426/6060
f 3953/4469/6061 3952/4427/6059 3775/4428/6060 3794/4429/6062
f 3954/4471/6063 3953/4469/6061 3794/4429/6062 3793/4430/6064
f 3955/4473/6065 3954/4471/6063 3793/4430/6064 3792/4431/6066
f 3956/4475/6067 3955/4473/6065 3792/4431/6066 3791/4432/6068
f 3937/4436/6030 3956/4475/6067 3791/4432/6068 3790/4433/6031
s 6
f 3957/4438/6069 3958/4496/6070 3960/4495/6071 3959/4437/6072
f 3958/4496/6070 3957/4438/6069 3961/4440/6073 3962/4476/6074
f 3959/4437/6072 3960/4495/6071 3996/4494/6075 3995/4474/6076
f 3962/4476/6074 3961/4440/6073 3963/4442/6077 3964/4477/6078
f 3964/4477/6078 3963/4442/6077 3965/4444/6079 3966/4478/6080
f 3966/4478/6080 3965/4444/6079 3967/4446/6081 3968/4479/6082
f 3968/4479/6082 3967/4446/6081 3969/4448/6083 3970/4480/6084
f 3970/4480/6084 3969/4448/6083 3971/4450/6085 3972/4481/6086
f 3972/4481/6086 3971/4450/6085 3973/4452/6087 3974/4482/6088
f 3974/4482/6088 3973/4452/6087 3975/4454/6089 3976/4483/6090
f 3976/4483/6090 3975/4454/6089 3977/4456/6091 3978/4484/6092
f 3978/4484/6092 3977/4456/6091 3979/4458/6093 3980/4485/6094
f 3980/4485/6094 3979/4458/6093 3981/4460/6095 3982/4486/6096
f 3982/4486/6096 3981/4460/6095 3983/4462/6097 3984/4487/6098
f 3984/4487/6098 3983/4462/6097 3985/4464/6099 3986/4488/6100
f 3986/4488/6100 3985/4464/6099 3987/4466/6101 3988/4489/6102
f 3988/4489/6102 3987/4466/6101 3989/4434/6103 3990/4490/6104
f 3990/4435/6104 3989/4468/6103 3991/4470/6105 3992/4492/6106
f 3992/4492/6106 3991/4470/6105 3993/4472/6107 3994/4493/6108
f 3994/4493/6108 3993/4472/6107 3995/4474/6076 3996/4494/6075
f 3937/4436/6109 3957/4438/6069 3959/4437/6072 3956/4475/6110
f 3957/4438/6069 3937/4436/6109 3938/4439/6111 3961/4440/6073
f 3961/4440/6073 3938/4439/6111 3939/4441/6112 3963/4442/6077
f 3963/4442/6077 3939/4441/6112 3940/4443/6113 3965/4444/6079
f 3965/4444/6079 3940/4443/6113 3941/4445/6114 3967/4446/6081
f 3967/4446/6081 3941/4445/6114 3942/4447/6115 3969/4448/6083
f 3969/4448/6083 3942/4447/6115 3943/4449/6116 3971/4450/6085
f 3971/4450/6085 3943/4449/6116 3944/4451/6117 3973/4452/6087
f 3973/4452/6087 3944/4451/6117 3945/4453/6118 3975/4454/6089
f 3975/4454/6089 3945/4453/6118 3946/4455/6119 3977/4456/6091
f 3977/4456/6091 3946/4455/6119 3947/4457/6120 3979/4458/6093
f 3979/4458/6093 3947/4457/6120 3948/4459/6121 3981/4460/6095
f 3981/4460/6095 3948/4459/6121 3949/4461/6122 3983/4462/6097
f 3983/4462/6097 3949/4461/6122 3950/4463/6123 3985/4464/6099
f 3985/4464/6099 3950/4463/6123 3951/4465/6124 3987/4466/6101
f 3987/4466/6101 3951/4465/6124 3952/4467/6125 3989/4434/6103
f 3989/4468/6103 3952/4427/6125 3953/4469/6126 3991/4470/6105
f 3991/4470/6105 3953/4469/6126 3954/4471/6127 3993/4472/6107
f 3993/4472/6107 3954/4471/6127 3955/4473/6128 3995/4474/6076
f 3995/4474/6076 3955/4473/6128 3956/4475/6110 3959/4437/6072
f 3898/4540/6129 3897/4578/6130 3958/4496/6070 3962/4476/6074
f 3899/4542/6131 3898/4540/6129 3962/4476/6074 3964/4477/6078
f 3900/4544/6132 3899/4542/6131 3964/4477/6078 3966/4478/6080
f 3901/4546/6133 3900/4544/6132 3966/4478/6080 3968/4479/6082
f 3902/4548/6134 3901/4546/6133 3968/4479/6082 3970/4480/6084
f 3903/4550/6135 3902/4548/6134 3970/4480/6084 3972/4481/6086
f 3904/4552/6136 3903/4550/6135 3972/4481/6086 3974/4482/6088
f 3905/4554/6137 3904/4552/6136 3974/4482/6088 3976/4483/6090
f 3906/4556/6138 3905/4554/6137 3976/4483/6090 3978/4484/6092
f 3907/4558/6139 3906/4556/6138 3978/4484/6092 3980/4485/6094
f 3908/4560/6140 3907/4558/6139 3980/4485/6094 3982/4486/6096
f 3909/4562/6141 3908/4560/6140 3982/4486/6096 3984/4487/6098
f 3910/4564/6142 3909/4562/6141 3984/4487/6098 3986/4488/6100
f 3911/4566/6143 3910/4564/6142 3986/4488/6100 3988/4489/6102
f 3912/4568/6144 3911/4566/6143 3988/4489/6102 3990/4490/6104
f 3913/4570/6145 3912/4491/6144 3990/4435/6104 3992/4492/6106
f 3914/4572/6146 3913/4570/6145 3992/4492/6106 3994/4493/6108
f 3915/4574/6147 3914/4572/6146 3994/4493/6108 3996/4494/6075
f 3916/4576/6148 3915/4574/6147 3996/4494/6075 3960/4495/6071
f 3897/4578/6130 3916/4576/6148 3960/4495/6071 3958/4496/6070
s 7
f 4037/4582/6149 4038/4579/6150 4039/4580/6151 4040/4581/6152
f 4038/4579/6150 4037/4582/6149 4041/4583/6153 4042/4584/6154
f 4042/4584/6154 4041/4583/6153 4043/4585/6155 4044/4586/6156
f 4040/4581/6152 4039/4580/6151 4045/4587/6157 4046/4588/6158
f 4046/4588/6158 4045/4587/6157 4047/4589/6159 4048/4590/6160
f 4048/4590/6160 4047/4589/6159 4049/4591/6161 4050/4592/6162
f 4050/4592/6162 4049/4591/6161 4051/4593/6163 4052/4594/6164
f 4052/4594/6164 4051/4593/6163 4053/4595/6165 4054/4596/6166
f 4054/4596/6166 4053/4595/6165 4055/4597/6167 4056/4598/6168
f 4056/4598/6168 4055/4597/6167 4057/4599/6169 4058/4600/6170
f 4058/4600/6170 4057/4599/6169 4059/4601/6171 4060/4602/6172
f 4060/4602/6172 4059/4601/6171 4061/4603/6173 4062/4604/6174
f 4062/4604/6174 4061/4603/6173 4063/4605/6175 4064/4606/6176
f 4064/4606/6176 4063/4605/6175 4065/4607/6177 4066/4608/6178
f 4066/4608/6178 4065/4607/6177 4067/4609/6179 4068/4610/6180
f 4068/4610/6180 4067/4609/6179 4069/4611/6181 4070/4612/6182
f 4070/4612/6182 4069/4611/6181 4071/4613/6183 4072/4614/6184
f 4072/4618/6184 4071/4615/6183 4073/4616/6185 4074/4617/6186
f 4074/4617/6186 4073/4616/6185 4075/4619/6187 4076/4620/6188
f 4076/4620/6188 4075/4619/6187 4044/4586/6156 4043/4585/6155
s 8
f 3997/4499/6189 3917/4501/6190 3936/4500/6191 3999/4538/6192
f 3917/4501/6190 3997/4499/6189 4001/4502/6193 3918/4503/6194
f 3918/4503/6194 4001/4502/6193 4003/4504/6195 3919/4505/6196
f 3919/4505/6196 4003/4504/6195 4005/4506/6197 3920/4507/6198
f 3920/4507/6198 4005/4506/6197 4007/4508/6199 3921/4509/6200
f 3921/4509/6200 4007/4508/6199 4009/4510/6201 3922/4511/6202
f 3922/4511/6202 4009/4510/6201 4011/4512/6203 3923/4513/6204
f 3923/4513/6204 4011/4512/6203 4013/4514/6205 3924/4515/6206
f 3924/4515/6206 4013/4514/6205 4015/4516/6207 3925/4517/6208
f 3925/4517/6208 4015/4516/6207 4017/4518/6209 3926/4519/6210
f 3926/4519/6210 4017/4518/6209 4019/4520/6211 3927/4521/6212
f 3927/4521/6212 4019/4520/6211 4021/4522/6213 3928/4523/6214
f 3928/4523/6214 4021/4522/6213 4023/4524/6215 3929/4525/6216
f 3929/4525/6216 4023/4524/6215 4025/4526/6217 3930/4527/6218
f 3930/4527/6218 4025/4526/6217 4027/4528/6219 3931/4529/6220
f 3931/4529/6220 4027/4528/6219 4029/4530/6221 3932/4408/6222
f 3932/4531/6222 4029/4498/6221 4031/4532/6223 3933/4533/6224
f 3933/4533/6224 4031/4532/6223 4033/4534/6225 3934/4535/6226
f 3934/4535/6226 4033/4534/6225 4035/4536/6227 3935/4537/6228
f 3935/4537/6228 4035/4536/6227 3999/4538/6192 3936/4500/6191
s 6
f 4002/4541/6229 3998/4539/6230 3897/4578/6130 3898/4540/6129
f 4004/4543/6231 4002/4541/6229 3898/4540/6129 3899/4542/6131
f 4006/4545/6232 4004/4543/6231 3899/4542/6131 3900/4544/6132
f 4008/4547/6233 4006/4545/6232 3900/4544/6132 3901/4546/6133
f 4010/4549/6234 4008/4547/6233 3901/4546/6133 3902/4548/6134
f 4012/4551/6235 4010/4549/6234 3902/4548/6134 3903/4550/6135
f 4014/4553/6236 4012/4551/6235 3903/4550/6135 3904/4552/6136
f 4016/4555/6237 4014/4553/6236 3904/4552/6136 3905/4554/6137
f 4018/4557/6238 4016/4555/6237 3905/4554/6137 3906/4556/6138
f 4020/4559/6239 4018/4557/6238 3906/4556/6138 3907/4558/6139
f 4022/4561/6240 4020/4559/6239 3907/4558/6139 3908/4560/6140
f 4024/4563/6241 4022/4561/6240 3908/4560/6140 3909/4562/6141
f 4026/4565/6242 4024/4563/6241 3909/4562/6141 3910/4564/6142
f 4028/4567/6243 4026/4565/6242 3910/4564/6142 3911/4566/6143
f 4030/4497/6244 4028/4567/6243 3911/4566/6143 3912/4568/6144
f 4032/4571/6245 4030/4569/6244 3912/4491/6144 3913/4570/6145
f 4034/4573/6246 4032/4571/6245 3913/4570/6145 3914/4572/6146
f 4036/4575/6247 4034/4573/6246 3914/4572/6146 3915/4574/6147
f 4000/4577/6248 4036/4575/6247 3915/4574/6147 3916/4576/6148
f 3998/4539/6230 4000/4577/6248 3916/4576/6148 3897/4578/6130
s off
f 3998/4539/6249 4002/4541/6250 4039/4580/6251 4038/4579/6252
f 4001/4502/6253 3997/4499/6254 4037/4582/6255 4040/4581/6256
f 3997/4499/6257 3999/4538/6258 4041/4583/6259 4037/4582/6260
f 4000/4577/6261 3998/4539/6262 4038/4579/6263 4042/4584/6264
f 3999/4538/6265 4035/4536/6266 4043/4585/6267 4041/4583/6268
f 4036/4575/6269 4000/4577/6270 4042/4584/6271 4044/4586/6272
f 4002/4541/6273 4004/4543/6274 4045/4587/6275 4039/4580/6276
f 4003/4504/6277 4001/4502/6278 4040/4581/6279 4046/4588/6280
f 4004/4543/6281 4006/4545/6282 4047/4589/6283 4045/4587/6284
f 4005/4506/6285 4003/4504/6286 4046/4588/6287 4048/4590/6288
f 4006/4545/6289 4008/4547/6290 4049/4591/6291 4047/4589/6292
f 4007/4508/6293 4005/4506/6294 4048/4590/6295 4050/4592/6296
f 4008/4547/6297 4010/4549/6298 4051/4593/6299 4049/4591/6300
f 4009/4510/6301 4007/4508/6302 4050/4592/6303 4052/4594/6304
f 4010/4549/6305 4012/4551/6306 4053/4595/6307 4051/4593/6308
f 4011/4512/6309 4009/4510/6310 4052/4594/6311 4054/4596/6312
f 4012/4551/6313 4014/4553/6314 4055/4597/6315 4053/4595/6316
f 4013/4514/6317 4011/4512/6318 4054/4596/6319 4056/4598/6320
f 4014/4553/6321 4016/4555/6322 4057/4599/6323 4055/4597/6324
f 4015/4516/6325 4013/4514/6326 4056/4598/6327 4058/4600/6328
f 4016/4555/6329 4018/4557/6330 4059/4601/6331 4057/4599/6332
f 4017/4518/6333 4015/4516/6334 4058/4600/6335 4060/4602/6336
f 4018/4557/6337 4020/4559/6338 4061/4603/6339 4059/4601/6340
f 4019/4520/6341 4017/4518/6342 4060/4602/6343 4062/4604/6344
f 4020/4559/6345 4022/4561/6346 4063/4605/6347 4061/4603/6348
f 4021/4522/6349 4019/4520/6350 4062/4604/6351 4064/4606/6352
f 4022/4561/6353 4024/4563/6354 4065/4607/6355 4063/4605/6356
f 4023/4524/6357 4021/4522/6358 4064/4606/6359 4066/4608/6360
f 4024/4563/6361 4026/4565/6362 4067/4609/6363 4065/4607/6364
f 4025/4526/6365 4023/4524/6366 4066/4608/6367 4068/4610/6368
f 4026/4565/6369 4028/4567/6370 4069/4611/6371 4067/4609/6372
f 4027/4528/6373 4025/4526/6374 4068/4610/6375 4070/4612/6376
f 4028/4567/6377 4030/4497/6378 4071/4613/6379 4069/4611/6380
f 4029/4530/6381 4027/4528/6382 4070/4612/6383 4072/4614/6384
f 4030/4569/6385 4032/4571/6386 4073/4616/6387 4071/4615/6388
f 4031/4532/6389 4029/4498/6390 4072/4618/6391 4074/4617/6392
f 4032/4571/6393 4034/4573/6394 4075/4619/6395 4073/4616/6396
f 4033/4534/6397 4031/4532/6398 4074/4617/6399 4076/4620/6400
f 4034/4573/6401 4036/4575/6402 4044/4586/6403 4075/4619/6404
f 4035/4536/6405 4033/4534/6406 4076/4620/6407 4043/4585/6408
g default
v -113.673581 -87.899012 -840.077667
v -113.735037 -87.899012 -839.363794
v -113.163350 -87.899012 -840.575997
v -113.002022 -92.127436 -838.764165
v -112.723984 -92.127436 -839.439801
v -112.052793 -92.127436 -839.719801
v -111.055397 -87.899012 -841.074327
v -111.927918 -87.899012 -841.121657
v -110.478874 -87.899012 -840.331711
v -109.455311 -92.127436 -839.719801
v -108.715383 -92.127436 -839.402428
v -108.408882 -92.127436 -838.636247
v -111.451275 -98.659999 -830.539693
v -112.126820 -98.659999 -830.818697
v -112.406628 -98.659999 -831.492010
v -113.002022 -92.127436 -832.245712
v -112.721417 -92.127436 -831.576647
v -112.043988 -92.127436 -831.299502
v -106.344558 -98.659999 -831.488824
v -106.625356 -98.659999 -830.817701
v -107.303249 -98.659999 -830.539693
v -108.408882 -92.127436 -832.280828
v -108.695602 -92.127436 -831.586936
v -109.387784 -92.127436 -831.299502
v -111.484601 -87.899012 -832.368651
v -110.720345 -87.899012 -832.375290
v -111.967665 -87.899012 -832.918560
v -112.406628 -98.659999 -838.057063
v -112.126820 -98.659999 -838.730575
v -111.451275 -98.659999 -839.009380
v -107.303249 -98.659999 -839.009380
v -106.625356 -98.659999 -838.731372
v -106.344558 -98.659999 -838.060249
v -108.878621 -87.899012 -833.509560
v -108.834862 -87.899012 -834.336349
v -109.407013 -87.899012 -832.955137
v -115.039021 -130.688513 -838.370254
v -114.406281 -130.909203 -838.092777
v -114.144196 -131.000621 -837.422915
v -111.938133 -124.115809 -837.422915
v -112.203590 -124.034947 -838.092777
v -112.844487 -123.839725 -838.370254
v -115.624901 -124.391893 -838.370254
v -116.265797 -124.196658 -838.092777
v -116.531255 -124.115809 -837.422915
v -118.737335 -131.000621 -837.422915
v -118.475251 -131.092000 -838.092777
v -117.842537 -131.312703 -838.370254
v -116.531255 -124.115809 -830.616762
v -116.265797 -124.196658 -829.946901
v -115.624901 -124.391893 -829.669424
v -117.842537 -131.312703 -829.669424
v -118.475251 -131.092000 -829.946901
v -118.737335 -131.000621 -830.616762
v -112.844487 -123.839725 -829.669424
v -112.203590 -124.034947 -829.946901
v -111.938133 -124.115809 -830.616762
v -114.144196 -131.000621 -830.616762
v -114.406281 -130.909203 -829.946901
v -115.039021 -130.688513 -829.669424
v -107.987651 -109.729755 -830.452865
v -108.258163 -109.674669 -829.782473
v -108.912946 -109.541363 -829.500747
v -112.526649 -109.839938 -829.510439
v -113.191594 -109.754436 -829.786854
v -113.465672 -109.703784 -830.456317
v -108.912946 -109.541363 -838.538864
v -108.258163 -109.674669 -838.257072
v -107.987651 -109.729755 -837.586813
v -113.465672 -109.703784 -837.583294
v -113.191594 -109.754436 -838.252691
v -112.526649 -109.839938 -838.529106
v -110.816704 -116.737110 -838.474274
v -110.170034 -116.910486 -838.196133
v -109.900170 -116.974413 -837.526272
v -108.956215 -113.447040 -837.519169
v -109.236776 -113.442348 -838.197461
v -109.914441 -113.431019 -838.479253
v -113.034165 -113.509961 -838.484696
v -113.696297 -113.404095 -838.208281
v -113.970139 -113.356073 -837.538619
v -113.670812 -117.158770 -838.469428
v -114.328232 -117.019291 -838.195005
v -114.601074 -116.961421 -837.525144
v -111.804418 -120.253786 -838.377821
v -111.161305 -120.433168 -838.096560
v -110.893430 -120.499827 -837.426633
v -115.480630 -120.477956 -837.423181
v -115.215111 -120.559514 -838.092843
v -114.569326 -120.737620 -838.370254
v -113.970139 -113.356073 -830.501191
v -113.696297 -113.404095 -829.831463
v -113.034165 -113.509961 -829.554915
v -114.601074 -116.961421 -830.514534
v -114.328232 -117.019291 -829.844673
v -113.670821 -117.158770 -829.570249
v -114.569326 -120.737620 -829.669424
v -115.215111 -120.559514 -829.946835
v -115.480630 -120.477956 -830.616497
v -109.914441 -113.431019 -829.560358
v -109.236776 -113.442348 -829.842217
v -108.956215 -113.447040 -830.520508
v -110.816704 -116.737110 -829.565536
v -110.170034 -116.910486 -829.843478
v -109.900170 -116.974413 -830.513472
v -110.893395 -120.499814 -830.613045
v -111.161305 -120.433168 -829.943117
v -111.804418 -120.253786 -829.661856
v -119.615112 -141.633173 -837.422915
v -119.835479 -141.869793 -837.409241
v -120.147201 -141.957267 -837.372266
v -120.147201 -141.957267 -830.667412
v -119.835479 -141.869793 -830.630437
v -119.615112 -141.633173 -830.616762
v -120.455726 -141.957267 -837.911819
v -120.381050 -141.841606 -838.236693
v -120.238549 -141.560276 -838.370254
v -121.891410 -141.512962 -838.370254
v -121.972946 -141.824297 -838.219898
v -121.927250 -141.957267 -837.867874
v -122.178795 -141.957267 -837.348700
v -122.486085 -141.796806 -837.399350
v -122.530800 -141.451742 -837.422915
v -122.530800 -141.451742 -830.616762
v -122.486085 -141.796806 -830.640328
v -122.178795 -141.957267 -830.690978
v -121.927250 -141.957267 -830.171803
v -121.972946 -141.824297 -829.819779
v -121.891410 -141.512962 -829.669424
v -120.238549 -141.560276 -829.669424
v -120.381050 -141.841606 -829.802985
v -120.455726 -141.957267 -830.127859
v -120.283316 -141.957267 -837.855328
v -120.008896 -141.862176 -838.027722
v -119.796502 -141.610361 -838.092777
v -122.100571 -141.957267 -837.769894
v -122.335717 -141.805183 -837.991942
v -122.343452 -141.470327 -838.092777
v -122.065178 -141.957267 -830.296735
v -122.324547 -141.805106 -830.056232
v -122.343452 -141.470327 -829.946901
v -120.317360 -141.957267 -830.210305
v -120.018218 -141.862202 -830.019058
v -119.796502 -141.610361 -829.946901
vt 0.154078 0.387730
vt 0.134889 0.382843
vt 0.084256 0.371844
vt 0.095738 0.373733
vt 0.014086 0.309227
vt 0.056353 0.345401
vt 0.155143 0.359747
vt 0.140857 0.313604
vt 0.095321 0.305910
vt 0.129452 0.352933
vt 0.062707 0.304384
vt 0.080674 0.344413
vt 0.018011 0.353195
vt 0.020339 0.380345
vt 0.145783 0.386373
vt 0.139499 0.355590
vt 0.089920 0.345655
vt 0.064785 0.344498
vt 0.165099 0.145274
vt 0.066130 0.235274
vt 0.087034 0.305114
vt 0.165457 0.316325
vt 0.148170 0.245723
vt 0.095722 0.241082
vt 0.132577 0.312360
vt 0.013612 0.235725
vt 0.053918 0.304737
vt 0.064054 0.143180
vt 0.088432 0.152616
vt 0.140453 0.153826
vt 0.149768 0.199617
vt 0.168238 0.216899
vt 0.149513 0.176950
vt 0.166168 0.192815
vt 0.149402 0.220902
vt 0.169973 0.241779
vt 0.149544 0.153806
vt 0.165299 0.169365
vt 0.015294 0.211235
vt 0.057435 0.235331
vt 0.021823 0.140266
vt 0.062559 0.166957
vt 0.068247 0.212871
vt 0.087017 0.240802
vt 0.073075 0.143760
vt 0.087761 0.175232
vt 0.140346 0.176840
vt 0.097606 0.152891
vt 0.139387 0.244581
vt 0.096335 0.218810
vt 0.017355 0.187453
vt 0.059145 0.212463
vt 0.019971 0.164307
vt 0.061276 0.189668
vt 0.070483 0.190178
vt 0.087179 0.217463
vt 0.071790 0.167369
vt 0.087164 0.197175
vt 0.140671 0.199241
vt 0.097088 0.175476
vt 0.140225 0.221460
vt 0.096392 0.197325
vt 0.129116 0.403218
vt 0.088003 0.393419
vt 0.062591 0.371849
vt 0.084176 0.385822
vt 0.133612 0.402709
vt 0.016004 0.381303
vt 0.159544 0.360734
vt 0.013526 0.353871
vt 0.139588 0.386302
vt 0.140521 0.384812
vt 0.134625 0.354049
vt 0.058325 0.304401
vt 0.060512 0.344741
vt 0.091191 0.305373
vt 0.085297 0.344577
vt 0.067917 0.371177
vt 0.169931 0.316632
vt 0.009602 0.309759
vt 0.136722 0.313017
vt 0.089874 0.372471
vt 0.144885 0.109546
vt 0.145000 0.153829
vt 0.017343 0.139923
vt 0.169593 0.145136
vt 0.167944 0.098579
vt 0.068564 0.143470
vt 0.093019 0.152767
vt 0.091370 0.240834
vt 0.061784 0.235197
vt 0.143777 0.245157
vt 0.174453 0.241933
vt 0.009125 0.235691
vt 0.145226 0.199430
vt 0.144854 0.221477
vt 0.172722 0.216627
vt 0.010800 0.210937
vt 0.012867 0.187103
vt 0.170658 0.192565
vt 0.144936 0.176895
vt 0.169801 0.169272
vt 0.015496 0.163889
vt 0.063691 0.212644
vt 0.065876 0.189933
vt 0.067169 0.167162
vt 0.091706 0.218394
vt 0.091777 0.197234
vt 0.092424 0.175349
vt 0.144251 0.030386
vt 0.140800 0.019704
vt 0.096064 0.020880
vt 0.149298 0.109312
vt 0.157963 0.030895
vt 0.025268 0.094500
vt 0.074302 0.029120
vt 0.076125 0.098514
vt 0.091090 0.034861
vt 0.098903 0.109416
vt 0.141167 0.036278
vt 0.096114 0.030883
vt 0.140878 0.032270
vt 0.098938 0.031974
vt 0.148627 0.035102
vt 0.140463 0.109608
vt 0.145496 0.035988
vt 0.020795 0.094078
vt 0.032170 0.025174
vt 0.163471 0.098891
vt 0.161077 0.029831
vt 0.071677 0.098194
vt 0.081682 0.030787
vt 0.067223 0.097871
vt 0.078555 0.029801
vt 0.094492 0.109275
vt 0.098574 0.035996
vt 0.090093 0.108974
vt 0.094230 0.035728
vt 0.143888 0.031445
vt 0.143417 0.020222
vt 0.027868 0.024993
vt 0.096846 0.020040
vt 0.144022 0.021285
vt 0.099294 0.019368
vt 0.095619 0.030024
vt 0.141116 0.034273
vt 0.098658 0.033982
vt 0.148458 0.033010
vt 0.146352 0.020963
vt 0.032511 0.023043
vt 0.141150 0.017561
vt 0.098993 0.017219
vt 0.074433 0.026973
vt 0.081817 0.028570
vt 0.093744 0.020499
vt 0.093478 0.030463
vt 0.091248 0.032763
vt 0.145522 0.033917
vt 0.160281 0.027734
vt 0.028590 0.022867
vt 0.078683 0.027684
vt 0.095284 0.018247
vt 0.094211 0.033616
vt 0.094845 0.032768
vt 0.139946 0.391709
vt 0.158492 0.388066
vt 0.136661 0.399460
vt 0.090636 0.374182
vt 0.087315 0.377578
vt 0.073592 0.371402
vt 0.084370 0.390541
vt 0.157684 0.028743
vt 0.144905 0.018594
vt 0.146380 0.030884
vt 0.144993 0.033217
vn -0.998115 -0.001048 0.061363
vn -0.947118 -0.222305 -0.231406
vn -0.930244 -0.157683 -0.331334
vn -0.999097 -0.031550 0.028459
vn -0.529559 -0.271014 -0.803815
vn -0.358079 -0.294444 -0.886049
vn -0.153033 -0.207894 -0.966106
vn -0.476127 -0.220894 -0.851181
vn -0.118641 -0.305286 -0.944841
vn 0.215042 -0.223190 -0.950759
vn 0.379765 0.016476 -0.924936
vn 0.031421 -0.129643 -0.991063
vn 0.837498 0.241564 -0.490147
vn 0.934282 0.237020 -0.266344
vn 0.958785 0.267799 -0.094942
vn 0.856665 0.244567 -0.454216
vn -0.997733 0.050321 0.044690
vn -0.919338 0.086348 0.383877
vn -0.897373 0.080575 0.433854
vn -0.997292 -0.038180 0.062852
vn -0.375731 0.102306 0.921064
vn -0.028640 0.101964 0.994376
vn -0.123774 0.151032 0.980749
vn -0.311706 0.140445 0.939742
vn 0.063528 0.160942 0.984917
vn 0.420964 0.258784 0.869379
vn 0.533887 0.340288 0.774060
vn 0.285172 0.311453 0.906463
vn 0.910786 0.269648 0.312665
vn 0.956901 0.288524 0.033074
vn 0.966446 0.226770 -0.120656
vn 0.963326 0.167852 0.209353
vn 0.916623 -0.398549 -0.030987
vn 0.854695 -0.399555 -0.331439
vn 0.881348 -0.277298 -0.382533
vn 0.954890 -0.295151 -0.032722
vn 0.370498 -0.127877 -0.919989
vn 0.120227 -0.057464 -0.991082
vn 0.121690 -0.039408 -0.991786
vn 0.368753 -0.110249 -0.922966
vn -0.954348 0.295837 -0.041233
vn -0.884083 0.268029 -0.382828
vn -0.883519 0.299808 -0.359874
vn -0.944134 0.327743 -0.034563
vn -0.364645 0.116064 -0.923885
vn -0.054991 0.016186 -0.998356
vn -0.073344 0.024210 -0.997013
vn -0.413454 0.156925 -0.896900
vn -0.054991 0.016186 0.998356
vn -0.364645 0.116064 0.923885
vn -0.413454 0.156925 0.896900
vn -0.073344 0.024210 0.997013
vn -0.884083 0.268029 0.382828
vn -0.954348 0.295837 0.041233
vn -0.944134 0.327743 0.034563
vn -0.883519 0.299808 0.359874
vn 0.954890 -0.295151 0.032722
vn 0.881347 -0.277299 0.382536
vn 0.854695 -0.399555 0.331439
vn 0.916623 -0.398549 0.030987
vn 0.368753 -0.110249 0.922966
vn 0.121690 -0.039408 0.991786
vn 0.120227 -0.057464 0.991082
vn 0.370498 -0.127877 0.919988
vn 0.963632 -0.264670 -0.036933
vn 0.889321 -0.254119 -0.380174
vn 0.894667 -0.239566 -0.377067
vn 0.966218 -0.255321 -0.035134
vn 0.373809 -0.106061 -0.921422
vn 0.076575 -0.030172 -0.996607
vn 0.066293 -0.029097 -0.997376
vn 0.376630 -0.110758 -0.919718
vn -0.977639 0.206860 -0.037838
vn -0.906829 0.174240 -0.383800
vn -0.895280 0.227062 -0.383298
vn -0.964869 0.260235 -0.036121
vn -0.374912 0.066935 -0.924641
vn -0.075647 -0.006920 -0.997111
vn -0.082888 0.013247 -0.996471
vn -0.368521 0.101654 -0.924045
vn -0.075646 -0.006913 0.997111
vn -0.374926 0.066937 0.924635
vn -0.368522 0.101654 0.924045
vn -0.082886 0.013248 0.996471
vn -0.906832 0.174248 0.383789
vn -0.977638 0.206862 0.037840
vn -0.964869 0.260235 0.036121
vn -0.895279 0.227062 0.383298
vn 0.963632 -0.264670 0.036930
vn 0.889330 -0.254118 0.380154
vn 0.887535 -0.258163 0.381621
vn 0.960872 -0.274713 0.035475
vn 0.373726 -0.106053 0.921456
vn 0.076572 -0.030196 0.996607
vn 0.085201 -0.045466 0.995326
vn 0.365419 -0.125759 0.922309
vn -0.998879 0.012172 -0.045741
vn 0.210470 -0.051329 -0.976252
vn -0.024183 -0.064865 -0.997601
vn 0.999764 -0.005990 0.020890
vn 0.999141 0.032462 -0.025750
vn 0.200025 0.103859 0.974271
vn -0.976350 0.094866 0.194272
vn 0.121078 0.284511 0.950996
vn -0.088521 0.058621 0.994348
vn 0.032467 0.076255 0.996560
vn 0.038633 -0.048816 -0.998060
vn -0.096589 -0.021350 -0.995095
vn 0.983770 -0.171685 0.052164
vn 0.984206 -0.172885 -0.038066
vn -0.994111 0.104748 -0.027771
vn -0.992835 0.110689 0.045024
vn -0.073553 0.004482 -0.997281
vn 0.085191 -0.045477 -0.995326
vn -0.987347 0.154484 -0.035776
vn -0.987348 0.154484 0.035770
vn -0.073553 0.004449 0.997281
vn 0.066288 -0.029107 0.997376
vn 0.960872 -0.274713 -0.035477
vn 0.966218 -0.255321 0.035135
vn 0.000000 1.000000 -0.000000
vn 0.000000 1.000000 -0.000000
vn 0.000000 1.000000 -0.000000
vn 0.000000 1.000000 -0.000000
vn 0.000000 1.000000 -0.000000
vn 0.000000 1.000000 -0.000000
vn 0.000000 1.000000 -0.000000
vn 0.000000 1.000000 -0.000000
vn 0.000000 1.000000 -0.000000
vn 0.000000 1.000000 -0.000000
vn 0.000000 1.000000 -0.000000
vn 0.000000 1.000000 -0.000000
vn -0.923536 -0.023767 -0.382775
vn -0.382524 -0.048387 -0.922678
vn 0.379840 -0.070065 -0.922395
vn 0.923756 0.022342 -0.382330
vn -0.376458 0.083149 0.922695
vn -0.915666 0.123280 0.382567
vn -0.807221 0.304384 0.505711
vn -0.177908 0.263280 0.948173
vn 0.922428 0.046818 0.383320
vn 0.909300 -0.169648 0.379991
vn 0.384785 0.101211 0.917440
vn 0.389092 0.021964 0.920937
vn -0.920497 0.078416 -0.382799
vn -0.380937 0.020843 -0.924366
vn 0.377328 -0.096530 -0.921035
vn 0.906185 -0.186421 -0.379572
vn 0.365516 -0.125793 -0.922266
vn 0.887538 -0.258162 -0.381613
vn -0.913825 0.133069 -0.383689
vn -0.375509 0.058048 -0.924999
vn -0.375589 0.058056 0.924966
vn -0.913838 0.133060 0.383661
vn 0.894679 -0.239571 0.377035
vn 0.376621 -0.110772 0.919721
vn 0.023612 -0.999721 -0.000677
vn 0.270186 -0.962795 -0.004983
vn 0.269254 -0.963053 0.005510
vn 0.024715 -0.999694 0.000850
vn 0.731480 -0.681446 -0.023847
vn 0.885737 -0.462692 -0.037240
vn 0.885726 -0.462713 0.037249
vn 0.730457 -0.682511 0.024735
vn 0.018133 -0.012373 -0.999759
vn 0.018103 -0.439698 -0.897963
vn -0.013201 -0.427936 -0.903713
vn -0.327630 0.102046 -0.939279
vn 0.014507 -0.940412 -0.339728
vn 0.000039 -0.999960 -0.008942
vn -0.001185 -0.999960 -0.008800
vn -0.053171 -0.937107 -0.344968
vn -0.943777 0.329841 -0.022138
vn -0.991525 -0.128164 -0.021247
vn -0.991278 -0.129890 0.022270
vn -0.943790 0.329803 0.022158
vn -0.462832 -0.886429 -0.005528
vn -0.040783 -0.999168 -0.000644
vn -0.043197 -0.999066 0.000899
vn -0.461411 -0.887163 0.006531
vn -0.327672 0.102001 0.939269
vn -0.013201 -0.427936 0.903713
vn 0.019129 -0.441252 0.897179
vn 0.018162 -0.012467 0.999757
vn -0.057103 -0.938773 0.339772
vn -0.001452 -0.999956 0.009282
vn 0.000128 -0.999956 0.009371
vn 0.017711 -0.942194 0.334601
vn 0.002420 -0.999994 0.002381
vn -0.004590 -0.999986 0.002675
vn -0.005687 -0.999978 -0.003355
vn 0.002846 -0.999992 -0.002902
vn 0.409093 -0.202105 -0.889830
vn 0.841217 -0.441143 -0.312644
vn -0.889475 0.322069 -0.324200
vn -0.431956 0.121977 -0.893608
vn -0.432019 0.124004 0.893299
vn -0.889756 0.321212 0.324280
vn 0.840908 -0.441595 0.312838
vn 0.409115 -0.202196 0.889799
vn 0.236069 -0.964037 0.122083
vn 0.704666 -0.675766 0.216302
vn 0.247367 -0.961584 -0.119020
vn 0.396495 -0.540402 -0.742130
vn -0.410360 -0.898494 -0.155925
vn -0.959630 -0.120525 -0.254133
vn -0.395986 -0.904134 0.160426
vn -0.533359 -0.270437 0.801494
vn -0.533359 -0.270437 0.801494
vn 0.714147 -0.666985 -0.212427
vn -0.523487 -0.256103 -0.812633
vn -0.523487 -0.256103 -0.812633
vn -0.954602 -0.140662 0.262581
vn 0.399123 -0.554418 0.730289
s 1
g Chair Leg_B_R
usemtl initialShadingGroup
f 4078/4634/6409 4077/4688/6410 4081/4690/6411 4080/4633/6412
s 2
f 4077/4786/6413 4079/4621/6414 4082/4627/6415 4081/4689/6416
f 4084/4635/6417 4083/4692/6418 4087/4693/6419 4086/4636/6420
s 4
f 4083/4692/6421 4085/4622/6422 4088/4630/6423 4087/4693/6424
s 1
f 4091/4647/6425 4090/4694/6426 4093/4695/6427 4092/4626/6428
s 6
f 4090/4694/6429 4089/4631/6430 4094/4638/6431 4093/4695/6432
f 4100/4632/6433 4099/4697/6434 4110/4702/6435 4112/4623/6436
s 4
f 4099/4697/6437 4098/4637/6438 4111/4624/6439 4110/4702/6440
f 4115/4745/6441 4114/4703/6442 4117/4704/6443 4116/4650/6444
s 2
f 4114/4703/6445 4113/4733/6446 4118/4657/6447 4117/4704/6448
s 1
f 4121/4661/6449 4120/4705/6450 4123/4747/6451 4122/4735/6452
s 2
f 4120/4706/6453 4119/4639/6454 4124/4749/6455 4123/4707/6456
s 6
f 4127/4665/6457 4126/4708/6458 4129/4751/6459 4128/4737/6460
s 1
f 4126/4708/6461 4125/4648/6462 4130/4753/6463 4129/4751/6464
s 4
f 4133/4668/6465 4132/4709/6466 4135/4755/6467 4134/4739/6468
s 6
f 4132/4709/6469 4131/4649/6470 4136/4757/6471 4135/4755/6472
s 4
f 4151/4679/6473 4150/4715/6474 4153/4716/6475 4152/4681/6476
s 2
f 4150/4715/6477 4149/4651/6478 4154/4655/6479 4153/4716/6480
s 1
f 4160/4671/6481 4159/4719/6482 4165/4723/6483 4164/4673/6484
s 2
f 4159/4720/6485 4158/4654/6486 4166/4658/6487 4165/4722/6488
s 6
f 4172/4675/6489 4171/4725/6490 4174/4726/6491 4173/4677/6492
s 1
f 4171/4725/6493 4170/4674/6494 4175/4662/6495 4174/4726/6496
s 4
f 4181/4682/6497 4180/4728/6498 4183/4729/6499 4182/4680/6500
s 6
f 4180/4728/6501 4179/4678/6502 4184/4666/6503 4183/4729/6504
s 1
f 4104/4625/6505 4091/4647/6425 4092/4626/6428 4080/4633/6412
s 2
f 4082/4627/6415 4086/4636/6420 4107/4628/6506 4106/4642/6507
s 4
f 4095/4629/6508 4109/4645/6509 4088/4630/6423 4098/4637/6438
s 6
f 4089/4631/6430 4097/4641/6510 4100/4632/6433 4094/4638/6431
s 1
f 4080/4633/6412 4092/4626/6428 4103/4685/6511 4078/4634/6409
s 2
f 4082/4627/6415 4079/4621/6414 4084/4635/6417 4086/4636/6420
s 4
f 4098/4637/6438 4088/4630/6423 4085/4622/6422 4111/4624/6439
s 6
f 4094/4638/6431 4100/4632/6433 4112/4623/6436 4102/4790/6512
s 2
f 4118/4657/6447 4113/4733/6446 4124/4749/6455 4119/4639/6454
s 6
f 4140/4640/6513 4139/4664/6514 4097/4641/6510 4089/4631/6430
s 2
f 4106/4642/6507 4107/4628/6506 4143/4643/6515 4148/4656/6516
s 4
f 4137/4644/6517 4145/4669/6518 4109/4645/6509 4095/4629/6508
s 1
f 4146/4646/6519 4142/4660/6520 4091/4647/6425 4104/4625/6505
f 4121/4661/6449 4122/4735/6452 4130/4753/6463 4125/4648/6462
s 6
f 4127/4665/6457 4128/4737/6460 4136/4757/6471 4131/4649/6470
s 4
f 4115/4745/6441 4116/4650/6444 4133/4668/6465 4134/4739/6468
s 2
f 4154/4655/6479 4149/4651/6478 4158/4654/6486 4155/4652/6521
f 4149/4651/6478 4161/4653/6522 4166/4658/6487 4158/4654/6486
f 4143/4643/6515 4154/4655/6479 4155/4652/6521 4148/4656/6516
f 4161/4653/6522 4118/4657/6447 4119/4639/6454 4166/4658/6487
s 1
f 4146/4646/6519 4157/4659/6523 4167/4672/6524 4142/4660/6520
f 4164/4673/6484 4121/4661/6449 4125/4648/6462 4175/4662/6495
s 6
f 4140/4640/6513 4169/4663/6525 4176/4676/6526 4139/4664/6514
f 4173/4677/6492 4127/4665/6457 4131/4649/6470 4184/4666/6503
s 4
f 4116/4650/6444 4163/4667/6527 4182/4680/6500 4133/4668/6465
f 4152/4681/6476 4145/4669/6518 4137/4644/6517 4178/4670/6528
s 1
f 4157/4659/6523 4160/4671/6481 4170/4674/6494 4167/4672/6524
f 4160/4671/6481 4164/4673/6484 4175/4662/6495 4170/4674/6494
s 6
f 4169/4663/6525 4172/4675/6489 4179/4678/6502 4176/4676/6526
f 4172/4675/6489 4173/4677/6492 4184/4666/6503 4179/4678/6502
s 4
f 4163/4667/6527 4151/4679/6473 4181/4682/6497 4182/4680/6500
f 4151/4679/6473 4152/4681/6476 4178/4670/6528 4181/4682/6497
s off
f 4110/4788/6529 4111/4624/6530 4085/4622/6531 4083/4691/6532 4084/4785/6533 4079/4787/6534 4077/4687/6535 4078/4683/6536 4103/4684/6537 4101/4791/6538 4102/4686/6539 4112/4789/6540
s 1
f 4080/4633/6412 4081/4690/6411 4105/4700/6541 4104/4625/6505
s 2
f 4081/4689/6416 4082/4627/6415 4106/4642/6507 4105/4699/6542
f 4086/4636/6420 4087/4693/6419 4108/4701/6543 4107/4628/6506
s 4
f 4087/4693/6424 4088/4630/6423 4109/4645/6509 4108/4701/6544
s 6
f 4089/4631/6430 4090/4694/6429 4141/4711/6545 4140/4640/6513
s 1
f 4090/4694/6426 4091/4647/6425 4142/4660/6520 4141/4711/6546
f 4092/4626/6428 4093/4695/6427 4101/4698/6547 4103/4685/6511
s 6
f 4093/4695/6432 4094/4638/6431 4102/4790/6512 4101/4698/6548
s 4
f 4095/4629/6508 4096/4696/6549 4138/4710/6550 4137/4644/6517
s 6
f 4096/4696/6551 4097/4641/6510 4139/4664/6514 4138/4710/6552
f 4097/4641/6510 4096/4696/6551 4099/4697/6434 4100/4632/6433
s 4
f 4096/4696/6549 4095/4629/6508 4098/4637/6438 4099/4697/6437
s 1
f 4104/4625/6505 4105/4700/6541 4147/4714/6553 4146/4646/6519
s 2
f 4105/4699/6542 4106/4642/6507 4148/4656/6516 4147/4713/6554
f 4107/4628/6506 4108/4701/6543 4144/4712/6555 4143/4643/6515
s 4
f 4108/4701/6544 4109/4645/6509 4145/4669/6518 4144/4712/6556
s 2
f 4149/4651/6478 4150/4715/6477 4162/4721/6557 4161/4653/6522
s 4
f 4150/4715/6474 4151/4679/6473 4163/4667/6527 4162/4721/6558
s 2
f 4143/4643/6515 4144/4712/6555 4153/4716/6480 4154/4655/6479
s 4
f 4144/4712/6556 4145/4669/6518 4152/4681/6476 4153/4716/6475
s 1
f 4146/4646/6519 4147/4714/6553 4156/4718/6559 4157/4659/6523
s 2
f 4147/4713/6554 4148/4656/6516 4155/4652/6521 4156/4717/6560
s 1
f 4157/4659/6523 4156/4718/6559 4159/4719/6482 4160/4671/6481
s 2
f 4156/4717/6560 4155/4652/6521 4158/4654/6486 4159/4720/6485
s 4
f 4116/4650/6444 4117/4704/6443 4162/4721/6558 4163/4667/6527
s 2
f 4117/4704/6448 4118/4657/6447 4161/4653/6522 4162/4721/6557
f 4119/4639/6454 4120/4706/6453 4165/4722/6488 4166/4658/6487
s 1
f 4120/4705/6450 4121/4661/6449 4164/4673/6484 4165/4723/6483
s 6
f 4140/4640/6513 4141/4711/6545 4168/4724/6561 4169/4663/6525
s 1
f 4141/4711/6546 4142/4660/6520 4167/4672/6524 4168/4724/6562
s 6
f 4169/4663/6525 4168/4724/6561 4171/4725/6490 4172/4675/6489
s 1
f 4168/4724/6562 4167/4672/6524 4170/4674/6494 4171/4725/6493
f 4125/4648/6462 4126/4708/6461 4174/4726/6496 4175/4662/6495
s 6
f 4126/4708/6458 4127/4665/6457 4173/4677/6492 4174/4726/6491
s 4
f 4137/4644/6517 4138/4710/6550 4177/4727/6563 4178/4670/6528
s 6
f 4138/4710/6552 4139/4664/6514 4176/4676/6526 4177/4727/6564
s 4
f 4178/4670/6528 4177/4727/6563 4180/4728/6498 4181/4682/6497
s 6
f 4177/4727/6564 4176/4676/6526 4179/4678/6502 4180/4728/6501
f 4131/4649/6470 4132/4709/6469 4183/4729/6504 4184/4666/6503
s 4
f 4132/4709/6466 4133/4668/6465 4182/4680/6500 4183/4729/6499
s 26
f 4187/4742/6565 4186/4766/6566 4189/4767/6567 4188/4743/6568
s 4
f 4186/4766/6569 4185/4740/6570 4190/4756/6571 4189/4767/6572
s 2
f 4193/4744/6573 4192/4768/6574 4195/4792/6575 4194/4734/6576
s 26
f 4192/4794/6577 4191/4730/6578 4196/4763/6579 4195/4769/6580
s 1
f 4199/4748/6581 4198/4770/6582 4201/4773/6583 4200/4736/6584
s 26
f 4198/4771/6585 4197/4731/6586 4202/4764/6587 4201/4772/6588
s 6
f 4205/4752/6589 4204/4774/6590 4207/4777/6591 4206/4738/6592
s 26
f 4204/4775/6593 4203/4732/6594 4208/4765/6595 4207/4776/6596
s 2
f 4124/4749/6455 4113/4733/6446 4193/4744/6573 4194/4734/6576
s 1
f 4122/4735/6452 4199/4748/6581 4200/4736/6584 4130/4753/6463
s 6
f 4128/4737/6460 4205/4752/6589 4206/4738/6592 4136/4757/6471
s 4
f 4134/4739/6468 4190/4756/6571 4185/4740/6570 4115/4745/6441
s 26
f 4218/4741/6597 4208/4765/6595 4203/4732/6594 4215/4762/6598 4202/4764/6587 4197/4731/6586 4212/4760/6599 4196/4763/6579 4191/4730/6578 4209/4759/6600 4187/4742/6565 4188/4743/6568
s 2
f 4113/4733/6446 4114/4703/6445 4211/4746/6601 4193/4744/6573
s 4
f 4114/4703/6442 4115/4745/6441 4185/4740/6570 4211/4746/6602
s 1
f 4122/4735/6452 4123/4747/6451 4214/4761/6603 4199/4748/6581
s 2
f 4123/4707/6456 4124/4749/6455 4194/4734/6576 4214/4750/6604
s 6
f 4128/4737/6460 4129/4751/6459 4217/4754/6605 4205/4752/6589
s 1
f 4129/4751/6464 4130/4753/6463 4200/4736/6584 4217/4754/6606
s 4
f 4134/4739/6468 4135/4755/6467 4220/4758/6607 4190/4756/6571
s 6
f 4135/4755/6472 4136/4757/6471 4206/4738/6592 4220/4758/6608
s 26
f 4188/4743/6568 4189/4767/6567 4219/4784/6609 4218/4741/6597
s 4
f 4189/4767/6572 4190/4756/6571 4220/4758/6607 4219/4783/6610
s 26
f 4191/4730/6578 4192/4794/6577 4210/4795/6611 4209/4759/6600
s 2
f 4192/4768/6574 4193/4744/6573 4211/4746/6601 4210/4778/6612
s 26
f 4197/4731/6586 4198/4771/6585 4213/4793/6613 4212/4760/6599
s 1
f 4198/4770/6582 4199/4748/6581 4214/4761/6603 4213/4780/6614
s 26
f 4203/4732/6594 4204/4775/6593 4216/4782/6615 4215/4762/6598
s 6
f 4204/4774/6616 4205/4752/6589 4217/4754/6605 4216/4781/6617
s 4
f 4185/4740/6570 4186/4766/6569 4210/4778/6618 4211/4746/6602
s 26
f 4186/4766/6566 4187/4742/6565 4209/4759/6600 4210/4795/6611
s 2
f 4194/4734/6576 4195/4792/6619 4213/4779/6620 4214/4750/6604
s 26
f 4195/4769/6580 4196/4763/6579 4212/4760/6599 4213/4793/6613
s 1
f 4200/4736/6584 4201/4773/6583 4216/4781/6621 4217/4754/6606
s 26
f 4201/4772/6588 4202/4764/6587 4215/4762/6598 4216/4782/6615
s 6
f 4206/4738/6592 4207/4777/6591 4219/4783/6622 4220/4758/6608
s 26
f 4207/4776/6596 4208/4765/6595 4218/4741/6597 4219/4784/6609
g default
v -113.673581 -87.899012 -886.140204
v -113.735037 -87.899012 -886.854077
v -113.163350 -87.899012 -885.641874
v -113.002022 -92.127436 -887.453706
v -112.723984 -92.127436 -886.778069
v -112.052793 -92.127436 -886.498070
v -111.055397 -87.899012 -885.143544
v -111.927918 -87.899012 -885.096213
v -110.478874 -87.899012 -885.886160
v -109.455311 -92.127436 -886.498070
v -108.715383 -92.127436 -886.815442
v -108.408882 -92.127436 -887.581624
v -111.451275 -98.659999 -895.678178
v -112.126820 -98.659999 -895.399174
v -112.406628 -98.659999 -894.725861
v -113.002022 -92.127436 -893.972159
v -112.721417 -92.127436 -894.641224
v -112.043988 -92.127436 -894.918369
v -106.344558 -98.659999 -894.729047
v -106.625356 -98.659999 -895.400170
v -107.303249 -98.659999 -895.678178
v -108.408882 -92.127436 -893.937043
v -108.695602 -92.127436 -894.630934
v -109.387784 -92.127436 -894.918369
v -111.484601 -87.899012 -893.849219
v -110.720345 -87.899012 -893.842581
v -111.967665 -87.899012 -893.299310
v -112.406628 -98.659999 -888.160808
v -112.126820 -98.659999 -887.487295
v -111.451275 -98.659999 -887.208490
v -107.303249 -98.659999 -887.208490
v -106.625356 -98.659999 -887.486499
v -106.344558 -98.659999 -888.157621
v -108.878621 -87.899012 -892.708311
v -108.834862 -87.899012 -891.881522
v -109.407013 -87.899012 -893.262734
v -115.039021 -130.688513 -887.847617
v -114.406281 -130.909203 -888.125094
v -114.144196 -131.000621 -888.794955
v -111.938133 -124.115809 -888.794955
v -112.203590 -124.034947 -888.125094
v -112.844487 -123.839725 -887.847617
v -115.624901 -124.391893 -887.847617
v -116.265797 -124.196658 -888.125094
v -116.531255 -124.115809 -888.794955
v -118.737335 -131.000621 -888.794955
v -118.475251 -131.092000 -888.125094
v -117.842537 -131.312703 -887.847617
v -116.531255 -124.115809 -895.601108
v -116.265797 -124.196658 -896.270970
v -115.624901 -124.391893 -896.548447
v -117.842537 -131.312703 -896.548447
v -118.475251 -131.092000 -896.270970
v -118.737335 -131.000621 -895.601108
v -112.844487 -123.839725 -896.548447
v -112.203590 -124.034947 -896.270970
v -111.938133 -124.115809 -895.601108
v -114.144196 -131.000621 -895.601108
v -114.406281 -130.909203 -896.270970
v -115.039021 -130.688513 -896.548447
v -107.987651 -109.729755 -895.765005
v -108.258163 -109.674669 -896.435398
v -108.912946 -109.541363 -896.717123
v -112.526649 -109.839938 -896.707432
v -113.191594 -109.754436 -896.431017
v -113.465672 -109.703784 -895.761554
v -108.912946 -109.541363 -887.679007
v -108.258163 -109.674669 -887.960798
v -107.987651 -109.729755 -888.631058
v -113.465672 -109.703784 -888.634576
v -113.191594 -109.754436 -887.965180
v -112.526649 -109.839938 -887.688765
v -110.816704 -116.737110 -887.743596
v -110.170034 -116.910486 -888.021737
v -109.900170 -116.974413 -888.691598
v -108.956215 -113.447040 -888.698701
v -109.236776 -113.442348 -888.020409
v -109.914441 -113.431019 -887.738618
v -113.034165 -113.509961 -887.733174
v -113.696297 -113.404095 -888.009589
v -113.970139 -113.356073 -888.679251
v -113.670812 -117.158770 -887.748442
v -114.328232 -117.019291 -888.022866
v -114.601074 -116.961421 -888.692727
v -111.804418 -120.253786 -887.840049
v -111.161305 -120.433168 -888.121310
v -110.893430 -120.499827 -888.791238
v -115.480630 -120.477956 -888.794690
v -115.215111 -120.559514 -888.125028
v -114.569326 -120.737620 -887.847617
v -113.970139 -113.356073 -895.716679
v -113.696297 -113.404095 -896.386408
v -113.034165 -113.509961 -896.662956
v -114.601074 -116.961421 -895.703337
v -114.328232 -117.019291 -896.373198
v -113.670821 -117.158770 -896.647621
v -114.569326 -120.737620 -896.548447
v -115.215111 -120.559514 -896.271036
v -115.480630 -120.477956 -895.601374
v -109.914441 -113.431019 -896.657512
v -109.236776 -113.442348 -896.375654
v -108.956215 -113.447040 -895.697362
v -110.816704 -116.737110 -896.652334
v -110.170034 -116.910486 -896.374393
v -109.900170 -116.974413 -895.704399
v -110.893395 -120.499814 -895.604826
v -111.161305 -120.433168 -896.274753
v -111.804418 -120.253786 -896.556014
v -119.615112 -141.633173 -888.794955
v -119.835479 -141.869793 -888.808630
v -120.147201 -141.957267 -888.845605
v -120.147201 -141.957267 -895.550459
v -119.835479 -141.869793 -895.587433
v -119.615112 -141.633173 -895.601108
v -120.455726 -141.957267 -888.306051
v -120.381050 -141.841606 -887.981178
v -120.238549 -141.560276 -887.847617
v -121.891410 -141.512962 -887.847617
v -121.972946 -141.824297 -887.997972
v -121.927250 -141.957267 -888.349996
v -122.178795 -141.957267 -888.869171
v -122.486085 -141.796806 -888.818521
v -122.530800 -141.451742 -888.794955
v -122.530800 -141.451742 -895.601108
v -122.486085 -141.796806 -895.577543
v -122.178795 -141.957267 -895.526893
v -121.927250 -141.957267 -896.046067
v -121.972946 -141.824297 -896.398091
v -121.891410 -141.512962 -896.548447
v -120.238549 -141.560276 -896.548447
v -120.381050 -141.841606 -896.414886
v -120.455726 -141.957267 -896.090012
v -120.283316 -141.957267 -888.362543
v -120.008896 -141.862176 -888.190148
v -119.796502 -141.610361 -888.125094
v -122.100571 -141.957267 -888.447976
v -122.335717 -141.805183 -888.225928
v -122.343452 -141.470327 -888.125094
v -122.065178 -141.957267 -895.921136
v -122.324547 -141.805106 -896.161638
v -122.343452 -141.470327 -896.270970
v -120.317360 -141.957267 -896.007566
v -120.018218 -141.862202 -896.198812
v -119.796502 -141.610361 -896.270970
vt 0.338626 0.386963
vt 0.319425 0.382073
vt 0.268762 0.371068
vt 0.280250 0.372958
vt 0.198549 0.308412
vt 0.240841 0.344609
vt 0.339691 0.358963
vt 0.325397 0.312793
vt 0.279833 0.305093
vt 0.313984 0.352145
vt 0.247199 0.303567
vt 0.265177 0.343620
vt 0.202476 0.352408
vt 0.204805 0.379574
vt 0.330326 0.385605
vt 0.324038 0.354804
vt 0.274429 0.344863
vt 0.249278 0.343705
vt 0.349653 0.144360
vt 0.250624 0.234414
vt 0.271540 0.304297
vt 0.350012 0.315515
vt 0.332713 0.244870
vt 0.280234 0.240226
vt 0.317112 0.311547
vt 0.198074 0.234867
vt 0.238405 0.303920
vt 0.248547 0.142265
vt 0.272939 0.151706
vt 0.324992 0.152918
vt 0.334313 0.198736
vt 0.352794 0.216028
vt 0.334057 0.176055
vt 0.350722 0.191930
vt 0.333947 0.220034
vt 0.354530 0.240924
vt 0.334089 0.152897
vt 0.349853 0.168466
vt 0.199757 0.210361
vt 0.241924 0.234472
vt 0.206290 0.139349
vt 0.247051 0.166056
vt 0.252742 0.211998
vt 0.271524 0.239947
vt 0.257573 0.142846
vt 0.272268 0.174337
vt 0.324885 0.175945
vt 0.282119 0.151982
vt 0.323925 0.243727
vt 0.280848 0.217941
vt 0.201820 0.186565
vt 0.243635 0.211591
vt 0.204437 0.163405
vt 0.245767 0.188781
vt 0.254980 0.189292
vt 0.271686 0.216593
vt 0.256288 0.166468
vt 0.271671 0.196293
vt 0.325210 0.198360
vt 0.281601 0.174581
vt 0.324764 0.220593
vt 0.280905 0.196443
vt 0.313648 0.402461
vt 0.272510 0.392655
vt 0.247083 0.371073
vt 0.268681 0.385054
vt 0.318147 0.401952
vt 0.200468 0.380533
vt 0.344095 0.359951
vt 0.197989 0.353084
vt 0.324127 0.385535
vt 0.325060 0.384044
vt 0.319161 0.353262
vt 0.242815 0.303584
vt 0.245003 0.343949
vt 0.275700 0.304556
vt 0.269803 0.343785
vt 0.252412 0.370400
vt 0.354488 0.315822
vt 0.194062 0.308945
vt 0.321258 0.312205
vt 0.274382 0.371696
vt 0.329427 0.108610
vt 0.329542 0.152920
vt 0.201807 0.139006
vt 0.354149 0.144223
vt 0.352500 0.097638
vt 0.253060 0.142555
vt 0.277529 0.151858
vt 0.275879 0.239978
vt 0.246275 0.234338
vt 0.328318 0.244304
vt 0.359012 0.241078
vt 0.193585 0.234833
vt 0.329768 0.198549
vt 0.329396 0.220609
vt 0.357281 0.215757
vt 0.195261 0.210063
vt 0.197329 0.186215
vt 0.355216 0.191680
vt 0.329478 0.176001
vt 0.354358 0.168373
vt 0.199959 0.162987
vt 0.248183 0.211771
vt 0.250369 0.189047
vt 0.251664 0.166262
vt 0.276216 0.217525
vt 0.276287 0.196352
vt 0.276934 0.174454
vt 0.328792 0.029403
vt 0.325339 0.018714
vt 0.280576 0.019891
vt 0.333842 0.108377
vt 0.342513 0.029912
vt 0.209737 0.093556
vt 0.258801 0.028136
vt 0.260625 0.097572
vt 0.275599 0.033880
vt 0.283417 0.108481
vt 0.325707 0.035298
vt 0.280626 0.029900
vt 0.325418 0.031288
vt 0.283452 0.030992
vt 0.333171 0.034122
vt 0.325002 0.108673
vt 0.330038 0.035008
vt 0.205261 0.093134
vt 0.216643 0.024188
vt 0.348024 0.097950
vt 0.345628 0.028847
vt 0.256175 0.097252
vt 0.266185 0.029804
vt 0.251717 0.096929
vt 0.263056 0.028818
vt 0.279003 0.108340
vt 0.283087 0.035016
vt 0.274601 0.108038
vt 0.278741 0.034748
vt 0.328429 0.030462
vt 0.327957 0.019232
vt 0.212339 0.024006
vt 0.281358 0.019051
vt 0.328563 0.020296
vt 0.283808 0.018378
vt 0.280130 0.029041
vt 0.325656 0.033292
vt 0.283171 0.033001
vt 0.333002 0.032028
vt 0.330895 0.019974
vt 0.216985 0.022055
vt 0.325689 0.016570
vt 0.283506 0.016227
vt 0.258932 0.025988
vt 0.266320 0.027585
vt 0.278255 0.019509
vt 0.277989 0.029480
vt 0.275757 0.031781
vt 0.330064 0.032936
vt 0.344832 0.026749
vt 0.213062 0.021880
vt 0.263185 0.026699
vt 0.279795 0.017256
vt 0.278723 0.032635
vt 0.279357 0.031787
vt 0.324485 0.390945
vt 0.343043 0.387300
vt 0.321198 0.398700
vt 0.342233 0.027759
vt 0.329446 0.017603
vt 0.330923 0.029901
vt 0.275145 0.373407
vt 0.271822 0.376806
vt 0.258091 0.370625
vt 0.268876 0.389777
vt 0.329534 0.032235
vn -0.998115 -0.001048 -0.061363
vn -0.947118 -0.222305 0.231406
vn -0.930244 -0.157683 0.331334
vn -0.999097 -0.031550 -0.028459
vn -0.529559 -0.271014 0.803815
vn -0.358079 -0.294444 0.886049
vn -0.153033 -0.207894 0.966106
vn -0.476127 -0.220894 0.851181
vn -0.118641 -0.305286 0.944841
vn 0.215042 -0.223190 0.950759
vn 0.379765 0.016476 0.924936
vn 0.031421 -0.129643 0.991063
vn 0.837498 0.241564 0.490147
vn 0.934282 0.237020 0.266344
vn 0.958785 0.267799 0.094942
vn 0.856665 0.244567 0.454216
vn -0.997733 0.050321 -0.044690
vn -0.919338 0.086348 -0.383877
vn -0.897373 0.080575 -0.433854
vn -0.997292 -0.038180 -0.062852
vn -0.375731 0.102306 -0.921064
vn -0.028640 0.101964 -0.994376
vn -0.123774 0.151032 -0.980749
vn -0.311706 0.140445 -0.939742
vn 0.063528 0.160942 -0.984917
vn 0.420964 0.258784 -0.869379
vn 0.533887 0.340288 -0.774060
vn 0.285172 0.311453 -0.906463
vn 0.910786 0.269648 -0.312665
vn 0.956901 0.288524 -0.033074
vn 0.966446 0.226770 0.120656
vn 0.963326 0.167852 -0.209353
vn 0.916623 -0.398549 0.030987
vn 0.854695 -0.399555 0.331439
vn 0.881348 -0.277298 0.382533
vn 0.954890 -0.295151 0.032722
vn 0.370498 -0.127877 0.919989
vn 0.120227 -0.057464 0.991082
vn 0.121690 -0.039408 0.991786
vn 0.368753 -0.110249 0.922966
vn -0.954348 0.295837 0.041233
vn -0.884083 0.268029 0.382828
vn -0.883519 0.299808 0.359874
vn -0.944134 0.327743 0.034563
vn -0.364645 0.116064 0.923885
vn -0.054991 0.016186 0.998356
vn -0.073344 0.024210 0.997013
vn -0.413454 0.156925 0.896900
vn -0.054991 0.016186 -0.998356
vn -0.364645 0.116064 -0.923885
vn -0.413454 0.156925 -0.896900
vn -0.073344 0.024210 -0.997013
vn -0.884083 0.268029 -0.382828
vn -0.954348 0.295837 -0.041233
vn -0.944134 0.327743 -0.034563
vn -0.883519 0.299808 -0.359874
vn 0.954890 -0.295151 -0.032722
vn 0.881347 -0.277299 -0.382536
vn 0.854695 -0.399555 -0.331439
vn 0.916623 -0.398549 -0.030987
vn 0.368753 -0.110249 -0.922966
vn 0.121690 -0.039408 -0.991786
vn 0.120227 -0.057464 -0.991082
vn 0.370498 -0.127877 -0.919988
vn 0.963632 -0.264670 0.036933
vn 0.889321 -0.254119 0.380174
vn 0.894667 -0.239566 0.377067
vn 0.966218 -0.255321 0.035134
vn 0.373809 -0.106061 0.921422
vn 0.076575 -0.030172 0.996607
vn 0.066293 -0.029097 0.997376
vn 0.376630 -0.110758 0.919718
vn -0.977639 0.206860 0.037838
vn -0.906829 0.174240 0.383800
vn -0.895280 0.227062 0.383298
vn -0.964869 0.260235 0.036121
vn -0.374912 0.066935 0.924641
vn -0.075647 -0.006920 0.997111
vn -0.082888 0.013247 0.996471
vn -0.368521 0.101654 0.924045
vn -0.075646 -0.006913 -0.997111
vn -0.374926 0.066937 -0.924635
vn -0.368522 0.101654 -0.924045
vn -0.082886 0.013248 -0.996471
vn -0.906832 0.174248 -0.383789
vn -0.977638 0.206862 -0.037840
vn -0.964869 0.260235 -0.036121
vn -0.895279 0.227062 -0.383298
vn 0.963632 -0.264670 -0.036930
vn 0.889330 -0.254118 -0.380154
vn 0.887535 -0.258163 -0.381621
vn 0.960872 -0.274713 -0.035475
vn 0.373726 -0.106053 -0.921456
vn 0.076572 -0.030196 -0.996607
vn 0.085201 -0.045466 -0.995326
vn 0.365419 -0.125759 -0.922309
vn -0.998879 0.012172 0.045741
vn 0.210470 -0.051329 0.976252
vn -0.024183 -0.064865 0.997601
vn 0.999764 -0.005990 -0.020890
vn 0.999141 0.032462 0.025750
vn 0.200025 0.103859 -0.974271
vn -0.976350 0.094866 -0.194272
vn 0.121078 0.284511 -0.950996
vn -0.088521 0.058621 -0.994348
vn 0.032467 0.076255 -0.996560
vn 0.038633 -0.048816 0.998060
vn -0.096589 -0.021350 0.995095
vn 0.983770 -0.171685 -0.052164
vn 0.984206 -0.172885 0.038066
vn -0.994111 0.104748 0.027771
vn -0.992835 0.110689 -0.045024
vn -0.073553 0.004482 0.997281
vn 0.085191 -0.045477 0.995326
vn -0.987347 0.154484 0.035776
vn -0.987348 0.154484 -0.035770
vn -0.073553 0.004449 -0.997281
vn 0.066288 -0.029107 -0.997376
vn 0.960872 -0.274713 0.035477
vn 0.966218 -0.255321 -0.035135
vn -0.000000 1.000000 0.000000
vn -0.000000 1.000000 0.000000
vn -0.000000 1.000000 0.000000
vn -0.000000 1.000000 0.000000
vn -0.000000 1.000000 0.000000
vn -0.000000 1.000000 0.000000
vn -0.000000 1.000000 0.000000
vn -0.000000 1.000000 0.000000
vn -0.000000 1.000000 0.000000
vn -0.000000 1.000000 0.000000
vn -0.000000 1.000000 0.000000
vn -0.000000 1.000000 0.000000
vn -0.923536 -0.023767 0.382775
vn -0.382524 -0.048387 0.922678
vn 0.379840 -0.070065 0.922395
vn 0.923756 0.022342 0.382330
vn -0.376458 0.083149 -0.922695
vn -0.915666 0.123280 -0.382567
vn -0.807221 0.304384 -0.505711
vn -0.177908 0.263280 -0.948173
vn 0.922428 0.046818 -0.383320
vn 0.909300 -0.169648 -0.379991
vn 0.384785 0.101211 -0.917440
vn 0.389092 0.021964 -0.920937
vn -0.920497 0.078416 0.382799
vn -0.380937 0.020843 0.924366
vn 0.377328 -0.096530 0.921035
vn 0.906185 -0.186421 0.379572
vn 0.365516 -0.125793 0.922266
vn 0.887538 -0.258162 0.381613
vn -0.913825 0.133069 0.383689
vn -0.375509 0.058048 0.924999
vn -0.375589 0.058056 -0.924966
vn -0.913838 0.133060 -0.383661
vn 0.894679 -0.239571 -0.377035
vn 0.376621 -0.110772 -0.919721
vn 0.023612 -0.999721 0.000677
vn 0.270186 -0.962795 0.004983
vn 0.269254 -0.963053 -0.005510
vn 0.024715 -0.999694 -0.000850
vn 0.731480 -0.681446 0.023847
vn 0.885737 -0.462692 0.037240
vn 0.885726 -0.462713 -0.037249
vn 0.730457 -0.682511 -0.024735
vn 0.018133 -0.012373 0.999759
vn 0.018103 -0.439698 0.897963
vn -0.013201 -0.427936 0.903713
vn -0.327630 0.102046 0.939279
vn 0.014507 -0.940412 0.339728
vn 0.000039 -0.999960 0.008942
vn -0.001185 -0.999960 0.008800
vn -0.053171 -0.937107 0.344968
vn -0.943777 0.329841 0.022138
vn -0.991525 -0.128164 0.021247
vn -0.991278 -0.129890 -0.022270
vn -0.943790 0.329803 -0.022158
vn -0.462832 -0.886429 0.005528
vn -0.040783 -0.999168 0.000644
vn -0.043197 -0.999066 -0.000899
vn -0.461411 -0.887163 -0.006531
vn -0.327672 0.102001 -0.939269
vn -0.013201 -0.427936 -0.903713
vn 0.019129 -0.441252 -0.897179
vn 0.018162 -0.012467 -0.999757
vn -0.057103 -0.938773 -0.339772
vn -0.001452 -0.999956 -0.009282
vn 0.000128 -0.999956 -0.009371
vn 0.017711 -0.942194 -0.334601
vn 0.002420 -0.999994 -0.002381
vn -0.004590 -0.999986 -0.002675
vn -0.005687 -0.999978 0.003355
vn 0.002846 -0.999992 0.002902
vn 0.409093 -0.202105 0.889830
vn 0.841217 -0.441143 0.312644
vn -0.889475 0.322069 0.324200
vn -0.431956 0.121977 0.893608
vn -0.432019 0.124004 -0.893299
vn -0.889756 0.321212 -0.324280
vn 0.840908 -0.441595 -0.312838
vn 0.409115 -0.202196 -0.889799
vn 0.236069 -0.964037 -0.122083
vn 0.704666 -0.675766 -0.216302
vn 0.247367 -0.961584 0.119020
vn 0.396495 -0.540402 0.742130
vn -0.410360 -0.898494 0.155925
vn -0.959630 -0.120525 0.254133
vn -0.395986 -0.904134 -0.160426
vn -0.533359 -0.270437 -0.801494
vn -0.533359 -0.270437 -0.801494
vn 0.714147 -0.666985 0.212427
vn -0.523487 -0.256103 0.812633
vn -0.523487 -0.256103 0.812633
vn -0.954602 -0.140662 -0.262581
vn 0.399123 -0.554418 -0.730289
s 1
g Chair Leg_B_L
usemtl initialShadingGroup
f 4222/4809/6623 4221/4863/6624 4225/4865/6625 4224/4808/6626
s 2
f 4221/4961/6627 4223/4796/6628 4226/4802/6629 4225/4864/6630
f 4228/4810/6631 4227/4867/6632 4231/4868/6633 4230/4811/6634
s 4
f 4227/4867/6635 4229/4797/6636 4232/4805/6637 4231/4868/6638
s 1
f 4235/4822/6639 4234/4869/6640 4237/4870/6641 4236/4801/6642
s 6
f 4234/4869/6643 4233/4806/6644 4238/4813/6645 4237/4870/6646
f 4244/4807/6647 4243/4872/6648 4254/4877/6649 4256/4798/6650
s 4
f 4243/4872/6651 4242/4812/6652 4255/4799/6653 4254/4877/6654
f 4259/4920/6655 4258/4878/6656 4261/4879/6657 4260/4825/6658
s 2
f 4258/4878/6659 4257/4908/6660 4262/4832/6661 4261/4879/6662
s 1
f 4265/4836/6663 4264/4880/6664 4267/4922/6665 4266/4910/6666
s 2
f 4264/4881/6667 4263/4814/6668 4268/4924/6669 4267/4882/6670
s 6
f 4271/4840/6671 4270/4883/6672 4273/4926/6673 4272/4912/6674
s 1
f 4270/4883/6675 4269/4823/6676 4274/4928/6677 4273/4926/6678
s 4
f 4277/4843/6679 4276/4884/6680 4279/4930/6681 4278/4914/6682
s 6
f 4276/4884/6683 4275/4824/6684 4280/4932/6685 4279/4930/6686
s 4
f 4295/4854/6687 4294/4890/6688 4297/4891/6689 4296/4856/6690
s 2
f 4294/4890/6691 4293/4826/6692 4298/4830/6693 4297/4891/6694
s 1
f 4304/4846/6695 4303/4894/6696 4309/4898/6697 4308/4848/6698
s 2
f 4303/4895/6699 4302/4829/6700 4310/4833/6701 4309/4897/6702
s 6
f 4316/4850/6703 4315/4900/6704 4318/4901/6705 4317/4852/6706
s 1
f 4315/4900/6707 4314/4849/6708 4319/4837/6709 4318/4901/6710
s 4
f 4325/4857/6711 4324/4903/6712 4327/4904/6713 4326/4855/6714
s 6
f 4324/4903/6715 4323/4853/6716 4328/4841/6717 4327/4904/6718
s 1
f 4248/4800/6719 4235/4822/6639 4236/4801/6642 4224/4808/6626
s 2
f 4226/4802/6629 4230/4811/6634 4251/4803/6720 4250/4817/6721
s 4
f 4239/4804/6722 4253/4820/6723 4232/4805/6637 4242/4812/6652
s 6
f 4233/4806/6644 4241/4816/6724 4244/4807/6647 4238/4813/6645
s 1
f 4224/4808/6626 4236/4801/6642 4247/4860/6725 4222/4809/6623
s 2
f 4226/4802/6629 4223/4796/6628 4228/4810/6631 4230/4811/6634
s 4
f 4242/4812/6652 4232/4805/6637 4229/4797/6636 4255/4799/6653
s 6
f 4238/4813/6645 4244/4807/6647 4256/4798/6650 4246/4968/6726
s 2
f 4262/4832/6661 4257/4908/6660 4268/4924/6669 4263/4814/6668
s 6
f 4284/4815/6727 4283/4839/6728 4241/4816/6724 4233/4806/6644
s 2
f 4250/4817/6721 4251/4803/6720 4287/4818/6729 4292/4831/6730
s 4
f 4281/4819/6731 4289/4844/6732 4253/4820/6723 4239/4804/6722
s 1
f 4290/4821/6733 4286/4835/6734 4235/4822/6639 4248/4800/6719
f 4265/4836/6663 4266/4910/6666 4274/4928/6677 4269/4823/6676
s 6
f 4271/4840/6671 4272/4912/6674 4280/4932/6685 4275/4824/6684
s 4
f 4259/4920/6655 4260/4825/6658 4277/4843/6679 4278/4914/6682
s 2
f 4298/4830/6693 4293/4826/6692 4302/4829/6700 4299/4827/6735
f 4293/4826/6692 4305/4828/6736 4310/4833/6701 4302/4829/6700
f 4287/4818/6729 4298/4830/6693 4299/4827/6735 4292/4831/6730
f 4305/4828/6736 4262/4832/6661 4263/4814/6668 4310/4833/6701
s 1
f 4290/4821/6733 4301/4834/6737 4311/4847/6738 4286/4835/6734
f 4308/4848/6698 4265/4836/6663 4269/4823/6676 4319/4837/6709
s 6
f 4284/4815/6727 4313/4838/6739 4320/4851/6740 4283/4839/6728
f 4317/4852/6706 4271/4840/6671 4275/4824/6684 4328/4841/6717
s 4
f 4260/4825/6658 4307/4842/6741 4326/4855/6714 4277/4843/6679
f 4296/4856/6690 4289/4844/6732 4281/4819/6731 4322/4845/6742
s 1
f 4301/4834/6737 4304/4846/6695 4314/4849/6708 4311/4847/6738
f 4304/4846/6695 4308/4848/6698 4319/4837/6709 4314/4849/6708
s 6
f 4313/4838/6739 4316/4850/6703 4323/4853/6716 4320/4851/6740
f 4316/4850/6703 4317/4852/6706 4328/4841/6717 4323/4853/6716
s 4
f 4307/4842/6741 4295/4854/6687 4325/4857/6711 4326/4855/6714
f 4295/4854/6687 4296/4856/6690 4322/4845/6742 4325/4857/6711
s off
f 4254/4966/6743 4255/4799/6744 4229/4797/6745 4227/4866/6746 4228/4960/6747 4223/4962/6748 4221/4862/6749 4222/4858/6750 4247/4859/6751 4245/4969/6752 4246/4861/6753 4256/4967/6754
s 1
f 4224/4808/6626 4225/4865/6625 4249/4875/6755 4248/4800/6719
s 2
f 4225/4864/6630 4226/4802/6629 4250/4817/6721 4249/4874/6756
f 4230/4811/6634 4231/4868/6633 4252/4876/6757 4251/4803/6720
s 4
f 4231/4868/6638 4232/4805/6637 4253/4820/6723 4252/4876/6758
s 6
f 4233/4806/6644 4234/4869/6643 4285/4886/6759 4284/4815/6727
s 1
f 4234/4869/6640 4235/4822/6639 4286/4835/6734 4285/4886/6760
f 4236/4801/6642 4237/4870/6641 4245/4873/6761 4247/4860/6725
s 6
f 4237/4870/6646 4238/4813/6645 4246/4968/6726 4245/4873/6762
s 4
f 4239/4804/6722 4240/4871/6763 4282/4885/6764 4281/4819/6731
s 6
f 4240/4871/6765 4241/4816/6724 4283/4839/6728 4282/4885/6766
f 4241/4816/6724 4240/4871/6765 4243/4872/6648 4244/4807/6647
s 4
f 4240/4871/6763 4239/4804/6722 4242/4812/6652 4243/4872/6651
s 1
f 4248/4800/6719 4249/4875/6755 4291/4889/6767 4290/4821/6733
s 2
f 4249/4874/6756 4250/4817/6721 4292/4831/6730 4291/4888/6768
f 4251/4803/6720 4252/4876/6757 4288/4887/6769 4287/4818/6729
s 4
f 4252/4876/6758 4253/4820/6723 4289/4844/6732 4288/4887/6770
s 2
f 4293/4826/6692 4294/4890/6691 4306/4896/6771 4305/4828/6736
s 4
f 4294/4890/6688 4295/4854/6687 4307/4842/6741 4306/4896/6772
s 2
f 4287/4818/6729 4288/4887/6769 4297/4891/6694 4298/4830/6693
s 4
f 4288/4887/6770 4289/4844/6732 4296/4856/6690 4297/4891/6689
s 1
f 4290/4821/6733 4291/4889/6767 4300/4893/6773 4301/4834/6737
s 2
f 4291/4888/6768 4292/4831/6730 4299/4827/6735 4300/4892/6774
s 1
f 4301/4834/6737 4300/4893/6773 4303/4894/6696 4304/4846/6695
s 2
f 4300/4892/6774 4299/4827/6735 4302/4829/6700 4303/4895/6699
s 4
f 4260/4825/6658 4261/4879/6657 4306/4896/6772 4307/4842/6741
s 2
f 4261/4879/6662 4262/4832/6661 4305/4828/6736 4306/4896/6771
f 4263/4814/6668 4264/4881/6667 4309/4897/6702 4310/4833/6701
s 1
f 4264/4880/6664 4265/4836/6663 4308/4848/6698 4309/4898/6697
s 6
f 4284/4815/6727 4285/4886/6759 4312/4899/6775 4313/4838/6739
s 1
f 4285/4886/6760 4286/4835/6734 4311/4847/6738 4312/4899/6776
s 6
f 4313/4838/6739 4312/4899/6775 4315/4900/6704 4316/4850/6703
s 1
f 4312/4899/6776 4311/4847/6738 4314/4849/6708 4315/4900/6707
f 4269/4823/6676 4270/4883/6675 4318/4901/6710 4319/4837/6709
s 6
f 4270/4883/6672 4271/4840/6671 4317/4852/6706 4318/4901/6705
s 4
f 4281/4819/6731 4282/4885/6764 4321/4902/6777 4322/4845/6742
s 6
f 4282/4885/6766 4283/4839/6728 4320/4851/6740 4321/4902/6778
s 4
f 4322/4845/6742 4321/4902/6777 4324/4903/6712 4325/4857/6711
s 6
f 4321/4902/6778 4320/4851/6740 4323/4853/6716 4324/4903/6715
f 4275/4824/6684 4276/4884/6683 4327/4904/6718 4328/4841/6717
s 4
f 4276/4884/6680 4277/4843/6679 4326/4855/6714 4327/4904/6713
s 26
f 4331/4917/6779 4330/4941/6780 4333/4942/6781 4332/4918/6782
s 4
f 4330/4941/6783 4329/4915/6784 4334/4931/6785 4333/4942/6786
s 2
f 4337/4919/6787 4336/4943/6788 4339/4963/6789 4338/4909/6790
s 26
f 4336/4965/6791 4335/4905/6792 4340/4938/6793 4339/4944/6794
s 1
f 4343/4923/6795 4342/4945/6796 4345/4948/6797 4344/4911/6798
s 26
f 4342/4946/6799 4341/4906/6800 4346/4939/6801 4345/4947/6802
s 6
f 4349/4927/6803 4348/4949/6804 4351/4952/6805 4350/4913/6806
s 26
f 4348/4950/6807 4347/4907/6808 4352/4940/6809 4351/4951/6810
s 2
f 4268/4924/6669 4257/4908/6660 4337/4919/6787 4338/4909/6790
s 1
f 4266/4910/6666 4343/4923/6795 4344/4911/6798 4274/4928/6677
s 6
f 4272/4912/6674 4349/4927/6803 4350/4913/6806 4280/4932/6685
s 4
f 4278/4914/6682 4334/4931/6785 4329/4915/6784 4259/4920/6655
s 26
f 4362/4916/6811 4352/4940/6809 4347/4907/6808 4359/4937/6812 4346/4939/6801 4341/4906/6800 4356/4935/6813 4340/4938/6793 4335/4905/6792 4353/4934/6814 4331/4917/6779 4332/4918/6782
s 2
f 4257/4908/6660 4258/4878/6659 4355/4921/6815 4337/4919/6787
s 4
f 4258/4878/6656 4259/4920/6655 4329/4915/6784 4355/4921/6816
s 1
f 4266/4910/6666 4267/4922/6665 4358/4936/6817 4343/4923/6795
s 2
f 4267/4882/6670 4268/4924/6669 4338/4909/6790 4358/4925/6818
s 6
f 4272/4912/6674 4273/4926/6673 4361/4929/6819 4349/4927/6803
s 1
f 4273/4926/6678 4274/4928/6677 4344/4911/6798 4361/4929/6820
s 4
f 4278/4914/6682 4279/4930/6681 4364/4933/6821 4334/4931/6785
s 6
f 4279/4930/6686 4280/4932/6685 4350/4913/6806 4364/4933/6822
s 26
f 4332/4918/6782 4333/4942/6781 4363/4959/6823 4362/4916/6811
s 4
f 4333/4942/6786 4334/4931/6785 4364/4933/6821 4363/4958/6824
s 26
f 4335/4905/6792 4336/4965/6791 4354/4970/6825 4353/4934/6814
s 2
f 4336/4943/6788 4337/4919/6787 4355/4921/6815 4354/4953/6826
s 26
f 4341/4906/6800 4342/4946/6799 4357/4964/6827 4356/4935/6813
s 1
f 4342/4945/6796 4343/4923/6795 4358/4936/6817 4357/4955/6828
s 26
f 4347/4907/6808 4348/4950/6807 4360/4957/6829 4359/4937/6812
s 6
f 4348/4949/6830 4349/4927/6803 4361/4929/6819 4360/4956/6831
s 4
f 4329/4915/6784 4330/4941/6783 4354/4953/6832 4355/4921/6816
s 26
f 4330/4941/6780 4331/4917/6779 4353/4934/6814 4354/4970/6825
s 2
f 4338/4909/6790 4339/4963/6833 4357/4954/6834 4358/4925/6818
s 26
f 4339/4944/6794 4340/4938/6793 4356/4935/6813 4357/4964/6827
s 1
f 4344/4911/6798 4345/4948/6797 4360/4956/6835 4361/4929/6820
s 26
f 4345/4947/6802 4346/4939/6801 4359/4937/6812 4360/4957/6829
s 6
f 4350/4913/6806 4351/4952/6805 4363/4958/6836 4364/4933/6822
s 26
f 4351/4951/6810 4352/4940/6809 4362/4916/6811 4363/4959/6823
