# This file uses centimeters as units for non-parametric coordinates.

mtllib Island_001.mtl
g default
v 109.590446 -141.963715 46.643230
v 257.506104 -141.963715 46.643230
v 109.590446 -38.464497 46.643230
v 257.506104 -38.464497 46.643230
v 109.590446 -38.464497 -354.822113
v 257.506104 -38.464497 -354.822113
v 109.590446 -141.963715 -354.822113
v 257.506104 -141.963715 -354.822113
v 109.590446 -38.464497 -300.776794
v 109.590446 -141.963715 -300.776794
v 257.506104 -141.963715 -300.776794
v 257.506104 -38.464497 -300.776794
v 109.590446 -38.464497 -131.128891
v 109.590446 -141.963715 -131.128891
v 257.506104 -141.963715 -131.128891
v 257.506104 -38.464497 -131.128891
v 109.590446 -96.785439 -131.128891
v 257.506104 -96.785439 -131.128891
v 257.506104 -96.785439 -300.776794
v 109.590446 -96.785439 -300.776794
v 109.590446 -93.999229 -131.128891
v 257.506104 -93.999229 -131.128891
v 257.506104 -93.999229 -300.776794
v 109.590446 -93.999229 -300.776794
v 109.590446 -58.011948 -131.128891
v 257.506104 -58.011948 -131.128891
v 257.506104 -58.011948 -300.776794
v 109.590446 -58.011948 -300.776794
v 109.590446 -38.464497 -104.143570
v 109.590446 -58.011948 -104.143570
v 109.590446 -93.999229 -104.143570
v 109.590446 -96.785439 -104.143570
v 109.590446 -141.963715 -104.143570
v 257.506104 -141.963715 -104.143570
v 257.506104 -96.785439 -104.143570
v 257.506104 -93.999229 -104.143570
v 257.506104 -58.011948 -104.143570
v 257.506104 -38.464497 -104.143570
v 109.590446 -38.464497 -29.189440
v 109.590446 -58.011948 -29.189440
v 109.590446 -93.999229 -29.189440
v 109.590446 -96.785439 -29.189440
v 109.590446 -141.963715 -29.189440
v 257.506104 -141.963715 -29.189440
v 257.506104 -96.785439 -29.189440
v 257.506104 -93.999229 -29.189440
v 257.506104 -58.011948 -29.189440
v 257.506104 -38.464497 -29.189440
v 109.898140 -82.755447 -104.145966
v 109.282761 -82.748596 -29.187094
v 109.590446 -36.085320 46.643230
v 257.506104 -36.085320 46.643230
v 257.506104 -36.085320 -29.189440
v 109.590446 -36.085320 -29.189440
v 257.506104 -36.085320 -300.776794
v 109.590446 -36.085320 -300.776794
v 257.506104 -36.085320 -354.822113
v 109.590446 -36.085320 -354.822113
v 257.506104 -36.085320 -131.128891
v 109.590446 -36.085320 -131.128891
v 257.506104 -36.085320 -104.143570
v 109.590446 -36.085320 -104.143570
v 103.080795 -38.619621 64.311371
v 264.015717 -38.619621 64.311371
v 264.015717 -36.085320 64.311371
v 103.080795 -36.085320 64.311371
v 264.015717 -38.619621 -18.195972
v 264.015717 -36.085320 -18.195972
v 103.080795 -38.619621 -18.195972
v 103.080795 -36.085320 -18.195972
v 264.015717 -38.619621 -313.687927
v 264.015717 -38.619621 -372.490448
v 264.015717 -36.085320 -372.490448
v 264.015717 -36.085320 -313.687927
v 103.080795 -38.619621 -372.490448
v 103.080795 -36.085320 -372.490448
v 103.080795 -38.619621 -313.687927
v 103.080795 -36.085320 -313.687927
v 264.015717 -38.619621 -129.107925
v 264.015717 -36.085320 -129.107925
v 103.080795 -38.619621 -129.107925
v 103.080795 -36.085320 -129.107925
v 264.015717 -38.619621 -99.747528
v 264.015717 -36.085320 -99.747528
v 103.080795 -38.619621 -99.747528
v 103.080795 -36.085320 -99.747528
v 109.590446 -135.540298 -300.776794
v 109.590446 -135.540298 -131.128891
v 109.590446 -135.540298 -104.143570
v 109.590446 -135.540298 -29.189440
v 257.506104 -135.540298 -29.189440
v 257.506104 -135.540298 -104.143570
v 257.506104 -135.540298 -131.128891
v 257.506104 -135.540298 -300.776794
v 106.451874 -135.540298 -300.776794
v 106.451874 -135.540298 -131.128891
v 106.451874 -96.785439 -131.128891
v 106.451874 -96.785439 -300.776794
v 106.451874 -93.999229 -300.776794
v 106.451874 -93.999229 -131.128891
v 106.451874 -58.011948 -131.128891
v 106.451874 -58.011948 -300.776794
v 109.590446 -58.011948 -348.923248
v 109.590446 -38.464497 -348.923248
v 103.080795 -38.619621 -366.072296
v 103.080795 -36.085320 -366.072296
v 109.590446 -36.085320 -348.923248
v 257.506104 -36.085320 -348.923248
v 264.015717 -36.085320 -366.072296
v 264.015717 -38.619621 -366.072296
v 257.506104 -38.464497 -348.923248
v 257.506104 -58.011948 -348.923248
v 257.506104 -93.999229 -348.923248
v 257.506104 -96.785439 -348.923248
v 257.506104 -135.540298 -348.923248
v 257.506104 -141.963715 -348.923248
v 109.590446 -141.963715 -348.923248
v 109.590446 -135.540298 -348.923248
v 109.590446 -96.785439 -348.923248
v 109.590446 -93.999229 -348.923248
v 113.420059 -58.011948 -354.822113
v 113.420059 -38.464497 -354.822113
v 107.247505 -38.619621 -372.490448
v 107.247505 -36.085320 -372.490448
v 113.420059 -36.085320 -354.822113
v 113.420059 -36.085320 -348.923248
v 113.420059 -36.085320 -300.776794
v 113.420059 -36.085320 -131.128891
v 113.420059 -36.085320 -104.143570
v 113.420059 -36.085320 -29.189440
v 113.420059 -36.085320 46.643230
v 107.247505 -36.085320 64.311371
v 107.247505 -38.619621 64.311371
v 113.420059 -38.464497 46.643230
v 113.420059 -58.011948 46.643230
v 113.420059 -93.999229 46.643230
v 113.420059 -96.785439 46.643230
v 113.420059 -135.540298 46.643230
v 113.420059 -141.963715 46.643230
v 113.420059 -141.963715 -29.189440
v 113.420059 -141.963715 -104.143570
v 113.420059 -141.963715 -131.128891
v 113.420059 -141.963715 -300.776794
v 113.420059 -141.963715 -348.923248
v 113.420059 -141.963715 -354.822113
v 113.420059 -135.540298 -354.822113
v 113.420059 -96.785439 -354.822113
v 113.420059 -93.999229 -354.822113
v 251.898697 -58.011948 -354.822113
v 251.898697 -38.464497 -354.822113
v 257.914764 -38.464500 -372.490448
v 257.914764 -36.085320 -372.490448
v 251.898697 -36.085320 -354.822113
v 251.898697 -36.085320 -348.923248
v 251.898697 -36.085320 -300.776794
v 251.898697 -36.085320 -131.128891
v 251.898697 -36.085320 -104.143570
v 251.898697 -36.085320 -29.189440
v 251.898697 -36.085320 46.643230
v 257.914764 -36.085320 64.311371
v 257.914764 -38.619621 64.311371
v 251.898697 -38.464497 46.643230
v 251.898697 -58.011948 46.643230
v 251.898697 -93.999229 46.643230
v 251.898697 -96.785439 46.643230
v 251.898697 -135.540298 46.643230
v 251.898697 -141.963715 46.643230
v 251.898697 -141.963715 -29.189440
v 251.898697 -141.963715 -104.143570
v 251.898697 -141.963715 -131.128891
v 251.898697 -141.963715 -300.776794
v 251.898697 -141.963715 -348.923248
v 251.898697 -141.963715 -354.822113
v 251.898697 -135.540298 -354.822113
v 251.898697 -96.785439 -354.822113
v 251.898697 -93.999229 -354.822113
v 257.506104 -58.011948 40.425270
v 257.506104 -38.464497 40.425270
v 264.015717 -38.619621 57.546150
v 264.015717 -36.085320 57.546150
v 257.506104 -36.085320 40.425270
v 251.898697 -36.085320 40.425270
v 113.420059 -36.085320 40.425270
v 109.590446 -36.085320 40.425270
v 103.080795 -36.085320 57.546150
v 103.080795 -38.619621 57.546150
v 109.590446 -38.464497 40.425270
v 109.590446 -58.011948 40.425270
v 109.590446 -93.999229 40.425270
v 109.590446 -96.785439 40.425270
v 109.590446 -135.540298 40.425270
v 109.590446 -141.963715 40.425270
v 113.420059 -141.963715 40.425270
v 251.898697 -141.963715 40.425270
v 257.506104 -141.963715 40.425270
v 257.506104 -135.540298 40.425270
v 257.506104 -96.785439 40.425270
v 257.506104 -93.999229 40.425270
v 109.590446 -82.963890 40.425270
v 252.226837 -58.011948 47.606907
v 257.861145 -58.011948 47.606907
v 257.861145 -38.464497 47.606907
v 252.226837 -38.464497 47.606907
v 257.861145 -58.011948 41.359085
v 257.861145 -38.464497 41.359085
v 252.226837 -135.540298 47.606907
v 257.861145 -135.540298 47.606907
v 257.861145 -96.785439 47.606907
v 252.226837 -96.785439 47.606907
v 257.861145 -135.540298 41.359085
v 257.861145 -96.785439 41.359085
v 257.861145 -93.999229 47.606907
v 252.226837 -93.999229 47.606907
v 257.861145 -93.999229 41.359085
v 252.226837 -141.963715 47.606907
v 257.861145 -141.963715 47.606907
v 257.861145 -141.963715 41.359085
v 252.226837 -38.464497 -355.786133
v 257.861145 -38.464497 -355.786133
v 257.861145 -58.011948 -355.786133
v 252.226837 -58.011948 -355.786133
v 257.861145 -38.464497 -349.858856
v 257.861145 -58.011948 -349.858856
v 257.861145 -96.785439 -349.858856
v 257.861145 -96.785439 -355.786133
v 257.861145 -135.540298 -349.858856
v 257.861145 -135.540298 -355.786133
v 252.226837 -96.785439 -355.786133
v 252.226837 -135.540298 -355.786133
v 257.861145 -93.999229 -349.858856
v 257.861145 -93.999229 -355.786133
v 252.226837 -93.999229 -355.786133
v 257.861145 -141.963715 -349.858856
v 257.861145 -141.963715 -355.786133
v 252.226837 -141.963715 -355.786133
v 109.235390 -58.011948 41.359085
v 109.235390 -58.011948 47.606907
v 109.235390 -38.464497 47.606907
v 109.235390 -38.464497 41.359085
v 109.235390 -135.540298 41.359085
v 109.235390 -135.540298 47.606907
v 109.235390 -96.785439 47.606907
v 109.235390 -96.785439 41.359085
v 109.235390 -93.999229 47.606907
v 109.235390 -93.999229 41.359085
v 109.235390 -82.821075 41.359085
v 109.235390 -141.963715 41.359085
v 109.235390 -141.963715 47.606907
v 113.083366 -58.011948 47.606907
v 113.083366 -38.464497 47.606907
v 113.083366 -93.999229 47.606907
v 113.083366 -96.785439 47.606907
v 113.083366 -135.540298 47.606907
v 113.083366 -141.963715 47.606907
v 109.235390 -58.011948 -355.786133
v 109.235390 -58.011948 -349.858856
v 109.235390 -38.464497 -349.858856
v 109.235390 -38.464497 -355.786133
v 109.235390 -135.540298 -355.786133
v 109.235390 -135.540298 -349.858856
v 109.235390 -96.785439 -349.858856
v 109.235390 -96.785439 -355.786133
v 109.235390 -93.999229 -349.858856
v 109.235390 -93.999229 -355.786133
v 109.235390 -141.963715 -355.786133
v 109.235390 -141.963715 -349.858856
v 113.083366 -38.464497 -355.786133
v 113.083366 -58.011948 -355.786133
v 113.083366 -135.540298 -355.786133
v 113.083366 -141.963715 -355.786133
v 113.083366 -96.785439 -355.786133
v 113.083366 -93.999229 -355.786133
v 104.318169 -91.711334 -297.669220
v 104.318169 -91.711334 -134.236435
v 104.318169 -60.299850 -134.236435
v 104.318169 -60.299850 -297.669220
v 104.631065 -132.197418 -296.897858
v 104.631065 -132.197418 -135.007767
v 104.631065 -100.128319 -135.007767
v 104.631065 -100.128319 -296.897858
v 104.631065 -130.828369 -294.241791
v 104.631065 -130.828369 -137.663727
v 104.631065 -101.497368 -137.663727
v 104.631065 -101.497368 -294.241791
v 104.318169 -90.612244 -296.178070
v 104.318169 -90.612244 -135.727615
v 104.318169 -61.398933 -135.727615
v 104.318169 -61.398933 -296.178070
v 105.060379 -132.197418 -296.897858
v 105.060379 -132.197418 -135.007767
v 105.060379 -130.828369 -137.663727
v 105.060379 -130.828369 -294.241791
v 105.060379 -100.128319 -135.007767
v 105.060379 -101.497368 -137.663727
v 105.060379 -100.128319 -296.897858
v 105.060379 -101.497368 -294.241791
v 104.747452 -91.711334 -297.669220
v 104.747452 -91.711334 -134.236435
v 104.747452 -90.612244 -135.727615
v 104.747452 -90.612244 -296.178070
v 104.747452 -60.299850 -134.236435
v 104.747452 -61.398933 -135.727615
v 104.747452 -60.299850 -297.669220
v 104.747452 -61.398933 -296.178070
v 107.478226 -78.906296 -99.327667
v 106.862808 -78.901573 -34.005341
v 107.170540 -61.861092 -34.007401
v 107.170540 -61.861092 -99.325516
v 134.347061 -78.906296 -99.327667
v 133.731628 -78.901573 -34.005341
v 134.039368 -61.861092 -34.007401
v 134.039368 -61.861092 -99.325516
v 107.962143 -82.755447 -104.145966
v 107.476982 -82.270996 -103.661545
v 107.342964 -82.748596 -29.187094
v 106.863991 -82.268005 -29.667738
v 107.653435 -58.011948 -29.189440
v 107.169304 -58.496384 -29.673817
v 107.651634 -58.011948 -104.143570
v 107.171738 -58.494553 -103.660965
v 113.420059 -36.085320 0.728168
v 251.898697 -36.085320 0.728168
v 257.506104 -36.085320 0.728168
v 264.015717 -36.085320 14.354954
v 264.015717 -38.619621 14.354954
v 257.506104 -38.464497 0.728168
v 257.506104 -58.011948 0.728168
v 257.506104 -93.999229 0.728168
v 257.506104 -96.785439 0.728168
v 257.506104 -135.540298 0.728168
v 257.506104 -141.963715 0.728168
v 251.898697 -141.963715 0.728168
v 113.420059 -141.963715 0.728168
v 109.590446 -141.963715 0.728168
v 109.590446 -135.540298 0.728168
v 109.590446 -96.785439 0.728168
v 109.590446 -93.999229 0.728168
v 109.414963 -82.841125 0.729509
v 109.590446 -58.011948 0.728168
v 109.590446 -38.464497 0.728168
v 103.080795 -38.619621 14.354954
v 103.080795 -36.085320 14.354954
v 109.590446 -36.085320 0.728168
v 124.908653 -36.085320 40.425270
v 124.908653 -36.085320 46.643230
v 119.747292 -36.085320 64.311371
v 119.747292 -38.619621 64.311371
v 124.908653 -38.464497 46.643230
v 124.908653 -58.011948 46.643230
v 124.908653 -93.999229 46.643230
v 124.908653 -96.785439 46.643230
v 124.908653 -135.540298 46.643230
v 124.908653 -141.963715 46.643230
v 124.908653 -141.963715 40.425270
v 124.908653 -141.963715 0.728168
v 124.908653 -141.963715 -29.189440
v 124.908653 -141.963715 -104.143570
v 124.908653 -141.963715 -131.128891
v 124.908653 -141.963715 -300.776794
v 124.908653 -141.963715 -348.923248
v 124.908653 -141.963715 -354.822113
v 124.908653 -135.540298 -354.822113
v 124.908653 -96.785439 -354.822113
v 124.908653 -93.999229 -354.822113
v 124.908653 -58.011948 -354.822113
v 124.908653 -38.464497 -354.822113
v 119.747292 -38.619621 -372.490448
v 119.747292 -36.085320 -372.490448
v 124.908653 -36.085320 -354.822113
v 124.908653 -36.085320 -348.923248
v 124.908653 -36.085320 -300.776794
v 240.615448 -36.085320 40.425270
v 240.615448 -36.085320 46.643230
v 245.638397 -36.085320 64.311371
v 245.638397 -38.619621 64.311371
v 240.615448 -38.464497 46.643230
v 240.615448 -58.011948 46.643230
v 240.615448 -93.999229 46.643230
v 240.615448 -96.785439 46.643230
v 240.615448 -135.540298 46.643230
v 240.615448 -141.963715 46.643230
v 240.615448 -141.963715 40.425270
v 240.615448 -141.963715 0.728168
v 240.615448 -141.963715 -29.189440
v 240.615448 -141.963715 -104.143570
v 240.615448 -141.963715 -131.128891
v 240.615448 -141.963715 -300.776794
v 240.615448 -141.963715 -348.923248
v 240.615448 -141.963715 -354.822113
v 240.615448 -135.540298 -354.822113
v 240.615448 -96.785439 -354.822113
v 240.615448 -93.999229 -354.822113
v 240.615448 -58.011948 -354.822113
v 240.615448 -38.464497 -354.822113
v 245.638397 -38.619621 -372.490448
v 245.638397 -36.085320 -372.490448
v 240.615448 -36.085320 -354.822113
v 240.615448 -36.085320 -348.923248
v 240.615448 -36.085320 -300.776794
v 126.036858 -36.085320 -0.400047
v 123.780441 -36.085320 1.856431
v 239.487259 -36.085320 -0.400047
v 241.743637 -36.085320 1.856431
v 123.780441 -36.085320 -29.189440
v 126.036858 -36.085320 -29.189440
v 123.780441 -36.085320 -132.257111
v 126.036858 -36.085320 -130.000626
v 123.780441 -36.085320 -104.143570
v 126.036858 -36.085320 -104.143570
v 239.487259 -36.085320 -29.189440
v 241.743637 -36.085320 -29.189440
v 241.743637 -36.085320 -132.257111
v 239.487259 -36.085320 -130.000626
v 241.743637 -36.085320 -104.143570
v 239.487259 -36.085320 -104.143570
v 126.036858 -36.398216 -0.400047
v 123.780441 -36.398216 1.856431
v 241.743637 -36.398216 1.856431
v 239.487259 -36.398216 -0.400047
v 126.036858 -36.398216 -29.189440
v 123.780441 -36.398216 -29.189440
v 241.743637 -36.398216 -29.189440
v 239.487259 -36.398216 -29.189440
v 126.036858 -36.398216 -104.143570
v 123.780441 -36.398216 -104.143570
v 123.780441 -36.398216 -132.257111
v 126.036858 -36.398216 -130.000626
v 239.487259 -36.398216 -130.000626
v 241.743637 -36.398216 -132.257111
v 241.743637 -36.398216 -104.143570
v 239.487259 -36.398216 -104.143570
vt 0.611891 0.177244
vt 0.619801 0.177202
vt 0.385184 0.615094
vt 0.612045 0.206540
vt 0.442964 0.801968
vt 0.442964 0.793588
vt 0.450557 0.793588
vt 0.450557 0.801968
vt 0.847526 0.049522
vt 0.985524 0.619861
vt 0.986045 0.590329
vt 0.847539 0.079707
vt 0.405818 0.448199
vt 0.405818 0.456199
vt 0.396946 0.456227
vt 0.609795 0.052815
vt 0.394414 0.585532
vt 0.394456 0.614356
vt 0.971192 0.749384
vt 0.399650 0.178355
vt 0.399804 0.207652
vt 0.971192 0.777892
vt 0.630992 0.079798
vt 0.398804 0.749384
vt 0.398804 0.777892
vt 0.630979 0.049614
vt 0.969755 0.448219
vt 0.969755 0.456187
vt 0.961339 0.456235
vt 0.961339 0.448236
vt 0.976744 0.619012
vt 0.977221 0.590181
vt 0.929804 0.801968
vt 0.929804 0.793588
vt 0.937060 0.793588
vt 0.937060 0.801968
vt 0.470650 0.749384
vt 0.719755 0.749384
vt 0.661825 0.993719
vt 0.869550 0.993719
vt 0.892644 0.448238
vt 0.892644 0.456238
vt 0.650591 0.456210
vt 0.650591 0.448210
vt 0.661825 0.782356
vt 0.651374 0.587434
vt 0.904027 0.589492
vt 0.871709 0.782356
vt 0.661825 0.801968
vt 0.661825 0.793588
vt 0.870865 0.793588
vt 0.870865 0.801968
vt 0.971192 0.633497
vt 0.399048 0.063430
vt 0.399349 0.120832
vt 0.971192 0.691361
vt 0.611289 0.062317
vt 0.619199 0.062276
vt 0.385448 0.527687
vt 0.611590 0.119719
vt 0.395184 0.470001
vt 0.394755 0.527747
vt 0.904541 0.531738
vt 0.651838 0.529680
vt 0.652300 0.471957
vt 0.905036 0.474017
vt 0.855879 0.138232
vt 0.977789 0.532434
vt 0.978281 0.474690
vt 0.987110 0.474770
vt 0.847563 0.138235
vt 0.847588 0.196621
vt 0.631041 0.196713
vt 0.398804 0.633497
vt 0.398804 0.691361
vt 0.631017 0.138327
vt 0.873989 0.229497
vt 0.875978 0.012813
vt 0.916806 0.013060
vt 0.914818 0.229753
vt 0.399370 0.124974
vt 0.971192 0.695435
vt 0.385418 0.531845
vt 0.611611 0.123862
vt 0.394723 0.531900
vt 0.904505 0.535888
vt 0.651805 0.533830
vt 0.855877 0.133987
vt 0.977752 0.536588
vt 0.847562 0.133990
vt 0.398804 0.695435
vt 0.631015 0.134082
vt 0.470650 0.691361
vt 0.719755 0.691361
vt 0.719755 0.695435
vt 0.470650 0.695435
vt 0.971192 0.717394
vt 0.932787 0.231821
vt 0.935113 0.009831
vt 0.975770 0.010230
vt 0.973423 0.232227
vt 0.274496 0.815515
vt 0.628408 0.993719
vt 0.759152 0.695435
vt 0.298024 0.769363
vt 0.759152 0.691361
vt 0.719755 0.633497
vt 0.759152 0.633497
vt 0.612088 0.456198
vt 0.612088 0.448199
vt 0.611641 0.529360
vt 0.612098 0.471636
vt 0.611609 0.533510
vt 0.611186 0.587113
vt 0.630406 0.782356
vt 0.629024 0.801968
vt 0.629024 0.793588
vt 0.361443 0.838014
vt 0.868337 0.777892
vt 0.302647 0.796625
vt 0.356833 0.796625
vt 0.356833 0.810764
vt 0.302647 0.810764
vt 0.868337 0.691361
vt 0.868337 0.695435
vt 0.868337 0.633497
vt 0.505144 0.456198
vt 0.505144 0.448197
vt 0.499990 0.528484
vt 0.500426 0.470762
vt 0.499959 0.532634
vt 0.499565 0.586231
vt 0.535653 0.782356
vt 0.536325 0.801968
vt 0.536325 0.793588
vt 0.868337 0.717394
vt 0.418086 0.801968
vt 0.418086 0.793588
vt 0.421179 0.793588
vt 0.421179 0.801968
vt 0.430630 0.782356
vt 0.430630 0.793588
vt 0.427948 0.993719
vt 0.421179 0.993719
vt 0.421179 0.982532
vt 0.427948 0.982532
vt 0.951811 0.782356
vt 0.961920 0.793588
vt 0.958733 0.793588
vt 0.951811 0.793588
vt 0.961920 0.801968
vt 0.958733 0.801968
vt 0.958733 0.993719
vt 0.949815 0.993719
vt 0.949815 0.982532
vt 0.958733 0.982532
vt 0.661825 0.782356
vt 0.887334 0.782356
vt 0.887334 0.793588
vt 0.661825 0.793588
vt 0.885439 0.993719
vt 0.661825 0.993719
vt 0.661825 0.982532
vt 0.885439 0.982532
vt 0.624823 0.782356
vt 0.624823 0.793588
vt 0.622998 0.993719
vt 0.622998 0.982532
vt 0.522251 0.782356
vt 0.522251 0.793588
vt 0.520520 0.993719
vt 0.520520 0.982532
vt 0.396451 0.801968
vt 0.616067 0.206519
vt 0.395921 0.614609
vt 0.969748 0.777892
vt 0.977982 0.777892
vt 0.442964 0.982532
vt 0.450557 0.982532
vt 0.975278 0.619236
vt 0.983989 0.620265
vt 0.846045 0.049522
vt 0.629395 0.049614
vt 0.400245 0.777892
vt 0.929804 0.982532
vt 0.937060 0.982532
vt 0.661825 0.982532
vt 0.870865 0.982532
vt 0.629024 0.982532
vt 0.536325 0.982532
vt 0.470650 0.624119
vt 0.719755 0.624119
vt 0.470650 0.633497
vt 0.759152 0.624119
vt 0.868337 0.624119
vt 0.971192 0.624119
vt 0.395571 0.244650
vt 0.611239 0.052807
vt 0.395571 0.456740
vt 0.395254 0.460433
vt 0.962674 0.456735
vt 0.971131 0.456684
vt 0.847592 0.206293
vt 0.631046 0.206385
vt 0.398804 0.624119
vt 0.867974 0.002379
vt 0.865825 0.239660
vt 0.924965 0.002886
vt 0.922820 0.240195
vt 0.928446 0.001970
vt 0.925999 0.239562
vt 0.982571 0.002578
vt 0.980093 0.240084
vt 0.400245 0.749384
vt 0.975720 0.590163
vt 0.976261 0.536571
vt 0.976299 0.532419
vt 0.976790 0.474676
vt 0.400245 0.633497
vt 0.400245 0.624119
vt 0.400245 0.691361
vt 0.400245 0.695435
vt 0.636576 0.049612
vt 0.636588 0.079796
vt 0.961920 0.977646
vt 0.638048 0.049610
vt 0.958733 0.977646
vt 0.937060 0.977646
vt 0.929804 0.977646
vt 0.870865 0.977646
vt 0.661825 0.977646
vt 0.629024 0.977646
vt 0.536325 0.977646
vt 0.442964 0.977646
vt 0.450557 0.977646
vt 0.421179 0.977646
vt 0.418086 0.977646
vt 0.406406 0.207617
vt 0.404798 0.178328
vt 0.404952 0.207625
vt 0.404519 0.124947
vt 0.404497 0.120804
vt 0.404196 0.063402
vt 0.404146 0.053892
vt 0.969748 0.624119
vt 0.405818 0.250626
vt 0.405601 0.053885
vt 0.396946 0.245176
vt 0.612088 0.250643
vt 0.505144 0.250593
vt 0.650591 0.250649
vt 0.892644 0.250648
vt 0.961339 0.250648
vt 0.969755 0.245176
vt 0.969755 0.250640
vt 0.636638 0.196710
vt 0.971131 0.250157
vt 0.636613 0.138324
vt 0.636611 0.134079
vt 0.983738 0.816332
vt 0.846058 0.079707
vt 0.829291 0.079714
vt 0.961920 0.816332
vt 0.958733 0.816332
vt 0.937060 0.816332
vt 0.929804 0.816332
vt 0.870865 0.816332
vt 0.442964 0.816332
vt 0.450557 0.816332
vt 0.421179 0.816332
vt 0.418086 0.816332
vt 0.594126 0.206634
vt 0.593973 0.177337
vt 0.610446 0.177251
vt 0.593693 0.123956
vt 0.610167 0.123870
vt 0.593671 0.119813
vt 0.610145 0.119727
vt 0.593371 0.062411
vt 0.609844 0.062325
vt 0.396946 0.432110
vt 0.405818 0.432107
vt 0.612088 0.432104
vt 0.505144 0.432096
vt 0.650591 0.432112
vt 0.892644 0.432141
vt 0.961339 0.432142
vt 0.829345 0.206301
vt 0.829341 0.196629
vt 0.846108 0.196622
vt 0.829316 0.138243
vt 0.846083 0.138236
vt 0.829315 0.133998
vt 0.846081 0.133990
vt 0.455028 0.585886
vt 0.454824 0.615008
vt 0.482593 0.782356
vt 0.482593 0.793588
vt 0.498824 0.793588
vt 0.498824 0.801968
vt 0.498824 0.982532
vt 0.498824 0.977646
vt 0.480289 0.982532
vt 0.480289 0.993719
vt 0.496497 0.993719
vt 0.911926 0.749384
vt 0.911926 0.695435
vt 0.911926 0.717394
vt 0.911926 0.691361
vt 0.911926 0.633497
vt 0.911926 0.624119
vt 0.462457 0.250584
vt 0.462457 0.448199
vt 0.462457 0.432102
vt 0.462457 0.456200
vt 0.455838 0.470429
vt 0.455412 0.528151
vt 0.455383 0.532300
vt 0.395910 0.585539
vt 0.396672 0.470011
vt 0.396243 0.527756
vt 0.396212 0.531907
vt 0.969748 0.749384
vt 0.969748 0.691361
vt 0.969748 0.633497
vt 0.969748 0.695435
vt 0.969748 0.717394
vt 0.406253 0.178321
vt 0.405973 0.124939
vt 0.405952 0.120797
vt 0.405651 0.063395
vt 0.638061 0.079795
vt 0.638111 0.196710
vt 0.638086 0.138324
vt 0.638084 0.134079
vt 0.932637 0.006969
vt 0.930291 0.234689
vt 0.978273 0.007441
vt 0.975900 0.235089
vt 0.873159 0.008239
vt 0.871124 0.233953
vt 0.919667 0.008597
vt 0.917635 0.234333
vt 0.871585 0.233596
vt 0.873638 0.008571
vt 0.875499 0.012482
vt 0.873531 0.229857
vt 0.919208 0.008956
vt 0.917262 0.012699
vt 0.917156 0.234001
vt 0.915296 0.230086
vt 0.930761 0.234345
vt 0.933122 0.007292
vt 0.934624 0.009514
vt 0.932322 0.232178
vt 0.977802 0.007785
vt 0.976243 0.009890
vt 0.975414 0.234767
vt 0.973913 0.232543
vt 0.280266 0.796625
vt 0.356833 0.774328
vt 0.379003 0.810764
vt 0.302647 0.833048
vt 0.276103 0.794988
vt 0.298465 0.771536
vt 0.276670 0.815100
vt 0.299267 0.836406
vt 0.360206 0.770971
vt 0.382600 0.792291
vt 0.383166 0.812400
vt 0.361013 0.835840
vt 0.442964 0.963075
vt 0.450557 0.963075
vt 0.421179 0.963075
vt 0.418086 0.963075
vt 0.423236 0.207529
vt 0.423082 0.178233
vt 0.422803 0.124851
vt 0.422781 0.120709
vt 0.422480 0.063307
vt 0.396946 0.267013
vt 0.405818 0.267013
vt 0.462457 0.266986
vt 0.505144 0.266994
vt 0.612088 0.267030
vt 0.650591 0.267040
vt 0.892644 0.267041
vt 0.961339 0.267040
vt 0.655269 0.206374
vt 0.655265 0.196703
vt 0.655240 0.138317
vt 0.655238 0.134071
vt 0.655215 0.079788
vt 0.983738 0.963075
vt 0.961920 0.963075
vt 0.958733 0.963075
vt 0.937060 0.963075
vt 0.929804 0.963075
vt 0.870865 0.963075
vt 0.502026 0.958865
vt 0.499206 0.963075
vt 0.499206 0.816332
vt 0.502026 0.818396
vt 0.536325 0.958865
vt 0.536325 0.963075
vt 0.536325 0.816332
vt 0.536325 0.818396
vt 0.629024 0.958865
vt 0.629024 0.963075
vt 0.662909 0.963075
vt 0.660090 0.958865
vt 0.660090 0.818396
vt 0.662909 0.816332
vt 0.629024 0.816332
vt 0.629024 0.818396
vt 0.661825 0.816332
vt 0.629024 0.816332
vt 0.536325 0.816332
vt 0.498824 0.816332
vt 0.498824 0.963075
vt 0.536325 0.963075
vt 0.661825 0.963075
vt 0.629024 0.963075
vt 0.502385 0.958865
vt 0.502385 0.818396
vt 0.536325 0.818396
vt 0.536325 0.958865
vt 0.629024 0.958865
vt 0.629024 0.818396
vt 0.659726 0.818396
vt 0.659726 0.958865
vt 0.969755 0.432142
vt 0.846112 0.206293
vt 0.593321 0.052902
vt 0.396946 0.448207
vt 0.969755 0.267040
vt 0.422430 0.053797
vt 0.462457 0.245120
vt 0.405818 0.245163
vt 0.455911 0.460862
vt 0.396743 0.460443
vt 0.390180 0.624119
vt 0.971131 0.244663
vt 0.971131 0.244681
vt 0.636642 0.206382
vt 0.638115 0.206381
vt 0.390180 0.633497
vt 0.962674 0.244676
vt 0.961339 0.245183
vt 0.390180 0.749384
vt 0.390180 0.695435
vt 0.390180 0.691361
vt 0.390180 0.777892
vt 0.935862 0.993719
vt 0.395571 0.244676
vt 0.980191 0.624119
vt 0.398998 0.053919
vt 0.395571 0.250157
vt 0.396946 0.250635
vt 0.980191 0.633497
vt 0.404485 0.244658
vt 0.980191 0.695435
vt 0.980191 0.749384
vt 0.980191 0.691361
vt 0.980191 0.777892
vt 0.396451 0.982532
vt 0.971131 0.448684
vt 0.987193 0.465201
vt 0.855908 0.206289
vt 0.855904 0.196618
vt 0.978363 0.465122
vt 0.976872 0.465108
vt 0.855855 0.079703
vt 0.986584 0.536685
vt 0.986619 0.532522
vt 0.855842 0.049519
vt 0.983738 0.793588
vt 0.404485 0.456710
vt 0.395571 0.456739
vt 0.619149 0.052766
vt 0.385947 0.460367
vt 0.385877 0.469936
vt 0.395571 0.448673
vt 0.619521 0.123821
vt 0.385108 0.585545
vt 0.619499 0.119678
vt 0.619954 0.206499
vt 0.443291 0.782356
vt 0.892644 0.245184
vt 0.905114 0.464449
vt 0.961920 0.982532
vt 0.958733 0.782356
vt 0.418086 0.982532
vt 0.421179 0.782356
vt 0.500501 0.461195
vt 0.505144 0.245126
vt 0.612174 0.462069
vt 0.612088 0.245181
vt 0.652377 0.462389
vt 0.650591 0.245186
vt 0.911926 0.777892
vt 0.533788 0.993719
vt 0.447874 0.993719
vt 0.928625 0.993719
vt 0.388791 0.777892
vt 0.759152 0.777892
vt 0.719755 0.777892
vt 0.470650 0.777892
vt 0.440420 0.993719
vt 0.498805 0.782356
vt 0.499335 0.615349
vt 0.450694 0.782356
vt 0.930815 0.782356
vt 0.938063 0.782356
vt 0.610955 0.616230
vt 0.651141 0.616550
vt 0.903791 0.618612
vt 0.386711 0.615522
vt 0.396451 0.816332
vt 0.610600 0.206548
vt 0.396451 0.963075
vt 0.396451 0.793588
vt 0.396451 0.977646
vt 0.399391 0.207654
vt 0.829279 0.049530
vt 0.983738 0.801968
vt 0.655203 0.049603
vt 0.850540 0.049521
vt 0.983738 0.977646
vt 0.983738 0.982532
vt 0.759152 0.717394
vt 0.360206 0.769363
vt 0.868337 0.749384
vt 0.759152 0.749384
vt 0.302647 0.774328
vt 0.276670 0.795376
vt 0.298024 0.770971
vt 0.274496 0.794988
vt 0.382600 0.812012
vt 0.356833 0.833048
vt 0.384774 0.812400
vt 0.361443 0.836406
vt 0.299638 0.835840
vt 0.280266 0.810764
vt 0.359847 0.771536
vt 0.379003 0.796625
vt 0.299267 0.838014
vt 0.276103 0.815515
vt 0.384774 0.791879
vt 0.383166 0.791879
vt 0.473374 0.749218
vt 0.473374 0.698727
vt 0.716067 0.749218
vt 0.716067 0.698727
vt 0.475083 0.687609
vt 0.475083 0.633101
vt 0.717741 0.687609
vt 0.717741 0.633101
vn 0.000000 0.000000 1.000000
vn 0.000000 0.000000 1.000000
vn 0.000000 0.000000 1.000000
vn 0.000000 0.000000 1.000000
vn 0.000000 1.000000 0.000000
vn 0.000000 1.000000 0.000000
vn 0.000000 1.000000 0.000000
vn 0.000000 1.000000 -0.000000
vn 0.000000 0.000000 -1.000000
vn 0.000000 0.000000 -1.000000
vn 0.000000 0.000000 -1.000000
vn 0.000000 0.000000 -1.000000
vn 0.000000 -1.000000 0.000000
vn 0.000000 -1.000000 0.000000
vn 0.000000 -1.000000 0.000000
vn 0.000000 -1.000000 0.000000
vn 1.000000 0.000000 0.000000
vn 1.000000 0.000000 0.000000
vn 1.000000 0.000000 0.000000
vn 1.000000 0.000000 0.000000
vn -1.000000 0.000000 0.000000
vn -1.000000 0.000000 0.000000
vn -1.000000 0.000000 0.000000
vn -1.000000 0.000000 0.000000
vn -1.000000 0.000000 0.000000
vn -1.000000 0.000000 0.000000
vn -1.000000 0.000000 0.000000
vn -1.000000 0.000000 0.000000
vn 0.000000 -1.000000 0.000000
vn 0.000000 -1.000000 0.000000
vn 0.000000 -1.000000 0.000000
vn 0.000000 -1.000000 0.000000
vn 1.000000 0.000000 0.000000
vn 1.000000 0.000000 0.000000
vn 1.000000 0.000000 0.000000
vn 1.000000 0.000000 0.000000
vn 0.000000 1.000000 0.000000
vn 0.000000 1.000000 0.000000
vn 0.000000 1.000000 0.000000
vn 0.000000 1.000000 0.000000
vn -1.000000 0.000000 0.000000
vn -0.999999 0.000000 0.001150
vn -1.000000 0.000000 0.000000
vn -1.000000 0.000000 0.000000
vn 0.000000 -1.000000 0.000000
vn 0.000000 -1.000000 0.000000
vn 0.000000 -1.000000 0.000000
vn 0.000000 -1.000000 0.000000
vn 1.000000 0.000000 0.000000
vn 1.000000 0.000000 0.000000
vn 1.000000 0.000000 0.000000
vn 1.000000 0.000000 0.000000
vn 0.000000 1.000000 0.000000
vn 0.000000 1.000000 0.000000
vn 0.000000 1.000000 0.000000
vn 0.000000 1.000000 0.000000
vn -1.000000 0.000000 0.000000
vn -1.000000 0.000000 0.000000
vn -1.000000 0.000000 0.000000
vn -1.000000 0.000000 0.000000
vn 0.000000 0.000000 1.000000
vn 0.000000 0.000000 1.000000
vn 0.000000 0.000000 1.000000
vn 0.000000 0.000000 1.000000
vn 1.000000 0.000000 0.000000
vn 1.000000 0.000000 0.000000
vn 1.000000 0.000000 0.000000
vn 1.000000 0.000000 0.000000
vn 1.000000 0.000000 0.000000
vn 1.000000 0.000000 0.000000
vn 1.000000 0.000000 0.000000
vn 1.000000 0.000000 0.000000
vn 1.000000 0.000000 0.000000
vn 1.000000 0.000000 0.000000
vn 1.000000 0.000000 0.000000
vn 1.000000 0.000000 0.000000
vn 0.000000 0.000000 -1.000000
vn 0.000000 0.000000 -1.000000
vn 0.000000 0.000000 -1.000000
vn 0.000000 0.000000 -1.000000
vn -1.000000 0.000000 0.000000
vn -1.000000 0.000000 0.000000
vn -1.000000 0.000000 0.000000
vn -1.000000 0.000000 0.000000
vn -1.000000 0.000000 0.000000
vn -1.000000 0.000000 0.000000
vn -1.000000 0.000000 0.000000
vn -1.000000 0.000000 0.000000
vn -1.000000 0.000000 0.000000
vn -1.000000 0.000000 0.000000
vn 0.000000 0.000000 1.000000
vn 0.000000 0.000000 1.000000
vn 1.000000 0.000000 0.000000
vn 1.000000 0.000000 0.000000
vn 1.000000 0.000000 0.000000
vn 1.000000 0.000000 0.000000
vn 1.000000 0.000000 0.000000
vn 1.000000 0.000000 0.000000
vn 0.000000 0.000000 -1.000000
vn 0.000000 0.000000 -1.000000
vn -1.000000 0.000000 0.000000
vn -1.000000 0.000000 0.000000
vn -1.000000 0.000000 0.000000
vn -1.000000 0.000000 0.000000
vn -0.999993 0.000000 0.003645
vn -1.000000 0.000000 0.000000
vn -1.000000 0.000000 0.000000
vn -1.000000 0.000000 0.000000
vn -1.000000 0.000000 0.000000
vn -1.000000 0.000000 0.000000
vn -1.000000 0.000000 0.000000
vn -0.999998 0.000000 0.001868
vn -1.000000 0.000000 0.000000
vn -1.000000 -0.000000 0.000989
vn -0.999996 -0.000000 0.002707
vn -1.000000 0.000000 0.000000
vn -1.000000 0.000000 0.000000
vn -1.000000 0.000000 0.000000
vn 0.000000 -1.000000 0.000000
vn 0.000000 -1.000000 0.000000
vn 1.000000 0.000000 0.000000
vn 1.000000 0.000000 0.000000
vn 1.000000 0.000000 0.000000
vn 1.000000 0.000000 0.000000
vn 1.000000 0.000000 0.000000
vn 0.000000 1.000000 0.000000
vn 0.000000 1.000000 0.000000
vn -0.999996 0.002589 0.000591
vn -1.000000 0.000000 0.000000
vn -0.999989 0.000001 -0.004711
vn -0.999989 0.000001 -0.004711
vn -0.999989 0.000001 -0.004711
vn -0.999989 0.000001 -0.004711
vn -1.000000 0.000000 0.000000
vn -0.999986 -0.004914 -0.001858
vn -1.000000 0.000000 0.000000
vn 0.000000 -1.000000 0.000000
vn 0.000000 -1.000000 0.000000
vn 1.000000 0.000000 0.000000
vn 1.000000 0.000000 0.000000
vn 1.000000 0.000000 0.000000
vn 1.000000 0.000000 0.000000
vn 1.000000 0.000000 0.000000
vn 0.000000 1.000000 0.000000
vn 0.000000 1.000000 0.000000
vn -1.000000 0.000015 -0.000562
vn 0.000000 0.000000 1.000000
vn 0.000000 0.000000 1.000000
vn 0.000000 0.000000 1.000000
vn 0.000000 0.000000 1.000000
vn 1.000000 0.000000 0.000000
vn 1.000000 0.000000 0.000000
vn 1.000000 0.000000 0.000000
vn 1.000000 0.000000 0.000000
vn -1.000000 0.000000 0.000000
vn -1.000000 0.000000 0.000000
vn -1.000000 0.000000 0.000000
vn -1.000000 0.000000 0.000000
vn 1.000000 0.000000 0.000000
vn 1.000000 0.000000 0.000000
vn 1.000000 0.000000 0.000000
vn 1.000000 0.000000 0.000000
vn 0.000000 0.000000 -1.000000
vn 0.000000 0.000000 -1.000000
vn 0.000000 0.000000 -1.000000
vn 0.000000 0.000000 -1.000000
vn -1.000000 0.000000 0.000000
vn -1.000000 0.000000 0.000000
vn -1.000000 0.000000 0.000000
vn -1.000000 0.000000 0.000000
vn 1.000000 0.000000 0.000000
vn 1.000000 0.000000 0.000000
vn 1.000000 0.000000 0.000000
vn 1.000000 0.000000 0.000000
vn -1.000000 0.000000 0.000000
vn -1.000000 0.000000 0.000000
vn -1.000000 0.000000 0.000000
vn -1.000000 0.000000 0.000000
vn 1.000000 0.000000 0.000000
vn 1.000000 0.000000 0.000000
vn 1.000000 0.000000 0.000000
vn 1.000000 0.000000 0.000000
vn -1.000000 0.000000 0.000000
vn -1.000000 0.000000 0.000000
vn -1.000000 0.000000 0.000000
vn -1.000000 0.000000 0.000000
vn 1.000000 0.000000 0.000000
vn 1.000000 0.000000 0.000000
vn 1.000000 0.000000 0.000000
vn 1.000000 0.000000 0.000000
vn -1.000000 0.000000 0.000000
vn -1.000000 0.000000 0.000000
vn -1.000000 0.000000 0.000000
vn -1.000000 0.000000 0.000000
vn 0.000000 -0.999962 -0.008780
vn 0.000000 -0.999961 -0.008780
vn 0.000000 -0.999961 -0.008780
vn 0.000000 -0.999961 -0.008780
vn 0.000000 1.000000 -0.000000
vn 0.000000 1.000000 0.000000
vn 0.000000 1.000000 0.000000
vn 0.000000 1.000000 -0.000000
vn -0.023823 -0.999716 0.000000
vn -0.023823 -0.999716 0.000000
vn -0.023823 -0.999716 0.000000
vn -0.023823 -0.999716 0.000000
vn 0.000000 1.000000 0.000000
vn 0.000000 1.000000 0.000000
vn 0.000000 1.000000 0.000000
vn 0.000000 1.000000 0.000000
vn 0.023823 -0.999716 0.000000
vn 0.023823 -0.999716 0.000000
vn 0.023823 -0.999716 0.000000
vn 0.023823 -0.999716 0.000000
vn 0.000000 1.000000 0.000000
vn 0.000000 1.000000 0.000000
vn 0.000000 1.000000 0.000000
vn 0.000000 1.000000 0.000000
vn -0.023823 -0.999716 0.000000
vn -0.023823 -0.999716 0.000000
vn -0.023823 -0.999716 0.000000
vn -0.023823 -0.999716 0.000000
vn 0.000000 1.000000 0.000000
vn 0.000000 1.000000 0.000000
vn 0.000000 1.000000 0.000000
vn 0.000000 1.000000 0.000000
vn -0.013248 -0.999912 -0.000306
vn 0.001717 -0.999987 0.004790
vn -0.001976 -0.999992 0.003532
vn -0.013248 -0.999912 -0.000306
vn 0.000000 1.000000 -0.000000
vn 0.000000 1.000000 0.000000
vn 0.000000 1.000000 0.000000
vn 0.000000 1.000000 -0.000000
vn 0.023823 -0.999716 0.000000
vn 0.023823 -0.999716 0.000000
vn 0.023823 -0.999716 0.000000
vn 0.023823 -0.999716 0.000000
vn 0.000000 1.000000 0.000000
vn 0.000000 1.000000 0.000000
vn 0.000000 1.000000 0.000000
vn 0.000000 1.000000 0.000000
vn -0.023823 -0.999716 0.000000
vn -0.023823 -0.999716 0.000000
vn -0.023823 -0.999716 0.000000
vn -0.023823 -0.999716 0.000000
vn 0.000000 1.000000 0.000000
vn 0.000000 1.000000 0.000000
vn 0.000000 1.000000 0.000000
vn 0.000000 1.000000 0.000000
vn 0.023823 -0.999716 0.000000
vn 0.023823 -0.999716 0.000000
vn 0.023823 -0.999716 0.000000
vn 0.023823 -0.999716 0.000000
vn 0.000000 1.000000 0.000000
vn 0.000000 1.000000 0.000000
vn 0.000000 1.000000 0.000000
vn 0.000000 1.000000 0.000000
vn -0.023823 -0.999716 0.000000
vn -0.023823 -0.999716 0.000000
vn -0.023823 -0.999716 0.000000
vn -0.023823 -0.999716 0.000000
vn 0.000000 1.000000 0.000000
vn 0.000000 1.000000 0.000000
vn 0.000000 1.000000 0.000000
vn 0.000000 1.000000 0.000000
vn 0.023823 -0.999716 0.000000
vn 0.023823 -0.999716 0.000000
vn 0.023823 -0.999716 0.000000
vn 0.023823 -0.999716 0.000000
vn 0.000000 1.000000 0.000000
vn 0.000000 1.000000 0.000000
vn 0.000000 1.000000 0.000000
vn 0.000000 1.000000 0.000000
vn -0.023823 -0.999716 0.000000
vn -0.023823 -0.999716 0.000000
vn -0.023823 -0.999716 0.000000
vn -0.023823 -0.999716 0.000000
vn 0.000000 1.000000 0.000000
vn 0.000000 1.000000 0.000000
vn 0.000000 1.000000 0.000000
vn 0.000000 1.000000 0.000000
vn 0.023823 -0.999716 0.000000
vn 0.023823 -0.999716 0.000000
vn 0.023823 -0.999716 0.000000
vn 0.023823 -0.999716 0.000000
vn 0.000000 1.000000 0.000000
vn 0.000000 1.000000 0.000000
vn 0.000000 1.000000 0.000000
vn 0.000000 1.000000 0.000000
vn -1.000000 0.000000 0.000000
vn -1.000000 0.000000 0.000000
vn -1.000000 0.000000 0.000000
vn -1.000000 0.000000 0.000000
vn -1.000000 0.000000 0.000000
vn -1.000000 0.000000 0.000000
vn -1.000000 0.000000 0.000000
vn 0.000000 0.000000 1.000000
vn 0.000000 0.000000 1.000000
vn 1.000000 0.000000 0.000000
vn 1.000000 0.000000 0.000000
vn 1.000000 0.000000 0.000000
vn 1.000000 0.000000 0.000000
vn 1.000000 0.000000 0.000000
vn 1.000000 0.000000 0.000000
vn 1.000000 0.000000 0.000000
vn 1.000000 0.000000 0.000000
vn 0.000000 0.000000 -1.000000
vn 0.000000 0.000000 -1.000000
vn -1.000000 0.000000 0.000000
vn -1.000000 0.000000 0.000000
vn 0.000000 -1.000000 0.000000
vn 0.000000 -1.000000 0.000000
vn 0.000000 -1.000000 0.000000
vn 0.000000 -1.000000 0.000000
vn 0.000000 0.000000 1.000000
vn 0.000000 0.000000 1.000000
vn 0.000000 0.000000 1.000000
vn 0.000000 0.000000 1.000000
vn 0.000000 1.000000 0.000000
vn 0.000000 1.000000 0.000000
vn 0.000000 1.000000 0.000000
vn 0.000000 1.000000 0.000000
vn 0.000000 0.000000 -1.000000
vn 0.000000 0.000000 -1.000000
vn 0.000000 0.000000 -1.000000
vn 0.000000 0.000000 -1.000000
vn 0.000000 -1.000000 0.000000
vn 0.000000 -1.000000 0.000000
vn 0.000000 -1.000000 0.000000
vn 0.000000 -1.000000 0.000000
vn 0.000000 0.000000 1.000000
vn 0.000000 0.000000 1.000000
vn 0.000000 0.000000 1.000000
vn 0.000000 0.000000 1.000000
vn 0.000000 1.000000 0.000000
vn 0.000000 1.000000 0.000000
vn 0.000000 1.000000 0.000000
vn 0.000000 1.000000 0.000000
vn 0.000000 0.000000 -1.000000
vn 0.000000 0.000000 -1.000000
vn 0.000000 0.000000 -1.000000
vn 0.000000 0.000000 -1.000000
vn -1.000000 0.000000 0.000000
vn -1.000000 0.000000 0.000000
vn 0.023823 -0.999716 0.000000
vn 0.023823 -0.999716 0.000000
vn -1.000000 0.000000 0.000000
vn -1.000000 0.000000 0.000000
vn 0.000000 1.000000 0.000000
vn 0.000000 1.000000 0.000000
vn 0.000000 1.000000 0.000000
vn 0.000000 1.000000 0.000000
vn 1.000000 0.000000 0.000000
vn 1.000000 0.000000 0.000000
vn -0.023823 -0.999716 0.000000
vn -0.023823 -0.999716 0.000000
vn 1.000000 0.000000 0.000000
vn 1.000000 0.000000 0.000000
vn 1.000000 0.000000 0.000000
vn 1.000000 0.000000 0.000000
vn 1.000000 0.000000 0.000000
vn 1.000000 0.000000 0.000000
vn -1.000000 0.000000 0.000000
vn -1.000000 0.000000 0.000000
vn -1.000000 0.000000 0.000000
vn -1.000000 0.000000 0.000000
vn 0.000000 0.000000 -1.000000
vn 0.000000 0.000000 -1.000000
vn 0.000000 0.000000 -1.000000
vn 0.000000 0.000000 -1.000000
vn 0.000000 -0.999962 0.008780
vn 0.000000 -0.999962 0.008780
vn 0.000000 -0.999962 0.008780
vn 0.000000 -0.999961 0.008780
vn 0.000000 0.000000 -1.000000
vn 0.000000 0.000000 -1.000000
vn 0.000000 0.000000 -1.000000
vn 0.000000 0.000000 -1.000000
vn 0.000000 1.000000 0.000000
vn 0.000000 1.000000 0.000000
vn 0.000000 1.000000 0.000000
vn 0.000000 1.000000 0.000000
vn 0.000000 1.000000 0.000000
vn 0.000000 1.000000 0.000000
vn 0.000000 1.000000 0.000000
vn 0.000000 1.000000 0.000000
vn 0.000000 1.000000 0.000000
vn 0.000000 1.000000 0.000000
vn 0.000000 1.000000 0.000000
vn 0.000000 1.000000 0.000000
vn 0.000000 1.000000 0.000000
vn 0.000000 1.000000 0.000000
vn 0.000000 1.000000 0.000000
vn 0.000000 1.000000 0.000000
vn 0.000000 1.000000 0.000000
vn 0.000000 1.000000 0.000000
vn 0.000000 1.000000 0.000000
vn 0.000000 1.000000 0.000000
vn 0.000000 1.000000 0.000000
vn 0.000000 1.000000 0.000000
vn 0.000000 1.000000 0.000000
vn 0.000000 1.000000 0.000000
vn 0.000000 0.000000 1.000000
vn 0.000000 0.000000 1.000000
vn 0.000000 0.000000 1.000000
vn 0.000000 0.000000 1.000000
vn 0.000000 -0.999961 -0.008780
vn 0.000000 -0.999962 -0.008780
vn 0.000000 -0.999961 -0.008780
vn 0.000000 -0.999961 -0.008780
vn 0.000000 0.000000 1.000000
vn 0.000000 0.000000 1.000000
vn 0.000000 0.000000 1.000000
vn 0.000000 0.000000 1.000000
vn 0.000000 0.000000 1.000000
vn 0.000000 0.000000 1.000000
vn 0.000000 0.000000 1.000000
vn 0.000000 0.000000 1.000000
vn 0.000000 0.000000 1.000000
vn 0.000000 0.000000 1.000000
vn 0.000000 0.000000 1.000000
vn 0.000000 0.000000 1.000000
vn 0.000000 -1.000000 0.000000
vn 0.000000 -1.000000 0.000000
vn 0.000000 -1.000000 0.000000
vn 0.000000 -1.000000 0.000000
vn 0.000000 -1.000000 0.000000
vn 0.000000 -1.000000 0.000000
vn 0.000000 -1.000000 0.000000
vn 0.000000 -1.000000 0.000000
vn 0.000000 -1.000000 0.000000
vn 0.000000 -1.000000 0.000000
vn 0.000000 -1.000000 0.000000
vn 0.000000 -1.000000 0.000000
vn 0.000000 -1.000000 0.000000
vn 0.000000 -1.000000 0.000000
vn 0.000000 -1.000000 0.000000
vn 0.000000 -1.000000 0.000000
vn 0.000000 0.000000 -1.000000
vn 0.000000 0.000000 -1.000000
vn 0.000000 0.000000 -1.000000
vn 0.000000 0.000000 -1.000000
vn 0.000000 0.000000 -1.000000
vn 0.000000 0.000000 -1.000000
vn 0.000000 0.000000 -1.000000
vn 0.000000 0.000000 -1.000000
vn 0.000000 0.000000 -1.000000
vn 0.000000 0.000000 -1.000000
vn 0.000000 0.000000 -1.000000
vn 0.000000 0.000000 -1.000000
vn 0.000421 -0.999963 0.008630
vn 0.000805 -0.999964 0.008494
vn 0.000000 0.000000 -1.000000
vn 0.000000 0.000000 -1.000000
vn 0.000000 1.000000 0.000000
vn 0.000000 1.000000 0.000000
vn 0.000000 1.000000 0.000000
vn 0.000000 1.000000 0.000000
vn 0.000000 1.000000 0.000000
vn 0.000000 1.000000 0.000000
vn 0.000000 1.000000 -0.000000
vn 0.000000 1.000000 -0.000000
vn 0.000000 1.000000 -0.000000
vn 0.000000 0.000000 1.000000
vn 0.000000 0.000000 1.000000
vn 0.000000 -0.999962 -0.008780
vn 0.000000 -0.999962 -0.008780
vn 0.000000 0.000000 1.000000
vn 0.000000 0.000000 1.000000
vn 0.000000 0.000000 1.000000
vn 0.000000 0.000000 1.000000
vn 0.000000 0.000000 1.000000
vn 0.000000 0.000000 1.000000
vn 0.000000 0.000000 1.000000
vn 0.000000 0.000000 1.000000
vn 0.000000 0.000000 1.000000
vn 0.000000 0.000000 1.000000
vn 0.000000 0.000000 1.000000
vn 0.000000 0.000000 1.000000
vn 0.000000 -1.000000 0.000000
vn 0.000000 -1.000000 0.000000
vn 0.000000 -1.000000 0.000000
vn 0.000000 -1.000000 0.000000
vn 0.000000 -1.000000 0.000000
vn 0.000000 -1.000000 0.000000
vn 0.000000 -1.000000 0.000000
vn 0.000000 -1.000000 0.000000
vn 0.000000 0.000000 -1.000000
vn 0.000000 0.000000 -1.000000
vn 0.000000 0.000000 -1.000000
vn 0.000000 0.000000 -1.000000
vn 0.000000 0.000000 -1.000000
vn 0.000000 0.000000 -1.000000
vn 0.000000 0.000000 -1.000000
vn 0.000000 0.000000 -1.000000
vn 1.000000 0.000000 0.000000
vn 1.000000 0.000000 0.000000
vn -0.023823 -0.999716 0.000000
vn -0.023823 -0.999716 0.000000
vn -0.023823 -0.999716 0.000000
vn -0.023823 -0.999716 0.000000
vn 1.000000 0.000000 0.000000
vn 1.000000 0.000000 0.000000
vn 1.000000 0.000000 0.000000
vn 1.000000 0.000000 0.000000
vn 0.000000 1.000000 0.000000
vn 0.000000 1.000000 0.000000
vn 0.000000 1.000000 0.000000
vn 0.000000 1.000000 0.000000
vn 0.000000 1.000000 -0.000000
vn 0.000000 1.000000 0.000000
vn 0.000000 1.000000 0.000000
vn 0.000000 1.000000 0.000000
vn 0.000000 1.000000 0.000000
vn 0.000000 1.000000 0.000000
vn 0.000000 1.000000 0.000000
vn 0.000000 1.000000 0.000000
vn -1.000000 0.000000 0.000000
vn -1.000000 0.000000 0.000000
vn -1.000000 0.000000 0.000000
vn -1.000000 0.000000 0.000000
vn 0.023823 -0.999716 0.000000
vn 0.023823 -0.999716 0.000000
vn 0.023823 -0.999716 0.000000
vn 0.023823 -0.999716 0.000000
vn -0.999993 0.003466 0.001242
vn -1.000000 0.000000 0.000000
vn -0.999937 -0.011045 0.001751
vn -0.999998 -0.000006 0.002210
vn -1.000000 0.000000 0.000000
vn -1.000000 0.000000 0.000000
vn -1.000000 0.000000 0.000000
vn 0.000000 -1.000000 0.000000
vn 0.000000 -1.000000 0.000000
vn 0.000000 -1.000000 0.000000
vn 0.000000 -1.000000 0.000000
vn 0.000000 -1.000000 0.000000
vn 1.000000 0.000000 0.000000
vn 1.000000 0.000000 0.000000
vn 1.000000 0.000000 0.000000
vn 1.000000 0.000000 0.000000
vn 0.000000 1.000000 0.000000
vn 0.000000 1.000000 0.000000
vn 0.000000 1.000000 0.000000
vn 0.000000 1.000000 0.000000
vn -0.946626 0.000000 0.322335
vn -0.946626 0.000000 0.322335
vn -0.946626 0.000000 0.322335
vn -0.946626 0.000000 0.322335
vn 0.934720 0.000000 -0.355386
vn 0.934720 0.000000 -0.355386
vn 0.934720 0.000000 -0.355386
vn 0.934720 0.000000 -0.355386
vn 0.000000 1.000000 0.000000
vn 0.000000 1.000000 0.000000
vn 0.000000 1.000000 0.000000
vn 0.000000 1.000000 0.000000
vn -0.946626 0.000000 0.322334
vn -0.946626 0.000000 0.322334
vn -0.946626 0.000000 0.322334
vn -0.946626 0.000000 0.322334
vn 0.934720 0.000000 -0.355385
vn 0.934720 0.000000 -0.355385
vn 0.934720 0.000000 -0.355385
vn 0.934720 0.000000 -0.355385
vn -0.946626 0.000000 0.322335
vn -0.946626 0.000000 0.322335
vn -0.946626 0.000000 0.322335
vn -0.946626 0.000000 0.322335
vn 0.934720 0.000000 -0.355385
vn 0.934720 0.000000 -0.355385
vn 0.934720 0.000000 -0.355385
vn 0.934720 0.000000 -0.355385
vn -0.946626 0.000000 0.322335
vn -0.946626 0.000000 0.322335
vn -0.946626 0.000000 0.322335
vn -0.946626 0.000000 0.322335
vn 0.934720 0.000000 -0.355385
vn 0.934720 0.000000 -0.355385
vn 0.934720 0.000000 -0.355385
vn 0.934720 0.000000 -0.355385
vn 0.000000 -1.000000 0.000006
vn 0.000000 -1.000000 0.000006
vn 0.000000 -1.000000 0.000006
vn 0.000000 -1.000000 0.000006
vn -0.946626 0.000000 0.322335
vn -0.946626 0.000000 0.322335
vn -0.946626 0.000000 0.322335
vn -0.946626 0.000000 0.322335
vn 0.000000 -1.000000 0.000000
vn 0.000000 -1.000000 0.000000
vn 0.000000 -1.000000 0.000000
vn 0.000000 -1.000000 0.000000
vn 0.934720 0.000000 -0.355385
vn 0.934720 0.000000 -0.355385
vn 0.934720 0.000000 -0.355385
vn 0.934720 0.000000 -0.355385
vn 0.000000 1.000000 0.000000
vn 0.000000 1.000000 0.000000
vn 0.000000 1.000000 0.000000
vn 0.000000 1.000000 0.000000
vn -0.946662 0.000000 -0.322230
vn -0.946662 0.000000 -0.322230
vn -0.946662 0.000000 -0.322230
vn -0.946662 0.000000 -0.322230
vn 0.934945 0.000000 0.354793
vn 0.934945 0.000000 0.354793
vn 0.934945 0.000000 0.354793
vn 0.934945 0.000000 0.354793
vn 0.000000 1.000000 0.000000
vn 0.000000 1.000000 0.000000
vn 0.000000 1.000000 0.000000
vn 0.000000 1.000000 0.000000
vn 0.934947 0.000000 0.354787
vn 0.934947 0.000000 0.354787
vn 0.934947 0.000000 0.354787
vn 0.934947 0.000000 0.354787
vn -0.946661 0.000000 -0.322232
vn -0.946661 0.000000 -0.322232
vn -0.946661 0.000000 -0.322232
vn -0.946661 0.000000 -0.322232
vn 0.934944 0.000000 0.354796
vn 0.934944 0.000000 0.354796
vn 0.934944 0.000000 0.354796
vn 0.934944 0.000000 0.354796
vn -0.946661 0.000000 -0.322230
vn -0.946661 0.000000 -0.322230
vn -0.946661 0.000000 -0.322230
vn -0.946661 0.000000 -0.322230
vn 0.934949 0.000000 0.354782
vn 0.934949 0.000000 0.354782
vn 0.934949 0.000000 0.354782
vn 0.934949 0.000000 0.354782
vn -0.946661 0.000000 -0.322232
vn -0.946661 0.000000 -0.322232
vn -0.946661 0.000000 -0.322232
vn -0.946661 0.000000 -0.322232
vn 0.934945 0.000000 0.354792
vn 0.934945 0.000000 0.354792
vn 0.934945 0.000000 0.354792
vn 0.934945 0.000000 0.354792
vn 0.000000 -1.000000 0.000000
vn 0.000000 -1.000000 0.000000
vn 0.000000 -1.000000 0.000000
vn 0.000000 -1.000000 0.000000
vn 0.000000 -1.000000 -0.000011
vn 0.000000 -1.000000 -0.000011
vn 0.000000 -1.000000 -0.000011
vn 0.000000 -1.000000 -0.000011
vn -0.946658 0.000000 -0.322239
vn -0.946658 0.000000 -0.322239
vn -0.946658 0.000000 -0.322239
vn -0.946658 0.000000 -0.322239
vn 0.000000 1.000000 0.000000
vn 0.000000 1.000000 0.000000
vn 0.000000 1.000000 0.000000
vn 0.000000 1.000000 0.000000
vn -0.934714 0.000000 -0.355400
vn -0.934714 0.000000 -0.355400
vn -0.934714 0.000000 -0.355400
vn -0.934714 0.000000 -0.355400
vn -0.934715 0.000000 -0.355398
vn -0.934715 0.000000 -0.355398
vn -0.934715 0.000000 -0.355398
vn -0.934715 0.000000 -0.355398
vn -0.934715 0.000000 -0.355398
vn -0.934715 0.000000 -0.355398
vn -0.934715 0.000000 -0.355398
vn -0.934715 0.000000 -0.355398
vn -0.934715 0.000000 -0.355398
vn -0.934715 0.000000 -0.355398
vn -0.934715 0.000000 -0.355398
vn -0.934715 0.000000 -0.355398
vn -0.934715 0.000000 -0.355399
vn -0.934715 0.000000 -0.355399
vn -0.934715 0.000000 -0.355399
vn -0.934715 0.000000 -0.355399
vn 0.000000 -1.000000 0.000000
vn 0.000000 -1.000000 0.000000
vn 0.000000 -1.000000 0.000000
vn 0.000000 -1.000000 0.000000
vn -0.934715 0.000000 -0.355398
vn -0.934715 0.000000 -0.355398
vn -0.934715 0.000000 -0.355398
vn -0.934715 0.000000 -0.355398
vn 0.944040 0.000000 0.329832
vn 0.944040 0.000000 0.329832
vn 0.944040 0.000000 0.329832
vn 0.944040 0.000000 0.329832
vn 0.000000 1.000000 0.000002
vn 0.000000 1.000000 0.000002
vn 0.000000 1.000000 0.000002
vn 0.000000 1.000000 0.000002
vn 0.944040 0.000000 0.329832
vn 0.944040 0.000000 0.329832
vn 0.944040 0.000000 0.329832
vn 0.944040 0.000000 0.329832
vn 0.944040 0.000000 0.329832
vn 0.944040 0.000000 0.329832
vn 0.944040 0.000000 0.329832
vn 0.944040 0.000000 0.329832
vn 0.944040 0.000000 0.329832
vn 0.944040 0.000000 0.329832
vn 0.944040 0.000000 0.329832
vn 0.944040 0.000000 0.329832
vn 0.000000 -1.000000 0.000007
vn 0.000000 -1.000000 0.000007
vn 0.000000 -1.000000 0.000007
vn 0.000000 -1.000000 0.000007
vn 0.944040 0.000000 0.329832
vn 0.944040 0.000000 0.329832
vn 0.944040 0.000000 0.329832
vn 0.944040 0.000000 0.329832
vn -0.934940 0.000000 0.354807
vn -0.934940 0.000000 0.354807
vn -0.934940 0.000000 0.354807
vn -0.934940 0.000000 0.354807
vn 0.000000 1.000000 0.000000
vn 0.000000 1.000000 0.000000
vn 0.000000 1.000000 0.000000
vn 0.000000 1.000000 0.000000
vn -0.934942 0.000000 0.354800
vn -0.934942 0.000000 0.354800
vn -0.934942 0.000000 0.354800
vn -0.934942 0.000000 0.354800
vn -0.934939 0.000000 0.354809
vn -0.934939 0.000000 0.354809
vn -0.934939 0.000000 0.354809
vn -0.934939 0.000000 0.354809
vn -0.934944 0.000000 0.354795
vn -0.934944 0.000000 0.354795
vn -0.934944 0.000000 0.354795
vn -0.934944 0.000000 0.354795
vn 0.000000 -1.000000 0.000000
vn 0.000000 -1.000000 0.000000
vn 0.000000 -1.000000 0.000000
vn 0.000000 -1.000000 0.000000
vn -0.934940 0.000000 0.354805
vn -0.934940 0.000000 0.354805
vn -0.934940 0.000000 0.354805
vn -0.934940 0.000000 0.354805
vn 0.000000 1.000000 0.000002
vn 0.000000 1.000000 0.000002
vn 0.000000 1.000000 0.000002
vn 0.000000 1.000000 0.000002
vn 0.944077 0.000000 -0.329726
vn 0.944077 0.000000 -0.329726
vn 0.944077 0.000000 -0.329726
vn 0.944077 0.000000 -0.329726
vn 0.944074 0.000000 -0.329735
vn 0.944074 0.000000 -0.329735
vn 0.944074 0.000000 -0.329735
vn 0.944074 0.000000 -0.329735
vn 0.000000 -1.000000 0.000001
vn 0.000000 -1.000000 0.000001
vn 0.000000 -1.000000 0.000001
vn 0.000000 -1.000000 0.000001
vn 0.944076 0.000000 -0.329728
vn 0.944076 0.000000 -0.329728
vn 0.944076 0.000000 -0.329728
vn 0.944076 0.000000 -0.329728
vn 0.944077 0.000000 -0.329725
vn 0.944077 0.000000 -0.329725
vn 0.944077 0.000000 -0.329725
vn 0.944077 0.000000 -0.329725
vn 0.944076 0.000000 -0.329728
vn 0.944076 0.000000 -0.329728
vn 0.944076 0.000000 -0.329728
vn 0.944076 0.000000 -0.329728
vn -0.731321 -0.682034 0.000000
vn -0.731321 -0.682034 0.000000
vn -0.731321 -0.682034 0.000000
vn -0.731321 -0.682034 0.000000
vn -0.824380 0.000000 0.566037
vn -0.824380 0.000000 0.566037
vn -0.824380 0.000000 0.566037
vn -0.824380 0.000000 0.566037
vn -0.731322 0.682032 0.000000
vn -0.731322 0.682032 0.000000
vn -0.731322 0.682032 0.000000
vn -0.731322 0.682032 0.000000
vn -0.824385 0.000000 -0.566030
vn -0.824385 0.000000 -0.566030
vn -0.824385 0.000000 -0.566030
vn -0.824385 0.000000 -0.566030
vn -0.878180 -0.478330 0.000000
vn -0.878180 -0.478330 0.000000
vn -0.878180 -0.478330 0.000000
vn -0.878180 -0.478330 0.000000
vn -0.905227 0.000000 0.424928
vn -0.905227 0.000000 0.424928
vn -0.905227 0.000000 0.424928
vn -0.905227 0.000000 0.424928
vn -0.878180 0.478331 0.000000
vn -0.878180 0.478331 0.000000
vn -0.878180 0.478331 0.000000
vn -0.878180 0.478331 0.000000
vn -0.905229 0.000000 -0.424924
vn -0.905229 0.000000 -0.424924
vn -0.905229 0.000000 -0.424924
vn -0.905229 0.000000 -0.424924
vn -1.000000 0.000002 0.000000
vn -1.000000 0.000002 0.000000
vn -1.000000 0.000002 0.000000
vn -1.000000 0.000002 0.000000
vn -1.000000 0.000000 0.000000
vn -1.000000 0.000000 0.000000
vn -1.000000 0.000000 0.000000
vn -1.000000 0.000000 0.000000
vn -1.000000 0.000004 0.000000
vn -1.000000 0.000004 0.000000
vn -1.000000 0.000004 0.000000
vn -1.000000 0.000004 0.000000
vn -1.000000 0.000000 0.000000
vn -1.000000 0.000000 0.000000
vn -1.000000 0.000000 0.000000
vn -1.000000 0.000000 0.000000
vn -1.000000 -0.000007 0.000000
vn -1.000000 -0.000007 0.000000
vn -1.000000 -0.000007 0.000000
vn -1.000000 -0.000007 0.000000
vn -1.000000 0.000000 0.000000
vn -1.000000 0.000000 0.000000
vn -1.000000 0.000000 0.000000
vn -1.000000 0.000000 0.000000
vn -1.000000 0.000011 0.000000
vn -1.000000 0.000011 0.000000
vn -1.000000 0.000011 0.000000
vn -1.000000 0.000011 0.000000
vn -1.000000 0.000000 0.000000
vn -1.000000 0.000000 0.000000
vn -1.000000 0.000000 0.000000
vn -1.000000 0.000000 0.000000
vn 0.000000 1.000000 0.000000
vn 0.000000 1.000000 0.000000
vn 0.000000 1.000000 0.000000
vn 0.000000 1.000000 0.000000
vn 0.000000 -1.000000 0.000000
vn 0.000000 -1.000000 0.000000
vn 0.000000 -1.000000 0.000000
vn 0.000000 -1.000000 0.000000
vn 0.000000 0.000000 -1.000000
vn 0.000000 0.000000 -1.000000
vn 0.000000 0.000000 -1.000000
vn 0.000000 0.000000 -1.000000
vn 0.000000 0.000000 1.000000
vn 0.000000 0.000000 1.000000
vn 0.000000 0.000000 1.000000
vn 0.000000 0.000000 1.000000
vn 0.000000 -1.000000 0.000000
vn 0.000000 -1.000000 0.000000
vn 0.000000 -1.000000 0.000000
vn 0.000000 -1.000000 0.000000
vn 0.000000 1.000000 0.000000
vn 0.000000 1.000000 0.000000
vn 0.000000 1.000000 0.000000
vn 0.000000 1.000000 0.000000
vn 0.000000 0.000000 1.000000
vn 0.000000 0.000000 1.000000
vn 0.000000 0.000000 1.000000
vn 0.000000 0.000000 1.000000
vn 0.000000 0.000000 -1.000000
vn 0.000000 0.000000 -1.000000
vn 0.000000 0.000000 -1.000000
vn 0.000000 0.000000 -1.000000
vn 0.000000 1.000000 0.000000
vn 0.000000 1.000000 0.000000
vn 0.000000 1.000000 0.000000
vn 0.000000 1.000000 0.000000
vn 0.000000 -1.000000 0.000000
vn 0.000000 -1.000000 0.000000
vn 0.000000 -1.000000 0.000000
vn 0.000000 -1.000000 0.000000
vn 0.000000 0.000000 -1.000000
vn 0.000000 0.000000 -1.000000
vn 0.000000 0.000000 -1.000000
vn 0.000000 0.000000 -1.000000
vn 0.000000 0.000000 1.000000
vn 0.000000 0.000000 1.000000
vn 0.000000 0.000000 1.000000
vn 0.000000 0.000000 1.000000
vn 0.000000 -1.000000 0.000000
vn 0.000000 -1.000000 0.000000
vn 0.000000 -1.000000 0.000000
vn 0.000000 -1.000000 0.000000
vn 0.000000 1.000000 0.000000
vn 0.000000 1.000000 0.000000
vn 0.000000 1.000000 0.000000
vn 0.000000 1.000000 0.000000
vn 0.000000 0.000000 1.000000
vn 0.000000 0.000000 1.000000
vn 0.000000 0.000000 1.000000
vn 0.000000 0.000000 1.000000
vn 0.000000 0.000000 -1.000000
vn 0.000000 0.000000 -1.000000
vn 0.000000 0.000000 -1.000000
vn 0.000000 0.000000 -1.000000
vn 0.000000 1.000000 -0.000072
vn 0.000000 1.000000 -0.000072
vn 0.000000 1.000000 -0.000072
vn 0.000000 1.000000 -0.000072
vn 0.000000 -0.000121 -1.000000
vn 0.000000 -0.000121 -1.000000
vn 0.000000 -0.000121 -1.000000
vn 0.000000 -0.000121 -1.000000
vn 0.000000 -1.000000 0.000000
vn 0.000000 -1.000000 0.000000
vn 0.000000 -1.000000 0.000000
vn 0.000000 -1.000000 0.000000
vn 0.000000 -0.000126 1.000000
vn 0.000000 -0.000126 1.000000
vn 0.000000 -0.000126 1.000000
vn 0.000000 -0.000126 1.000000
vn -0.707799 -0.008939 -0.706357
vn -0.707799 -0.008939 -0.706357
vn -0.707799 -0.008939 -0.706357
vn -0.707799 -0.008939 -0.706357
vn -0.707435 -0.706755 -0.005805
vn -0.707435 -0.706755 -0.005805
vn -0.707435 -0.706755 -0.005805
vn -0.707435 -0.706755 -0.005805
vn -0.707796 0.009108 0.706358
vn -0.707796 0.009108 0.706358
vn -0.707796 0.009108 0.706358
vn -0.707796 0.009108 0.706358
vn -0.708208 0.706004 0.000006
vn -0.708208 0.706004 0.000006
vn -0.708208 0.706004 0.000006
vn -0.708208 0.706004 0.000006
vn 0.000000 -1.000000 0.000091
vn 0.000000 -1.000000 0.000091
vn 0.000000 -1.000000 0.000091
vn 0.000000 -1.000000 0.000091
vn 0.000000 0.000095 1.000000
vn 0.000000 0.000095 1.000000
vn 0.000000 0.000095 1.000000
vn 0.000000 0.000095 1.000000
vn 0.000000 1.000000 0.000000
vn 0.000000 1.000000 0.000000
vn 0.000000 1.000000 0.000000
vn 0.000000 1.000000 0.000000
vn 0.000000 0.000097 -1.000000
vn 0.000000 0.000097 -1.000000
vn 0.000000 0.000097 -1.000000
vn 0.000000 0.000097 -1.000000
vn -0.999970 -0.005138 -0.005798
vn -0.999970 0.005145 -0.005800
vn -0.999971 0.003808 -0.006584
vn -0.999971 -0.003801 -0.006583
vn -0.999987 0.005139 -0.000013
vn -0.999993 0.003800 -0.000014
vn -0.999987 -0.005145 -0.000011
vn -0.999993 -0.003809 -0.000013
vn 1.000000 0.000000 0.000000
vn 1.000000 0.000000 0.000000
vn 1.000000 0.000000 0.000000
vn 1.000000 0.000000 0.000000
vn 1.000000 0.000000 0.000000
vn 1.000000 0.000000 0.000000
vn -1.000000 0.000000 0.000000
vn -1.000000 0.000000 0.000000
vn -1.000000 0.000000 0.000000
vn -0.999979 -0.006319 0.001757
vn -0.999998 -0.000010 0.002210
vn -0.999997 0.001974 0.001241
vn -1.000000 0.000000 0.000000
vn 0.000000 1.000000 0.000000
vn 0.000000 1.000000 -0.000000
vn 0.000000 1.000000 -0.000000
vn 0.000000 1.000000 -0.000000
vn 0.000000 0.000000 1.000000
vn 0.000000 0.000000 1.000000
vn 0.000000 -0.999961 -0.008780
vn 0.000000 -0.999962 -0.008780
vn 0.000000 0.000000 1.000000
vn 0.000000 0.000000 1.000000
vn 0.000000 0.000000 1.000000
vn 0.000000 0.000000 1.000000
vn 0.000000 0.000000 1.000000
vn 0.000000 0.000000 1.000000
vn 0.000000 0.000000 1.000000
vn 0.000000 0.000000 1.000000
vn 0.000000 0.000000 1.000000
vn 0.000000 0.000000 1.000000
vn 0.000000 0.000000 1.000000
vn 0.000000 0.000000 1.000000
vn 0.000000 -1.000000 0.000000
vn 0.000000 -1.000000 0.000000
vn 0.000000 -1.000000 0.000000
vn 0.000000 -1.000000 0.000000
vn 0.000000 -1.000000 0.000000
vn 0.000000 -1.000000 0.000000
vn 0.000000 -1.000000 0.000000
vn 0.000000 -1.000000 0.000000
vn 0.000000 -1.000000 0.000000
vn 0.000000 0.000000 -1.000000
vn 0.000000 0.000000 -1.000000
vn 0.000000 0.000000 -1.000000
vn 0.000000 0.000000 -1.000000
vn 0.000000 0.000000 -1.000000
vn 0.000000 0.000000 -1.000000
vn 0.000000 0.000000 -1.000000
vn 0.000000 0.000000 -1.000000
vn 0.000000 0.000000 -1.000000
vn 0.000000 0.000000 -1.000000
vn 0.000000 0.000000 -1.000000
vn 0.000000 0.000000 -1.000000
vn 0.000000 -0.999962 0.008779
vn 0.000000 -0.999962 0.008779
vn 0.000000 0.000000 -1.000000
vn 0.000000 0.000000 -1.000000
vn 0.000000 1.000000 0.000000
vn 0.000000 1.000000 0.000000
vn 0.000000 1.000000 0.000000
vn 0.000000 1.000000 0.000000
vn 0.000000 1.000000 0.000000
vn 0.000000 1.000000 0.000001
vn 0.000000 1.000000 0.000001
vn 0.000000 1.000000 0.000001
vn 0.000000 1.000000 0.000001
vn 0.000000 1.000000 0.000000
vn 0.000000 1.000000 0.000000
vn 0.000000 1.000000 0.000000
vn 0.000000 1.000000 0.000000
vn 0.000000 1.000000 0.000000
vn 0.000000 1.000000 0.000000
vn 0.000000 1.000000 -0.000002
vn 0.000000 1.000000 -0.000002
vn 0.000000 1.000000 -0.000002
vn 0.000000 1.000000 -0.000002
vn 0.000000 1.000000 0.000000
vn 0.000000 1.000000 0.000000
vn 0.000000 1.000000 0.000000
vn 0.000000 1.000000 0.000000
vn 0.000000 1.000000 0.000000
vn 0.000000 1.000000 -0.000000
vn 0.000000 1.000000 -0.000000
vn 0.000000 1.000000 0.000000
vn 0.000000 1.000000 0.000000
vn 0.000000 1.000000 0.000000
vn 0.000000 1.000000 0.000000
vn 0.000000 1.000000 0.000000
vn 0.000000 1.000000 0.000000
vn 0.000000 1.000000 0.000000
vn 0.000000 1.000000 0.000000
vn 0.000000 1.000000 0.000000
vn 0.000000 1.000000 0.000000
vn 0.000000 1.000000 0.000000
vn 0.000000 0.000000 -1.000000
vn 0.000000 0.000000 -1.000000
vn 0.000000 0.000000 -1.000000
vn 0.000000 0.000000 -1.000000
vn 0.000000 0.000000 1.000000
vn 0.000000 0.000000 1.000000
vn 0.000000 0.000000 1.000000
vn 0.000000 0.000000 1.000000
vn -1.000000 0.000000 0.000000
vn -1.000000 0.000000 0.000000
vn -1.000000 0.000000 0.000000
vn -1.000000 0.000000 0.000000
vn 1.000000 0.000000 0.000000
vn 1.000000 0.000000 0.000000
vn 1.000000 0.000000 0.000000
vn 1.000000 0.000000 0.000000
vn -1.000000 0.000000 0.000000
vn -1.000000 0.000000 0.000000
vn -1.000000 0.000000 0.000000
vn -1.000000 0.000000 0.000000
vn 1.000000 0.000000 0.000000
vn 1.000000 0.000000 0.000000
vn 1.000000 0.000000 0.000000
vn 1.000000 0.000000 0.000000
vn -1.000000 0.000000 0.000000
vn -1.000000 0.000000 0.000000
vn -1.000000 0.000000 0.000000
vn -1.000000 0.000000 0.000000
vn 1.000000 0.000000 0.000000
vn 1.000000 0.000000 0.000000
vn 1.000000 0.000000 0.000000
vn 1.000000 0.000000 0.000000
vn 0.000000 0.000000 -1.000000
vn 0.000000 0.000000 -1.000000
vn 0.000000 0.000000 -1.000000
vn 0.000000 0.000000 -1.000000
vn 0.000000 0.000000 1.000000
vn 0.000000 0.000000 1.000000
vn 0.000000 0.000000 1.000000
vn 0.000000 0.000000 1.000000
vn 1.000000 0.000000 0.000000
vn 1.000000 0.000000 0.000000
vn 1.000000 0.000000 0.000000
vn 1.000000 0.000000 0.000000
vn -1.000000 0.000000 0.000000
vn -1.000000 0.000000 0.000000
vn -1.000000 0.000000 0.000000
vn -1.000000 0.000000 0.000000
vn -1.000000 0.000000 0.000000
vn -1.000000 0.000000 0.000000
vn -1.000000 0.000000 0.000000
vn -1.000000 0.000000 0.000000
vn 1.000000 0.000000 0.000000
vn 1.000000 0.000000 0.000000
vn 1.000000 0.000000 0.000000
vn 1.000000 0.000000 0.000000
vn 1.000000 0.000000 0.000000
vn 1.000000 0.000000 0.000000
vn 1.000000 0.000000 0.000000
vn 1.000000 0.000000 0.000000
vn -1.000000 0.000000 0.000000
vn -1.000000 0.000000 0.000000
vn -1.000000 0.000000 0.000000
vn -1.000000 0.000000 0.000000
s 1
g Island_Main Island
usemtl openPBRSurface2SG
f 200/1/1 201/2/2 202/487/3 203/4/4
s 2
f 159/5/5 52/6/6 181/7/7 182/8/8
s 3
f 218/9/9 219/476/10 220/473/11 221/12/12
s 4
f 194/13/13 195/14/14 2/15/15 167/435/16
s 5
f 201/485/17 204/17/18 205/18/19 202/3/20
s 6
f 236/19/21 237/463/22 238/465/23 239/22/24
s 7
f 255/450/25 256/24/26 257/25/27 258/453/28
s 4
f 173/27/29 8/28/30 116/29/31 172/30/32
s 9
f 222/31/33 223/32/34 220/11/35 219/10/36
s 2
f 154/33/37 108/34/38 57/35/39 153/36/40
s 11
f 28/37/41 25/38/42 13/507/43 9/508/44
s 4
f 171/41/45 11/42/46 15/43/47 170/44/48
s 12
f 16/516/49 26/46/50 27/47/51 12/517/52
s 2
f 156/49/53 59/50/54 55/51/55 155/52/56
s 6
f 240/53/57 241/460/58 242/464/59 243/56/60
s 1
f 206/57/61 207/58/62 208/486/63 209/60/64
s 5
f 207/482/65 210/61/66 211/62/67 208/59/68
s 12
f 19/63/69 18/64/70 93/65/71 94/66/72
s 9
f 225/475/73 224/68/74 226/69/75 227/70/76
s 3
f 228/71/77 225/67/78 227/470/79 229/72/80
s 7
f 259/447/81 260/74/82 261/75/83 262/452/84
s off
f 281/77/85 282/78/86 283/79/87 284/80/88
s 6
f 243/56/60 242/464/59 244/462/89 245/82/90
s 1
f 209/60/64 208/486/63 212/484/91 213/84/92
s 5
f 208/59/68 211/62/67 214/85/93 212/83/94
s 12
f 23/86/95 22/87/96 18/64/70 19/63/69
s 9
f 231/474/97 230/89/98 224/68/74 225/475/73
s 3
f 232/90/99 231/88/100 225/67/78 228/71/77
s 7
f 262/452/84 261/75/83 263/91/101 264/451/102
s 11
f 20/93/103 17/94/104 21/95/105 24/96/106
s 6
f 245/82/90 244/462/89 237/463/22 236/19/21 246/97/107
s 1
f 213/84/92 212/484/91 201/2/2 200/1/1
s 5
f 212/83/94 214/85/93 204/17/18 201/485/17
s 12
f 27/47/51 26/46/50 22/87/96 23/86/95
s 9
f 220/11/35 223/32/34 230/89/98 231/474/97
s 3
f 232/90/99 221/12/12 220/473/11 231/88/100
s 7
f 264/451/102 263/91/101 256/24/26 255/450/25
s off
f 285/98/108 286/99/109 287/100/110 288/101/111
s 11
f 25/38/42 30/534/112 29/506/113 13/507/43
f 21/95/105 31/104/114 49/531/115 30/534/112 25/38/42
f 17/94/104 32/106/116 31/104/114 21/95/105
f 88/107/117 89/108/118 32/106/116 17/94/104
s 4
f 170/44/48 15/43/47 34/109/119 169/110/120
s 12
f 35/111/121 92/112/122 93/65/71 18/64/70
f 36/113/123 35/111/121 18/64/70 22/87/96
f 37/114/124 36/113/123 22/87/96 26/46/50
f 38/515/125 37/114/124 26/46/50 16/516/49
s 2
f 157/116/126 61/117/127 59/50/54 156/49/53
s 11
f 30/534/112 40/533/128 39/119/129 29/506/113
s off
f 309/120/130 310/121/131 311/122/132 312/123/133
s 11
f 32/106/116 42/124/134 41/125/135 31/104/114
f 89/108/118 90/126/136 42/124/134 32/106/116
s 4
f 169/110/120 34/109/119 44/127/137 168/128/138
s 12
f 45/129/139 91/130/140 92/112/122 35/111/121
f 46/131/141 45/129/139 35/111/121 36/113/123
f 47/132/142 46/131/141 36/113/123 37/114/124
f 48/511/143 47/132/142 37/114/124 38/515/125
s 2
f 158/134/144 53/135/145 61/117/127 157/116/126
s 11
f 31/104/114 41/125/135 50/136/146 49/531/115
s 22
f 161/137/147 64/138/148 65/139/149 160/140/150
s 23
f 64/494/151 179/141/152 180/142/153 65/139/154
s 24
f 186/143/155 63/144/156 66/145/157 185/146/158
s 25
f 110/147/159 72/492/160 73/149/161 109/150/162
s 26
f 72/148/163 151/151/164 152/152/165 73/149/166
s 27
f 75/153/167 105/154/168 106/155/169 76/156/170
s off
f 79/157/171 71/158/172 74/159/173 80/160/174
f 77/161/175 81/162/176 82/163/177 78/164/178
f 83/165/179 79/157/180 80/160/181 84/166/182
f 81/162/183 85/167/184 86/168/185 82/163/186
f 67/169/187 83/165/188 84/166/189 68/170/190
f 85/167/191 69/171/192 70/172/193 86/168/194
s 28
f 162/173/195 4/522/196 64/138/197 161/137/198
s 29
f 52/6/199 159/5/200 160/140/201 65/139/202
s 30
f 4/488/203 178/512/204 179/141/205 64/494/206
s 31
f 181/7/207 52/6/208 65/139/209 180/142/210
s 32
f 187/503/211 3/509/212 63/144/213 186/143/214
s 33
f 51/178/215 184/179/216 185/146/217 66/145/218
s 34
f 111/513/219 6/514/220 72/492/221 110/147/222
s 35
f 57/35/223 108/34/224 109/150/225 73/149/226
s 36
f 6/477/227 150/526/228 151/151/229 72/148/230
s 37
f 153/36/231 57/35/232 73/149/233 152/152/234
s 38
f 5/454/235 104/504/236 105/154/237 75/153/238
s 39
f 107/185/239 58/186/240 76/156/241 106/155/242
s off
f 16/45/243 12/48/244 71/158/245 79/157/246
f 55/51/247 59/50/248 80/160/249 74/159/250
f 9/40/251 13/39/252 81/162/253 77/161/254
f 60/187/255 56/188/256 78/164/257 82/163/258
f 38/115/259 16/45/260 79/157/261 83/165/262
f 59/50/263 61/117/264 84/166/265 80/160/266
f 13/39/267 29/103/268 85/167/269 81/162/270
f 62/189/271 60/187/272 82/163/273 86/168/274
f 48/133/275 38/115/276 83/165/277 67/169/278
f 61/117/279 53/135/280 68/170/281 84/166/282
f 29/103/283 39/502/284 69/171/285 85/167/286
f 54/190/287 62/189/288 86/168/289 70/172/290
s 11
f 10/191/291 14/192/292 88/107/117 87/193/293
f 14/192/292 33/194/294 89/108/118 88/107/117
f 33/194/294 43/195/295 90/126/136 89/108/118
s 6
f 247/196/296 248/456/297 241/460/58 240/53/57
s 1
f 215/198/298 216/480/299 207/58/62 206/57/61
s 5
f 216/481/300 217/200/301 210/61/66 207/482/65
s 12
f 92/112/122 91/130/140 44/495/302 34/497/303
f 93/65/71 92/112/122 34/497/303 15/499/304
f 94/66/72 93/65/71 15/499/304 11/490/305
s 9
f 227/70/76 226/69/75 233/471/306 234/468/307
s 3
f 229/72/80 227/470/79 234/469/308 235/203/309
s 7
f 265/442/310 266/205/311 260/74/82 259/447/81
s off
f 87/193/312 88/107/313 96/558/314 95/556/315
f 88/107/316 17/94/317 97/557/318 96/558/319
f 17/94/320 20/93/321 98/555/322 97/557/323
f 20/93/324 87/193/325 95/556/326 98/555/327
f 24/96/328 21/95/329 100/554/330 99/552/331
f 21/95/332 25/38/333 101/553/334 100/554/335
f 25/38/336 28/37/337 102/551/338 101/553/339
f 28/37/340 24/96/341 99/552/342 102/551/343
s 11
f 103/214/344 28/37/41 9/508/44 104/184/345
s 38
f 105/154/237 104/504/236 9/40/346 77/161/347
s 27
f 106/155/169 105/154/168 77/161/348 78/164/349
s 39
f 56/188/350 107/185/239 106/155/242 78/164/351
s 2
f 155/52/56 55/51/55 108/34/38 154/33/37
s 35
f 109/150/225 108/34/224 55/51/352 74/159/353
s 25
f 71/158/354 110/147/159 109/150/162 74/159/355
s 34
f 12/48/356 111/513/219 110/147/222 71/158/357
s 12
f 12/517/52 27/47/51 112/215/358 111/180/359
f 113/216/360 112/215/358 27/47/51 23/86/95
f 114/217/361 113/216/360 23/86/95 19/63/69
f 115/218/362 114/217/361 19/63/69 94/66/72
f 116/472/363 115/218/362 94/66/72 11/490/305
s 4
f 172/30/32 116/29/31 11/42/46 171/41/45
s 11
f 118/219/364 117/220/365 10/191/291 87/193/293
f 119/221/366 118/219/364 87/193/293 20/93/103
f 120/222/367 119/221/366 20/93/103 24/96/106
f 103/214/344 120/222/367 24/96/106 28/37/41
s 40
f 258/26/368 267/223/369 268/224/370 255/23/371
s 36
f 123/225/372 122/529/373 5/530/374 75/491/375
s 26
f 124/227/376 123/225/377 75/491/378 76/156/379
s 37
f 58/186/380 125/228/381 124/227/382 76/156/383
s 2
f 107/185/384 126/229/385 125/228/386 58/186/387
f 56/188/388 127/230/389 126/229/385 107/185/384
f 60/187/390 128/231/391 127/230/389 56/188/388
f 62/189/392 129/232/393 128/231/391 60/187/390
f 54/190/394 130/233/395 129/232/393 62/189/392
f 51/178/396 131/234/397 183/235/398 184/179/399
s 29
f 132/236/400 131/234/401 51/178/402 66/145/403
s 22
f 63/493/404 133/237/405 132/236/406 66/145/407
s 28
f 3/466/408 134/523/409 133/237/410 63/493/411
s 49
f 237/20/412 249/239/413 250/240/414 238/21/415
f 244/81/416 251/241/417 249/239/413 237/20/412
f 242/55/418 252/242/419 251/241/417 244/81/416
f 241/54/420 253/243/421 252/242/419 242/55/418
f 248/457/422 254/244/423 253/243/421 241/54/420
s 4
f 192/439/424 193/246/425 139/459/426 1/248/427
f 33/498/428 141/249/429 140/250/430 43/496/431
f 14/500/432 142/251/433 141/249/429 33/498/428
f 10/489/434 143/252/435 142/251/433 14/500/432
f 117/449/436 144/253/437 143/252/435 10/489/434
f 7/254/438 145/255/439 144/253/437 117/449/436
s 40
f 259/73/440 269/256/441 270/445/442 265/204/443
f 262/76/444 271/258/445 269/256/441 259/73/440
f 264/92/446 272/259/447 271/258/445 262/76/444
f 255/23/371 268/224/370 272/259/447 264/92/446
s 53
f 394/525/448 150/182/449 149/261/450 393/262/451
s 36
f 151/151/229 150/526/228 394/260/452 395/263/453
s 26
f 152/152/165 151/151/164 395/263/454 396/264/455
s 37
f 397/265/456 153/36/231 152/152/234 396/264/457
s 2
f 398/266/458 154/33/37 153/36/40 397/265/459
f 399/267/460 155/52/56 154/33/37 398/266/458
f 373/268/461 159/5/5 182/8/8 372/269/462
s 29
f 160/140/201 159/5/200 373/268/463 374/270/464
s 22
f 375/271/465 161/137/147 160/140/150 374/270/466
s 28
f 376/519/467 162/173/195 161/137/198 375/271/468
s 54
f 377/273/469 163/274/470 162/520/471 376/272/472
f 378/275/473 164/276/474 163/274/470 377/273/469
f 379/277/475 165/278/476 164/276/474 378/275/473
f 380/279/477 166/280/478 165/278/476 379/277/475
f 381/434/479 167/16/480 166/280/478 380/279/477
s 4
f 382/282/481 194/13/13 167/435/16 381/281/482
f 385/283/483 169/110/120 168/128/138 384/284/484
f 386/285/485 170/44/48 169/110/120 385/283/483
f 387/286/486 171/41/45 170/44/48 386/285/485
f 388/287/487 172/30/32 171/41/45 387/286/486
f 389/432/488 173/27/29 172/30/32 388/287/487
s 53
f 390/289/489 174/290/490 173/433/491 389/288/492
f 391/291/493 175/292/494 174/290/490 390/289/489
f 392/293/495 176/294/496 175/292/494 391/291/493
f 392/293/495 393/262/451 149/261/450 176/294/496
s 12
f 327/295/497 47/132/142 48/511/143 326/296/498
s 30
f 325/297/499 326/510/500 48/133/501 67/169/502
s 23
f 324/298/503 325/297/504 67/169/505 68/170/506
s 31
f 53/135/507 323/299/508 324/298/509 68/170/510
s 2
f 322/300/511 323/299/512 53/135/145 158/134/144
f 343/301/513 321/302/514 130/233/395 54/190/394
s 33
f 342/303/515 343/301/516 54/190/517 70/172/518
s 24
f 69/171/519 341/304/520 342/303/521 70/172/522
s 32
f 39/502/523 340/305/524 341/304/525 69/171/526
s 11
f 40/533/128 339/306/527 340/501/528 39/119/129
f 41/125/135 337/307/529 338/308/530 50/136/146
f 42/124/134 336/309/531 337/307/529 41/125/135
f 90/126/136 335/310/532 336/309/531 42/124/134
f 43/195/295 334/311/533 335/310/532 90/126/136
s 4
f 43/496/431 140/250/430 333/312/534 334/438/535
f 384/284/484 168/128/138 332/313/536 383/314/537
f 168/128/138 44/127/137 331/315/538 332/313/536
s 12
f 330/316/539 331/440/540 44/495/302 91/130/140
f 329/317/541 330/316/539 91/130/140 45/129/139
f 328/318/542 329/317/541 45/129/139 46/131/141
f 327/295/497 328/318/542 46/131/141 47/132/142
s 11
f 50/136/146 338/308/530 339/306/527 40/533/128
s off
f 4/174/543 162/520/544 203/4/545 202/487/546
f 162/520/547 163/274/548 200/1/549 203/4/550
f 177/319/551 178/175/552 205/18/553 204/17/554
f 178/175/555 4/518/556 202/3/557 205/18/558
f 165/278/559 166/280/560 206/57/561 209/60/562
f 196/320/563 197/321/564 211/62/565 210/61/566
f 164/276/567 165/278/568 209/60/569 213/84/570
f 197/321/571 198/322/572 214/85/573 211/62/574
f 163/274/575 164/276/576 213/84/577 200/1/578
f 198/322/579 177/319/580 204/17/581 214/85/582
f 167/435/583 2/15/584 216/479/585 215/483/586
f 166/280/587 167/16/588 215/198/589 206/57/590
f 2/15/591 195/14/592 217/478/593 216/199/594
f 195/441/595 196/320/596 210/61/597 217/200/598
f 150/182/599 6/528/600 219/476/601 218/9/602
f 149/261/603 150/182/604 218/9/605 221/12/606
f 111/180/607 112/215/608 223/32/609 222/31/610
f 6/181/611 111/180/612 222/31/613 219/10/614
f 114/217/615 115/218/616 226/69/617 224/68/618
f 174/290/619 175/292/620 228/71/621 229/72/622
f 113/216/623 114/217/624 224/68/625 230/89/626
f 175/292/627 176/294/628 232/90/629 228/71/630
f 112/215/631 113/216/632 230/89/633 223/32/634
f 176/294/635 149/261/636 221/12/637 232/90/638
f 115/218/639 116/472/640 233/471/641 226/69/642
f 116/29/643 8/28/644 234/202/645 233/201/646
f 8/28/647 173/27/648 235/467/649 234/202/650
f 173/433/651 174/290/652 229/72/653 235/203/654
f 3/177/655 187/176/656 239/22/657 238/465/658
f 187/176/659 188/323/660 236/19/661 239/22/662
f 190/324/663 191/325/664 240/53/665 243/56/666
f 189/326/667 190/324/668 243/56/669 245/82/670
f 188/323/671 199/327/672 246/97/673 236/19/674
f 199/327/675 189/326/676 245/82/677 246/97/678
f 192/439/679 1/248/680 248/455/681 247/461/682
f 191/325/683 192/245/684 247/196/685 240/53/686
f 135/328/687 134/238/688 250/240/689 249/239/690
f 134/238/691 3/524/692 238/21/693 250/240/694
f 136/329/695 135/328/696 249/239/697 251/241/698
f 137/330/699 136/329/700 251/241/701 252/242/702
f 138/331/703 137/330/704 252/242/705 253/243/706
f 1/248/707 139/459/708 254/458/709 248/197/710
f 139/247/711 138/331/712 253/243/713 254/244/714
f 103/214/715 104/184/716 257/25/717 256/24/718
f 104/184/719 5/505/720 258/453/721 257/25/722
f 118/219/723 119/221/724 261/75/725 260/74/726
f 119/221/727 120/222/728 263/91/729 261/75/730
f 120/222/731 103/214/732 256/24/733 263/91/734
f 7/254/735 117/449/736 266/448/737 265/443/738
f 117/220/739 118/219/740 260/74/741 266/205/742
f 5/183/743 122/226/744 267/223/745 258/26/746
f 122/226/747 121/332/748 268/224/749 267/223/750
f 146/333/751 145/446/752 270/445/753 269/256/754
f 145/255/755 7/254/756 265/444/757 270/257/758
f 147/334/759 146/333/760 269/256/761 271/258/762
f 148/335/763 147/334/764 271/258/765 272/259/766
f 121/332/767 148/335/768 272/259/769 268/224/770
f 99/211/771 100/210/772 274/336/773 273/337/774
f 100/210/775 101/212/776 275/338/777 274/336/778
f 101/212/779 102/213/780 276/339/781 275/338/782
f 102/213/783 99/211/784 273/337/785 276/339/786
f 95/207/787 96/206/788 278/340/789 277/341/790
f 96/206/791 97/208/792 279/342/793 278/340/794
f 97/208/795 98/209/796 280/343/797 279/342/798
f 98/209/799 95/207/800 277/341/801 280/343/802
f 289/344/803 290/345/804 291/346/805 292/347/806
f 290/345/807 293/348/808 294/349/809 291/346/810
f 293/348/811 295/350/812 296/351/813 294/349/814
f 295/350/815 289/344/816 292/347/817 296/351/818
f 297/352/819 298/353/820 299/354/821 300/355/822
f 298/353/823 301/356/824 302/357/825 299/354/826
f 301/356/827 303/358/828 304/359/829 302/357/830
f 303/358/831 297/352/832 300/355/833 304/359/834
f 277/341/835 278/340/836 290/345/837 289/344/838
f 282/78/839 281/77/840 292/347/841 291/346/842
f 278/340/843 279/342/844 293/348/845 290/345/846
f 283/79/847 282/78/848 291/346/849 294/349/850
f 279/342/851 280/343/852 295/350/853 293/348/854
f 284/80/855 283/79/856 294/349/857 296/351/858
f 280/343/859 277/341/860 289/344/861 295/350/862
f 281/77/863 284/80/864 296/351/865 292/347/866
f 273/337/867 274/336/868 298/353/869 297/352/870
f 286/99/871 285/98/872 300/355/873 299/354/874
f 274/336/875 275/338/876 301/356/877 298/353/878
f 287/100/879 286/99/880 299/354/881 302/357/882
f 275/338/883 276/339/884 303/358/885 301/356/886
f 288/101/887 287/100/888 302/357/889 304/359/890
f 276/339/891 273/337/892 297/352/893 303/358/894
f 285/98/895 288/101/896 304/359/897 300/355/898
f 305/535/899 306/361/900 310/121/901 309/120/902
f 306/546/903 307/362/904 311/122/905 310/121/906
f 307/540/907 308/363/908 312/123/909 311/122/910
f 308/544/911 305/360/912 309/120/913 312/123/914
f 313/364/915 314/536/916 320/366/917 319/548/918
f 314/365/919 313/537/920 315/368/921 316/545/922
f 316/369/923 315/550/924 317/370/925 318/539/926
f 318/371/927 317/542/928 319/367/929 320/543/930
f 49/105/931 50/532/932 315/368/933 313/537/934
f 50/549/935 40/541/936 317/370/937 315/550/938
f 40/118/939 30/547/940 319/367/941 317/542/942
f 30/102/943 49/538/944 313/364/945 319/548/946
s 56
f 314/365/947 316/545/948 306/361/949 305/535/950
f 316/369/948 318/539/951 307/362/952 306/546/949
f 318/371/951 320/543/953 308/363/954 307/540/952
f 320/366/953 314/536/947 305/360/950 308/544/954
s 2
f 182/8/8 181/7/7 323/299/512 322/300/511
s 31
f 324/298/509 323/299/508 181/7/207 180/142/210
s 23
f 180/142/153 179/141/152 325/297/504 324/298/503
s 30
f 179/141/205 178/512/204 326/510/500 325/297/499
s 12
f 177/319/955 327/295/497 326/296/498 178/175/956
f 177/319/955 198/322/957 328/318/542 327/295/497
f 198/322/957 197/321/958 329/317/541 328/318/542
f 197/321/958 196/320/959 330/316/539 329/317/541
f 196/320/959 195/441/960 331/440/540 330/316/539
s 4
f 332/313/536 331/315/538 195/14/14 194/13/13
f 383/314/537 332/313/536 194/13/13 382/282/481
f 334/438/535 333/312/534 193/246/425 192/439/424
s 11
f 335/310/532 334/311/533 192/245/961 191/325/962
f 336/309/531 335/310/532 191/325/962 190/324/963
f 337/307/529 336/309/531 190/324/963 189/326/964
f 338/308/530 337/307/529 189/326/964 199/327/965
f 339/306/527 338/308/530 199/327/965 188/323/966
f 340/501/528 339/306/527 188/323/966 187/176/967
s 32
f 341/304/525 340/305/524 187/503/211 186/143/214
s 24
f 342/303/521 341/304/520 186/143/155 185/146/158
s 33
f 185/146/217 184/179/216 343/301/516 342/303/515
s 2
f 184/179/399 183/235/398 321/302/514 343/301/513
f 131/234/397 345/372/968 344/373/969 183/235/398
s 29
f 346/374/970 345/372/971 131/234/401 132/236/400
s 22
f 133/237/405 347/375/972 346/374/973 132/236/406
s 28
f 134/523/409 348/521/974 347/375/975 133/237/410
s 54
f 135/328/976 349/377/977 348/376/978 134/238/979
f 136/329/980 350/378/981 349/377/977 135/328/976
f 137/330/982 351/379/983 350/378/981 136/329/980
f 138/331/984 352/380/985 351/379/983 137/330/982
f 139/247/986 353/437/987 352/380/985 138/331/984
s 4
f 193/246/425 354/382/988 353/381/989 139/459/426
f 333/312/534 355/383/990 354/382/988 193/246/425
f 140/250/430 356/384/991 355/383/990 333/312/534
f 141/249/429 357/385/992 356/384/991 140/250/430
f 142/251/433 358/386/993 357/385/992 141/249/429
f 143/252/435 359/387/994 358/386/993 142/251/433
f 144/253/437 360/388/995 359/387/994 143/252/435
f 145/255/439 361/436/996 360/388/995 144/253/437
s 53
f 146/333/997 362/390/998 361/389/999 145/446/1000
f 147/334/1001 363/391/1002 362/390/998 146/333/997
f 148/335/1003 364/392/1004 363/391/1002 147/334/1001
f 148/335/1003 121/332/1005 365/393/1006 364/392/1004
f 122/226/1007 366/527/1008 365/393/1006 121/332/1005
s 36
f 367/395/1009 366/394/1010 122/529/373 123/225/372
s 26
f 368/396/1011 367/395/1012 123/225/377 124/227/376
s 37
f 125/228/381 369/397/1013 368/396/1014 124/227/382
s 2
f 126/229/385 370/398/1015 369/397/1016 125/228/386
f 127/230/389 371/399/1017 370/398/1015 126/229/385
f 345/372/968 373/268/461 372/269/462 344/373/969
s 29
f 374/270/464 373/268/463 345/372/971 346/374/970
s 22
f 347/375/972 375/271/465 374/270/466 346/374/973
s 28
f 348/521/974 376/519/467 375/271/468 347/375/975
s 54
f 349/377/977 377/273/469 376/272/472 348/376/978
f 350/378/981 378/275/473 377/273/469 349/377/977
f 351/379/983 379/277/475 378/275/473 350/378/981
f 352/380/985 380/279/477 379/277/475 351/379/983
f 353/437/987 381/434/479 380/279/477 352/380/985
s 4
f 354/382/988 382/282/481 381/281/482 353/381/989
f 355/383/990 383/314/537 382/282/481 354/382/988
f 356/384/991 384/284/484 383/314/537 355/383/990
f 357/385/992 385/283/483 384/284/484 356/384/991
f 358/386/993 386/285/485 385/283/483 357/385/992
f 359/387/994 387/286/486 386/285/485 358/386/993
f 360/388/995 388/287/487 387/286/486 359/387/994
f 361/436/996 389/432/488 388/287/487 360/388/995
s 53
f 362/390/998 390/289/489 389/288/492 361/389/999
f 363/391/1002 391/291/493 390/289/489 362/390/998
f 364/392/1004 392/293/495 391/291/493 363/391/1002
f 364/392/1004 365/393/1006 393/262/451 392/293/495
f 366/527/1008 394/525/448 393/262/451 365/393/1006
s 36
f 395/263/453 394/260/452 366/394/1010 367/395/1009
s 26
f 396/264/455 395/263/454 367/395/1012 368/396/1011
s 37
f 369/397/1013 397/265/456 396/264/457 368/396/1014
s 2
f 370/398/1015 398/266/458 397/265/459 369/397/1016
f 371/399/1017 399/267/460 398/266/458 370/398/1015
s 59
f 416/400/1018 417/401/1019 418/402/1020 419/403/1021
f 417/401/1019 416/400/1018 420/404/1022 421/405/1023
f 419/403/1021 418/402/1020 422/406/1024 423/407/1025
f 421/405/1023 420/404/1022 424/408/1026 425/409/1027
f 426/410/1028 427/411/1029 428/412/1030 429/413/1031
f 427/411/1029 426/410/1028 425/409/1027 424/408/1026
f 423/407/1025 422/406/1024 430/414/1032 431/415/1033
f 429/413/1031 428/412/1030 431/415/1033 430/414/1032
s 2
f 412/416/1034 156/49/53 155/52/56 399/267/460
f 414/417/1035 157/116/126 156/49/53 412/416/1034
f 414/417/1035 411/418/1036 158/134/144 157/116/126
f 403/419/1037 322/300/511 158/134/144 411/418/1036
f 372/269/462 182/8/8 322/300/511 403/419/1037
f 321/302/514 401/420/1038 404/421/1039 130/233/395
f 183/235/398 344/373/969 401/420/1038 321/302/514
f 128/231/391 406/422/1040 371/399/1017 127/230/389
f 129/232/393 408/423/1041 406/422/1040 128/231/391
f 130/233/395 404/421/1039 408/423/1041 129/232/393
s 60
f 400/424/1042 402/425/1043 410/426/1044 405/427/1045
s 2
f 344/373/969 372/269/462 403/419/1037 401/420/1038
f 406/422/1040 412/416/1034 399/267/460 371/399/1017
s 60
f 409/428/1046 415/429/1047 413/430/1048 407/431/1049
f 409/428/1046 405/427/1045 410/426/1044 415/429/1047
s off
f 401/420/1050 403/419/1051 418/402/1052 417/401/1053
f 402/425/1054 400/424/1055 416/400/1056 419/403/1057
f 400/424/1058 405/427/1059 420/404/1060 416/400/1061
f 404/421/1062 401/420/1063 417/401/1064 421/405/1065
f 403/419/1066 411/418/1067 422/406/1068 418/402/1069
f 410/426/1070 402/425/1071 419/403/1072 423/407/1073
f 405/427/1074 409/428/1075 424/408/1076 420/404/1077
f 408/423/1078 404/421/1079 421/405/1080 425/409/1081
f 407/431/1082 413/430/1083 428/412/1084 427/411/1085
f 412/416/1086 406/422/1087 426/410/1088 429/413/1089
f 406/422/1090 408/423/1091 425/409/1092 426/410/1093
f 409/428/1094 407/431/1095 427/411/1096 424/408/1097
f 411/418/1098 414/417/1099 430/414/1100 422/406/1101
f 415/429/1102 410/426/1103 423/407/1104 431/415/1105
f 413/430/1106 415/429/1107 431/415/1108 428/412/1109
f 414/417/1110 412/416/1111 429/413/1112 430/414/1113
g default
v 106.667557 -110.277725 -214.817825
v 106.480995 -110.097343 -214.876007
v 106.481178 -110.015831 -214.625198
v 106.667549 -110.195946 -214.566071
v 106.667549 -110.581894 -215.323547
v 106.480988 -110.428329 -215.434677
v 106.481178 -110.273293 -215.221268
v 106.667557 -110.426338 -215.109436
v 106.667557 -111.027458 -215.710526
v 106.481003 -110.915733 -215.863693
v 106.481171 -110.702370 -215.708633
v 106.667557 -110.813347 -215.554993
v 106.667549 -111.570808 -215.940948
v 106.480988 -111.511864 -216.121094
v 106.481178 -111.261040 -216.039658
v 106.667549 -111.319115 -215.859161
v 106.667549 -112.158768 -215.992142
v 106.480995 -112.158371 -216.181717
v 106.481171 -111.894646 -216.181747
v 106.667549 -111.894119 -215.992142
v 106.667549 -112.733772 -215.859131
v 106.480995 -112.791962 -216.039520
v 106.481178 -112.541161 -216.121017
v 106.667549 -112.482079 -215.940918
v 106.667549 -113.239525 -215.554993
v 106.480988 -113.350609 -215.708542
v 106.481171 -113.137260 -215.863632
v 106.667549 -113.025429 -215.710526
v 106.667549 -113.626541 -215.109406
v 106.480988 -113.779648 -215.221176
v 106.481171 -113.624657 -215.434509
v 106.667549 -113.470993 -215.323517
v 106.667557 -113.856934 -214.566071
v 106.480995 -114.037071 -214.625031
v 106.481171 -113.955589 -214.875854
v 106.667549 -113.775154 -214.817825
v 106.667549 -113.908142 -213.978104
v 106.480995 -114.097672 -213.978561
v 106.481178 -114.097694 -214.242249
v 106.667549 -113.908142 -214.242752
v 106.667549 -113.775146 -213.403107
v 106.480988 -113.955528 -213.344910
v 106.481171 -114.037041 -213.595734
v 106.667557 -113.856934 -213.654816
v 106.667542 -113.470993 -212.897446
v 106.481003 -113.624557 -212.786316
v 106.481178 -113.779594 -212.999664
v 106.667549 -113.626541 -213.111557
v 106.667549 -113.025429 -212.510330
v 106.480988 -113.137146 -212.357239
v 106.481178 -113.350502 -212.512222
v 106.667549 -113.239525 -212.665939
v 106.667549 -112.482079 -212.279984
v 106.480988 -112.541023 -212.099808
v 106.481178 -112.791832 -212.181305
v 106.667549 -112.733772 -212.361771
v 106.667549 -111.894119 -212.228714
v 106.480988 -111.894516 -212.039215
v 106.481171 -112.158226 -212.039185
v 106.667549 -112.158768 -212.228714
v 106.667549 -111.319115 -212.361771
v 106.480995 -111.260925 -212.181366
v 106.481171 -111.511742 -212.099838
v 106.667549 -111.570808 -212.279984
v 106.667557 -110.813354 -212.665939
v 106.480995 -110.702278 -212.512314
v 106.481171 -110.915611 -212.357300
v 106.667557 -111.027458 -212.510330
v 106.667557 -110.426331 -213.111557
v 106.480995 -110.273232 -212.999786
v 106.481171 -110.428215 -212.786407
v 106.667557 -110.581886 -212.897446
v 106.667549 -110.195946 -213.654816
v 106.480988 -110.015823 -213.595856
v 106.481163 -110.097298 -213.345062
v 106.667557 -110.277733 -213.403107
v 106.667549 -110.144737 -214.242752
v 106.480995 -109.955208 -214.242371
v 106.481171 -109.955193 -213.978622
v 106.667549 -110.144737 -213.978104
v 101.449081 -109.985741 -214.912369
v 101.385117 -110.230698 -214.837296
v 101.385132 -110.142960 -214.583633
v 101.449081 -109.904121 -214.661240
v 101.449081 -110.333427 -215.503723
v 101.385132 -110.543205 -215.356659
v 101.385132 -110.381348 -215.142441
v 101.449081 -110.178185 -215.290054
v 101.449081 -110.846825 -215.958694
v 101.385132 -111.000893 -215.753998
v 101.385132 -110.780769 -215.600327
v 101.449081 -110.633156 -215.803452
v 101.449074 -111.475716 -216.232788
v 101.385124 -111.558968 -215.990524
v 101.385132 -111.302124 -215.912308
v 101.449074 -111.224525 -216.151184
v 101.449074 -112.158501 -216.299057
v 101.385132 -112.162811 -216.042908
v 101.385124 -111.894386 -216.047989
v 101.449081 -111.894386 -216.299057
v 101.449081 -112.828362 -216.151123
v 101.385124 -112.753304 -215.906143
v 101.385132 -112.499573 -215.993973
v 101.449081 -112.577171 -216.232758
v 101.449081 -113.419716 -215.803452
v 101.385132 -113.272644 -215.593689
v 101.385124 -113.058434 -215.755569
v 101.449074 -113.206062 -215.958694
v 101.449074 -113.874702 -215.290024
v 101.385132 -113.669991 -215.136002
v 101.385132 -113.516304 -215.356110
v 101.449074 -113.719460 -215.503723
v 101.449081 -114.148750 -214.661240
v 101.385117 -113.906464 -214.577911
v 101.385132 -113.828308 -214.834763
v 101.449081 -114.067146 -214.912369
v 101.449074 -114.215065 -213.978394
v 101.385139 -113.958900 -213.974091
v 101.385139 -113.963943 -214.242493
v 101.449074 -114.215065 -214.242493
v 101.449074 -114.067146 -213.308487
v 101.385132 -113.822174 -213.383575
v 101.385132 -113.909920 -213.637299
v 101.449081 -114.148750 -213.559692
v 101.449074 -113.719460 -212.717239
v 101.385124 -113.509689 -212.864273
v 101.385132 -113.671539 -213.078476
v 101.449074 -113.874702 -212.930862
v 101.449074 -113.206062 -212.262161
v 101.385124 -113.051987 -212.466888
v 101.385132 -113.272110 -212.620605
v 101.449081 -113.419716 -212.417404
v 101.449074 -112.577171 -211.988174
v 101.385124 -112.493912 -212.230438
v 101.385124 -112.750763 -212.308578
v 101.449081 -112.828362 -212.069763
v 101.449081 -111.894386 -211.921799
v 101.385132 -111.890068 -212.178009
v 101.385124 -112.158501 -212.172943
v 101.449074 -112.158501 -211.921799
v 101.449081 -111.224510 -212.069763
v 101.385117 -111.299591 -212.314713
v 101.385124 -111.553314 -212.226959
v 101.449074 -111.475716 -211.988174
v 101.449074 -110.633156 -212.417404
v 101.385124 -110.780251 -212.627213
v 101.385132 -110.994446 -212.465363
v 101.449074 -110.846840 -212.262161
v 101.449081 -110.178169 -212.930862
v 101.385132 -110.382881 -213.084930
v 101.385124 -110.536583 -212.864853
v 101.449074 -110.333412 -212.717239
v 101.449081 -109.904121 -213.559692
v 101.385132 -110.146423 -213.642975
v 101.385132 -110.224579 -213.386093
v 101.449081 -109.985741 -213.308487
v 101.449074 -109.837807 -214.242493
v 101.385132 -110.093979 -214.246841
v 101.385132 -110.088943 -213.978394
v 101.449074 -109.837807 -213.978394
v 102.899704 -109.886360 -214.666824
v 103.127075 -110.015816 -214.625000
v 103.127068 -110.097351 -214.876053
v 102.899689 -109.968033 -214.918274
v 102.899696 -110.163033 -215.300949
v 103.127068 -110.273224 -215.221176
v 103.127075 -110.428345 -215.434677
v 102.899704 -110.318413 -215.514771
v 102.899689 -110.622108 -215.818512
v 103.127075 -110.702248 -215.708542
v 103.127075 -110.915749 -215.863693
v 102.899704 -110.835960 -215.973892
v 102.899696 -111.218651 -216.168839
v 103.127060 -111.260902 -216.039520
v 103.127075 -111.511887 -216.121094
v 102.899696 -111.470055 -216.250534
v 102.899689 -111.894272 -216.317703
v 103.127075 -111.894478 -216.181717
v 103.127068 -112.158386 -216.181717
v 102.899689 -112.158607 -216.317703
v 102.899681 -112.582832 -216.250504
v 103.127060 -112.540993 -216.121048
v 103.127068 -112.791977 -216.039520
v 102.899689 -112.834229 -216.168808
v 102.899689 -113.216919 -215.973892
v 103.127075 -113.137115 -215.863693
v 103.127068 -113.350632 -215.708511
v 102.899689 -113.430763 -215.818512
v 102.899696 -113.734489 -215.514771
v 103.127075 -113.624535 -215.434677
v 103.127075 -113.779655 -215.221130
v 102.899689 -113.889854 -215.300949
v 102.899689 -114.084839 -214.918274
v 103.127068 -113.955505 -214.876053
v 103.127075 -114.037071 -214.625000
v 102.899704 -114.166527 -214.666824
v 102.899689 -114.233727 -214.242661
v 103.127068 -114.097672 -214.242401
v 103.127068 -114.097672 -213.978516
v 102.899689 -114.233727 -213.978271
v 102.899704 -114.166527 -213.554031
v 103.127075 -114.037071 -213.595886
v 103.127068 -113.955505 -213.344879
v 102.899704 -114.084846 -213.302643
v 102.899689 -113.889854 -212.920013
v 103.127068 -113.779655 -212.999786
v 103.127068 -113.624535 -212.786285
v 102.899704 -113.734489 -212.706192
v 102.899704 -113.430763 -212.402405
v 103.127068 -113.350632 -212.512344
v 103.127075 -113.137115 -212.357239
v 102.899704 -113.216927 -212.247040
v 102.899689 -112.834236 -212.052048
v 103.127075 -112.791977 -212.181366
v 103.127068 -112.540993 -212.099808
v 102.899696 -112.582832 -211.970352
v 102.899689 -112.158607 -211.903152
v 103.127060 -112.158394 -212.039215
v 103.127060 -111.894485 -212.039215
v 102.899689 -111.894272 -211.903152
v 102.899696 -111.470055 -211.970352
v 103.127075 -111.511887 -212.099808
v 103.127060 -111.260895 -212.181366
v 102.899696 -111.218651 -212.052048
v 102.899704 -110.835960 -212.247040
v 103.127075 -110.915756 -212.357239
v 103.127068 -110.702255 -212.512344
v 102.899689 -110.622108 -212.402405
v 102.899696 -110.318398 -212.706192
v 103.127060 -110.428337 -212.786285
v 103.127075 -110.273209 -212.999786
v 102.899696 -110.163033 -212.920013
v 102.899696 -109.968040 -213.302643
v 103.127075 -110.097366 -213.344879
v 103.127075 -110.015816 -213.595886
v 102.899704 -109.886360 -213.554031
v 102.899704 -109.819176 -213.978271
v 103.127075 -109.955208 -213.978516
v 103.127075 -109.955208 -214.242401
v 102.899704 -109.819176 -214.242661
v 106.667549 -111.192665 -213.978394
v 106.667549 -111.274208 -213.727158
v 106.667549 -111.429535 -213.513596
v 106.667549 -111.643188 -213.358322
v 106.667549 -111.894386 -213.276657
v 106.667542 -112.158501 -213.276657
v 106.667549 -112.409698 -213.358322
v 106.667549 -112.623344 -213.513596
v 106.667557 -112.778671 -213.727158
v 106.667557 -112.860222 -213.978394
v 106.667557 -112.860222 -214.242493
v 106.667557 -112.778641 -214.493698
v 106.667557 -112.623367 -214.707367
v 106.667549 -112.409698 -214.862610
v 106.667542 -112.158501 -214.944199
v 106.667549 -111.894386 -214.944229
v 106.667557 -111.643196 -214.862610
v 106.667557 -111.429504 -214.707397
v 106.667557 -111.274269 -214.493698
v 106.667549 -111.192665 -214.242493
v 101.385132 -111.192665 -214.242493
v 101.385117 -111.274269 -214.493698
v 101.385124 -111.429504 -214.707397
v 101.385132 -111.643196 -214.862610
v 101.385124 -111.894386 -214.944229
v 101.385124 -112.158501 -214.944199
v 101.385132 -112.409698 -214.862610
v 101.385132 -112.623367 -214.707367
v 101.385132 -112.778641 -214.493698
v 101.385132 -112.860222 -214.242493
v 101.385132 -112.860222 -213.978394
v 101.385132 -112.778671 -213.727158
v 101.385132 -112.623337 -213.513596
v 101.385132 -112.409698 -213.358322
v 101.385124 -112.158501 -213.276657
v 101.385124 -111.894386 -213.276657
v 101.385132 -111.643188 -213.358322
v 101.385132 -111.429535 -213.513596
v 101.385124 -111.274208 -213.727158
v 101.385132 -111.192665 -213.978394
v 102.416000 -111.282402 -216.827454
v 102.416077 -111.031433 -216.745926
v 102.643372 -111.073265 -216.616409
v 102.643364 -111.324608 -216.698105
v 102.643364 -110.345535 -216.199203
v 102.643417 -110.559448 -216.354507
v 102.416000 -110.479225 -216.464554
v 102.416000 -110.265663 -216.309372
v 101.715584 -111.324600 -216.698105
v 101.715530 -111.073227 -216.616318
v 101.942947 -111.031364 -216.745926
v 101.942947 -111.282410 -216.827454
v 101.942947 -110.265671 -216.309372
v 101.942871 -110.479149 -216.464554
v 101.715576 -110.559334 -216.354538
v 101.715584 -110.345528 -216.199203
v 102.643356 -109.782341 -215.577560
v 102.643425 -109.937798 -215.791382
v 102.415993 -109.827492 -215.871262
v 102.416000 -109.672340 -215.657684
v 101.942947 -109.672340 -215.657684
v 101.942863 -109.827438 -215.871185
v 101.715584 -109.937675 -215.791351
v 101.715576 -109.782333 -215.577560
v 102.643356 -109.438805 -214.812332
v 102.643417 -109.520592 -215.063660
v 102.416000 -109.391014 -215.105515
v 102.415993 -109.309441 -214.854462
v 101.942947 -109.309448 -214.854462
v 101.942871 -109.390968 -215.105484
v 101.715584 -109.520477 -215.063629
v 101.715576 -109.438805 -214.812332
v 102.643372 -109.348579 -213.978302
v 102.643417 -109.348671 -214.242661
v 102.416000 -109.212517 -214.242432
v 102.416000 -109.212517 -213.978455
v 101.942947 -109.212509 -213.978455
v 101.942863 -109.212494 -214.242340
v 101.715576 -109.348579 -214.242630
v 101.715576 -109.348579 -213.978302
v 102.643364 -109.520477 -213.157303
v 102.643417 -109.438873 -213.408691
v 102.415993 -109.309441 -213.366394
v 102.416000 -109.391014 -213.115341
v 101.942947 -109.391014 -213.115341
v 101.942871 -109.309448 -213.366302
v 101.715576 -109.438805 -213.408600
v 101.715584 -109.520477 -213.157303
v 102.643372 -109.937668 -212.429611
v 102.643425 -109.782364 -212.643494
v 102.416000 -109.672340 -212.563263
v 102.415993 -109.827492 -212.349731
v 101.942947 -109.827492 -212.349731
v 101.942879 -109.672371 -212.563202
v 101.715584 -109.782326 -212.643356
v 101.715591 -109.937668 -212.429611
v 102.643372 -110.559341 -211.866318
v 102.643417 -110.345528 -212.021790
v 102.416000 -110.265678 -211.911453
v 102.416000 -110.479225 -211.756302
v 101.942947 -110.479225 -211.756302
v 101.942871 -110.265732 -211.911423
v 101.715584 -110.345535 -212.021652
v 101.715591 -110.559334 -211.866318
v 102.643364 -111.324608 -211.522827
v 102.643417 -111.073219 -211.604614
v 102.416000 -111.031364 -211.475037
v 102.416000 -111.282402 -211.393494
v 101.942947 -111.282410 -211.393494
v 101.942863 -111.031433 -211.475006
v 101.715584 -111.073257 -211.604477
v 101.715584 -111.324600 -211.522827
v 102.643372 -112.158577 -211.432571
v 102.643417 -111.894218 -211.432678
v 102.416000 -111.894463 -211.296555
v 102.416000 -112.158424 -211.296555
v 101.942940 -112.158424 -211.296555
v 101.942871 -111.894531 -211.296555
v 101.715576 -111.894302 -211.432571
v 101.715576 -112.158577 -211.432571
v 102.643364 -112.979622 -211.604477
v 102.643425 -112.728172 -211.522888
v 102.416000 -112.770485 -211.393494
v 102.416000 -113.021523 -211.475037
v 101.942947 -113.021523 -211.475037
v 101.942879 -112.770561 -211.393494
v 101.715576 -112.728279 -211.522827
v 101.715576 -112.979614 -211.604477
v 102.643379 -113.707352 -212.021652
v 102.643417 -113.493431 -211.866348
v 102.416000 -113.573647 -211.756302
v 102.415993 -113.787193 -211.911453
v 101.942947 -113.787201 -211.911453
v 101.942871 -113.573730 -211.756348
v 101.715576 -113.493546 -211.866318
v 101.715584 -113.707352 -212.021652
v 102.643372 -114.270546 -212.643356
v 102.643417 -114.115097 -212.429611
v 102.415993 -114.225395 -212.349731
v 102.416000 -114.380547 -212.563263
v 101.942947 -114.380554 -212.563263
v 101.942871 -114.225449 -212.349762
v 101.715584 -114.115211 -212.429611
v 101.715584 -114.270561 -212.643356
v 102.643372 -114.614067 -213.408600
v 102.643417 -114.532288 -213.157196
v 102.416000 -114.661858 -213.115341
v 102.416000 -114.743446 -213.366394
v 101.942947 -114.743439 -213.366394
v 101.942879 -114.661896 -213.115417
v 101.715584 -114.532394 -213.157303
v 101.715576 -114.614067 -213.408600
v 102.643364 -114.704308 -214.242630
v 102.643417 -114.704216 -213.978241
v 102.416000 -114.840370 -213.978455
v 102.416000 -114.840370 -214.242432
v 101.942947 -114.840378 -214.242432
v 101.942863 -114.840401 -213.978592
v 101.715576 -114.704300 -213.978302
v 101.715576 -114.704300 -214.242630
v 102.643364 -114.532402 -215.063629
v 102.643417 -114.614006 -214.812164
v 102.416000 -114.743446 -214.854462
v 102.416000 -114.661873 -215.105515
v 101.942947 -114.661858 -215.105515
v 101.942863 -114.743431 -214.854599
v 101.715576 -114.614067 -214.812332
v 101.715584 -114.532394 -215.063629
v 102.643364 -114.115211 -215.791321
v 102.643417 -114.270515 -215.577469
v 102.416000 -114.380547 -215.657654
v 102.416000 -114.225380 -215.871231
v 101.942947 -114.225388 -215.871231
v 101.942871 -114.380501 -215.657745
v 101.715584 -114.270546 -215.577530
v 101.715584 -114.115211 -215.791321
v 102.643372 -113.493538 -216.354507
v 102.643417 -113.707367 -216.199112
v 102.415993 -113.787193 -216.309372
v 102.416000 -113.573647 -216.464554
v 101.942947 -113.573654 -216.464554
v 101.942871 -113.787155 -216.309433
v 101.715584 -113.707352 -216.199173
v 101.715584 -113.493538 -216.354507
v 102.643372 -112.728279 -216.698074
v 102.643417 -112.979668 -216.616287
v 102.416000 -113.021523 -216.745865
v 102.416000 -112.770485 -216.827393
v 101.942940 -112.770477 -216.827393
v 101.942863 -113.021439 -216.745895
v 101.715576 -112.979614 -216.616348
v 101.715576 -112.728279 -216.698074
v 102.643364 -111.894302 -216.788284
v 102.643417 -112.158661 -216.788193
v 102.416000 -112.158424 -216.924377
v 102.416000 -111.894463 -216.924377
v 101.942947 -111.894463 -216.924377
v 101.942871 -112.158340 -216.924377
v 101.715576 -112.158577 -216.788284
v 101.715576 -111.894302 -216.788284
vt 0.379637 0.109135
vt 0.379749 0.107316
vt 0.380074 0.104785
vt 0.384930 0.072591
vt 0.252896 0.107605
vt 0.252521 0.105074
vt 0.256258 0.107510
vt 0.373590 0.107239
vt 0.376365 0.107851
vt 0.373939 0.118839
vt 0.373773 0.104658
vt 0.367254 0.107304
vt 0.370082 0.107028
vt 0.371170 0.118228
vt 0.367194 0.107060
vt 0.367403 0.104487
vt 0.361246 0.109323
vt 0.363851 0.108187
vt 0.368347 0.118503
vt 0.360774 0.106925
vt 0.360968 0.104357
vt 0.356158 0.113100
vt 0.358284 0.111215
vt 0.365747 0.119637
vt 0.354295 0.106830
vt 0.354477 0.104262
vt 0.352485 0.118266
vt 0.353925 0.115815
vt 0.363625 0.121519
vt 0.347770 0.106762
vt 0.347943 0.104193
vt 0.350588 0.124312
vt 0.351200 0.121537
vt 0.362188 0.123964
vt 0.341212 0.106715
vt 0.341376 0.104146
vt 0.350653 0.130650
vt 0.350377 0.127821
vt 0.361577 0.126733
vt 0.334630 0.106687
vt 0.334785 0.104118
vt 0.352673 0.136657
vt 0.351536 0.134051
vt 0.361852 0.129556
vt 0.328032 0.106675
vt 0.328178 0.104105
vt 0.356450 0.141746
vt 0.354564 0.139619
vt 0.362986 0.132156
vt 0.321423 0.106679
vt 0.321562 0.104108
vt 0.361615 0.145418
vt 0.359164 0.143978
vt 0.364868 0.134278
vt 0.314940 0.104126
vt 0.367661 0.147314
vt 0.364886 0.146702
vt 0.367312 0.135716
vt 0.308199 0.106734
vt 0.308321 0.104159
vt 0.373999 0.147250
vt 0.371170 0.147525
vt 0.370082 0.136325
vt 0.301592 0.106781
vt 0.301706 0.104206
vt 0.380005 0.145230
vt 0.377400 0.146366
vt 0.372905 0.136050
vt 0.294994 0.106843
vt 0.295103 0.104266
vt 0.385095 0.141453
vt 0.382968 0.143339
vt 0.375505 0.134917
vt 0.288421 0.106909
vt 0.288519 0.104338
vt 0.388767 0.136288
vt 0.387327 0.138738
vt 0.377627 0.133035
vt 0.281872 0.106995
vt 0.281961 0.104422
vt 0.390664 0.130241
vt 0.390052 0.133017
vt 0.379063 0.130590
vt 0.275364 0.107095
vt 0.275443 0.104522
vt 0.390599 0.123903
vt 0.390874 0.126732
vt 0.379674 0.127820
vt 0.268908 0.107212
vt 0.268976 0.104639
vt 0.388580 0.117897
vt 0.389716 0.120502
vt 0.379401 0.124997
vt 0.262519 0.107353
vt 0.262577 0.104779
vt 0.386688 0.114935
vt 0.378266 0.122398
vt 0.376384 0.120276
vt 0.256254 0.104949
vt 0.383890 0.049067
vt 0.386442 0.048597
vt 0.382368 0.043947
vt 0.380446 0.042100
vt 0.384250 0.042045
vt 0.382386 0.040210
vt 0.386753 0.038557
vt 0.376892 0.049472
vt 0.379628 0.049429
vt 0.376533 0.047718
vt 0.375276 0.045368
vt 0.372592 0.034275
vt 0.369819 0.049501
vt 0.372559 0.049556
vt 0.369349 0.046878
vt 0.370225 0.035498
vt 0.362816 0.049450
vt 0.365527 0.049526
vt 0.362881 0.049122
vt 0.363245 0.046482
vt 0.367595 0.035930
vt 0.355884 0.049382
vt 0.358571 0.049462
vt 0.356401 0.046618
vt 0.357563 0.044219
vt 0.364960 0.035528
vt 0.349000 0.049318
vt 0.351671 0.049396
vt 0.351012 0.042234
vt 0.352858 0.040311
vt 0.362579 0.034331
vt 0.342140 0.049264
vt 0.344803 0.049338
vt 0.347241 0.036399
vt 0.349590 0.035141
vt 0.360683 0.032458
vt 0.335293 0.049224
vt 0.337952 0.049292
vt 0.345457 0.029684
vt 0.348081 0.029214
vt 0.359460 0.030090
vt 0.328452 0.049202
vt 0.331109 0.049263
vt 0.345836 0.022748
vt 0.348476 0.023111
vt 0.359028 0.027460
vt 0.321611 0.049201
vt 0.324269 0.049253
vt 0.350739 0.017428
vt 0.359430 0.024825
vt 0.314772 0.049220
vt 0.317429 0.049264
vt 0.352724 0.010877
vt 0.354647 0.012723
vt 0.360626 0.022444
vt 0.307933 0.049261
vt 0.310590 0.049297
vt 0.358559 0.007107
vt 0.359817 0.009456
vt 0.362500 0.020548
vt 0.301091 0.049325
vt 0.303749 0.049352
vt 0.365274 0.005322
vt 0.365744 0.007946
vt 0.364868 0.019326
vt 0.294246 0.049410
vt 0.296906 0.049429
vt 0.372211 0.005702
vt 0.371847 0.008342
vt 0.367498 0.018894
vt 0.287396 0.049517
vt 0.290059 0.049527
vt 0.378692 0.008205
vt 0.377530 0.010605
vt 0.370133 0.019295
vt 0.280535 0.049641
vt 0.283203 0.049644
vt 0.384081 0.012590
vt 0.382235 0.014512
vt 0.372514 0.020492
vt 0.273652 0.049778
vt 0.276329 0.049776
vt 0.387852 0.018425
vt 0.385502 0.019682
vt 0.374409 0.022366
vt 0.266734 0.049909
vt 0.269424 0.049910
vt 0.389636 0.025140
vt 0.387012 0.025610
vt 0.375632 0.024734
vt 0.259785 0.049974
vt 0.262482 0.050009
vt 0.389257 0.032076
vt 0.386616 0.031713
vt 0.376065 0.027363
vt 0.255536 0.049930
vt 0.384354 0.037396
vt 0.374466 0.032379
vt 0.375663 0.029998
vt 0.387216 0.064878
vt 0.249241 0.070394
vt 0.253944 0.072656
vt 0.382372 0.072403
vt 0.378527 0.072212
vt 0.375858 0.072131
vt 0.371890 0.072059
vt 0.369163 0.072024
vt 0.365140 0.071992
vt 0.362388 0.071971
vt 0.358345 0.071949
vt 0.355586 0.071932
vt 0.351539 0.071913
vt 0.348781 0.071898
vt 0.344736 0.071882
vt 0.341980 0.071870
vt 0.337940 0.071858
vt 0.335187 0.071849
vt 0.331151 0.071844
vt 0.328400 0.071841
vt 0.324367 0.071844
vt 0.321618 0.071847
vt 0.317586 0.071859
vt 0.314837 0.071869
vt 0.310807 0.071891
vt 0.308058 0.071907
vt 0.304025 0.071938
vt 0.301275 0.071960
vt 0.297240 0.072000
vt 0.294487 0.072027
vt 0.290447 0.072072
vt 0.287691 0.072103
vt 0.283646 0.072152
vt 0.280887 0.072185
vt 0.276839 0.072234
vt 0.274079 0.072265
vt 0.270035 0.072313
vt 0.267283 0.072346
vt 0.263263 0.072401
vt 0.260542 0.072448
vt 0.256591 0.072551
vt 0.253424 0.070039
vt 0.363020 0.064366
vt 0.358265 0.064317
vt 0.363134 0.061822
vt 0.365212 0.061848
vt 0.370037 0.064388
vt 0.377227 0.064398
vt 0.370200 0.061846
vt 0.363176 0.057305
vt 0.358323 0.054734
vt 0.365324 0.054791
vt 0.370193 0.054840
vt 0.370278 0.057340
vt 0.372470 0.054824
vt 0.377499 0.054819
vt 0.384758 0.064588
vt 0.377495 0.061843
vt 0.377628 0.057320
vt 0.379874 0.054752
vt 0.385157 0.054499
vt 0.252594 0.064782
vt 0.385249 0.061922
vt 0.385472 0.057126
vt 0.387958 0.056992
vt 0.247034 0.054393
vt 0.252381 0.055051
vt 0.260032 0.064790
vt 0.252388 0.062195
vt 0.252252 0.057602
vt 0.254750 0.055175
vt 0.259802 0.055281
vt 0.267161 0.064763
vt 0.259953 0.062259
vt 0.259835 0.057777
vt 0.262075 0.055264
vt 0.266943 0.055234
vt 0.274134 0.064684
vt 0.267135 0.062230
vt 0.267032 0.057735
vt 0.269158 0.055180
vt 0.273930 0.055116
vt 0.281028 0.064584
vt 0.274132 0.062141
vt 0.274038 0.057625
vt 0.276115 0.055054
vt 0.280837 0.054988
vt 0.287879 0.064483
vt 0.281037 0.062033
vt 0.280950 0.057502
vt 0.283006 0.054927
vt 0.287702 0.054869
vt 0.294705 0.064393
vt 0.287895 0.061927
vt 0.287816 0.057386
vt 0.289863 0.054812
vt 0.294547 0.054766
vt 0.301519 0.064317
vt 0.294728 0.061832
vt 0.294657 0.057285
vt 0.296704 0.054715
vt 0.301381 0.054683
vt 0.308325 0.064259
vt 0.301547 0.061754
vt 0.301486 0.057204
vt 0.303535 0.054638
vt 0.308210 0.054620
vt 0.315126 0.064220
vt 0.308360 0.061695
vt 0.308309 0.057143
vt 0.310363 0.054583
vt 0.315036 0.054580
vt 0.321929 0.064200
vt 0.315168 0.061656
vt 0.315129 0.057103
vt 0.317189 0.054550
vt 0.321862 0.054562
vt 0.328735 0.064199
vt 0.321977 0.061636
vt 0.321949 0.057084
vt 0.324017 0.054538
vt 0.328691 0.054564
vt 0.335548 0.064215
vt 0.328790 0.061637
vt 0.328772 0.057086
vt 0.330846 0.054546
vt 0.335524 0.054585
vt 0.342373 0.064245
vt 0.335609 0.061654
vt 0.335601 0.057106
vt 0.337682 0.054573
vt 0.342368 0.054623
vt 0.349217 0.064285
vt 0.342441 0.061687
vt 0.342442 0.057143
vt 0.344531 0.054616
vt 0.349232 0.054675
vt 0.356092 0.064329
vt 0.349294 0.061731
vt 0.349304 0.057193
vt 0.351405 0.054672
vt 0.356133 0.054736
vt 0.356183 0.061779
vt 0.356205 0.057250
vt 0.358259 0.057283
vt 0.376335 0.104667
vt 0.369994 0.104501
vt 0.363585 0.104352
vt 0.357115 0.104244
vt 0.350597 0.104165
vt 0.344042 0.104110
vt 0.337459 0.104074
vt 0.330858 0.104055
vt 0.324244 0.104052
vt 0.317624 0.104064
vt 0.311003 0.104095
vt 0.304385 0.104136
vt 0.297777 0.104191
vt 0.291184 0.104254
vt 0.284614 0.104333
vt 0.278079 0.104427
vt 0.271589 0.104536
vt 0.265161 0.104666
vt 0.258806 0.104824
vt 0.250151 0.072899
vt 0.382088 0.110576
vt 0.384802 0.112808
vt 0.377705 0.044169
vt 0.372029 0.046488
vt 0.365915 0.046940
vt 0.359960 0.045480
vt 0.354748 0.042252
vt 0.350789 0.037571
vt 0.348470 0.031895
vt 0.348019 0.025780
vt 0.349479 0.019826
vt 0.352707 0.014614
vt 0.357388 0.010655
vt 0.363063 0.008336
vt 0.369178 0.007884
vt 0.375132 0.009344
vt 0.380344 0.012572
vt 0.384303 0.017253
vt 0.386622 0.022930
vt 0.387074 0.029043
vt 0.385614 0.034998
vt 0.365261 0.057334
vt 0.372336 0.061862
vt 0.372419 0.057358
vt 0.379748 0.061856
vt 0.379876 0.057303
vt 0.246596 0.062199
vt 0.246607 0.057156
vt 0.254679 0.062236
vt 0.254575 0.057704
vt 0.262105 0.062278
vt 0.262002 0.057791
vt 0.269219 0.062225
vt 0.269123 0.057721
vt 0.276183 0.062127
vt 0.276092 0.057605
vt 0.283071 0.062017
vt 0.282986 0.057483
vt 0.289920 0.061913
vt 0.289843 0.057372
vt 0.296748 0.061823
vt 0.296680 0.057277
vt 0.303564 0.061751
vt 0.303506 0.057201
vt 0.310375 0.061697
vt 0.310328 0.057146
vt 0.317184 0.061664
vt 0.317147 0.057113
vt 0.323994 0.061651
vt 0.323968 0.057100
vt 0.330808 0.061656
vt 0.330793 0.057108
vt 0.337630 0.061679
vt 0.337625 0.057133
vt 0.344467 0.061715
vt 0.344470 0.057174
vt 0.351329 0.061761
vt 0.351342 0.057226
vt 0.358234 0.061809
vt 0.369433 0.069462
vt 0.365199 0.069466
vt 0.365213 0.064351
vt 0.376293 0.069526
vt 0.372061 0.069504
vt 0.372271 0.064368
vt 0.383096 0.069794
vt 0.378909 0.069601
vt 0.379541 0.064402
vt 0.247213 0.064992
vt 0.248841 0.049093
vt 0.252891 0.049733
vt 0.260296 0.069878
vt 0.256044 0.069969
vt 0.254990 0.064752
vt 0.267179 0.069808
vt 0.262931 0.069876
vt 0.262303 0.064765
vt 0.274043 0.069731
vt 0.269809 0.069808
vt 0.269368 0.064718
vt 0.280885 0.069646
vt 0.276666 0.069727
vt 0.276311 0.064628
vt 0.287708 0.069558
vt 0.283501 0.069639
vt 0.283187 0.064527
vt 0.294517 0.069477
vt 0.290318 0.069553
vt 0.290029 0.064428
vt 0.301315 0.069407
vt 0.297122 0.069476
vt 0.296851 0.064342
vt 0.308106 0.069352
vt 0.303916 0.069411
vt 0.303661 0.064272
vt 0.314894 0.069313
vt 0.310706 0.069362
vt 0.310465 0.064220
vt 0.321682 0.069292
vt 0.317494 0.069330
vt 0.317267 0.064187
vt 0.328473 0.069287
vt 0.324283 0.069315
vt 0.324071 0.064173
vt 0.335270 0.069298
vt 0.331076 0.069317
vt 0.330878 0.064177
vt 0.342076 0.069321
vt 0.337875 0.069333
vt 0.337694 0.064198
vt 0.348893 0.069354
vt 0.344685 0.069360
vt 0.344524 0.064232
vt 0.355725 0.069390
vt 0.351508 0.069395
vt 0.351376 0.064273
vt 0.362573 0.069426
vt 0.358346 0.069432
vt 0.363102 0.054796
vt 0.382607 0.104946
vt 0.382325 0.107529
vt 0.376500 0.107192
vt 0.363679 0.106881
vt 0.357223 0.106771
vt 0.350716 0.106692
vt 0.344171 0.106636
vt 0.337598 0.106600
vt 0.331006 0.106580
vt 0.324400 0.106577
vt 0.317788 0.106589
vt 0.304572 0.106657
vt 0.297970 0.106712
vt 0.291377 0.106777
vt 0.284814 0.106857
vt 0.278286 0.106949
vt 0.271803 0.107058
vt 0.265383 0.107188
vt 0.259035 0.107344
vt 0.378911 0.046490
vt 0.372459 0.049067
vt 0.358792 0.047819
vt 0.352914 0.044115
vt 0.348469 0.038776
vt 0.345891 0.032325
vt 0.345432 0.025392
vt 0.347139 0.018657
vt 0.356182 0.008334
vt 0.362634 0.005756
vt 0.369566 0.005298
vt 0.376301 0.007004
vt 0.382178 0.010709
vt 0.386624 0.016047
vt 0.389202 0.022500
vt 0.389660 0.029431
vt 0.387954 0.036166
vt 0.385627 0.070119
vt 0.387725 0.062054
vt 0.387654 0.054147
vt 0.348341 0.016267
vt 0.350843 0.012779
vt 0.314813 0.106695
vt 0.311182 0.106617
vn 1.000000 0.000009 0.000018
vn 1.000000 0.000009 0.000018
vn 1.000000 0.000004 0.000004
vn 1.000000 0.000004 0.000003
vn 0.711454 0.646818 -0.274700
vn 0.711270 0.645437 -0.278399
vn 0.711269 0.604594 -0.358555
vn 0.711454 0.602383 -0.361895
vn -0.000004 0.975754 -0.218869
vn -0.000002 0.918061 -0.396439
vn -0.000002 0.918058 -0.396446
vn -0.000004 0.975754 -0.218870
vn 0.711300 0.685784 -0.154120
vn 0.711485 0.684708 -0.157998
vn 0.711442 0.700059 -0.061377
vn 0.711262 0.699887 -0.065310
vn 1.000000 0.000000 -0.000004
vn 1.000000 0.000000 -0.000009
vn 1.000000 0.000003 0.000001
vn 0.711422 0.530297 -0.461154
vn 0.711239 0.527850 -0.464234
vn 0.711273 0.464218 -0.527819
vn 0.711460 0.461081 -0.530310
vn 0.000001 0.860330 -0.509738
vn 0.000001 0.750577 -0.660783
vn 0.000001 0.750573 -0.660787
vn 0.000001 0.860329 -0.509739
vn 1.000000 0.000000 -0.000005
vn 1.000000 0.000000 0.000005
vn 1.000000 0.000003 0.000002
vn 0.711510 0.361831 -0.602356
vn 0.711329 0.358555 -0.604524
vn 0.711352 0.278368 -0.645360
vn 0.711537 0.274603 -0.646768
vn 0.000000 0.660721 -0.750632
vn -0.000009 0.509749 -0.860323
vn -0.000009 0.509744 -0.860326
vn 0.000000 0.660721 -0.750632
vn 1.000000 0.000000 -0.000005
vn 1.000000 0.000000 -0.000010
vn 1.000000 0.000001 0.000002
vn 0.711467 0.157943 -0.684740
vn 0.711282 0.154149 -0.685796
vn 0.711313 0.065332 -0.699832
vn 0.711501 0.061323 -0.700004
vn -0.000014 0.396417 -0.918071
vn -0.000008 0.218908 -0.975746
vn -0.000008 0.218903 -0.975747
vn -0.000014 0.396416 -0.918071
vn 1.000000 -0.000018 0.000005
vn 1.000000 -0.000018 0.000002
vn 1.000000 0.000003 0.000002
vn 0.711508 -0.061414 -0.699989
vn 0.711323 -0.065359 -0.699820
vn 0.711302 -0.154192 -0.685765
vn 0.711486 -0.158055 -0.684694
vn -0.000004 0.093363 -0.995632
vn -0.000000 -0.093471 -0.995622
vn -0.000000 -0.093478 -0.995621
vn -0.000004 0.093362 -0.995632
vn 1.000000 0.000018 -0.000001
vn 1.000000 0.000018 0.000002
vn 1.000000 0.000008 0.000001
vn 0.711456 -0.274682 -0.646824
vn 0.711274 -0.278371 -0.645445
vn 0.711288 -0.358529 -0.604588
vn 0.711471 -0.361868 -0.602379
vn 0.000002 -0.218979 -0.975730
vn -0.000002 -0.396382 -0.918086
vn -0.000002 -0.396387 -0.918084
vn 0.000002 -0.218979 -0.975730
vn 1.000000 0.000036 -0.000009
vn 1.000000 0.000036 -0.000007
vn 1.000000 0.000005 0.000001
vn 0.711450 -0.461145 -0.530267
vn 0.711269 -0.464226 -0.527817
vn 0.711314 -0.527770 -0.464210
vn 0.711501 -0.530265 -0.461070
vn -0.000005 -0.509744 -0.860326
vn 0.000001 -0.660762 -0.750595
vn 0.000001 -0.660767 -0.750591
vn -0.000005 -0.509746 -0.860325
vn 1.000000 -0.000018 -0.000004
vn 1.000000 -0.000018 -0.000005
vn 1.000000 0.000001 0.000001
vn 0.711459 -0.602404 -0.361851
vn 0.711273 -0.604587 -0.358561
vn 0.711256 -0.645443 -0.278420
vn 0.711442 -0.646852 -0.274651
vn 0.000001 -0.750605 -0.660752
vn -0.000003 -0.860345 -0.509712
vn -0.000003 -0.860349 -0.509706
vn 0.000001 -0.750604 -0.660752
vn 1.000000 -0.000005 -0.000002
vn 1.000000 0.000000 -0.000011
vn 1.000000 0.000002 0.000001
vn 0.711439 -0.684767 -0.157953
vn 0.711257 -0.685822 -0.154150
vn 0.711279 -0.699869 -0.065307
vn 0.711464 -0.700044 -0.061306
vn -0.000003 -0.918061 -0.396439
vn -0.000003 -0.975751 -0.218882
vn -0.000003 -0.975753 -0.218876
vn -0.000003 -0.918060 -0.396440
vn 1.000000 -0.000007 -0.000008
vn 1.000000 -0.000011 0.000008
vn 1.000000 0.000002 0.000003
vn 0.711402 -0.700101 0.061370
vn 0.711216 -0.699932 0.065323
vn 0.711242 -0.685836 0.154154
vn 0.711430 -0.684760 0.158023
vn -0.000002 -0.995635 -0.093330
vn -0.000001 -0.995633 0.093357
vn -0.000001 -0.995632 0.093363
vn -0.000002 -0.995635 -0.093329
vn 1.000000 0.000000 0.000011
vn 1.000000 0.000000 0.000002
vn 1.000000 0.000005 0.000005
vn 0.711462 -0.646797 0.274727
vn 0.711279 -0.645417 0.278421
vn 0.711321 -0.604540 0.358544
vn 0.711508 -0.602321 0.361892
vn -0.000000 -0.975751 0.218882
vn -0.000001 -0.918046 0.396474
vn -0.000001 -0.918043 0.396480
vn -0.000000 -0.975751 0.218883
vn 1.000000 0.000018 0.000013
vn 1.000000 0.000018 0.000019
vn 1.000000 0.000003 0.000004
vn 0.711541 -0.530223 0.461057
vn 0.711360 -0.527780 0.464129
vn 0.711365 -0.464210 0.527702
vn 0.711548 -0.461059 0.530211
vn -0.000000 -0.860320 0.509754
vn -0.000001 -0.750638 0.660714
vn -0.000001 -0.750634 0.660719
vn -0.000000 -0.860320 0.509755
vn 1.000000 -0.000002 0.000000
vn 1.000000 -0.000018 -0.000005
vn 1.000000 0.000003 0.000002
vn 0.711435 -0.361832 0.602442
vn 0.711249 -0.358547 0.604624
vn 0.711260 -0.278386 0.645454
vn 0.711449 -0.274624 0.646856
vn -0.000004 -0.660751 0.750606
vn -0.000001 -0.509676 0.860367
vn -0.000001 -0.509671 0.860369
vn -0.000004 -0.660750 0.750606
vn 1.000000 0.000018 -0.000002
vn 1.000000 0.000034 0.000001
vn 1.000000 0.000003 0.000002
vn 0.711471 -0.157993 0.684724
vn 0.711288 -0.154205 0.685777
vn 0.711264 -0.065360 0.699880
vn 0.711446 -0.061343 0.700058
vn 0.000002 -0.396454 0.918055
vn -0.000002 -0.218898 0.975748
vn -0.000002 -0.218890 0.975750
vn 0.000002 -0.396453 0.918055
vn 1.000000 -0.000018 -0.000002
vn 1.000000 -0.000018 -0.000005
vn 1.000000 0.000003 0.000002
vn 0.711415 0.061421 0.700083
vn 0.711234 0.065362 0.699910
vn 0.711302 0.154187 0.685766
vn 0.711489 0.158044 0.684694
vn -0.000004 -0.093317 0.995636
vn -0.000003 0.093358 0.995633
vn -0.000003 0.093363 0.995632
vn -0.000004 -0.093316 0.995637
vn 1.000000 -0.000014 0.000003
vn 1.000000 0.000018 0.000000
vn 1.000000 0.000004 0.000002
vn 0.711471 0.274676 0.646809
vn 0.711285 0.278369 0.645433
vn 0.711284 0.358524 0.604595
vn 0.711470 0.361874 0.602376
vn -0.000004 0.218913 0.975744
vn -0.000006 0.396461 0.918051
vn -0.000006 0.396467 0.918049
vn -0.000004 0.218914 0.975744
vn 1.000000 0.000000 -0.000006
vn 1.000000 -0.000032 -0.000001
vn 1.000000 0.000003 0.000002
vn 0.711491 0.461158 0.530201
vn 0.711310 0.464253 0.527738
vn 0.711336 0.527800 0.464142
vn 0.711520 0.530288 0.461014
vn -0.000003 0.509704 0.860350
vn -0.000003 0.660756 0.750601
vn -0.000003 0.660761 0.750596
vn -0.000003 0.509704 0.860350
vn 1.000000 0.000000 -0.000004
vn 1.000000 0.000000 -0.000005
vn 1.000000 0.000004 0.000001
vn 0.711447 0.602424 0.361840
vn 0.711261 0.604608 0.358548
vn 0.711248 0.645452 0.278421
vn 0.711433 0.646859 0.274655
vn -0.000002 0.750642 0.660710
vn 0.000004 0.860351 0.509701
vn 0.000004 0.860354 0.509698
vn -0.000002 0.750641 0.660710
vn 1.000000 0.000011 -0.000010
vn 1.000000 0.000009 -0.000011
vn 1.000000 0.000004 0.000001
vn 0.711417 0.684782 0.157983
vn 0.711234 0.685838 0.154182
vn 0.711247 0.699901 0.065322
vn 0.711432 0.700075 0.061316
vn 0.000002 0.918063 0.396436
vn -0.000001 0.975749 0.218892
vn -0.000001 0.975750 0.218887
vn 0.000002 0.918063 0.396436
vn 1.000000 -0.000001 0.000000
vn 1.000000 0.000001 0.000000
vn -0.000001 0.995633 0.093353
vn -0.000001 0.995633 -0.093356
vn -0.000001 0.995632 -0.093362
vn -0.000001 0.995633 0.093351
vn -0.906771 0.385428 -0.170912
vn -0.906848 0.412096 -0.088336
vn -0.877175 0.469152 -0.102281
vn -0.877164 0.439676 -0.193053
vn -0.997675 0.062471 -0.027233
vn -0.906842 0.364643 -0.211363
vn -0.997553 0.060225 -0.035525
vn -0.997553 0.068263 -0.015126
vn -1.000000 -0.000002 0.000003
vn -1.000000 -0.000002 0.000004
vn -0.997676 0.067822 -0.006611
vn -0.906780 0.419361 -0.043429
vn -0.906777 0.313739 -0.281644
vn -0.877165 0.414602 -0.242254
vn -0.877166 0.358497 -0.319469
vn -0.997676 0.050978 -0.045218
vn -0.906840 0.281487 -0.313699
vn -0.997553 0.046303 -0.052383
vn -1.000000 -0.000004 -0.000001
vn -0.906779 0.211371 -0.364793
vn -0.877160 0.319464 -0.358516
vn -0.877168 0.242258 -0.414593
vn -0.997676 0.034503 -0.058753
vn -0.906845 0.170786 -0.385310
vn -0.997554 0.027856 -0.064103
vn -1.000000 -0.000002 0.000001
vn -0.906768 0.088267 -0.412287
vn -0.877162 0.193060 -0.439675
vn -0.877161 0.102245 -0.469185
vn -0.997675 0.014681 -0.066548
vn -0.906836 0.043310 -0.419252
vn -0.997553 0.006661 -0.069599
vn -1.000000 -0.000004 0.000001
vn -0.906772 -0.043417 -0.419380
vn -0.877164 0.047686 -0.477817
vn -0.877165 -0.047700 -0.477813
vn -0.997676 -0.006619 -0.067813
vn -0.906841 -0.088339 -0.412112
vn -0.997553 -0.015155 -0.068260
vn -1.000000 -0.000005 0.000001
vn -0.906769 -0.170903 -0.385437
vn -0.877166 -0.102281 -0.469168
vn -0.877156 -0.193045 -0.439693
vn -0.997677 -0.027238 -0.062447
vn -0.906832 -0.211359 -0.364668
vn -0.997553 -0.035509 -0.060229
vn -1.000000 -0.000004 0.000002
vn -0.906766 -0.281647 -0.313769
vn -0.877154 -0.242244 -0.414632
vn -0.877149 -0.319471 -0.358535
vn -0.997676 -0.045209 -0.050974
vn -0.906834 -0.313698 -0.281504
vn -0.997554 -0.052356 -0.046305
vn -1.000000 -0.000002 0.000002
vn -0.906771 -0.364813 -0.211369
vn -0.877150 -0.358525 -0.319481
vn -0.877154 -0.414622 -0.242260
vn -0.997676 -0.058749 -0.034512
vn -0.906841 -0.385320 -0.170783
vn -0.997553 -0.064116 -0.027867
vn -1.000000 -0.000001 -0.000001
vn -0.906781 -0.412254 -0.088293
vn -0.877162 -0.439680 -0.193051
vn -0.877176 -0.469151 -0.102271
vn -0.997676 -0.066543 -0.014665
vn -0.906848 -0.419222 -0.043342
vn -0.997553 -0.069602 -0.006659
vn -1.000000 -0.000003 -0.000000
vn -0.906783 -0.419355 0.043434
vn -0.877173 -0.477797 -0.047725
vn -0.877169 -0.477805 0.047725
vn -0.997676 -0.067811 0.006603
vn -0.906851 -0.412093 0.088324
vn -0.997554 -0.068242 0.015144
vn -1.000000 -0.000004 0.000001
vn -0.906773 -0.385430 0.170898
vn -0.877168 -0.469168 0.102265
vn -0.877159 -0.439693 0.193034
vn -0.997676 -0.062458 0.027239
vn -0.906842 -0.364634 0.211377
vn -0.997555 -0.060206 0.035492
vn -1.000000 -0.000002 0.000000
vn -0.906779 -0.313747 0.281630
vn -0.877157 -0.414606 0.242276
vn -0.877166 -0.358507 0.319458
vn -0.997676 -0.050972 0.045208
vn -0.906845 -0.281514 0.313658
vn -0.997553 -0.046316 0.052367
vn -1.000000 -0.000002 -0.000001
vn -0.906775 -0.211356 0.364812
vn -0.877172 -0.319481 0.358470
vn -0.877168 -0.242227 0.414612
vn -0.997676 -0.034525 0.058748
vn -0.906838 -0.170746 0.385344
vn -0.997553 -0.027872 0.064124
vn -1.000000 -0.000005 -0.000000
vn -0.906779 -0.088299 0.412256
vn -0.877164 -0.193000 0.439699
vn -0.877170 -0.102277 0.469161
vn -0.997676 -0.014687 0.066538
vn -0.906849 -0.043349 0.419220
vn -0.997553 -0.006656 0.069595
vn -1.000000 -0.000002 0.000001
vn -0.906780 0.043458 0.419359
vn -0.877173 -0.047723 0.477797
vn -0.877175 0.047751 0.477790
vn -0.997676 0.006624 0.067821
vn -0.906847 0.088342 0.412098
vn -0.997553 0.015144 0.068253
vn -1.000000 -0.000001 0.000001
vn -0.906775 0.170876 0.385436
vn -0.877172 0.102281 0.469157
vn -0.877165 0.193004 0.439694
vn -0.997676 0.027265 0.062444
vn -0.906848 0.211325 0.364649
vn -0.997553 0.035517 0.060217
vn -1.000000 -0.000003 0.000001
vn -0.906772 0.281667 0.313733
vn -0.877164 0.242218 0.414625
vn -0.877155 0.319497 0.358499
vn -0.997676 0.045213 0.050981
vn -0.906837 0.313715 0.281478
vn -0.997553 0.052385 0.046299
vn -1.000000 -0.000002 0.000001
vn -0.906768 0.364812 0.211385
vn -0.877144 0.358550 0.319468
vn -0.877152 0.414619 0.242272
vn -0.997675 0.058761 0.034520
vn -0.906842 0.385321 0.170781
vn -0.997554 0.064112 0.027852
vn -1.000000 -0.000002 0.000000
vn -0.906780 0.412255 0.088297
vn -0.877157 0.439693 0.193044
vn -0.877164 0.469172 0.102281
vn -0.997676 0.066541 0.014667
vn -0.906845 0.419230 0.043345
vn -0.997553 0.069591 0.006680
vn -1.000000 -0.000004 0.000000
vn -0.877165 0.477812 0.047722
vn -0.877169 0.477805 -0.047722
vn 0.877033 0.470058 -0.099296
vn 0.877036 0.438641 -0.195963
vn 0.877167 0.439641 -0.193117
vn 0.877164 0.469193 -0.102187
vn 0.511698 0.839036 -0.184890
vn 0.511832 0.838255 -0.188031
vn 0.511818 0.855342 -0.080206
vn 0.511685 0.855114 -0.083424
vn 0.511854 0.788692 -0.340546
vn 0.511720 0.787473 -0.343554
vn 0.511701 0.740812 -0.435154
vn 0.511833 0.739103 -0.437896
vn 0.877037 0.416354 -0.239699
vn 0.877038 0.356627 -0.321902
vn 0.877169 0.358455 -0.319507
vn 0.877167 0.414643 -0.242174
vn 0.511785 0.644859 -0.567656
vn 0.511650 0.642769 -0.570143
vn 0.511699 0.570132 -0.642739
vn 0.511837 0.567647 -0.644826
vn 0.877029 0.321922 -0.356631
vn 0.877029 0.239689 -0.416377
vn 0.877159 0.242171 -0.414663
vn 0.877159 0.319529 -0.358459
vn 0.511917 0.437835 -0.739082
vn 0.511783 0.435085 -0.740796
vn 0.511743 0.343538 -0.787465
vn 0.511875 0.340542 -0.788680
vn 0.877036 0.195950 -0.438647
vn 0.877043 0.099290 -0.470040
vn 0.877174 0.102181 -0.469175
vn 0.877168 0.193104 -0.439645
vn 0.511790 0.188069 -0.838273
vn 0.511654 0.184926 -0.839054
vn 0.511605 0.083437 -0.855160
vn 0.511738 0.080203 -0.855390
vn 0.877039 0.050790 -0.477727
vn 0.877049 -0.050820 -0.477705
vn 0.877179 -0.047811 -0.477777
vn 0.877169 0.047782 -0.477798
vn 0.511703 -0.080268 -0.855405
vn 0.511569 -0.083499 -0.855175
vn 0.511584 -0.184958 -0.839091
vn 0.511719 -0.188096 -0.838310
vn 0.877055 -0.099312 -0.470012
vn 0.877042 -0.195951 -0.438634
vn 0.877173 -0.193111 -0.439631
vn 0.877185 -0.102199 -0.469149
vn 0.511809 -0.340519 -0.788732
vn 0.511678 -0.343513 -0.787518
vn 0.511736 -0.435102 -0.740819
vn 0.511872 -0.437855 -0.739101
vn 0.877034 -0.239679 -0.416373
vn 0.877029 -0.321926 -0.356627
vn 0.877160 -0.319533 -0.358455
vn 0.877164 -0.242163 -0.414658
vn 0.511853 -0.567627 -0.644830
vn 0.511717 -0.570116 -0.642739
vn 0.511703 -0.642749 -0.570117
vn 0.511838 -0.644843 -0.567626
vn 0.877032 -0.356627 -0.321919
vn 0.877045 -0.416347 -0.239682
vn 0.877175 -0.414635 -0.242161
vn 0.877163 -0.358455 -0.319523
vn 0.511868 -0.739097 -0.437867
vn 0.511734 -0.740812 -0.435116
vn 0.511734 -0.787456 -0.343571
vn 0.511868 -0.788675 -0.340563
vn 0.877040 -0.438644 -0.195939
vn 0.877035 -0.470050 -0.099308
vn 0.877165 -0.469188 -0.102194
vn 0.877170 -0.439644 -0.193096
vn 0.511857 -0.838238 -0.188041
vn 0.511723 -0.839018 -0.184901
vn 0.511723 -0.855092 -0.083411
vn 0.511856 -0.855320 -0.080193
vn 0.877041 -0.477720 -0.050816
vn 0.877038 -0.477728 0.050806
vn 0.877169 -0.477798 0.047793
vn 0.877172 -0.477791 -0.047803
vn 0.511867 -0.855315 0.080184
vn 0.511734 -0.855086 0.083407
vn 0.511744 -0.839008 0.184886
vn 0.511878 -0.838227 0.188035
vn 0.877038 -0.470046 0.099302
vn 0.877046 -0.438621 0.195964
vn 0.877177 -0.439619 0.193123
vn 0.877169 -0.469182 0.102188
vn 0.511863 -0.788664 0.340597
vn 0.511728 -0.787446 0.343604
vn 0.511707 -0.740808 0.435155
vn 0.511840 -0.739100 0.437895
vn 0.877041 -0.416340 0.239709
vn 0.877034 -0.356650 0.321889
vn 0.877164 -0.358475 0.319498
vn 0.877171 -0.414628 0.242188
vn 0.511842 -0.644867 0.567595
vn 0.511708 -0.642775 0.570084
vn 0.511719 -0.570133 0.642722
vn 0.511853 -0.567650 0.644810
vn 0.877040 -0.321939 0.356589
vn 0.877041 -0.239679 0.416356
vn 0.877172 -0.242155 0.414645
vn 0.877171 -0.319540 0.358420
vn 0.511898 -0.437854 0.739084
vn 0.511766 -0.435103 0.740797
vn 0.511769 -0.343577 0.787431
vn 0.511900 -0.340578 0.788647
vn 0.877039 -0.195951 0.438642
vn 0.877042 -0.099307 0.470037
vn 0.877173 -0.102192 0.469175
vn 0.877169 -0.193110 0.439640
vn 0.511872 -0.188048 0.838228
vn 0.511739 -0.184904 0.839007
vn 0.511745 -0.083416 0.855078
vn 0.511879 -0.080184 0.855307
vn 0.877045 -0.050806 0.477715
vn 0.877036 0.050832 0.477728
vn 0.877167 0.047821 0.477798
vn 0.877175 -0.047793 0.477786
vn 0.511870 0.080189 0.855312
vn 0.511737 0.083421 0.855083
vn 0.511740 0.184904 0.839007
vn 0.511874 0.188046 0.838227
vn 0.877034 0.099315 0.470051
vn 0.877032 0.195947 0.438656
vn 0.877163 0.193106 0.439653
vn 0.877165 0.102201 0.469187
vn 0.511885 0.340568 0.788662
vn 0.511751 0.343569 0.787446
vn 0.511754 0.435101 0.740807
vn 0.511888 0.437850 0.739093
vn 0.877036 0.239704 0.416354
vn 0.877040 0.321946 0.356584
vn 0.877171 0.319551 0.358412
vn 0.877167 0.242184 0.414638
vn 0.511891 0.567644 0.644786
vn 0.511758 0.570122 0.642701
vn 0.511714 0.642766 0.570089
vn 0.511845 0.644856 0.567606
vn 0.877042 0.356619 0.321900
vn 0.877045 0.416338 0.239698
vn 0.877176 0.414625 0.242176
vn 0.877173 0.358443 0.319508
vn 0.511778 0.739123 0.437928
vn 0.511644 0.740834 0.435183
vn 0.511686 0.787471 0.343609
vn 0.511822 0.788687 0.340603
vn 0.877031 0.438647 0.195972
vn 0.877041 0.470040 0.099309
vn 0.877170 0.469179 0.102196
vn 0.877161 0.439647 0.193127
vn 0.511868 0.838232 0.188040
vn 0.511734 0.839014 0.184891
vn 0.511705 0.855102 0.083418
vn 0.511837 0.855331 0.080197
vn 0.877044 0.477716 0.050800
vn 0.877032 0.477736 -0.050820
vn 0.877163 0.477808 -0.047806
vn 0.877174 0.477789 0.047788
vn 0.511376 0.176498 -0.841037
vn 0.511230 0.173593 -0.841730
vn 0.511248 0.094866 -0.854182
vn 0.511394 0.091892 -0.854419
vn 0.000048 0.411733 -0.911305
vn -0.000016 0.202490 -0.979284
vn -0.000016 0.202483 -0.979286
vn 0.000048 0.411743 -0.911300
vn 0.511338 0.354277 -0.782956
vn 0.511482 0.351489 -0.784118
vn 0.511494 0.427824 -0.745212
vn 0.511350 0.425256 -0.746779
vn 0.511273 0.578838 -0.635253
vn 0.511418 0.576575 -0.637191
vn 0.511411 0.637155 -0.576621
vn 0.511264 0.635198 -0.578906
vn -0.000014 0.673209 -0.739453
vn 0.000049 0.495265 -0.868742
vn 0.000049 0.495274 -0.868737
vn -0.000014 0.673206 -0.739455
vn -0.511179 0.173657 -0.841748
vn -0.511326 0.176561 -0.841054
vn -0.511324 0.091972 -0.854452
vn -0.511177 0.094944 -0.854215
vn -0.511501 0.351438 -0.784129
vn -0.511359 0.354222 -0.782968
vn -0.511381 0.425236 -0.746769
vn -0.511524 0.427807 -0.745201
vn -0.511428 0.576614 -0.637148
vn -0.511282 0.578876 -0.635210
vn -0.511290 0.635196 -0.578885
vn -0.511437 0.637154 -0.576599
vn 0.511248 0.746848 -0.425257
vn 0.511395 0.745288 -0.427810
vn 0.511377 0.784187 -0.351489
vn 0.511231 0.783030 -0.354271
vn 0.000025 0.868770 -0.495215
vn -0.000020 0.739443 -0.673219
vn -0.000020 0.739451 -0.673210
vn 0.000025 0.868768 -0.495219
vn -0.511423 0.745283 -0.427784
vn -0.511277 0.746840 -0.425237
vn -0.511256 0.783020 -0.354255
vn -0.511402 0.784177 -0.351476
vn 0.511230 0.841712 -0.173677
vn 0.511375 0.841024 -0.176566
vn 0.511366 0.854429 -0.091952
vn 0.511220 0.854189 -0.094950
vn 0.000011 0.979282 -0.202503
vn 0.000036 0.911303 -0.411736
vn 0.000036 0.911305 -0.411731
vn 0.000011 0.979281 -0.202506
vn -0.511338 0.841050 -0.176546
vn -0.511193 0.841738 -0.173662
vn -0.511201 0.854200 -0.094953
vn -0.511349 0.854442 -0.091930
vn 0.511222 0.854191 0.094920
vn 0.511367 0.854430 0.091943
vn 0.511384 0.841017 0.176570
vn 0.511236 0.841716 0.173642
vn 0.000021 0.993932 0.109993
vn 0.000010 0.993932 -0.109994
vn 0.000010 0.993934 -0.109981
vn 0.000021 0.993933 0.109989
vn -0.511361 0.854429 0.091986
vn -0.511216 0.854191 0.094956
vn -0.511240 0.841715 0.173638
vn -0.511388 0.841013 0.176578
vn 0.511293 0.783002 0.354243
vn 0.511438 0.784144 0.351497
vn 0.511409 0.745262 0.427839
vn 0.511265 0.746831 0.425267
vn 0.000009 0.911282 0.411782
vn 0.000025 0.979277 0.202525
vn 0.000025 0.979275 0.202537
vn 0.000009 0.911284 0.411778
vn -0.511405 0.784150 0.351532
vn -0.511260 0.783011 0.354271
vn -0.511248 0.746841 0.425270
vn -0.511394 0.745272 0.427839
vn 0.511269 0.635266 0.578828
vn 0.511411 0.637204 0.576567
vn 0.511462 0.576630 0.637106
vn 0.511314 0.578924 0.635142
vn -0.000030 0.739496 0.673161
vn -0.000005 0.868745 0.495260
vn -0.000005 0.868740 0.495268
vn -0.000030 0.739498 0.673159
vn -0.511372 0.637192 0.576615
vn -0.511227 0.635258 0.578873
vn -0.511252 0.578943 0.635174
vn -0.511400 0.576651 0.637137
vn 0.511342 0.425207 0.746812
vn 0.511488 0.427758 0.745253
vn 0.511438 0.351412 0.784182
vn 0.511294 0.354190 0.783025
vn -0.000041 0.495177 0.868792
vn -0.000039 0.673266 0.739401
vn -0.000039 0.673261 0.739405
vn -0.000041 0.495180 0.868791
vn -0.511390 0.427772 0.745313
vn -0.511243 0.425227 0.746868
vn -0.511211 0.354219 0.783066
vn -0.511357 0.351438 0.784223
vn 0.511137 0.173671 0.841770
vn 0.511285 0.176580 0.841075
vn 0.511241 0.091972 0.854502
vn 0.511095 0.094976 0.854261
vn -0.000008 0.202495 0.979283
vn -0.000034 0.411674 0.911331
vn -0.000034 0.411665 0.911335
vn -0.000008 0.202497 0.979283
vn -0.511227 0.176560 0.841115
vn -0.511079 0.173659 0.841808
vn -0.511050 0.094989 0.854286
vn -0.511198 0.091986 0.854527
vn 0.511090 -0.094945 0.854267
vn 0.511235 -0.091967 0.854506
vn 0.511269 -0.176594 0.841082
vn 0.511119 -0.173659 0.841784
vn -0.000001 -0.109986 0.993933
vn -0.000006 0.109995 0.993932
vn -0.000006 0.109985 0.993933
vn -0.000001 -0.109983 0.993933
vn -0.511189 -0.091998 0.854531
vn -0.511042 -0.094971 0.854293
vn -0.511087 -0.173659 0.841803
vn -0.511238 -0.176594 0.841101
vn 0.511249 -0.354187 0.783056
vn 0.511393 -0.351434 0.784201
vn 0.511424 -0.427774 0.745289
vn 0.511276 -0.425208 0.746857
vn -0.000003 -0.411693 0.911322
vn 0.000008 -0.202501 0.979282
vn 0.000008 -0.202511 0.979280
vn -0.000003 -0.411691 0.911324
vn -0.511363 -0.351472 0.784204
vn -0.511218 -0.354221 0.783060
vn -0.511227 -0.425228 0.746879
vn -0.511374 -0.427804 0.745306
vn 0.511307 -0.578914 0.635157
vn 0.511453 -0.576637 0.637107
vn 0.511425 -0.637188 0.576572
vn 0.511280 -0.635237 0.578849
vn -0.000012 -0.673252 0.739413
vn -0.000014 -0.495175 0.868793
vn -0.000014 -0.495187 0.868786
vn -0.000012 -0.673250 0.739415
vn -0.511393 -0.576665 0.637130
vn -0.511248 -0.578935 0.635185
vn -0.511261 -0.635236 0.578867
vn -0.511407 -0.637189 0.576587
vn 0.511234 -0.746821 0.425322
vn 0.511379 -0.745265 0.427868
vn 0.511385 -0.784178 0.351497
vn 0.511238 -0.783022 0.354279
vn 0.000012 -0.868753 0.495245
vn 0.000000 -0.739490 0.673168
vn 0.000000 -0.739494 0.673163
vn 0.000012 -0.868751 0.495249
vn -0.511410 -0.745293 0.427783
vn -0.511264 -0.746847 0.425239
vn -0.511269 -0.783016 0.354245
vn -0.511416 -0.784168 0.351476
vn 0.511244 -0.841706 0.173666
vn 0.511391 -0.841012 0.176573
vn 0.511363 -0.854431 0.091956
vn 0.511217 -0.854191 0.094952
vn 0.000010 -0.979276 0.202532
vn 0.000008 -0.911288 0.411769
vn 0.000008 -0.911293 0.411758
vn 0.000010 -0.979275 0.202535
vn -0.511421 -0.840995 0.176569
vn -0.511275 -0.841688 0.173665
vn -0.511262 -0.854163 0.094958
vn -0.511409 -0.854406 0.091936
vn 0.511230 -0.854185 -0.094930
vn 0.511375 -0.854425 -0.091940
vn 0.511382 -0.841015 -0.176584
vn 0.511235 -0.841714 -0.173655
vn 0.000022 -0.993932 -0.109995
vn 0.000015 -0.993931 0.110004
vn 0.000015 -0.993934 0.109983
vn 0.000022 -0.993933 -0.109991
vn -0.511395 -0.854408 -0.091988
vn -0.511250 -0.854168 -0.094972
vn -0.511255 -0.841698 -0.173676
vn -0.511400 -0.840999 -0.176607
vn 0.511239 -0.783037 -0.354243
vn 0.511385 -0.784186 -0.351481
vn 0.511377 -0.745286 -0.427834
vn 0.511231 -0.746851 -0.425272
vn -0.000021 -0.911290 -0.411766
vn 0.000015 -0.979276 -0.202532
vn 0.000015 -0.979272 -0.202551
vn -0.000021 -0.911291 -0.411763
vn -0.511382 -0.784161 -0.351539
vn -0.511237 -0.783015 -0.354294
vn -0.511273 -0.746848 -0.425227
vn -0.511422 -0.745270 -0.427807
vn 0.511213 -0.635247 -0.578898
vn 0.511358 -0.637181 -0.576639
vn 0.511361 -0.576598 -0.637216
vn 0.511214 -0.578884 -0.635258
vn 0.000043 -0.739434 -0.673229
vn -0.000011 -0.868773 -0.495210
vn -0.000011 -0.868766 -0.495223
vn 0.000043 -0.739436 -0.673226
vn -0.511508 -0.637105 -0.576590
vn -0.511365 -0.635171 -0.578847
vn -0.511365 -0.578835 -0.635181
vn -0.511511 -0.576544 -0.637145
vn 0.511297 -0.425251 -0.746818
vn 0.511440 -0.427794 -0.745266
vn 0.511412 -0.351475 -0.784170
vn 0.511269 -0.354256 -0.783011
vn 0.000005 -0.495237 -0.868758
vn 0.000035 -0.673204 -0.739456
vn 0.000035 -0.673198 -0.739462
vn 0.000005 -0.495242 -0.868755
vn -0.511482 -0.427757 -0.745258
vn -0.511338 -0.425215 -0.746811
vn -0.511307 -0.354255 -0.782987
vn -0.511451 -0.351468 -0.784148
vn 0.511162 -0.173666 -0.841756
vn 0.511308 -0.176578 -0.841062
vn 0.511350 -0.091960 -0.854438
vn 0.511200 -0.094964 -0.854199
vn 0.000000 -0.202526 -0.979277
vn -0.000001 -0.411698 -0.911320
vn -0.000001 -0.411687 -0.911325
vn 0.000000 -0.202528 -0.979276
vn -0.511346 -0.176575 -0.841039
vn -0.511200 -0.173670 -0.841733
vn -0.511207 -0.094962 -0.854195
vn -0.511355 -0.091955 -0.854436
vn -0.000021 0.109972 -0.993935
vn -0.000003 -0.110050 -0.993926
vn -0.000003 -0.110039 -0.993927
vn -0.000021 0.109966 -0.993935
s 1
g Island Handle_2 Handle
usemtl openPBRSurface2SG
f 432/559/1114 435/922/1115 691/656/1116 690/568/1117
s 2
f 433/561/1118 432/560/1119 439/1043/1120 438/902/1121
s 3
f 434/1041/1122 433/561/1123 594/760/1124 593/562/1125
s 2
f 435/563/1126 434/564/1127 509/657/1128 508/565/1129
s 1
f 436/566/1130 439/567/1131 690/568/1117 689/572/1132
s 2
f 437/569/1133 436/566/1134 443/571/1135 442/903/1136
s 3
f 438/902/1137 437/569/1138 598/762/1139 597/761/1140
s 1
f 440/570/1141 443/571/1142 689/572/1132 688/577/1143
s 2
f 441/574/1144 440/573/1145 447/1044/1146 446/904/1147
s 3
f 442/903/1148 441/574/1149 602/764/1150 601/763/1151
s 1
f 444/575/1152 447/576/1153 688/577/1143 687/582/1154
s 2
f 445/579/1155 444/578/1156 451/1045/1157 450/905/1158
s 3
f 446/904/1159 445/579/1160 606/766/1161 605/765/1162
s 1
f 448/580/1163 451/581/1164 687/582/1154 686/587/1165
s 2
f 449/584/1166 448/583/1167 455/1046/1168 454/906/1169
s 3
f 450/905/1170 449/584/1171 610/768/1172 609/767/1173
s 1
f 452/585/1174 455/586/1175 686/587/1165 685/592/1176
s 2
f 453/589/1177 452/588/1178 459/1047/1179 458/907/1180
s 3
f 454/906/1181 453/589/1182 614/770/1183 613/769/1184
s 1
f 456/590/1185 459/591/1186 685/592/1176 684/597/1187
s 2
f 457/594/1188 456/593/1189 463/1048/1190 462/908/1191
s 3
f 458/907/1192 457/594/1193 618/772/1194 617/771/1195
s 1
f 460/595/1196 463/596/1197 684/597/1187 683/602/1198
s 2
f 461/599/1199 460/598/1200 467/1049/1201 466/909/1202
s 3
f 462/908/1203 461/599/1204 622/774/1205 621/773/1206
s 1
f 464/600/1207 467/601/1208 683/602/1198 682/607/1209
s 2
f 465/604/1210 464/603/1211 471/1050/1212 470/910/1213
s 3
f 466/909/1214 465/604/1215 626/776/1216 625/775/1217
s 1
f 468/605/1218 471/606/1219 682/607/1209 681/612/1220
s 2
f 469/609/1221 468/608/1222 475/1051/1223 474/911/1224
s 3
f 470/910/1225 469/609/1226 630/778/1227 629/777/1228
s 1
f 472/610/1229 475/611/1230 681/612/1220 680/616/1231
s 2
f 473/613/1232 472/1082/1233 479/1083/1234 478/912/1235
s 3
f 474/911/1236 473/613/1237 634/780/1238 633/779/1239
s 1
f 476/614/1240 479/615/1241 680/616/1231 679/621/1242
s 2
f 477/618/1243 476/617/1244 483/1052/1245 482/913/1246
s 3
f 478/912/1247 477/618/1248 638/782/1249 637/781/1250
s 1
f 480/619/1251 483/620/1252 679/621/1242 678/626/1253
s 2
f 481/623/1254 480/622/1255 487/1053/1256 486/914/1257
s 3
f 482/913/1258 481/623/1259 642/784/1260 641/783/1261
s 1
f 484/624/1262 487/625/1263 678/626/1253 677/631/1264
s 2
f 485/628/1265 484/627/1266 491/1054/1267 490/915/1268
s 3
f 486/914/1269 485/628/1270 646/786/1271 645/785/1272
s 1
f 488/629/1273 491/630/1274 677/631/1264 676/636/1275
s 2
f 489/633/1276 488/632/1277 495/1055/1278 494/916/1279
s 3
f 490/915/1280 489/633/1281 650/788/1282 649/787/1283
s 1
f 492/634/1284 495/635/1285 676/636/1275 675/641/1286
s 2
f 493/638/1287 492/637/1288 499/1056/1289 498/917/1290
s 3
f 494/916/1291 493/638/1292 654/790/1293 653/789/1294
s 1
f 496/639/1295 499/640/1296 675/641/1286 674/646/1297
s 2
f 497/643/1298 496/642/1299 503/1057/1300 502/918/1301
s 3
f 498/917/1302 497/643/1303 658/792/1304 657/791/1305
s 1
f 500/644/1306 503/645/1307 674/646/1297 673/651/1308
s 2
f 501/648/1309 500/647/1310 507/1058/1311 506/919/1312
s 3
f 502/918/1313 501/648/1314 662/794/1315 661/793/1316
s 1
f 504/649/1317 507/650/1318 673/651/1308 672/655/1319
s 2
f 505/653/1320 504/652/1321 511/1059/1322 510/920/1323
s 3
f 506/919/1324 505/653/1325 666/796/1326 665/795/1327
s 1
f 508/923/1328 511/654/1329 672/655/1319 691/656/1116
s 3
f 510/920/1330 509/657/1331 670/759/1332 669/797/1333
s 22
f 512/658/1334 515/659/1335 743/1079/1336 742/817/1337
f 513/661/1338 512/660/1334 519/1060/1339 518/924/1340
f 514/663/1341 513/661/1338 693/669/1342 692/755/1343
f 515/662/1335 514/663/1341 589/754/1344 588/664/1345
f 516/665/1346 519/666/1339 735/816/1347 734/812/1348
f 517/668/1349 516/667/1346 523/1061/1350 522/925/1351
f 518/924/1340 517/668/1349 694/673/1352 693/669/1342
f 520/670/1353 523/671/1350 727/811/1354 726/809/1355
f 521/672/1356 520/670/1353 527/675/1357 526/926/1358
f 522/925/1351 521/672/1356 695/678/1359 694/673/1352
f 524/674/1360 527/675/1357 721/808/1361 720/1040/1362
f 525/677/1363 524/676/1360 531/1062/1364 530/927/1365
f 526/926/1358 525/677/1363 696/683/1366 695/678/1359
f 528/679/1367 531/680/1364 871/807/1368 870/898/1369
f 529/682/1370 528/681/1367 535/1063/1371 534/928/1372
f 530/927/1365 529/682/1370 697/688/1373 696/683/1366
f 532/684/1374 535/685/1371 863/897/1375 862/893/1376
f 533/687/1377 532/686/1374 539/1064/1378 538/929/1379
f 534/928/1372 533/687/1377 698/693/1380 697/688/1373
f 536/689/1381 539/690/1378 855/892/1382 854/888/1383
f 537/692/1384 536/691/1381 543/1065/1385 542/930/1386
f 538/929/1379 537/692/1384 699/698/1387 698/693/1380
f 540/694/1388 543/695/1385 847/887/1389 846/883/1390
f 541/697/1391 540/696/1388 547/1066/1392 546/931/1393
f 542/930/1386 541/697/1391 700/703/1394 699/698/1387
f 544/699/1395 547/700/1392 839/882/1396 838/878/1397
f 545/702/1398 544/701/1395 551/1067/1399 550/932/1400
f 546/931/1393 545/702/1398 701/707/1401 700/703/1394
f 548/704/1402 551/705/1399 831/877/1403 830/873/1404
f 549/706/1405 548/1080/1402 555/1081/1406 554/933/1407
f 550/932/1400 549/706/1405 702/712/1408 701/707/1401
f 552/708/1409 555/709/1406 823/872/1410 822/868/1411
f 553/711/1412 552/710/1409 559/1068/1413 558/934/1414
f 554/933/1407 553/711/1412 703/717/1415 702/712/1408
f 556/713/1416 559/714/1413 815/867/1417 814/863/1418
f 557/716/1419 556/715/1416 563/1069/1420 562/935/1421
f 558/934/1414 557/716/1419 704/722/1422 703/717/1415
f 560/718/1423 563/719/1420 807/862/1424 806/858/1425
f 561/721/1426 560/720/1423 567/1070/1427 566/936/1428
f 562/935/1421 561/721/1426 705/727/1429 704/722/1422
f 564/723/1430 567/724/1427 799/857/1431 798/853/1432
f 565/726/1433 564/725/1430 571/1071/1434 570/937/1435
f 566/936/1428 565/726/1433 706/732/1436 705/727/1429
f 568/728/1437 571/729/1434 791/852/1438 790/848/1439
f 569/731/1440 568/730/1437 575/1072/1441 574/938/1442
f 570/937/1435 569/731/1440 707/737/1443 706/732/1436
f 572/733/1444 575/734/1441 783/847/1445 782/843/1446
f 573/736/1447 572/735/1444 579/1073/1448 578/939/1449
f 574/938/1442 573/736/1447 708/742/1450 707/737/1443
f 576/738/1451 579/739/1448 775/842/1452 774/838/1453
f 577/741/1454 576/740/1451 583/1074/1455 582/940/1456
f 578/939/1449 577/741/1454 709/747/1457 708/742/1450
f 580/743/1458 583/744/1455 767/837/1459 766/833/1460
f 581/746/1461 580/745/1458 587/1075/1462 586/941/1463
f 582/940/1456 581/746/1461 710/752/1464 709/747/1457
f 584/748/1465 587/749/1462 759/832/1466 758/828/1467
f 585/751/1468 584/750/1465 591/1076/1469 590/942/1470
f 586/941/1463 585/751/1468 711/756/1471 710/752/1464
f 588/992/1345 591/753/1469 751/827/1472 750/823/1473
f 590/942/1470 589/754/1344 692/755/1343 711/756/1471
s 23
f 592/1077/1474 595/987/1475 737/813/1476 736/757/1477
s 24
f 593/921/1478 592/758/1479 671/798/1480 670/759/1481
f 595/987/1482 594/760/1483 597/761/1484 596/988/1485
s 23
f 596/988/1486 599/984/1487 729/804/1488 728/989/1489
s 24
f 599/984/1490 598/762/1491 601/763/1492 600/985/1493
s 23
f 600/985/1494 603/981/1495 717/803/1496 716/986/1497
s 24
f 603/981/1498 602/764/1499 605/765/1500 604/982/1501
s 23
f 604/982/1502 607/1038/1503 715/799/1504 714/983/1505
s 24
f 607/1038/1506 606/766/1507 609/767/1508 608/1039/1509
s 23
f 608/1039/1510 611/1035/1511 865/894/1512 864/800/1513
s 24
f 611/1035/1514 610/768/1515 613/769/1516 612/1036/1517
s 23
f 612/1036/1518 615/1032/1519 857/889/1520 856/1037/1521
s 24
f 615/1032/1522 614/770/1523 617/771/1524 616/1033/1525
s 23
f 616/1033/1526 619/1029/1527 849/884/1528 848/1034/1529
s 24
f 619/1029/1530 618/772/1531 621/773/1532 620/1030/1533
s 23
f 620/1030/1534 623/1026/1535 841/879/1536 840/1031/1537
s 24
f 623/1026/1538 622/774/1539 625/775/1540 624/1027/1541
s 23
f 624/1027/1542 627/1023/1543 833/874/1544 832/1028/1545
s 24
f 627/1023/1546 626/776/1547 629/777/1548 628/1024/1549
s 23
f 628/1024/1550 631/1020/1551 825/869/1552 824/1025/1553
s 24
f 631/1020/1554 630/778/1555 633/779/1556 632/1021/1557
s 23
f 632/1021/1558 635/1017/1559 817/864/1560 816/1022/1561
s 24
f 635/1017/1562 634/780/1563 637/781/1564 636/1018/1565
s 23
f 636/1018/1566 639/1014/1567 809/859/1568 808/1019/1569
s 24
f 639/1014/1570 638/782/1571 641/783/1572 640/1015/1573
s 23
f 640/1015/1574 643/1011/1575 801/854/1576 800/1016/1577
s 24
f 643/1011/1578 642/784/1579 645/785/1580 644/1012/1581
s 23
f 644/1012/1582 647/1008/1583 793/849/1584 792/1013/1585
s 24
f 647/1008/1586 646/786/1587 649/787/1588 648/1009/1589
s 23
f 648/1009/1590 651/1005/1591 785/844/1592 784/1010/1593
s 24
f 651/1005/1594 650/788/1595 653/789/1596 652/1006/1597
s 23
f 652/1006/1598 655/1002/1599 777/839/1600 776/1007/1601
s 24
f 655/1002/1602 654/790/1603 657/791/1604 656/1003/1605
s 23
f 656/1003/1606 659/999/1607 769/834/1608 768/1004/1609
s 24
f 659/999/1610 658/792/1611 661/793/1612 660/1000/1613
s 23
f 660/1000/1614 663/996/1615 761/829/1616 760/1001/1617
s 24
f 663/996/1618 662/794/1619 665/795/1620 664/997/1621
s 23
f 664/997/1622 667/993/1623 753/824/1624 752/998/1625
s 24
f 667/993/1626 666/796/1627 669/797/1628 668/994/1629
s 23
f 668/994/1630 671/798/1631 745/818/1632 744/995/1633
s 43
f 712/801/1634 715/799/1635 864/800/1636 867/980/1637
s 44
f 713/802/1638 712/801/1639 723/806/1640 722/943/1641
s 43
f 714/983/1642 713/802/1643 718/805/1644 717/803/1645
f 716/986/1646 719/944/1647 730/814/1648 729/804/1649
s 44
f 719/944/1650 718/805/1651 725/810/1652 724/945/1653
s 45
f 720/1040/1654 723/806/1655 868/901/1656 871/807/1657
f 722/943/1658 721/808/1659 726/809/1660 725/810/1661
f 724/945/1662 727/811/1663 734/812/1664 733/815/1665
s 43
f 728/989/1666 731/946/1667 738/819/1668 737/813/1669
s 44
f 731/946/1670 730/814/1671 733/815/1672 732/947/1673
s 45
f 732/947/1674 735/816/1675 742/817/1676 741/820/1677
s 43
f 736/990/1678 739/948/1679 746/825/1680 745/818/1681
s 44
f 739/1078/1682 738/819/1683 741/820/1684 740/821/1685
s 45
f 740/949/1686 743/822/1687 750/823/1688 749/826/1689
s 43
f 744/995/1690 747/950/1691 754/830/1692 753/824/1693
s 44
f 747/950/1694 746/825/1695 749/826/1696 748/951/1697
s 45
f 748/951/1698 751/827/1699 758/828/1700 757/831/1701
s 43
f 752/998/1702 755/952/1703 762/835/1704 761/829/1705
s 44
f 755/952/1706 754/830/1707 757/831/1708 756/953/1709
s 45
f 756/953/1710 759/832/1711 766/833/1712 765/836/1713
s 43
f 760/1001/1714 763/954/1715 770/840/1716 769/834/1717
s 44
f 763/954/1718 762/835/1719 765/836/1720 764/955/1721
s 45
f 764/955/1722 767/837/1723 774/838/1724 773/841/1725
s 43
f 768/1004/1726 771/956/1727 778/845/1728 777/839/1729
s 44
f 771/956/1730 770/840/1731 773/841/1732 772/957/1733
s 45
f 772/957/1734 775/842/1735 782/843/1736 781/846/1737
s 43
f 776/1007/1738 779/958/1739 786/850/1740 785/844/1741
s 44
f 779/958/1742 778/845/1743 781/846/1744 780/959/1745
s 45
f 780/959/1746 783/847/1747 790/848/1748 789/851/1749
s 43
f 784/1010/1750 787/960/1751 794/855/1752 793/849/1753
s 44
f 787/960/1754 786/850/1755 789/851/1756 788/961/1757
s 45
f 788/961/1758 791/852/1759 798/853/1760 797/856/1761
s 43
f 792/1013/1762 795/962/1763 802/860/1764 801/854/1765
s 44
f 795/962/1766 794/855/1767 797/856/1768 796/963/1769
s 45
f 796/963/1770 799/857/1771 806/858/1772 805/861/1773
s 43
f 800/1016/1774 803/964/1775 810/865/1776 809/859/1777
s 44
f 803/964/1778 802/860/1779 805/861/1780 804/965/1781
s 45
f 804/965/1782 807/862/1783 814/863/1784 813/866/1785
s 43
f 808/1019/1786 811/966/1787 818/870/1788 817/864/1789
s 44
f 811/966/1790 810/865/1791 813/866/1792 812/967/1793
s 45
f 812/967/1794 815/867/1795 822/868/1796 821/871/1797
s 43
f 816/1022/1798 819/968/1799 826/875/1800 825/869/1801
s 44
f 819/968/1802 818/870/1803 821/871/1804 820/969/1805
s 45
f 820/969/1806 823/872/1807 830/873/1808 829/876/1809
s 43
f 824/1025/1810 827/970/1811 834/880/1812 833/874/1813
s 44
f 827/970/1814 826/875/1815 829/876/1816 828/971/1817
s 45
f 828/971/1818 831/877/1819 838/878/1820 837/881/1821
s 43
f 832/1028/1822 835/972/1823 842/885/1824 841/879/1825
s 44
f 835/972/1826 834/880/1827 837/881/1828 836/973/1829
s 45
f 836/973/1830 839/882/1831 846/883/1832 845/886/1833
s 43
f 840/1031/1834 843/974/1835 850/890/1836 849/884/1837
s 44
f 843/974/1838 842/885/1839 845/886/1840 844/975/1841
s 45
f 844/975/1842 847/887/1843 854/888/1844 853/891/1845
s 43
f 848/1034/1846 851/976/1847 858/895/1848 857/889/1849
s 44
f 851/976/1850 850/890/1851 853/891/1852 852/977/1853
s 45
f 852/977/1854 855/892/1855 862/893/1856 861/896/1857
s 43
f 856/1037/1858 859/978/1859 866/899/1860 865/894/1861
s 44
f 859/978/1862 858/895/1863 861/896/1864 860/979/1865
s 45
f 860/979/1866 863/897/1867 870/898/1868 869/900/1869
s 44
f 867/980/1870 866/899/1871 869/900/1872 868/901/1873
s 3
f 433/561/1123 438/902/1137 597/761/1140 594/760/1124
f 437/569/1138 442/903/1148 601/763/1151 598/762/1139
f 441/574/1149 446/904/1159 605/765/1162 602/764/1150
f 445/579/1160 450/905/1170 609/767/1173 606/766/1161
f 449/584/1171 454/906/1181 613/769/1184 610/768/1172
f 453/589/1182 458/907/1192 617/771/1195 614/770/1183
f 457/594/1193 462/908/1203 621/773/1206 618/772/1194
f 461/599/1204 466/909/1214 625/775/1217 622/774/1205
f 465/604/1215 470/910/1225 629/777/1228 626/776/1216
f 469/609/1226 474/911/1236 633/779/1239 630/778/1227
f 473/613/1237 478/912/1247 637/781/1250 634/780/1238
f 477/618/1248 482/913/1258 641/783/1261 638/782/1249
f 481/623/1259 486/914/1269 645/785/1272 642/784/1260
f 485/628/1270 490/915/1280 649/787/1283 646/786/1271
f 489/633/1281 494/916/1291 653/789/1294 650/788/1282
f 493/638/1292 498/917/1302 657/791/1305 654/790/1293
f 497/643/1303 502/918/1313 661/793/1316 658/792/1304
f 501/648/1314 506/919/1324 665/795/1327 662/794/1315
f 505/653/1325 510/920/1330 669/797/1333 666/796/1326
f 509/657/1331 434/564/1122 593/921/1125 670/759/1332
s 1
f 439/567/1131 432/559/1114 690/568/1117
f 443/571/1142 436/566/1130 689/572/1132
f 447/576/1153 440/570/1141 688/577/1143
f 451/581/1164 444/575/1152 687/582/1154
f 455/586/1175 448/580/1163 686/587/1165
f 459/591/1186 452/585/1174 685/592/1176
f 463/596/1197 456/590/1185 684/597/1187
f 467/601/1208 460/595/1196 683/602/1198
f 471/606/1219 464/600/1207 682/607/1209
f 475/611/1230 468/605/1218 681/612/1220
f 479/615/1241 472/610/1229 680/616/1231
f 483/620/1252 476/614/1240 679/621/1242
f 487/625/1263 480/619/1251 678/626/1253
f 491/630/1274 484/624/1262 677/631/1264
f 495/635/1285 488/629/1273 676/636/1275
f 499/640/1296 492/634/1284 675/641/1286
f 503/645/1307 496/639/1295 674/646/1297
f 507/650/1318 500/644/1306 673/651/1308
f 511/654/1329 504/649/1317 672/655/1319
f 435/922/1115 508/923/1328 691/656/1116
s 22
f 513/661/1338 518/924/1340 693/669/1342
f 517/668/1349 522/925/1351 694/673/1352
f 521/672/1356 526/926/1358 695/678/1359
f 525/677/1363 530/927/1365 696/683/1366
f 529/682/1370 534/928/1372 697/688/1373
f 533/687/1377 538/929/1379 698/693/1380
f 537/692/1384 542/930/1386 699/698/1387
f 541/697/1391 546/931/1393 700/703/1394
f 545/702/1398 550/932/1400 701/707/1401
f 549/706/1405 554/933/1407 702/712/1408
f 553/711/1412 558/934/1414 703/717/1415
f 557/716/1419 562/935/1421 704/722/1422
f 561/721/1426 566/936/1428 705/727/1429
f 565/726/1433 570/937/1435 706/732/1436
f 569/731/1440 574/938/1442 707/737/1443
f 573/736/1447 578/939/1449 708/742/1450
f 577/741/1454 582/940/1456 709/747/1457
f 581/746/1461 586/941/1463 710/752/1464
f 585/751/1468 590/942/1470 711/756/1471
f 589/754/1344 514/663/1341 692/755/1343
s 44
f 718/805/1651 713/802/1638 722/943/1641 725/810/1652
f 730/814/1671 719/944/1650 724/945/1653 733/815/1672
f 738/819/1683 731/946/1670 732/947/1673 741/820/1684
f 746/825/1695 739/948/1682 740/949/1685 749/826/1696
f 754/830/1707 747/950/1694 748/951/1697 757/831/1708
f 762/835/1719 755/952/1706 756/953/1709 765/836/1720
f 770/840/1731 763/954/1718 764/955/1721 773/841/1732
f 778/845/1743 771/956/1730 772/957/1733 781/846/1744
f 786/850/1755 779/958/1742 780/959/1745 789/851/1756
f 794/855/1767 787/960/1754 788/961/1757 797/856/1768
f 802/860/1779 795/962/1766 796/963/1769 805/861/1780
f 810/865/1791 803/964/1778 804/965/1781 813/866/1792
f 818/870/1803 811/966/1790 812/967/1793 821/871/1804
f 826/875/1815 819/968/1802 820/969/1805 829/876/1816
f 834/880/1827 827/970/1814 828/971/1817 837/881/1828
f 842/885/1839 835/972/1826 836/973/1829 845/886/1840
f 850/890/1851 843/974/1838 844/975/1841 853/891/1852
f 858/895/1863 851/976/1850 852/977/1853 861/896/1864
f 866/899/1871 859/978/1862 860/979/1865 869/900/1872
f 712/801/1639 867/980/1870 868/901/1873 723/806/1640
s 23
f 603/981/1495 604/982/1502 714/983/1505 717/803/1496
s 22
f 527/675/1357 520/670/1353 726/809/1355 721/808/1361
s 23
f 599/984/1487 600/985/1494 716/986/1497 729/804/1488
s 22
f 523/671/1350 516/665/1346 734/812/1348 727/811/1354
s 23
f 595/987/1475 596/988/1486 728/989/1489 737/813/1476
s 22
f 519/666/1339 512/658/1334 742/817/1337 735/816/1347
s 23
f 671/798/1631 592/758/1474 736/990/1477 745/818/1632
s 22
f 515/991/1335 588/992/1345 750/823/1473 743/822/1336
s 23
f 667/993/1623 668/994/1630 744/995/1633 753/824/1624
s 22
f 591/753/1469 584/748/1465 758/828/1467 751/827/1472
s 23
f 663/996/1615 664/997/1622 752/998/1625 761/829/1616
s 22
f 587/749/1462 580/743/1458 766/833/1460 759/832/1466
s 23
f 659/999/1607 660/1000/1614 760/1001/1617 769/834/1608
s 22
f 583/744/1455 576/738/1451 774/838/1453 767/837/1459
s 23
f 655/1002/1599 656/1003/1606 768/1004/1609 777/839/1600
s 22
f 579/739/1448 572/733/1444 782/843/1446 775/842/1452
s 23
f 651/1005/1591 652/1006/1598 776/1007/1601 785/844/1592
s 22
f 575/734/1441 568/728/1437 790/848/1439 783/847/1445
s 23
f 647/1008/1583 648/1009/1590 784/1010/1593 793/849/1584
s 22
f 571/729/1434 564/723/1430 798/853/1432 791/852/1438
s 23
f 643/1011/1575 644/1012/1582 792/1013/1585 801/854/1576
s 22
f 567/724/1427 560/718/1423 806/858/1425 799/857/1431
s 23
f 639/1014/1567 640/1015/1574 800/1016/1577 809/859/1568
s 22
f 563/719/1420 556/713/1416 814/863/1418 807/862/1424
s 23
f 635/1017/1559 636/1018/1566 808/1019/1569 817/864/1560
s 22
f 559/714/1413 552/708/1409 822/868/1411 815/867/1417
s 23
f 631/1020/1551 632/1021/1558 816/1022/1561 825/869/1552
s 22
f 555/709/1406 548/704/1402 830/873/1404 823/872/1410
s 23
f 627/1023/1543 628/1024/1550 824/1025/1553 833/874/1544
s 22
f 551/705/1399 544/699/1395 838/878/1397 831/877/1403
s 23
f 623/1026/1535 624/1027/1542 832/1028/1545 841/879/1536
s 22
f 547/700/1392 540/694/1388 846/883/1390 839/882/1396
s 23
f 619/1029/1527 620/1030/1534 840/1031/1537 849/884/1528
s 22
f 543/695/1385 536/689/1381 854/888/1383 847/887/1389
s 23
f 615/1032/1519 616/1033/1526 848/1034/1529 857/889/1520
s 22
f 539/690/1378 532/684/1374 862/893/1376 855/892/1382
s 23
f 611/1035/1511 612/1036/1518 856/1037/1521 865/894/1512
s 22
f 535/685/1371 528/679/1367 870/898/1369 863/897/1375
s 23
f 607/1038/1503 608/1039/1510 864/800/1513 715/799/1504
s 22
f 531/680/1364 524/674/1360 720/1040/1362 871/807/1368
s 2
f 432/560/1119 433/561/1118 434/1041/1127 435/1042/1126
f 436/566/1134 437/569/1133 438/902/1121 439/1043/1120
f 440/573/1145 441/574/1144 442/903/1136 443/571/1135
f 444/578/1156 445/579/1155 446/904/1147 447/1044/1146
f 448/583/1167 449/584/1166 450/905/1158 451/1045/1157
f 452/588/1178 453/589/1177 454/906/1169 455/1046/1168
f 456/593/1189 457/594/1188 458/907/1180 459/1047/1179
f 460/598/1200 461/599/1199 462/908/1191 463/1048/1190
f 464/603/1211 465/604/1210 466/909/1202 467/1049/1201
f 468/608/1222 469/609/1221 470/910/1213 471/1050/1212
f 472/1082/1233 473/613/1232 474/911/1224 475/1051/1223
f 476/617/1244 477/618/1243 478/912/1235 479/1083/1234
f 480/622/1255 481/623/1254 482/913/1246 483/1052/1245
f 484/627/1266 485/628/1265 486/914/1257 487/1053/1256
f 488/632/1277 489/633/1276 490/915/1268 491/1054/1267
f 492/637/1288 493/638/1287 494/916/1279 495/1055/1278
f 496/642/1299 497/643/1298 498/917/1290 499/1056/1289
f 500/647/1310 501/648/1309 502/918/1301 503/1057/1300
f 504/652/1321 505/653/1320 506/919/1312 507/1058/1311
f 508/565/1129 509/657/1128 510/920/1323 511/1059/1322
s 22
f 512/660/1334 513/661/1338 514/663/1341 515/662/1335
f 516/667/1346 517/668/1349 518/924/1340 519/1060/1339
f 520/670/1353 521/672/1356 522/925/1351 523/1061/1350
f 524/676/1360 525/677/1363 526/926/1358 527/675/1357
f 528/681/1367 529/682/1370 530/927/1365 531/1062/1364
f 532/686/1374 533/687/1377 534/928/1372 535/1063/1371
f 536/691/1381 537/692/1384 538/929/1379 539/1064/1378
f 540/696/1388 541/697/1391 542/930/1386 543/1065/1385
f 544/701/1395 545/702/1398 546/931/1393 547/1066/1392
f 548/1080/1402 549/706/1405 550/932/1400 551/1067/1399
f 552/710/1409 553/711/1412 554/933/1407 555/1081/1406
f 556/715/1416 557/716/1419 558/934/1414 559/1068/1413
f 560/720/1423 561/721/1426 562/935/1421 563/1069/1420
f 564/725/1430 565/726/1433 566/936/1428 567/1070/1427
f 568/730/1437 569/731/1440 570/937/1435 571/1071/1434
f 572/735/1444 573/736/1447 574/938/1442 575/1072/1441
f 576/740/1451 577/741/1454 578/939/1449 579/1073/1448
f 580/745/1458 581/746/1461 582/940/1456 583/1074/1455
f 584/750/1465 585/751/1468 586/941/1463 587/1075/1462
f 588/664/1345 589/754/1344 590/942/1470 591/1076/1469
s 24
f 592/1077/1479 593/562/1478 594/760/1483 595/987/1482
f 596/988/1485 597/761/1484 598/762/1491 599/984/1490
f 600/985/1493 601/763/1492 602/764/1499 603/981/1498
f 604/982/1501 605/765/1500 606/766/1507 607/1038/1506
f 608/1039/1509 609/767/1508 610/768/1515 611/1035/1514
f 612/1036/1517 613/769/1516 614/770/1523 615/1032/1522
f 616/1033/1525 617/771/1524 618/772/1531 619/1029/1530
f 620/1030/1533 621/773/1532 622/774/1539 623/1026/1538
f 624/1027/1541 625/775/1540 626/776/1547 627/1023/1546
f 628/1024/1549 629/777/1548 630/778/1555 631/1020/1554
f 632/1021/1557 633/779/1556 634/780/1563 635/1017/1562
f 636/1018/1565 637/781/1564 638/782/1571 639/1014/1570
f 640/1015/1573 641/783/1572 642/784/1579 643/1011/1578
f 644/1012/1581 645/785/1580 646/786/1587 647/1008/1586
f 648/1009/1589 649/787/1588 650/788/1595 651/1005/1594
f 652/1006/1597 653/789/1596 654/790/1603 655/1002/1602
f 656/1003/1605 657/791/1604 658/792/1611 659/999/1610
f 660/1000/1613 661/793/1612 662/794/1619 663/996/1618
f 664/997/1621 665/795/1620 666/796/1627 667/993/1626
f 668/994/1629 669/797/1628 670/759/1481 671/798/1480
s 1
f 672/655/1319 673/651/1308 674/646/1297 675/641/1286 676/636/1275 677/631/1264 678/626/1253 679/621/1242 680/616/1231 681/612/1220 682/607/1209 683/602/1198 684/597/1187 685/592/1176 686/587/1165 687/582/1154 688/577/1143 689/572/1132 690/568/1117 691/656/1116
s 22
f 692/755/1343 693/669/1342 694/673/1352 695/678/1359 696/683/1366 697/688/1373 698/693/1380 699/698/1387 700/703/1394 701/707/1401 702/712/1408 703/717/1415 704/722/1422 705/727/1429 706/732/1436 707/737/1443 708/742/1450 709/747/1457 710/752/1464 711/756/1471
s 43
f 712/801/1634 713/802/1643 714/983/1642 715/799/1635
f 716/986/1646 717/803/1645 718/805/1644 719/944/1647
s 45
f 720/1040/1654 721/808/1659 722/943/1658 723/806/1655
f 724/945/1662 725/810/1661 726/809/1660 727/811/1663
s 43
f 728/989/1666 729/804/1649 730/814/1648 731/946/1667
s 45
f 732/947/1674 733/815/1665 734/812/1664 735/816/1675
s 43
f 736/757/1678 737/813/1669 738/819/1668 739/1078/1679
s 45
f 740/821/1686 741/820/1677 742/817/1676 743/1079/1687
s 43
f 744/995/1690 745/818/1681 746/825/1680 747/950/1691
s 45
f 748/951/1698 749/826/1689 750/823/1688 751/827/1699
s 43
f 752/998/1702 753/824/1693 754/830/1692 755/952/1703
s 45
f 756/953/1710 757/831/1701 758/828/1700 759/832/1711
s 43
f 760/1001/1714 761/829/1705 762/835/1704 763/954/1715
s 45
f 764/955/1722 765/836/1713 766/833/1712 767/837/1723
s 43
f 768/1004/1726 769/834/1717 770/840/1716 771/956/1727
s 45
f 772/957/1734 773/841/1725 774/838/1724 775/842/1735
s 43
f 776/1007/1738 777/839/1729 778/845/1728 779/958/1739
s 45
f 780/959/1746 781/846/1737 782/843/1736 783/847/1747
s 43
f 784/1010/1750 785/844/1741 786/850/1740 787/960/1751
s 45
f 788/961/1758 789/851/1749 790/848/1748 791/852/1759
s 43
f 792/1013/1762 793/849/1753 794/855/1752 795/962/1763
s 45
f 796/963/1770 797/856/1761 798/853/1760 799/857/1771
s 43
f 800/1016/1774 801/854/1765 802/860/1764 803/964/1775
s 45
f 804/965/1782 805/861/1773 806/858/1772 807/862/1783
s 43
f 808/1019/1786 809/859/1777 810/865/1776 811/966/1787
s 45
f 812/967/1794 813/866/1785 814/863/1784 815/867/1795
s 43
f 816/1022/1798 817/864/1789 818/870/1788 819/968/1799
s 45
f 820/969/1806 821/871/1797 822/868/1796 823/872/1807
s 43
f 824/1025/1810 825/869/1801 826/875/1800 827/970/1811
s 45
f 828/971/1818 829/876/1809 830/873/1808 831/877/1819
s 43
f 832/1028/1822 833/874/1813 834/880/1812 835/972/1823
s 45
f 836/973/1830 837/881/1821 838/878/1820 839/882/1831
s 43
f 840/1031/1834 841/879/1825 842/885/1824 843/974/1835
s 45
f 844/975/1842 845/886/1833 846/883/1832 847/887/1843
s 43
f 848/1034/1846 849/884/1837 850/890/1836 851/976/1847
s 45
f 852/977/1854 853/891/1845 854/888/1844 855/892/1855
s 43
f 856/1037/1858 857/889/1849 858/895/1848 859/978/1859
s 45
f 860/979/1866 861/896/1857 862/893/1856 863/897/1867
s 43
f 864/800/1636 865/894/1861 866/899/1860 867/980/1637
s 45
f 868/901/1656 869/900/1869 870/898/1868 871/807/1657
g default
v 106.667557 -69.313728 -214.817825
v 106.480995 -69.133347 -214.876007
v 106.481178 -69.051834 -214.625198
v 106.667549 -69.231949 -214.566071
v 106.667549 -69.617889 -215.323547
v 106.480988 -69.464325 -215.434677
v 106.481178 -69.309296 -215.221268
v 106.667557 -69.462334 -215.109436
v 106.667557 -70.063454 -215.710526
v 106.481003 -69.951736 -215.863693
v 106.481171 -69.738373 -215.708633
v 106.667557 -69.849350 -215.554993
v 106.667549 -70.606812 -215.940948
v 106.480988 -70.547867 -216.121094
v 106.481178 -70.297043 -216.039658
v 106.667549 -70.355118 -215.859161
v 106.667549 -71.194763 -215.992142
v 106.480995 -71.194366 -216.181717
v 106.481171 -70.930656 -216.181747
v 106.667549 -70.930122 -215.992142
v 106.667549 -71.769768 -215.859131
v 106.480995 -71.827965 -216.039520
v 106.481178 -71.577156 -216.121017
v 106.667549 -71.518082 -215.940918
v 106.667549 -72.275528 -215.554993
v 106.480988 -72.386612 -215.708542
v 106.481171 -72.173271 -215.863632
v 106.667549 -72.061432 -215.710526
v 106.667549 -72.662552 -215.109406
v 106.480988 -72.815651 -215.221176
v 106.481171 -72.660652 -215.434509
v 106.667549 -72.506989 -215.323517
v 106.667557 -72.892937 -214.566071
v 106.480995 -73.073067 -214.625031
v 106.481171 -72.991592 -214.875854
v 106.667549 -72.811150 -214.817825
v 106.667549 -72.944138 -213.978104
v 106.480995 -73.133675 -213.978561
v 106.481178 -73.133698 -214.242249
v 106.667549 -72.944138 -214.242752
v 106.667549 -72.811150 -213.403107
v 106.480988 -72.991524 -213.344910
v 106.481171 -73.073051 -213.595734
v 106.667557 -72.892937 -213.654816
v 106.667542 -72.506996 -212.897446
v 106.481003 -72.660561 -212.786316
v 106.481178 -72.815598 -212.999664
v 106.667549 -72.662552 -213.111557
v 106.667549 -72.061432 -212.510330
v 106.480988 -72.173149 -212.357239
v 106.481178 -72.386513 -212.512222
v 106.667549 -72.275528 -212.665939
v 106.667549 -71.518082 -212.279984
v 106.480988 -71.577019 -212.099808
v 106.481178 -71.827843 -212.181305
v 106.667549 -71.769768 -212.361771
v 106.667549 -70.930122 -212.228714
v 106.480988 -70.930511 -212.039215
v 106.481171 -71.194237 -212.039185
v 106.667549 -71.194763 -212.228714
v 106.667549 -70.355110 -212.361771
v 106.480995 -70.296921 -212.181366
v 106.481171 -70.547737 -212.099838
v 106.667549 -70.606812 -212.279984
v 106.667557 -69.849358 -212.665939
v 106.480995 -69.738281 -212.512314
v 106.481171 -69.951614 -212.357300
v 106.667557 -70.063461 -212.510330
v 106.667557 -69.462334 -213.111557
v 106.480995 -69.309227 -212.999786
v 106.481171 -69.464226 -212.786407
v 106.667557 -69.617889 -212.897446
v 106.667549 -69.231949 -213.654816
v 106.480988 -69.051826 -213.595856
v 106.481163 -69.133301 -213.345062
v 106.667557 -69.313736 -213.403107
v 106.667549 -69.180740 -214.242752
v 106.480995 -68.991211 -214.242371
v 106.481171 -68.991188 -213.978622
v 106.667549 -69.180740 -213.978104
v 101.449081 -69.021744 -214.912369
v 101.385117 -69.266701 -214.837296
v 101.385132 -69.178955 -214.583633
v 101.449081 -68.940125 -214.661240
v 101.449081 -69.369431 -215.503723
v 101.385132 -69.579201 -215.356659
v 101.385132 -69.417343 -215.142441
v 101.449081 -69.214180 -215.290054
v 101.449081 -69.882835 -215.958694
v 101.385132 -70.036896 -215.753998
v 101.385132 -69.816772 -215.600327
v 101.449081 -69.669159 -215.803452
v 101.449074 -70.511711 -216.232788
v 101.385124 -70.594971 -215.990524
v 101.385132 -70.338120 -215.912308
v 101.449074 -70.260529 -216.151184
v 101.449074 -71.194504 -216.299057
v 101.385132 -71.198807 -216.042908
v 101.385124 -70.930389 -216.047989
v 101.449081 -70.930389 -216.299057
v 101.449081 -71.864365 -216.151123
v 101.385124 -71.789299 -215.906143
v 101.385132 -71.535576 -215.993973
v 101.449081 -71.613174 -216.232758
v 101.449081 -72.455727 -215.803452
v 101.385132 -72.308632 -215.593689
v 101.385124 -72.094437 -215.755569
v 101.449074 -72.242050 -215.958694
v 101.449074 -72.910706 -215.290024
v 101.385132 -72.705994 -215.136002
v 101.385132 -72.552292 -215.356110
v 101.449074 -72.755463 -215.503723
v 101.449081 -73.184761 -214.661240
v 101.385117 -72.942459 -214.577911
v 101.385132 -72.864311 -214.834763
v 101.449081 -73.103149 -214.912369
v 101.449074 -73.251068 -213.978394
v 101.385139 -72.994904 -213.974091
v 101.385139 -72.999947 -214.242493
v 101.449074 -73.251068 -214.242493
v 101.449074 -73.103142 -213.308487
v 101.385132 -72.858177 -213.383575
v 101.385132 -72.945923 -213.637299
v 101.449081 -73.184761 -213.559692
v 101.449074 -72.755463 -212.717239
v 101.385124 -72.545692 -212.864273
v 101.385132 -72.707542 -213.078476
v 101.449074 -72.910706 -212.930862
v 101.449074 -72.242050 -212.262161
v 101.385124 -72.087990 -212.466888
v 101.385132 -72.308113 -212.620605
v 101.449081 -72.455719 -212.417404
v 101.449074 -71.613174 -211.988174
v 101.385124 -71.529915 -212.230438
v 101.385124 -71.786758 -212.308578
v 101.449081 -71.864365 -212.069763
v 101.449081 -70.930389 -211.921799
v 101.385132 -70.926071 -212.178009
v 101.385124 -71.194504 -212.172943
v 101.449074 -71.194504 -211.921799
v 101.449081 -70.260521 -212.069763
v 101.385117 -70.335594 -212.314713
v 101.385124 -70.589317 -212.226959
v 101.449074 -70.511711 -211.988174
v 101.449074 -69.669167 -212.417404
v 101.385124 -69.816254 -212.627213
v 101.385132 -70.030441 -212.465363
v 101.449074 -69.882843 -212.262161
v 101.449081 -69.214180 -212.930862
v 101.385132 -69.418884 -213.084930
v 101.385124 -69.572586 -212.864853
v 101.449074 -69.369423 -212.717239
v 101.449081 -68.940125 -213.559692
v 101.385132 -69.182419 -213.642975
v 101.385132 -69.260582 -213.386093
v 101.449081 -69.021751 -213.308487
v 101.449074 -68.873817 -214.242493
v 101.385132 -69.129982 -214.246841
v 101.385132 -69.124947 -213.978394
v 101.449074 -68.873817 -213.978394
v 102.899704 -68.922363 -214.666824
v 103.127075 -69.051819 -214.625000
v 103.127068 -69.133362 -214.876053
v 102.899689 -69.004036 -214.918274
v 102.899696 -69.199036 -215.300949
v 103.127068 -69.309227 -215.221176
v 103.127075 -69.464355 -215.434677
v 102.899704 -69.354408 -215.514771
v 102.899689 -69.658112 -215.818512
v 103.127075 -69.738251 -215.708542
v 103.127075 -69.951752 -215.863693
v 102.899704 -69.871964 -215.973892
v 102.899696 -70.254662 -216.168839
v 103.127060 -70.296906 -216.039520
v 103.127075 -70.547890 -216.121094
v 102.899696 -70.506058 -216.250534
v 102.899689 -70.930275 -216.317703
v 103.127075 -70.930489 -216.181717
v 103.127068 -71.194389 -216.181717
v 102.899689 -71.194618 -216.317703
v 102.899681 -71.618835 -216.250504
v 103.127060 -71.576996 -216.121048
v 103.127068 -71.827980 -216.039520
v 102.899689 -71.870232 -216.168808
v 102.899689 -72.252914 -215.973892
v 103.127075 -72.173126 -215.863693
v 103.127068 -72.386635 -215.708511
v 102.899689 -72.466774 -215.818512
v 102.899696 -72.770485 -215.514771
v 103.127075 -72.660545 -215.434677
v 103.127075 -72.815659 -215.221130
v 102.899689 -72.925858 -215.300949
v 102.899689 -73.120842 -214.918274
v 103.127068 -72.991516 -214.876053
v 103.127075 -73.073074 -214.625000
v 102.899704 -73.202522 -214.666824
v 102.899689 -73.269714 -214.242661
v 103.127068 -73.133667 -214.242401
v 103.127068 -73.133667 -213.978516
v 102.899689 -73.269714 -213.978271
v 102.899704 -73.202522 -213.554031
v 103.127075 -73.073074 -213.595886
v 103.127068 -72.991516 -213.344879
v 102.899704 -73.120834 -213.302643
v 102.899689 -72.925858 -212.920013
v 103.127068 -72.815666 -212.999786
v 103.127068 -72.660553 -212.786285
v 102.899704 -72.770493 -212.706192
v 102.899704 -72.466774 -212.402405
v 103.127068 -72.386635 -212.512344
v 103.127075 -72.173126 -212.357239
v 102.899704 -72.252922 -212.247040
v 102.899689 -71.870232 -212.052048
v 103.127075 -71.827980 -212.181366
v 103.127068 -71.576996 -212.099808
v 102.899696 -71.618835 -211.970352
v 102.899689 -71.194618 -211.903152
v 103.127060 -71.194397 -212.039215
v 103.127060 -70.930489 -212.039215
v 102.899689 -70.930275 -211.903152
v 102.899696 -70.506058 -211.970352
v 103.127075 -70.547890 -212.099808
v 103.127060 -70.296898 -212.181366
v 102.899696 -70.254662 -212.052048
v 102.899704 -69.871964 -212.247040
v 103.127075 -69.951759 -212.357239
v 103.127068 -69.738258 -212.512344
v 102.899689 -69.658119 -212.402405
v 102.899696 -69.354401 -212.706192
v 103.127060 -69.464340 -212.786285
v 103.127075 -69.309219 -212.999786
v 102.899696 -69.199028 -212.920013
v 102.899696 -69.004051 -213.302643
v 103.127075 -69.133369 -213.344879
v 103.127075 -69.051819 -213.595886
v 102.899704 -68.922363 -213.554031
v 102.899704 -68.855179 -213.978271
v 103.127075 -68.991211 -213.978516
v 103.127075 -68.991211 -214.242401
v 102.899704 -68.855179 -214.242661
v 106.667549 -70.228668 -213.978394
v 106.667549 -70.310211 -213.727158
v 106.667549 -70.465538 -213.513596
v 106.667549 -70.679184 -213.358322
v 106.667549 -70.930389 -213.276657
v 106.667542 -71.194504 -213.276657
v 106.667549 -71.445694 -213.358322
v 106.667549 -71.659340 -213.513596
v 106.667557 -71.814674 -213.727158
v 106.667557 -71.896225 -213.978394
v 106.667557 -71.896225 -214.242493
v 106.667557 -71.814644 -214.493698
v 106.667557 -71.659370 -214.707367
v 106.667549 -71.445694 -214.862610
v 106.667542 -71.194504 -214.944199
v 106.667549 -70.930389 -214.944229
v 106.667557 -70.679192 -214.862610
v 106.667557 -70.465500 -214.707397
v 106.667557 -70.310272 -214.493698
v 106.667549 -70.228668 -214.242493
v 101.385132 -70.228668 -214.242493
v 101.385117 -70.310272 -214.493698
v 101.385124 -70.465500 -214.707397
v 101.385132 -70.679192 -214.862610
v 101.385124 -70.930389 -214.944229
v 101.385124 -71.194504 -214.944199
v 101.385132 -71.445694 -214.862610
v 101.385132 -71.659370 -214.707367
v 101.385132 -71.814644 -214.493698
v 101.385132 -71.896225 -214.242493
v 101.385132 -71.896225 -213.978394
v 101.385132 -71.814674 -213.727158
v 101.385132 -71.659340 -213.513596
v 101.385132 -71.445694 -213.358322
v 101.385124 -71.194504 -213.276657
v 101.385124 -70.930389 -213.276657
v 101.385132 -70.679184 -213.358322
v 101.385132 -70.465538 -213.513596
v 101.385124 -70.310211 -213.727158
v 101.385132 -70.228668 -213.978394
v 102.416000 -70.318413 -216.827454
v 102.416077 -70.067436 -216.745926
v 102.643372 -70.109268 -216.616409
v 102.643364 -70.360611 -216.698105
v 102.643364 -69.381538 -216.199203
v 102.643417 -69.595451 -216.354507
v 102.416000 -69.515221 -216.464554
v 102.416000 -69.301674 -216.309372
v 101.715584 -70.360603 -216.698105
v 101.715530 -70.109230 -216.616318
v 101.942947 -70.067368 -216.745926
v 101.942947 -70.318405 -216.827454
v 101.942947 -69.301674 -216.309372
v 101.942871 -69.515152 -216.464554
v 101.715576 -69.595337 -216.354538
v 101.715584 -69.381538 -216.199203
v 102.643356 -68.818344 -215.577560
v 102.643425 -68.973801 -215.791382
v 102.415993 -68.863495 -215.871262
v 102.416000 -68.708344 -215.657684
v 101.942947 -68.708344 -215.657684
v 101.942863 -68.863441 -215.871185
v 101.715584 -68.973686 -215.791351
v 101.715576 -68.818336 -215.577560
v 102.643356 -68.474808 -214.812332
v 102.643417 -68.556587 -215.063660
v 102.416000 -68.427017 -215.105515
v 102.415993 -68.345451 -214.854462
v 101.942947 -68.345451 -214.854462
v 101.942871 -68.426971 -215.105484
v 101.715584 -68.556480 -215.063629
v 101.715576 -68.474808 -214.812332
v 102.643372 -68.384583 -213.978302
v 102.643417 -68.384674 -214.242661
v 102.416000 -68.248512 -214.242432
v 102.416000 -68.248512 -213.978455
v 101.942947 -68.248512 -213.978455
v 101.942863 -68.248497 -214.242340
v 101.715576 -68.384583 -214.242630
v 101.715576 -68.384583 -213.978302
v 102.643364 -68.556480 -213.157303
v 102.643417 -68.474876 -213.408691
v 102.415993 -68.345451 -213.366394
v 102.416000 -68.427017 -213.115341
v 101.942947 -68.427017 -213.115341
v 101.942871 -68.345459 -213.366302
v 101.715576 -68.474808 -213.408600
v 101.715584 -68.556480 -213.157303
v 102.643372 -68.973671 -212.429611
v 102.643425 -68.818367 -212.643494
v 102.416000 -68.708344 -212.563263
v 102.415993 -68.863495 -212.349731
v 101.942947 -68.863495 -212.349731
v 101.942879 -68.708374 -212.563202
v 101.715584 -68.818329 -212.643356
v 101.715591 -68.973671 -212.429611
v 102.643372 -69.595345 -211.866318
v 102.643417 -69.381531 -212.021790
v 102.416000 -69.301682 -211.911453
v 102.416000 -69.515228 -211.756302
v 101.942947 -69.515228 -211.756302
v 101.942871 -69.301735 -211.911423
v 101.715584 -69.381538 -212.021652
v 101.715591 -69.595345 -211.866318
v 102.643364 -70.360611 -211.522827
v 102.643417 -70.109222 -211.604614
v 102.416000 -70.067368 -211.475037
v 102.416000 -70.318413 -211.393494
v 101.942947 -70.318405 -211.393494
v 101.942863 -70.067436 -211.475006
v 101.715584 -70.109261 -211.604477
v 101.715584 -70.360603 -211.522827
v 102.643372 -71.194580 -211.432571
v 102.643417 -70.930222 -211.432678
v 102.416000 -70.930466 -211.296555
v 102.416000 -71.194427 -211.296555
v 101.942940 -71.194427 -211.296555
v 101.942871 -70.930534 -211.296555
v 101.715576 -70.930305 -211.432571
v 101.715576 -71.194580 -211.432571
v 102.643364 -72.015617 -211.604477
v 102.643425 -71.764175 -211.522888
v 102.416000 -71.806480 -211.393494
v 102.416000 -72.057526 -211.475037
v 101.942947 -72.057526 -211.475037
v 101.942879 -71.806564 -211.393494
v 101.715576 -71.764282 -211.522827
v 101.715576 -72.015617 -211.604477
v 102.643379 -72.743355 -212.021652
v 102.643417 -72.529427 -211.866348
v 102.416000 -72.609657 -211.756302
v 102.415993 -72.823204 -211.911453
v 101.942947 -72.823204 -211.911453
v 101.942871 -72.609726 -211.756348
v 101.715576 -72.529549 -211.866318
v 101.715584 -72.743347 -212.021652
v 102.643372 -73.306557 -212.643356
v 102.643417 -73.151093 -212.429611
v 102.415993 -73.261398 -212.349731
v 102.416000 -73.416550 -212.563263
v 101.942947 -73.416542 -212.563263
v 101.942871 -73.261452 -212.349762
v 101.715584 -73.151222 -212.429611
v 101.715584 -73.306557 -212.643356
v 102.643372 -73.650078 -213.408600
v 102.643417 -73.568291 -213.157196
v 102.416000 -73.697868 -213.115341
v 102.416000 -73.779442 -213.366394
v 101.942947 -73.779442 -213.366394
v 101.942879 -73.697899 -213.115417
v 101.715584 -73.568405 -213.157303
v 101.715576 -73.650070 -213.408600
v 102.643364 -73.740311 -214.242630
v 102.643417 -73.740219 -213.978241
v 102.416000 -73.876381 -213.978455
v 102.416000 -73.876381 -214.242432
v 101.942947 -73.876373 -214.242432
v 101.942863 -73.876396 -213.978592
v 101.715576 -73.740311 -213.978302
v 101.715576 -73.740311 -214.242630
v 102.643364 -73.568405 -215.063629
v 102.643417 -73.650009 -214.812164
v 102.416000 -73.779442 -214.854462
v 102.416000 -73.697868 -215.105515
v 101.942947 -73.697868 -215.105515
v 101.942863 -73.779427 -214.854599
v 101.715576 -73.650070 -214.812332
v 101.715584 -73.568405 -215.063629
v 102.643364 -73.151215 -215.791321
v 102.643417 -73.306519 -215.577469
v 102.416000 -73.416542 -215.657654
v 102.416000 -73.261391 -215.871231
v 101.942947 -73.261391 -215.871231
v 101.942871 -73.416504 -215.657745
v 101.715584 -73.306557 -215.577530
v 101.715584 -73.151215 -215.791321
v 102.643372 -72.529549 -216.354507
v 102.643417 -72.743362 -216.199112
v 102.415993 -72.823212 -216.309372
v 102.416000 -72.609657 -216.464554
v 101.942947 -72.609657 -216.464554
v 101.942871 -72.823158 -216.309433
v 101.715584 -72.743347 -216.199173
v 101.715584 -72.529541 -216.354507
v 102.643372 -71.764282 -216.698074
v 102.643417 -72.015663 -216.616287
v 102.416000 -72.057526 -216.745865
v 102.416000 -71.806480 -216.827393
v 101.942940 -71.806480 -216.827393
v 101.942863 -72.057449 -216.745895
v 101.715576 -72.015617 -216.616348
v 101.715576 -71.764282 -216.698074
v 102.643364 -70.930305 -216.788284
v 102.643417 -71.194656 -216.788193
v 102.416000 -71.194427 -216.924377
v 102.416000 -70.930466 -216.924377
v 101.942947 -70.930466 -216.924377
v 101.942871 -71.194351 -216.924377
v 101.715576 -71.194580 -216.788284
v 101.715576 -70.930305 -216.788284
vt 0.109361 0.049370
vt 0.109242 0.051188
vt 0.108908 0.053719
vt 0.103931 0.085894
vt 0.236096 0.051377
vt 0.236462 0.053909
vt 0.232733 0.051460
vt 0.115401 0.051289
vt 0.112628 0.050667
vt 0.115095 0.039688
vt 0.115209 0.053870
vt 0.121738 0.051248
vt 0.118908 0.051513
vt 0.117863 0.040309
vt 0.121796 0.051492
vt 0.121578 0.054065
vt 0.127752 0.049251
vt 0.125143 0.050377
vt 0.120686 0.040045
vt 0.128216 0.051651
vt 0.128012 0.054219
vt 0.132855 0.045493
vt 0.130722 0.047370
vt 0.123290 0.038921
vt 0.134695 0.051770
vt 0.134502 0.054338
vt 0.136547 0.040342
vt 0.135098 0.042787
vt 0.125419 0.037047
vt 0.141219 0.051863
vt 0.141036 0.054431
vt 0.138467 0.034302
vt 0.137844 0.037075
vt 0.126865 0.034607
vt 0.147776 0.051935
vt 0.147604 0.054503
vt 0.138426 0.027965
vt 0.138691 0.030794
vt 0.127487 0.031840
vt 0.154358 0.051988
vt 0.154194 0.054556
vt 0.136429 0.021950
vt 0.137555 0.024560
vt 0.127223 0.029016
vt 0.160957 0.052024
vt 0.160801 0.054594
vt 0.132671 0.016847
vt 0.134548 0.018981
vt 0.126098 0.026412
vt 0.167565 0.052046
vt 0.167417 0.054616
vt 0.127519 0.013156
vt 0.129964 0.014604
vt 0.124225 0.024283
vt 0.174039 0.054623
vt 0.121481 0.011237
vt 0.124253 0.011859
vt 0.121785 0.022837
vt 0.180790 0.052040
vt 0.180658 0.054614
vt 0.115142 0.011277
vt 0.117972 0.011013
vt 0.119018 0.022217
vt 0.187397 0.052018
vt 0.187273 0.054593
vt 0.109128 0.013274
vt 0.111737 0.012148
vt 0.116194 0.022481
vt 0.193995 0.051980
vt 0.193876 0.054557
vt 0.104025 0.017032
vt 0.106158 0.015154
vt 0.113590 0.023604
vt 0.200569 0.051940
vt 0.200461 0.054511
vt 0.100333 0.022184
vt 0.101782 0.019739
vt 0.111461 0.025478
vt 0.207117 0.051879
vt 0.207019 0.054451
vt 0.098414 0.028223
vt 0.099036 0.025450
vt 0.110015 0.027918
vt 0.213626 0.051803
vt 0.213537 0.054376
vt 0.098455 0.034561
vt 0.098190 0.031732
vt 0.109394 0.030686
vt 0.220083 0.051710
vt 0.220004 0.054283
vt 0.100452 0.040575
vt 0.099325 0.037965
vt 0.109657 0.033509
vt 0.226471 0.051593
vt 0.226404 0.054166
vt 0.102332 0.043544
vt 0.110782 0.036113
vt 0.112656 0.038242
vt 0.232728 0.054021
vt 0.104882 0.109421
vt 0.102328 0.109882
vt 0.105119 0.110911
vt 0.106412 0.113271
vt 0.102731 0.112175
vt 0.103972 0.114506
vt 0.099264 0.114777
vt 0.111881 0.109043
vt 0.109146 0.109076
vt 0.112382 0.111688
vt 0.111611 0.123187
vt 0.118955 0.109041
vt 0.116215 0.108975
vt 0.118890 0.109357
vt 0.118549 0.112026
vt 0.114262 0.122724
vt 0.125958 0.109119
vt 0.123247 0.109032
vt 0.125459 0.111820
vt 0.124310 0.114254
vt 0.116927 0.123104
vt 0.132889 0.109212
vt 0.130203 0.109122
vt 0.130945 0.116194
vt 0.129100 0.118153
vt 0.119343 0.124289
vt 0.139773 0.109302
vt 0.137102 0.109214
vt 0.134811 0.122048
vt 0.132450 0.123342
vt 0.121276 0.126162
vt 0.146633 0.109382
vt 0.143970 0.109298
vt 0.136679 0.128811
vt 0.134034 0.129311
vt 0.122535 0.128541
vt 0.153480 0.109448
vt 0.150820 0.109370
vt 0.136365 0.135820
vt 0.133696 0.135479
vt 0.122997 0.131192
vt 0.160320 0.109495
vt 0.157663 0.109425
vt 0.133902 0.142388
vt 0.131468 0.141239
vt 0.122618 0.133857
vt 0.167161 0.109523
vt 0.164503 0.109460
vt 0.127569 0.146029
vt 0.121433 0.136273
vt 0.174001 0.109529
vt 0.171343 0.109475
vt 0.123673 0.151741
vt 0.122380 0.149380
vt 0.119560 0.138205
vt 0.180840 0.109514
vt 0.178182 0.109468
vt 0.116912 0.153608
vt 0.116411 0.150964
vt 0.117182 0.139465
vt 0.187682 0.109476
vt 0.185023 0.109439
vt 0.109902 0.153295
vt 0.110243 0.150625
vt 0.114530 0.139926
vt 0.194526 0.109417
vt 0.191866 0.109388
vt 0.103334 0.150831
vt 0.104483 0.148397
vt 0.111866 0.139547
vt 0.201377 0.109335
vt 0.198714 0.109315
vt 0.097847 0.146458
vt 0.099693 0.144498
vt 0.109449 0.138363
vt 0.208239 0.109237
vt 0.205571 0.109224
vt 0.093981 0.140603
vt 0.096342 0.139310
vt 0.107517 0.136490
vt 0.215122 0.109126
vt 0.212445 0.109118
vt 0.092113 0.133841
vt 0.094758 0.133340
vt 0.106258 0.134111
vt 0.222041 0.109021
vt 0.219351 0.109010
vt 0.092427 0.126832
vt 0.095097 0.127173
vt 0.105796 0.131459
vt 0.228990 0.108982
vt 0.226293 0.108937
vt 0.094891 0.120263
vt 0.097325 0.121412
vt 0.106174 0.128795
vt 0.233238 0.109042
vt 0.101224 0.116622
vt 0.109232 0.124446
vt 0.107359 0.126379
vt 0.101616 0.093599
vt 0.239610 0.088601
vt 0.234916 0.086322
vt 0.106488 0.086092
vt 0.110333 0.086297
vt 0.113001 0.086388
vt 0.116968 0.086475
vt 0.119695 0.086521
vt 0.123719 0.086568
vt 0.126470 0.086599
vt 0.130513 0.086636
vt 0.133271 0.086663
vt 0.137319 0.086697
vt 0.140077 0.086723
vt 0.144121 0.086754
vt 0.146878 0.086777
vt 0.150917 0.086804
vt 0.153671 0.086823
vt 0.157706 0.086844
vt 0.160458 0.086857
vt 0.164491 0.086869
vt 0.167240 0.086877
vt 0.171271 0.086880
vt 0.174020 0.086881
vt 0.178051 0.086874
vt 0.180800 0.086868
vt 0.184832 0.086852
vt 0.187583 0.086840
vt 0.191618 0.086816
vt 0.194371 0.086799
vt 0.198411 0.086768
vt 0.201167 0.086748
vt 0.205212 0.086714
vt 0.207972 0.086692
vt 0.212020 0.086658
vt 0.214780 0.086637
vt 0.218824 0.086604
vt 0.221576 0.086582
vt 0.225596 0.086542
vt 0.228317 0.086505
vt 0.232269 0.086417
vt 0.235426 0.088942
vt 0.125810 0.094202
vt 0.130565 0.094269
vt 0.125686 0.096745
vt 0.123608 0.096712
vt 0.118793 0.094153
vt 0.111602 0.094116
vt 0.118619 0.096694
vt 0.125627 0.101262
vt 0.130470 0.103852
vt 0.123470 0.103768
vt 0.118601 0.103700
vt 0.118525 0.101200
vt 0.116323 0.103708
vt 0.111295 0.103694
vt 0.104072 0.093897
vt 0.111325 0.096669
vt 0.111175 0.101193
vt 0.108919 0.103751
vt 0.103635 0.103985
vt 0.236236 0.094201
vt 0.103571 0.096561
vt 0.103331 0.101357
vt 0.100844 0.101481
vt 0.241758 0.104611
vt 0.236413 0.103933
vt 0.228798 0.094165
vt 0.236433 0.096789
vt 0.236552 0.101382
vt 0.234044 0.103800
vt 0.228992 0.103675
vt 0.221670 0.094165
vt 0.228868 0.096697
vt 0.228969 0.101179
vt 0.226720 0.103684
vt 0.221851 0.103695
vt 0.214696 0.094218
vt 0.221686 0.096699
vt 0.221772 0.101194
vt 0.219636 0.103741
vt 0.214864 0.103787
vt 0.207802 0.094292
vt 0.214689 0.096761
vt 0.214765 0.101278
vt 0.212679 0.103840
vt 0.207957 0.103889
vt 0.200951 0.094367
vt 0.207783 0.096843
vt 0.207853 0.101375
vt 0.205788 0.103942
vt 0.201091 0.103982
vt 0.194124 0.094432
vt 0.200925 0.096924
vt 0.200987 0.101465
vt 0.198930 0.104031
vt 0.194246 0.104060
vt 0.187311 0.094482
vt 0.194091 0.096993
vt 0.194145 0.101539
vt 0.192089 0.104102
vt 0.187412 0.104117
vt 0.180504 0.094515
vt 0.187272 0.097045
vt 0.187316 0.101595
vt 0.185257 0.104153
vt 0.180583 0.104154
vt 0.173702 0.094528
vt 0.180460 0.097079
vt 0.180493 0.101631
vt 0.178429 0.104183
vt 0.173756 0.104168
vt 0.166899 0.094522
vt 0.173651 0.097092
vt 0.173673 0.101645
vt 0.171603 0.104190
vt 0.166930 0.104161
vt 0.160094 0.094498
vt 0.166842 0.097086
vt 0.166852 0.101638
vt 0.164776 0.104177
vt 0.160101 0.104133
vt 0.153281 0.094456
vt 0.160029 0.097060
vt 0.160030 0.101611
vt 0.157946 0.104142
vt 0.153268 0.104086
vt 0.146456 0.094401
vt 0.153210 0.097016
vt 0.153201 0.101564
vt 0.151111 0.104090
vt 0.146424 0.104022
vt 0.139612 0.094335
vt 0.146378 0.096958
vt 0.146360 0.101502
vt 0.144262 0.104021
vt 0.139561 0.103944
vt 0.132737 0.094265
vt 0.139526 0.096889
vt 0.139498 0.101426
vt 0.137388 0.103939
vt 0.132660 0.103858
vt 0.132637 0.096814
vt 0.132597 0.101344
vt 0.130543 0.101302
vt 0.112646 0.053850
vt 0.118987 0.054040
vt 0.125395 0.054214
vt 0.131864 0.054346
vt 0.138382 0.054449
vt 0.144937 0.054529
vt 0.151520 0.054590
vt 0.158121 0.054634
vt 0.164734 0.054662
vt 0.171354 0.054675
vt 0.177976 0.054669
vt 0.184594 0.054653
vt 0.191202 0.054623
vt 0.197795 0.054584
vt 0.204365 0.054530
vt 0.210901 0.054461
vt 0.217391 0.054376
vt 0.223820 0.054270
vt 0.230175 0.054137
vt 0.238710 0.086094
vt 0.106916 0.047921
vt 0.104210 0.045678
vt 0.109679 0.112108
vt 0.115849 0.111591
vt 0.121876 0.113006
vt 0.127171 0.116213
vt 0.131216 0.120901
vt 0.133614 0.126608
vt 0.134131 0.132778
vt 0.132716 0.138806
vt 0.129508 0.144101
vt 0.124821 0.148146
vt 0.119114 0.150544
vt 0.112944 0.151061
vt 0.106916 0.149646
vt 0.101621 0.146438
vt 0.097577 0.141751
vt 0.095178 0.136043
vt 0.094662 0.129873
vt 0.096076 0.123846
vt 0.099284 0.118551
vt 0.123542 0.101225
vt 0.116484 0.096671
vt 0.116385 0.101174
vt 0.109072 0.096648
vt 0.108927 0.101201
vt 0.242224 0.096806
vt 0.242195 0.101849
vt 0.234142 0.096740
vt 0.234229 0.101271
vt 0.226716 0.096670
vt 0.226802 0.101157
vt 0.219602 0.096696
vt 0.219681 0.101200
vt 0.212638 0.096768
vt 0.212711 0.101290
vt 0.205749 0.096851
vt 0.205817 0.101385
vt 0.198900 0.096929
vt 0.198960 0.101471
vt 0.192071 0.096994
vt 0.192123 0.101540
vt 0.185255 0.097041
vt 0.185296 0.101590
vt 0.178444 0.097069
vt 0.178474 0.101620
vt 0.171635 0.097076
vt 0.171655 0.101627
vt 0.164825 0.097064
vt 0.164834 0.101614
vt 0.158011 0.097033
vt 0.158009 0.101581
vt 0.151189 0.096984
vt 0.151178 0.101530
vt 0.144352 0.096922
vt 0.144332 0.101463
vt 0.137490 0.096851
vt 0.137461 0.101385
vt 0.130586 0.096777
vt 0.119416 0.089081
vt 0.123650 0.089093
vt 0.123616 0.094208
vt 0.112556 0.088992
vt 0.116788 0.089029
vt 0.116558 0.094165
vt 0.105754 0.088698
vt 0.109941 0.088907
vt 0.109289 0.094103
vt 0.241618 0.094012
vt 0.239930 0.109904
vt 0.235883 0.109249
vt 0.228553 0.089076
vt 0.232806 0.089001
vt 0.233840 0.094222
vt 0.221670 0.089121
vt 0.225918 0.089068
vt 0.226528 0.094182
vt 0.214806 0.089171
vt 0.219040 0.089111
vt 0.219462 0.094202
vt 0.207963 0.089231
vt 0.212183 0.089166
vt 0.212519 0.094265
vt 0.201140 0.089293
vt 0.205348 0.089228
vt 0.205642 0.094341
vt 0.194332 0.089349
vt 0.198531 0.089288
vt 0.198800 0.094414
vt 0.187534 0.089393
vt 0.191726 0.089340
vt 0.191978 0.094475
vt 0.180742 0.089423
vt 0.184932 0.089379
vt 0.185168 0.094519
vt 0.173954 0.089436
vt 0.178141 0.089403
vt 0.178364 0.094546
vt 0.167166 0.089432
vt 0.171354 0.089409
vt 0.171562 0.094553
vt 0.160375 0.089410
vt 0.164565 0.089398
vt 0.164758 0.094542
vt 0.153578 0.089374
vt 0.157772 0.089371
vt 0.157950 0.094511
vt 0.146772 0.089325
vt 0.150973 0.089329
vt 0.151135 0.094465
vt 0.139955 0.089267
vt 0.144163 0.089276
vt 0.144305 0.094406
vt 0.133123 0.089205
vt 0.137341 0.089216
vt 0.137453 0.094338
vt 0.126276 0.089143
vt 0.130503 0.089154
vt 0.125691 0.103771
vt 0.106375 0.053548
vt 0.106668 0.050966
vt 0.112491 0.051325
vt 0.125311 0.051685
vt 0.131767 0.051818
vt 0.138273 0.051923
vt 0.144818 0.052003
vt 0.151390 0.052064
vt 0.157982 0.052108
vt 0.164588 0.052136
vt 0.171200 0.052150
vt 0.184417 0.052131
vt 0.191018 0.052101
vt 0.197612 0.052060
vt 0.204175 0.052006
vt 0.210704 0.051938
vt 0.217187 0.051853
vt 0.223607 0.051747
vt 0.229955 0.051615
vt 0.109219 0.109507
vt 0.123033 0.110631
vt 0.129005 0.114313
vt 0.133547 0.119660
vt 0.136215 0.126149
vt 0.136746 0.133144
vt 0.135091 0.139962
vt 0.131409 0.145934
vt 0.119573 0.153144
vt 0.112577 0.153676
vt 0.105760 0.152020
vt 0.099788 0.148339
vt 0.095246 0.142991
vt 0.092578 0.136503
vt 0.092046 0.129507
vt 0.093701 0.122690
vt 0.097383 0.116717
vt 0.103224 0.088363
vt 0.101096 0.096421
vt 0.101137 0.104328
vt 0.129528 0.147874
vt 0.126062 0.150477
vt 0.174175 0.052054
vt 0.177806 0.052147
vn 1.000000 0.000009 0.000018
vn 1.000000 0.000009 0.000018
vn 1.000000 0.000004 0.000004
vn 1.000000 0.000004 0.000003
vn 0.711422 0.646849 -0.274708
vn 0.711236 0.645471 -0.278407
vn 0.711269 0.604601 -0.358543
vn 0.711459 0.602385 -0.361883
vn -0.000004 0.975751 -0.218882
vn -0.000003 0.918056 -0.396451
vn -0.000003 0.918053 -0.396458
vn -0.000004 0.975751 -0.218883
vn 0.711300 0.685784 -0.154118
vn 0.711485 0.684709 -0.157996
vn 0.711455 0.700048 -0.061364
vn 0.711273 0.699876 -0.065298
vn 1.000000 0.000000 -0.000004
vn 1.000000 0.000000 -0.000009
vn 1.000000 0.000003 0.000001
vn 0.711445 0.530275 -0.461145
vn 0.711258 0.527830 -0.464228
vn 0.711272 0.464221 -0.527818
vn 0.711461 0.461083 -0.530307
vn -0.000001 0.860339 -0.509722
vn -0.000001 0.750591 -0.660767
vn -0.000001 0.750587 -0.660771
vn -0.000001 0.860338 -0.509724
vn 1.000000 0.000000 -0.000005
vn 1.000000 0.000000 0.000005
vn 1.000000 0.000003 0.000002
vn 0.711523 0.361823 -0.602345
vn 0.711341 0.358549 -0.604514
vn 0.711348 0.278366 -0.645365
vn 0.711532 0.274601 -0.646774
vn -0.000000 0.660717 -0.750635
vn -0.000009 0.509737 -0.860330
vn -0.000009 0.509732 -0.860333
vn -0.000000 0.660717 -0.750635
vn 1.000000 0.000000 -0.000005
vn 1.000000 0.000000 -0.000010
vn 1.000000 0.000001 0.000002
vn 0.711481 0.157936 -0.684727
vn 0.711297 0.154143 -0.685781
vn 0.711331 0.065331 -0.699814
vn 0.711518 0.061321 -0.699987
vn -0.000014 0.396408 -0.918074
vn -0.000012 0.218910 -0.975745
vn -0.000012 0.218905 -0.975746
vn -0.000014 0.396408 -0.918075
vn 1.000000 -0.000018 0.000005
vn 1.000000 -0.000018 0.000002
vn 1.000000 0.000003 0.000002
vn 0.711503 -0.061416 -0.699994
vn 0.711318 -0.065360 -0.699825
vn 0.711300 -0.154193 -0.685768
vn 0.711484 -0.158054 -0.684697
vn -0.000007 0.093364 -0.995632
vn 0.000000 -0.093474 -0.995622
vn 0.000000 -0.093481 -0.995621
vn -0.000007 0.093364 -0.995632
vn 1.000000 0.000018 -0.000001
vn 1.000000 0.000018 0.000002
vn 1.000000 0.000008 0.000001
vn 0.711479 -0.274673 -0.646801
vn 0.711298 -0.278360 -0.645423
vn 0.711325 -0.358512 -0.604554
vn 0.711509 -0.361853 -0.602343
vn 0.000004 -0.218982 -0.975729
vn -0.000002 -0.396367 -0.918092
vn -0.000002 -0.396372 -0.918090
vn 0.000004 -0.218982 -0.975729
vn 1.000000 0.000036 -0.000009
vn 1.000000 0.000036 -0.000007
vn 1.000000 0.000005 0.000001
vn 0.711460 -0.461152 -0.530248
vn 0.711277 -0.464234 -0.527799
vn 0.711301 -0.527776 -0.464223
vn 0.711487 -0.530271 -0.461083
vn -0.000006 -0.509729 -0.860335
vn -0.000001 -0.660762 -0.750595
vn -0.000001 -0.660767 -0.750591
vn -0.000006 -0.509731 -0.860334
vn 1.000000 -0.000018 -0.000004
vn 1.000000 -0.000018 -0.000005
vn 1.000000 0.000001 0.000001
vn 0.711449 -0.602414 -0.361852
vn 0.711263 -0.604599 -0.358559
vn 0.711249 -0.645457 -0.278407
vn 0.711434 -0.646865 -0.274639
vn 0.000004 -0.750605 -0.660752
vn 0.000002 -0.860348 -0.509707
vn 0.000002 -0.860352 -0.509701
vn 0.000004 -0.750604 -0.660752
vn 1.000000 -0.000005 -0.000002
vn 1.000000 0.000000 -0.000011
vn 1.000000 0.000002 0.000001
vn 0.711435 -0.684770 -0.157957
vn 0.711253 -0.685825 -0.154154
vn 0.711287 -0.699861 -0.065306
vn 0.711473 -0.700035 -0.061305
vn -0.000001 -0.918064 -0.396433
vn -0.000002 -0.975753 -0.218875
vn -0.000002 -0.975754 -0.218869
vn -0.000001 -0.918063 -0.396435
vn 1.000000 -0.000007 -0.000008
vn 1.000000 -0.000011 0.000008
vn 1.000000 0.000002 0.000003
vn 0.711431 -0.700072 0.061364
vn 0.711245 -0.699903 0.065316
vn 0.711260 -0.685819 0.154150
vn 0.711447 -0.684744 0.158018
vn -0.000002 -0.995636 -0.093323
vn -0.000003 -0.995633 0.093350
vn -0.000003 -0.995633 0.093357
vn -0.000002 -0.995636 -0.093322
vn 1.000000 0.000000 0.000011
vn 1.000000 0.000000 0.000002
vn 1.000000 0.000005 0.000005
vn 0.711465 -0.646800 0.274714
vn 0.711282 -0.645420 0.278407
vn 0.711326 -0.604544 0.358527
vn 0.711513 -0.602324 0.361876
vn -0.000003 -0.975749 0.218895
vn -0.000000 -0.918046 0.396474
vn -0.000000 -0.918043 0.396480
vn -0.000003 -0.975748 0.218896
vn 1.000000 0.000018 0.000013
vn 1.000000 0.000018 0.000019
vn 1.000000 0.000003 0.000004
vn 0.711553 -0.530216 0.461045
vn 0.711373 -0.527772 0.464117
vn 0.711374 -0.464199 0.527700
vn 0.711556 -0.461050 0.530209
vn 0.000002 -0.860329 0.509739
vn 0.000001 -0.750638 0.660714
vn 0.000001 -0.750634 0.660719
vn 0.000002 -0.860329 0.509739
vn 1.000000 -0.000002 0.000000
vn 1.000000 -0.000018 -0.000005
vn 1.000000 0.000003 0.000002
vn 0.711473 -0.361807 0.602414
vn 0.711289 -0.358520 0.604592
vn 0.711313 -0.278358 0.645407
vn 0.711500 -0.274600 0.646810
vn -0.000002 -0.660751 0.750606
vn -0.000003 -0.509676 0.860366
vn -0.000003 -0.509671 0.860369
vn -0.000002 -0.660750 0.750606
vn 1.000000 0.000018 -0.000002
vn 1.000000 0.000034 0.000001
vn 1.000000 0.000003 0.000002
vn 0.711491 -0.157990 0.684704
vn 0.711308 -0.154205 0.685757
vn 0.711281 -0.065359 0.699863
vn 0.711463 -0.061346 0.700041
vn -0.000001 -0.396452 0.918055
vn -0.000005 -0.218899 0.975748
vn -0.000005 -0.218891 0.975749
vn -0.000001 -0.396450 0.918056
vn 1.000000 -0.000018 -0.000002
vn 1.000000 -0.000018 -0.000005
vn 1.000000 0.000003 0.000002
vn 0.711420 0.061422 0.700077
vn 0.711239 0.065360 0.699905
vn 0.711302 0.154186 0.685767
vn 0.711489 0.158044 0.684694
vn -0.000007 -0.093316 0.995637
vn -0.000003 0.093355 0.995633
vn -0.000003 0.093360 0.995632
vn -0.000007 -0.093315 0.995637
vn 1.000000 -0.000014 0.000003
vn 1.000000 0.000018 0.000000
vn 1.000000 0.000004 0.000002
vn 0.711478 0.274678 0.646801
vn 0.711293 0.278371 0.645424
vn 0.711294 0.358529 0.604581
vn 0.711479 0.361879 0.602363
vn -0.000004 0.218914 0.975744
vn -0.000005 0.396471 0.918047
vn -0.000005 0.396477 0.918045
vn -0.000004 0.218915 0.975744
vn 1.000000 0.000000 -0.000006
vn 1.000000 -0.000032 -0.000001
vn 1.000000 0.000003 0.000002
vn 0.711480 0.461166 0.530210
vn 0.711297 0.464261 0.527748
vn 0.711333 0.527798 0.464149
vn 0.711518 0.530285 0.461020
vn -0.000003 0.509704 0.860350
vn -0.000003 0.660759 0.750598
vn -0.000003 0.660765 0.750593
vn -0.000003 0.509705 0.860350
vn 1.000000 0.000000 -0.000004
vn 1.000000 0.000000 -0.000005
vn 1.000000 0.000004 0.000001
vn 0.711457 0.602412 0.361841
vn 0.711270 0.604596 0.358551
vn 0.711249 0.645452 0.278419
vn 0.711434 0.646860 0.274651
vn -0.000003 0.750648 0.660702
vn 0.000003 0.860348 0.509706
vn 0.000003 0.860351 0.509703
vn -0.000003 0.750648 0.660703
vn 1.000000 0.000011 -0.000010
vn 1.000000 0.000009 -0.000011
vn 1.000000 0.000004 0.000001
vn 0.711424 0.684778 0.157975
vn 0.711241 0.685833 0.154175
vn 0.711263 0.699883 0.065332
vn 0.711449 0.700057 0.061326
vn 0.000002 0.918063 0.396436
vn -0.000002 0.975749 0.218892
vn -0.000002 0.975750 0.218887
vn 0.000002 0.918063 0.396436
vn 1.000000 -0.000001 0.000000
vn 1.000000 0.000001 0.000000
vn -0.000002 0.995634 0.093339
vn -0.000002 0.995632 -0.093363
vn -0.000002 0.995632 -0.093368
vn -0.000002 0.995635 0.093337
vn -0.906773 0.385424 -0.170914
vn -0.906849 0.412094 -0.088334
vn -0.877179 0.469145 -0.102275
vn -0.877167 0.439669 -0.193053
vn -0.997675 0.062470 -0.027233
vn -0.906842 0.364643 -0.211363
vn -0.997552 0.060226 -0.035525
vn -0.997553 0.068265 -0.015127
vn -1.000000 -0.000002 0.000003
vn -1.000000 -0.000002 0.000004
vn -0.997676 0.067821 -0.006609
vn -0.906782 0.419358 -0.043427
vn -0.906775 0.313744 -0.281644
vn -0.877165 0.414602 -0.242254
vn -0.877164 0.358504 -0.319466
vn -0.997675 0.050979 -0.045220
vn -0.906840 0.281484 -0.313701
vn -0.997553 0.046303 -0.052382
vn -1.000000 -0.000004 -0.000001
vn -0.906784 0.211369 -0.364783
vn -0.877161 0.319457 -0.358518
vn -0.877175 0.242254 -0.414580
vn -0.997676 0.034504 -0.058755
vn -0.906849 0.170788 -0.385300
vn -0.997554 0.027858 -0.064105
vn -1.000000 -0.000002 0.000001
vn -0.906766 0.088267 -0.412293
vn -0.877169 0.193061 -0.439661
vn -0.877157 0.102244 -0.469192
vn -0.997675 0.014681 -0.066548
vn -0.906834 0.043310 -0.419257
vn -0.997553 0.006661 -0.069599
vn -1.000000 -0.000004 0.000001
vn -0.906773 -0.043416 -0.419378
vn -0.877160 0.047685 -0.477824
vn -0.877164 -0.047700 -0.477817
vn -0.997676 -0.006619 -0.067812
vn -0.906841 -0.088339 -0.412111
vn -0.997552 -0.015156 -0.068263
vn -1.000000 -0.000005 0.000001
vn -0.906769 -0.170905 -0.385438
vn -0.877166 -0.102281 -0.469168
vn -0.877156 -0.193047 -0.439693
vn -0.997676 -0.027239 -0.062450
vn -0.906833 -0.211358 -0.364666
vn -0.997553 -0.035510 -0.060231
vn -1.000000 -0.000004 0.000002
vn -0.906768 -0.281640 -0.313769
vn -0.877154 -0.242245 -0.414631
vn -0.877149 -0.319466 -0.358540
vn -0.997676 -0.045207 -0.050971
vn -0.906838 -0.313691 -0.281500
vn -0.997555 -0.052353 -0.046302
vn -1.000000 -0.000002 0.000002
vn -0.906775 -0.364807 -0.211365
vn -0.877149 -0.358525 -0.319483
vn -0.877159 -0.414616 -0.242252
vn -0.997676 -0.058749 -0.034514
vn -0.906843 -0.385314 -0.170787
vn -0.997553 -0.064119 -0.027870
vn -1.000000 -0.000001 -0.000001
vn -0.906781 -0.412253 -0.088294
vn -0.877164 -0.439673 -0.193056
vn -0.877176 -0.469150 -0.102277
vn -0.997676 -0.066542 -0.014663
vn -0.906850 -0.419220 -0.043337
vn -0.997553 -0.069601 -0.006658
vn -1.000000 -0.000003 -0.000000
vn -0.906784 -0.419354 0.043429
vn -0.877173 -0.477797 -0.047721
vn -0.877169 -0.477805 0.047720
vn -0.997676 -0.067810 0.006602
vn -0.906851 -0.412091 0.088332
vn -0.997554 -0.068240 0.015143
vn -1.000000 -0.000004 0.000001
vn -0.906774 -0.385423 0.170907
vn -0.877167 -0.469167 0.102280
vn -0.877160 -0.439685 0.193050
vn -0.997676 -0.062460 0.027239
vn -0.906844 -0.364632 0.211369
vn -0.997555 -0.060208 0.035493
vn -1.000000 -0.000002 0.000000
vn -0.906779 -0.313745 0.281631
vn -0.877163 -0.414600 0.242264
vn -0.877168 -0.358505 0.319454
vn -0.997676 -0.050972 0.045211
vn -0.906844 -0.281514 0.313663
vn -0.997553 -0.046316 0.052367
vn -1.000000 -0.000002 -0.000001
vn -0.906778 -0.211354 0.364805
vn -0.877171 -0.319481 0.358474
vn -0.877167 -0.242230 0.414611
vn -0.997676 -0.034524 0.058745
vn -0.906844 -0.170744 0.385333
vn -0.997553 -0.027870 0.064119
vn -1.000000 -0.000005 -0.000000
vn -0.906780 -0.088299 0.412254
vn -0.877167 -0.193000 0.439692
vn -0.877172 -0.102277 0.469157
vn -0.997676 -0.014687 0.066538
vn -0.906848 -0.043348 0.419223
vn -0.997553 -0.006656 0.069596
vn -1.000000 -0.000002 0.000001
vn -0.906778 0.043458 0.419362
vn -0.877171 -0.047723 0.477800
vn -0.877172 0.047751 0.477795
vn -0.997676 0.006624 0.067820
vn -0.906848 0.088343 0.412096
vn -0.997553 0.015144 0.068255
vn -1.000000 -0.000001 0.000001
vn -0.906778 0.170875 0.385428
vn -0.877176 0.102281 0.469149
vn -0.877168 0.193008 0.439687
vn -0.997676 0.027265 0.062444
vn -0.906848 0.211321 0.364651
vn -0.997553 0.035517 0.060217
vn -1.000000 -0.000003 0.000001
vn -0.906776 0.281662 0.313726
vn -0.877163 0.242215 0.414629
vn -0.877163 0.319487 0.358488
vn -0.997676 0.045213 0.050979
vn -0.906842 0.313709 0.281467
vn -0.997553 0.052384 0.046299
vn -1.000000 -0.000002 0.000001
vn -0.906770 0.364809 0.211384
vn -0.877155 0.358539 0.319450
vn -0.877160 0.414606 0.242263
vn -0.997675 0.058765 0.034523
vn -0.906840 0.385323 0.170786
vn -0.997554 0.064116 0.027853
vn -1.000000 -0.000002 0.000000
vn -0.906779 0.412256 0.088297
vn -0.877160 0.439685 0.193045
vn -0.877168 0.469165 0.102280
vn -0.997676 0.066543 0.014666
vn -0.906846 0.419227 0.043343
vn -0.997553 0.069589 0.006679
vn -1.000000 -0.000004 0.000000
vn -0.877169 0.477805 0.047721
vn -0.877173 0.477797 -0.047721
vn 0.877031 0.470057 -0.099310
vn 0.877035 0.438640 -0.195972
vn 0.877165 0.439640 -0.193127
vn 0.877162 0.469192 -0.102201
vn 0.511713 0.839025 -0.184895
vn 0.511848 0.838245 -0.188036
vn 0.511818 0.855342 -0.080206
vn 0.511685 0.855114 -0.083424
vn 0.511867 0.788678 -0.340555
vn 0.511733 0.787460 -0.343564
vn 0.511705 0.740818 -0.435140
vn 0.511838 0.739109 -0.437881
vn 0.877034 0.416361 -0.239698
vn 0.877035 0.356634 -0.321903
vn 0.877166 0.358461 -0.319508
vn 0.877164 0.414651 -0.242173
vn 0.511820 0.644851 -0.567633
vn 0.511686 0.642758 -0.570123
vn 0.511730 0.570117 -0.642728
vn 0.511867 0.567633 -0.644815
vn 0.877031 0.321922 -0.356627
vn 0.877027 0.239688 -0.416381
vn 0.877157 0.242171 -0.414667
vn 0.877161 0.319529 -0.358455
vn 0.511914 0.437833 -0.739085
vn 0.511780 0.435083 -0.740800
vn 0.511739 0.343536 -0.787468
vn 0.511871 0.340538 -0.788683
vn 0.877029 0.195950 -0.438661
vn 0.877039 0.099290 -0.470047
vn 0.877169 0.102181 -0.469183
vn 0.877160 0.193105 -0.439660
vn 0.511797 0.188071 -0.838268
vn 0.511662 0.184929 -0.839049
vn 0.511606 0.083436 -0.855159
vn 0.511738 0.080205 -0.855390
vn 0.877037 0.050791 -0.477731
vn 0.877047 -0.050822 -0.477709
vn 0.877176 -0.047811 -0.477782
vn 0.877167 0.047782 -0.477803
vn 0.511699 -0.080268 -0.855407
vn 0.511565 -0.083497 -0.855178
vn 0.511584 -0.184958 -0.839090
vn 0.511719 -0.188096 -0.838310
vn 0.877058 -0.099311 -0.470006
vn 0.877044 -0.195948 -0.438631
vn 0.877176 -0.193108 -0.439627
vn 0.877189 -0.102198 -0.469142
vn 0.511809 -0.340518 -0.788733
vn 0.511677 -0.343512 -0.787519
vn 0.511752 -0.435098 -0.740810
vn 0.511888 -0.437848 -0.739094
vn 0.877034 -0.239673 -0.416375
vn 0.877032 -0.321927 -0.356619
vn 0.877163 -0.319533 -0.358447
vn 0.877165 -0.242158 -0.414658
vn 0.511900 -0.567609 -0.644809
vn 0.511764 -0.570097 -0.642719
vn 0.511720 -0.642742 -0.570110
vn 0.511853 -0.644835 -0.567621
vn 0.877032 -0.356631 -0.321916
vn 0.877044 -0.416346 -0.239687
vn 0.877174 -0.414634 -0.242167
vn 0.877162 -0.358459 -0.319521
vn 0.511847 -0.739099 -0.437887
vn 0.511714 -0.740814 -0.435136
vn 0.511732 -0.787453 -0.343583
vn 0.511866 -0.788672 -0.340574
vn 0.877039 -0.438644 -0.195943
vn 0.877035 -0.470050 -0.099307
vn 0.877165 -0.469189 -0.102194
vn 0.877169 -0.439644 -0.193101
vn 0.511839 -0.838253 -0.188024
vn 0.511705 -0.839033 -0.184883
vn 0.511695 -0.855110 -0.083399
vn 0.511829 -0.855338 -0.080182
vn 0.877046 -0.477713 -0.050806
vn 0.877046 -0.477713 0.050804
vn 0.877177 -0.477783 0.047791
vn 0.877177 -0.477783 -0.047793
vn 0.511855 -0.855323 0.080172
vn 0.511723 -0.855094 0.083393
vn 0.511741 -0.839011 0.184882
vn 0.511875 -0.838229 0.188033
vn 0.877039 -0.470045 0.099298
vn 0.877048 -0.438621 0.195955
vn 0.877178 -0.439620 0.193114
vn 0.877169 -0.469183 0.102184
vn 0.511846 -0.788671 0.340606
vn 0.511711 -0.787454 0.343609
vn 0.511678 -0.740828 0.435155
vn 0.511810 -0.739119 0.437897
vn 0.877049 -0.416327 0.239700
vn 0.877038 -0.356637 0.321891
vn 0.877169 -0.358461 0.319501
vn 0.877179 -0.414615 0.242180
vn 0.511826 -0.644876 0.567600
vn 0.511694 -0.642785 0.570085
vn 0.511738 -0.570130 0.642710
vn 0.511873 -0.567648 0.644796
vn 0.877042 -0.321933 0.356590
vn 0.877041 -0.239679 0.416356
vn 0.877172 -0.242155 0.414645
vn 0.877173 -0.319533 0.358423
vn 0.511878 -0.437852 0.739098
vn 0.511744 -0.435104 0.740812
vn 0.511716 -0.343585 0.787462
vn 0.511848 -0.340585 0.788678
vn 0.877040 -0.195954 0.438638
vn 0.877038 -0.099309 0.470045
vn 0.877168 -0.102195 0.469182
vn 0.877170 -0.193112 0.439636
vn 0.511860 -0.188051 0.838234
vn 0.511728 -0.184908 0.839013
vn 0.511749 -0.083416 0.855076
vn 0.511883 -0.080186 0.855305
vn 0.877043 -0.050808 0.477717
vn 0.877037 0.050832 0.477726
vn 0.877169 0.047821 0.477795
vn 0.877174 -0.047793 0.477787
vn 0.511880 0.080190 0.855306
vn 0.511747 0.083423 0.855077
vn 0.511741 0.184904 0.839006
vn 0.511874 0.188046 0.838226
vn 0.877030 0.099318 0.470058
vn 0.877033 0.195949 0.438654
vn 0.877163 0.193109 0.439652
vn 0.877161 0.102204 0.469195
vn 0.511883 0.340566 0.788664
vn 0.511750 0.343569 0.787447
vn 0.511742 0.435110 0.740810
vn 0.511875 0.437859 0.739097
vn 0.877031 0.239707 0.416361
vn 0.877040 0.321937 0.356590
vn 0.877170 0.319544 0.358420
vn 0.877162 0.242188 0.414648
vn 0.511843 0.567661 0.644808
vn 0.511709 0.570141 0.642723
vn 0.511663 0.642784 0.570114
vn 0.511795 0.644873 0.567631
vn 0.877051 0.356607 0.321889
vn 0.877041 0.416346 0.239697
vn 0.877173 0.414632 0.242175
vn 0.877182 0.358432 0.319497
vn 0.511781 0.739129 0.437915
vn 0.511649 0.740839 0.435170
vn 0.511697 0.787470 0.343595
vn 0.511832 0.788686 0.340591
vn 0.877025 0.438661 0.195970
vn 0.877037 0.470047 0.099306
vn 0.877166 0.469187 0.102192
vn 0.877154 0.439663 0.193124
vn 0.511859 0.838235 0.188050
vn 0.511725 0.839017 0.184901
vn 0.511705 0.855102 0.083418
vn 0.511837 0.855331 0.080197
vn 0.877044 0.477716 0.050809
vn 0.877032 0.477736 -0.050821
vn 0.877163 0.477808 -0.047806
vn 0.877174 0.477789 0.047797
vn 0.511317 0.176501 -0.841072
vn 0.511171 0.173598 -0.841765
vn 0.511195 0.094870 -0.854213
vn 0.511344 0.091895 -0.854449
vn 0.000066 0.411730 -0.911306
vn 0.000036 0.202487 -0.979285
vn 0.000036 0.202482 -0.979286
vn 0.000066 0.411739 -0.911302
vn 0.511335 0.354280 -0.782957
vn 0.511478 0.351492 -0.784120
vn 0.511483 0.427831 -0.745215
vn 0.511340 0.425261 -0.746783
vn 0.511256 0.578838 -0.635267
vn 0.511401 0.576573 -0.637206
vn 0.511409 0.637153 -0.576625
vn 0.511263 0.635196 -0.578910
vn -0.000011 0.673213 -0.739449
vn 0.000061 0.495273 -0.868737
vn 0.000061 0.495282 -0.868733
vn -0.000011 0.673211 -0.739451
vn -0.511198 0.173655 -0.841737
vn -0.511345 0.176562 -0.841043
vn -0.511351 0.091970 -0.854436
vn -0.511204 0.094941 -0.854199
vn -0.511497 0.351440 -0.784131
vn -0.511354 0.354224 -0.782970
vn -0.511383 0.425232 -0.746770
vn -0.511527 0.427802 -0.745201
vn -0.511436 0.576614 -0.637142
vn -0.511290 0.578875 -0.635205
vn -0.511299 0.635185 -0.578889
vn -0.511446 0.637144 -0.576603
vn 0.511250 0.746850 -0.425251
vn 0.511396 0.745291 -0.427804
vn 0.511377 0.784186 -0.351491
vn 0.511230 0.783030 -0.354271
vn 0.000025 0.868770 -0.495215
vn -0.000020 0.739434 -0.673229
vn -0.000020 0.739442 -0.673220
vn 0.000025 0.868768 -0.495219
vn -0.511435 0.745275 -0.427784
vn -0.511288 0.746833 -0.425236
vn -0.511256 0.783020 -0.354255
vn -0.511401 0.784177 -0.351477
vn 0.511223 0.841714 -0.173691
vn 0.511367 0.841025 -0.176580
vn 0.511366 0.854428 -0.091961
vn 0.511219 0.854188 -0.094960
vn 0.000014 0.979280 -0.202512
vn 0.000039 0.911310 -0.411720
vn 0.000039 0.911312 -0.411716
vn 0.000014 0.979279 -0.202514
vn -0.511338 0.841050 -0.176546
vn -0.511193 0.841738 -0.173660
vn -0.511200 0.854199 -0.094963
vn -0.511348 0.854441 -0.091943
vn 0.511233 0.854182 0.094937
vn 0.511378 0.854421 0.091960
vn 0.511382 0.841015 0.176584
vn 0.511235 0.841714 0.173655
vn 0.000007 0.993931 0.110002
vn 0.000005 0.993931 -0.110003
vn 0.000005 0.993933 -0.109990
vn 0.000007 0.993932 0.109998
vn -0.511355 0.854433 0.091977
vn -0.511210 0.854195 0.094949
vn -0.511227 0.841721 0.173644
vn -0.511375 0.841020 0.176583
vn 0.511288 0.783006 0.354239
vn 0.511432 0.784149 0.351494
vn 0.511410 0.745264 0.427834
vn 0.511266 0.746832 0.425263
vn 0.000009 0.911282 0.411782
vn 0.000016 0.979277 0.202525
vn 0.000016 0.979275 0.202537
vn 0.000009 0.911284 0.411778
vn -0.511400 0.784156 0.351524
vn -0.511255 0.783017 0.354264
vn -0.511248 0.746841 0.425268
vn -0.511394 0.745273 0.427837
vn 0.511266 0.635262 0.578834
vn 0.511409 0.637200 0.576574
vn 0.511461 0.576628 0.637109
vn 0.511312 0.578922 0.635145
vn -0.000030 0.739482 0.673176
vn -0.000005 0.868737 0.495273
vn -0.000005 0.868732 0.495282
vn -0.000030 0.739484 0.673174
vn -0.511370 0.637190 0.576620
vn -0.511225 0.635255 0.578879
vn -0.511242 0.578941 0.635185
vn -0.511390 0.576649 0.637147
vn 0.511343 0.425208 0.746811
vn 0.511490 0.427759 0.745252
vn 0.511434 0.351412 0.784184
vn 0.511290 0.354190 0.783027
vn -0.000041 0.495185 0.868788
vn -0.000039 0.673271 0.739396
vn -0.000039 0.673265 0.739401
vn -0.000041 0.495187 0.868786
vn -0.511359 0.427782 0.745329
vn -0.511212 0.425236 0.746885
vn -0.511187 0.354226 0.783078
vn -0.511334 0.351445 0.784235
vn 0.511159 0.173670 0.841757
vn 0.511306 0.176578 0.841063
vn 0.511271 0.091971 0.854484
vn 0.511125 0.094975 0.854243
vn -0.000004 0.202490 0.979284
vn -0.000030 0.411671 0.911333
vn -0.000030 0.411662 0.911337
vn -0.000004 0.202495 0.979283
vn -0.511231 0.176563 0.841111
vn -0.511082 0.173660 0.841806
vn -0.511049 0.094988 0.854287
vn -0.511196 0.091985 0.854528
vn 0.511122 -0.094944 0.854248
vn 0.511267 -0.091967 0.854487
vn 0.511289 -0.176589 0.841070
vn 0.511141 -0.173656 0.841771
vn -0.000012 -0.109988 0.993933
vn -0.000006 0.109993 0.993932
vn -0.000006 0.109983 0.993933
vn -0.000012 -0.109984 0.993933
vn -0.511188 -0.091998 0.854531
vn -0.511042 -0.094971 0.854293
vn -0.511087 -0.173659 0.841803
vn -0.511237 -0.176594 0.841101
vn 0.511246 -0.354184 0.783059
vn 0.511389 -0.351433 0.784204
vn 0.511427 -0.427771 0.745288
vn 0.511279 -0.425201 0.746858
vn -0.000013 -0.411687 0.911325
vn -0.000003 -0.202500 0.979282
vn -0.000003 -0.202511 0.979280
vn -0.000013 -0.411684 0.911327
vn -0.511365 -0.351473 0.784202
vn -0.511220 -0.354222 0.783059
vn -0.511253 -0.425223 0.746864
vn -0.511401 -0.427797 0.745291
vn 0.511287 -0.578921 0.635166
vn 0.511434 -0.576645 0.637116
vn 0.511399 -0.637208 0.576574
vn 0.511253 -0.635256 0.578853
vn -0.000010 -0.673256 0.739409
vn -0.000022 -0.495184 0.868788
vn -0.000022 -0.495194 0.868782
vn -0.000010 -0.673254 0.739411
vn -0.511417 -0.576654 0.637120
vn -0.511271 -0.578924 0.635177
vn -0.511267 -0.635245 0.578852
vn -0.511414 -0.637197 0.576573
vn 0.511231 -0.746829 0.425311
vn 0.511376 -0.745273 0.427858
vn 0.511379 -0.784181 0.351501
vn 0.511231 -0.783024 0.354282
vn -0.000002 -0.868754 0.495245
vn -0.000002 -0.739494 0.673163
vn -0.000002 -0.739498 0.673159
vn -0.000002 -0.868751 0.495249
vn -0.511387 -0.745308 0.427785
vn -0.511240 -0.746862 0.425242
vn -0.511238 -0.783032 0.354254
vn -0.511385 -0.784184 0.351485
vn 0.511243 -0.841704 0.173682
vn 0.511389 -0.841010 0.176591
vn 0.511375 -0.854423 0.091964
vn 0.511229 -0.854183 0.094960
vn -0.000001 -0.979279 0.202515
vn -0.000005 -0.911285 0.411776
vn -0.000005 -0.911290 0.411766
vn -0.000001 -0.979279 0.202518
vn -0.511397 -0.841011 0.176561
vn -0.511252 -0.841704 0.173657
vn -0.511231 -0.854181 0.094964
vn -0.511377 -0.854424 0.091943
vn 0.511235 -0.854180 -0.094947
vn 0.511381 -0.854420 -0.091956
vn 0.511380 -0.841013 -0.176600
vn 0.511234 -0.841712 -0.173671
vn 0.000003 -0.993931 -0.110004
vn -0.000003 -0.993933 0.109986
vn -0.000003 -0.993935 0.109965
vn 0.000003 -0.993932 -0.110000
vn -0.511365 -0.854428 -0.091976
vn -0.511220 -0.854188 -0.094961
vn -0.511230 -0.841713 -0.173673
vn -0.511376 -0.841014 -0.176606
vn 0.511239 -0.783037 -0.354242
vn 0.511384 -0.784186 -0.351481
vn 0.511386 -0.745285 -0.427826
vn 0.511239 -0.746850 -0.425263
vn 0.000004 -0.911290 -0.411766
vn 0.000010 -0.979278 -0.202523
vn 0.000010 -0.979273 -0.202543
vn 0.000004 -0.911291 -0.411762
vn -0.511373 -0.784161 -0.351552
vn -0.511229 -0.783014 -0.354307
vn -0.511257 -0.746847 -0.425248
vn -0.511405 -0.745270 -0.427829
vn 0.511272 -0.635224 -0.578871
vn 0.511416 -0.637160 -0.576612
vn 0.511413 -0.576584 -0.637187
vn 0.511267 -0.578865 -0.635233
vn 0.000034 -0.739443 -0.673219
vn 0.000013 -0.868777 -0.495204
vn 0.000013 -0.868770 -0.495216
vn 0.000034 -0.739445 -0.673217
vn -0.511491 -0.637106 -0.576605
vn -0.511349 -0.635171 -0.578861
vn -0.511370 -0.578830 -0.635182
vn -0.511516 -0.576540 -0.637145
vn 0.511294 -0.425249 -0.746821
vn 0.511438 -0.427792 -0.745268
vn 0.511416 -0.351472 -0.784169
vn 0.511272 -0.354251 -0.783012
vn 0.000010 -0.495233 -0.868760
vn 0.000015 -0.673196 -0.739464
vn 0.000015 -0.673189 -0.739471
vn 0.000010 -0.495236 -0.868758
vn -0.511515 -0.427750 -0.745240
vn -0.511371 -0.425208 -0.746792
vn -0.511353 -0.354251 -0.782959
vn -0.511497 -0.351466 -0.784119
vn 0.511172 -0.173667 -0.841750
vn 0.511318 -0.176576 -0.841056
vn 0.511350 -0.091962 -0.854438
vn 0.511201 -0.094964 -0.854199
vn -0.000014 -0.202527 -0.979277
vn 0.000019 -0.411705 -0.911317
vn 0.000019 -0.411694 -0.911322
vn -0.000014 -0.202531 -0.979276
vn -0.511311 -0.176580 -0.841059
vn -0.511162 -0.173674 -0.841754
vn -0.511158 -0.094965 -0.854225
vn -0.511308 -0.091960 -0.854463
vn 0.000021 0.109971 -0.993935
vn -0.000023 -0.110048 -0.993926
vn -0.000023 -0.110038 -0.993927
vn 0.000021 0.109965 -0.993936
s 1
g Island Handle Handle_1
usemtl openPBRSurface2SG
f 872/1084/1874 875/1447/1875 1131/1181/1876 1130/1093/1877
s 2
f 873/1086/1878 872/1085/1879 879/1568/1880 878/1427/1881
s 3
f 874/1566/1882 873/1086/1883 1034/1285/1884 1033/1087/1885
s 2
f 875/1088/1886 874/1089/1887 949/1182/1888 948/1090/1889
s 1
f 876/1091/1890 879/1092/1891 1130/1093/1877 1129/1097/1892
s 2
f 877/1094/1893 876/1091/1894 883/1096/1895 882/1428/1896
s 3
f 878/1427/1897 877/1094/1898 1038/1287/1899 1037/1286/1900
s 1
f 880/1095/1901 883/1096/1902 1129/1097/1892 1128/1102/1903
s 2
f 881/1099/1904 880/1098/1905 887/1569/1906 886/1429/1907
s 3
f 882/1428/1908 881/1099/1909 1042/1289/1910 1041/1288/1911
s 1
f 884/1100/1912 887/1101/1913 1128/1102/1903 1127/1107/1914
s 2
f 885/1104/1915 884/1103/1916 891/1570/1917 890/1430/1918
s 3
f 886/1429/1919 885/1104/1920 1046/1291/1921 1045/1290/1922
s 1
f 888/1105/1923 891/1106/1924 1127/1107/1914 1126/1112/1925
s 2
f 889/1109/1926 888/1108/1927 895/1571/1928 894/1431/1929
s 3
f 890/1430/1930 889/1109/1931 1050/1293/1932 1049/1292/1933
s 1
f 892/1110/1934 895/1111/1935 1126/1112/1925 1125/1117/1936
s 2
f 893/1114/1937 892/1113/1938 899/1572/1939 898/1432/1940
s 3
f 894/1431/1941 893/1114/1942 1054/1295/1943 1053/1294/1944
s 1
f 896/1115/1945 899/1116/1946 1125/1117/1936 1124/1122/1947
s 2
f 897/1119/1948 896/1118/1949 903/1573/1950 902/1433/1951
s 3
f 898/1432/1952 897/1119/1953 1058/1297/1954 1057/1296/1955
s 1
f 900/1120/1956 903/1121/1957 1124/1122/1947 1123/1127/1958
s 2
f 901/1124/1959 900/1123/1960 907/1574/1961 906/1434/1962
s 3
f 902/1433/1963 901/1124/1964 1062/1299/1965 1061/1298/1966
s 1
f 904/1125/1967 907/1126/1968 1123/1127/1958 1122/1132/1969
s 2
f 905/1129/1970 904/1128/1971 911/1575/1972 910/1435/1973
s 3
f 906/1434/1974 905/1129/1975 1066/1301/1976 1065/1300/1977
s 1
f 908/1130/1978 911/1131/1979 1122/1132/1969 1121/1137/1980
s 2
f 909/1134/1981 908/1133/1982 915/1576/1983 914/1436/1984
s 3
f 910/1435/1985 909/1134/1986 1070/1303/1987 1069/1302/1988
s 1
f 912/1135/1989 915/1136/1990 1121/1137/1980 1120/1141/1991
s 2
f 913/1138/1992 912/1607/1993 919/1608/1994 918/1437/1995
s 3
f 914/1436/1996 913/1138/1997 1074/1305/1998 1073/1304/1999
s 1
f 916/1139/2000 919/1140/2001 1120/1141/1991 1119/1146/2002
s 2
f 917/1143/2003 916/1142/2004 923/1577/2005 922/1438/2006
s 3
f 918/1437/2007 917/1143/2008 1078/1307/2009 1077/1306/2010
s 1
f 920/1144/2011 923/1145/2012 1119/1146/2002 1118/1151/2013
s 2
f 921/1148/2014 920/1147/2015 927/1578/2016 926/1439/2017
s 3
f 922/1438/2018 921/1148/2019 1082/1309/2020 1081/1308/2021
s 1
f 924/1149/2022 927/1150/2023 1118/1151/2013 1117/1156/2024
s 2
f 925/1153/2025 924/1152/2026 931/1579/2027 930/1440/2028
s 3
f 926/1439/2029 925/1153/2030 1086/1311/2031 1085/1310/2032
s 1
f 928/1154/2033 931/1155/2034 1117/1156/2024 1116/1161/2035
s 2
f 929/1158/2036 928/1157/2037 935/1580/2038 934/1441/2039
s 3
f 930/1440/2040 929/1158/2041 1090/1313/2042 1089/1312/2043
s 1
f 932/1159/2044 935/1160/2045 1116/1161/2035 1115/1166/2046
s 2
f 933/1163/2047 932/1162/2048 939/1581/2049 938/1442/2050
s 3
f 934/1441/2051 933/1163/2052 1094/1315/2053 1093/1314/2054
s 1
f 936/1164/2055 939/1165/2056 1115/1166/2046 1114/1171/2057
s 2
f 937/1168/2058 936/1167/2059 943/1582/2060 942/1443/2061
s 3
f 938/1442/2062 937/1168/2063 1098/1317/2064 1097/1316/2065
s 1
f 940/1169/2066 943/1170/2067 1114/1171/2057 1113/1176/2068
s 2
f 941/1173/2069 940/1172/2070 947/1583/2071 946/1444/2072
s 3
f 942/1443/2073 941/1173/2074 1102/1319/2075 1101/1318/2076
s 1
f 944/1174/2077 947/1175/2078 1113/1176/2068 1112/1180/2079
s 2
f 945/1178/2080 944/1177/2081 951/1584/2082 950/1445/2083
s 3
f 946/1444/2084 945/1178/2085 1106/1321/2086 1105/1320/2087
s 1
f 948/1448/2088 951/1179/2089 1112/1180/2079 1131/1181/1876
s 3
f 950/1445/2090 949/1182/2091 1110/1284/2092 1109/1322/2093
s 22
f 952/1183/2094 955/1184/2095 1183/1604/2096 1182/1342/2097
f 953/1186/2098 952/1185/2094 959/1585/2099 958/1449/2100
f 954/1188/2101 953/1186/2098 1133/1193/2102 1132/1280/2103
f 955/1187/2095 954/1188/2101 1029/1279/2104 1028/1189/2105
f 956/1190/2106 959/1191/2099 1175/1341/2107 1174/1337/2108
f 957/1192/2109 956/1190/2106 963/1195/2110 962/1450/2111
f 958/1449/2100 957/1192/2109 1134/1198/2112 1133/1193/2102
f 960/1194/2113 963/1195/2110 1167/1336/2114 1166/1334/2115
f 961/1197/2116 960/1196/2113 967/1586/2117 966/1451/2118
f 962/1450/2111 961/1197/2116 1135/1203/2119 1134/1198/2112
f 964/1199/2120 967/1200/2117 1161/1333/2121 1160/1565/2122
f 965/1202/2123 964/1201/2120 971/1587/2124 970/1452/2125
f 966/1451/2118 965/1202/2123 1136/1208/2126 1135/1203/2119
f 968/1204/2127 971/1205/2124 1311/1332/2128 1310/1423/2129
f 969/1207/2130 968/1206/2127 975/1588/2131 974/1453/2132
f 970/1452/2125 969/1207/2130 1137/1213/2133 1136/1208/2126
f 972/1209/2134 975/1210/2131 1303/1422/2135 1302/1418/2136
f 973/1212/2137 972/1211/2134 979/1589/2138 978/1454/2139
f 974/1453/2132 973/1212/2137 1138/1218/2140 1137/1213/2133
f 976/1214/2141 979/1215/2138 1295/1417/2142 1294/1413/2143
f 977/1217/2144 976/1216/2141 983/1590/2145 982/1455/2146
f 978/1454/2139 977/1217/2144 1139/1223/2147 1138/1218/2140
f 980/1219/2148 983/1220/2145 1287/1412/2149 1286/1408/2150
f 981/1222/2151 980/1221/2148 987/1591/2152 986/1456/2153
f 982/1455/2146 981/1222/2151 1140/1228/2154 1139/1223/2147
f 984/1224/2155 987/1225/2152 1279/1407/2156 1278/1403/2157
f 985/1227/2158 984/1226/2155 991/1592/2159 990/1457/2160
f 986/1456/2153 985/1227/2158 1141/1232/2161 1140/1228/2154
f 988/1229/2162 991/1230/2159 1271/1402/2163 1270/1398/2164
f 989/1231/2165 988/1605/2162 995/1606/2166 994/1458/2167
f 990/1457/2160 989/1231/2165 1142/1237/2168 1141/1232/2161
f 992/1233/2169 995/1234/2166 1263/1397/2170 1262/1393/2171
f 993/1236/2172 992/1235/2169 999/1593/2173 998/1459/2174
f 994/1458/2167 993/1236/2172 1143/1242/2175 1142/1237/2168
f 996/1238/2176 999/1239/2173 1255/1392/2177 1254/1388/2178
f 997/1241/2179 996/1240/2176 1003/1594/2180 1002/1460/2181
f 998/1459/2174 997/1241/2179 1144/1247/2182 1143/1242/2175
f 1000/1243/2183 1003/1244/2180 1247/1387/2184 1246/1383/2185
f 1001/1246/2186 1000/1245/2183 1007/1595/2187 1006/1461/2188
f 1002/1460/2181 1001/1246/2186 1145/1252/2189 1144/1247/2182
f 1004/1248/2190 1007/1249/2187 1239/1382/2191 1238/1378/2192
f 1005/1251/2193 1004/1250/2190 1011/1596/2194 1010/1462/2195
f 1006/1461/2188 1005/1251/2193 1146/1257/2196 1145/1252/2189
f 1008/1253/2197 1011/1254/2194 1231/1377/2198 1230/1373/2199
f 1009/1256/2200 1008/1255/2197 1015/1597/2201 1014/1463/2202
f 1010/1462/2195 1009/1256/2200 1147/1262/2203 1146/1257/2196
f 1012/1258/2204 1015/1259/2201 1223/1372/2205 1222/1368/2206
f 1013/1261/2207 1012/1260/2204 1019/1598/2208 1018/1464/2209
f 1014/1463/2202 1013/1261/2207 1148/1267/2210 1147/1262/2203
f 1016/1263/2211 1019/1264/2208 1215/1367/2212 1214/1363/2213
f 1017/1266/2214 1016/1265/2211 1023/1599/2215 1022/1465/2216
f 1018/1464/2209 1017/1266/2214 1149/1272/2217 1148/1267/2210
f 1020/1268/2218 1023/1269/2215 1207/1362/2219 1206/1358/2220
f 1021/1271/2221 1020/1270/2218 1027/1600/2222 1026/1466/2223
f 1022/1465/2216 1021/1271/2221 1150/1277/2224 1149/1272/2217
f 1024/1273/2225 1027/1274/2222 1199/1357/2226 1198/1353/2227
f 1025/1276/2228 1024/1275/2225 1031/1601/2229 1030/1467/2230
f 1026/1466/2223 1025/1276/2228 1151/1281/2231 1150/1277/2224
f 1028/1517/2105 1031/1278/2229 1191/1352/2232 1190/1348/2233
f 1030/1467/2230 1029/1279/2104 1132/1280/2103 1151/1281/2231
s 23
f 1032/1602/2234 1035/1512/2235 1177/1338/2236 1176/1282/2237
s 24
f 1033/1446/2238 1032/1283/2239 1111/1323/2240 1110/1284/2241
f 1035/1512/2242 1034/1285/2243 1037/1286/2244 1036/1513/2245
s 23
f 1036/1513/2246 1039/1509/2247 1169/1329/2248 1168/1514/2249
s 24
f 1039/1509/2250 1038/1287/2251 1041/1288/2252 1040/1510/2253
s 23
f 1040/1510/2254 1043/1506/2255 1157/1328/2256 1156/1511/2257
s 24
f 1043/1506/2258 1042/1289/2259 1045/1290/2260 1044/1507/2261
s 23
f 1044/1507/2262 1047/1563/2263 1155/1324/2264 1154/1508/2265
s 24
f 1047/1563/2266 1046/1291/2267 1049/1292/2268 1048/1564/2269
s 23
f 1048/1564/2270 1051/1560/2271 1305/1419/2272 1304/1325/2273
s 24
f 1051/1560/2274 1050/1293/2275 1053/1294/2276 1052/1561/2277
s 23
f 1052/1561/2278 1055/1557/2279 1297/1414/2280 1296/1562/2281
s 24
f 1055/1557/2282 1054/1295/2283 1057/1296/2284 1056/1558/2285
s 23
f 1056/1558/2286 1059/1554/2287 1289/1409/2288 1288/1559/2289
s 24
f 1059/1554/2290 1058/1297/2291 1061/1298/2292 1060/1555/2293
s 23
f 1060/1555/2294 1063/1551/2295 1281/1404/2296 1280/1556/2297
s 24
f 1063/1551/2298 1062/1299/2299 1065/1300/2300 1064/1552/2301
s 23
f 1064/1552/2302 1067/1548/2303 1273/1399/2304 1272/1553/2305
s 24
f 1067/1548/2306 1066/1301/2307 1069/1302/2308 1068/1549/2309
s 23
f 1068/1549/2310 1071/1545/2311 1265/1394/2312 1264/1550/2313
s 24
f 1071/1545/2314 1070/1303/2315 1073/1304/2316 1072/1546/2317
s 23
f 1072/1546/2318 1075/1542/2319 1257/1389/2320 1256/1547/2321
s 24
f 1075/1542/2322 1074/1305/2323 1077/1306/2324 1076/1543/2325
s 23
f 1076/1543/2326 1079/1539/2327 1249/1384/2328 1248/1544/2329
s 24
f 1079/1539/2330 1078/1307/2331 1081/1308/2332 1080/1540/2333
s 23
f 1080/1540/2334 1083/1536/2335 1241/1379/2336 1240/1541/2337
s 24
f 1083/1536/2338 1082/1309/2339 1085/1310/2340 1084/1537/2341
s 23
f 1084/1537/2342 1087/1533/2343 1233/1374/2344 1232/1538/2345
s 24
f 1087/1533/2346 1086/1311/2347 1089/1312/2348 1088/1534/2349
s 23
f 1088/1534/2350 1091/1530/2351 1225/1369/2352 1224/1535/2353
s 24
f 1091/1530/2354 1090/1313/2355 1093/1314/2356 1092/1531/2357
s 23
f 1092/1531/2358 1095/1527/2359 1217/1364/2360 1216/1532/2361
s 24
f 1095/1527/2362 1094/1315/2363 1097/1316/2364 1096/1528/2365
s 23
f 1096/1528/2366 1099/1524/2367 1209/1359/2368 1208/1529/2369
s 24
f 1099/1524/2370 1098/1317/2371 1101/1318/2372 1100/1525/2373
s 23
f 1100/1525/2374 1103/1521/2375 1201/1354/2376 1200/1526/2377
s 24
f 1103/1521/2378 1102/1319/2379 1105/1320/2380 1104/1522/2381
s 23
f 1104/1522/2382 1107/1518/2383 1193/1349/2384 1192/1523/2385
s 24
f 1107/1518/2386 1106/1321/2387 1109/1322/2388 1108/1519/2389
s 23
f 1108/1519/2390 1111/1323/2391 1185/1343/2392 1184/1520/2393
s 43
f 1152/1326/2394 1155/1324/2395 1304/1325/2396 1307/1505/2397
s 44
f 1153/1327/2398 1152/1326/2399 1163/1331/2400 1162/1468/2401
s 43
f 1154/1508/2402 1153/1327/2403 1158/1330/2404 1157/1328/2405
f 1156/1511/2406 1159/1469/2407 1170/1339/2408 1169/1329/2409
s 44
f 1159/1469/2410 1158/1330/2411 1165/1335/2412 1164/1470/2413
s 45
f 1160/1565/2414 1163/1331/2415 1308/1426/2416 1311/1332/2417
f 1162/1468/2418 1161/1333/2419 1166/1334/2420 1165/1335/2421
f 1164/1470/2422 1167/1336/2423 1174/1337/2424 1173/1340/2425
s 43
f 1168/1514/2426 1171/1471/2427 1178/1344/2428 1177/1338/2429
s 44
f 1171/1471/2430 1170/1339/2431 1173/1340/2432 1172/1472/2433
s 45
f 1172/1472/2434 1175/1341/2435 1182/1342/2436 1181/1345/2437
s 43
f 1176/1515/2438 1179/1473/2439 1186/1350/2440 1185/1343/2441
s 44
f 1179/1603/2442 1178/1344/2443 1181/1345/2444 1180/1346/2445
s 45
f 1180/1474/2446 1183/1347/2447 1190/1348/2448 1189/1351/2449
s 43
f 1184/1520/2450 1187/1475/2451 1194/1355/2452 1193/1349/2453
s 44
f 1187/1475/2454 1186/1350/2455 1189/1351/2456 1188/1476/2457
s 45
f 1188/1476/2458 1191/1352/2459 1198/1353/2460 1197/1356/2461
s 43
f 1192/1523/2462 1195/1477/2463 1202/1360/2464 1201/1354/2465
s 44
f 1195/1477/2466 1194/1355/2467 1197/1356/2468 1196/1478/2469
s 45
f 1196/1478/2470 1199/1357/2471 1206/1358/2472 1205/1361/2473
s 43
f 1200/1526/2474 1203/1479/2475 1210/1365/2476 1209/1359/2477
s 44
f 1203/1479/2478 1202/1360/2479 1205/1361/2480 1204/1480/2481
s 45
f 1204/1480/2482 1207/1362/2483 1214/1363/2484 1213/1366/2485
s 43
f 1208/1529/2486 1211/1481/2487 1218/1370/2488 1217/1364/2489
s 44
f 1211/1481/2490 1210/1365/2491 1213/1366/2492 1212/1482/2493
s 45
f 1212/1482/2494 1215/1367/2495 1222/1368/2496 1221/1371/2497
s 43
f 1216/1532/2498 1219/1483/2499 1226/1375/2500 1225/1369/2501
s 44
f 1219/1483/2502 1218/1370/2503 1221/1371/2504 1220/1484/2505
s 45
f 1220/1484/2506 1223/1372/2507 1230/1373/2508 1229/1376/2509
s 43
f 1224/1535/2510 1227/1485/2511 1234/1380/2512 1233/1374/2513
s 44
f 1227/1485/2514 1226/1375/2515 1229/1376/2516 1228/1486/2517
s 45
f 1228/1486/2518 1231/1377/2519 1238/1378/2520 1237/1381/2521
s 43
f 1232/1538/2522 1235/1487/2523 1242/1385/2524 1241/1379/2525
s 44
f 1235/1487/2526 1234/1380/2527 1237/1381/2528 1236/1488/2529
s 45
f 1236/1488/2530 1239/1382/2531 1246/1383/2532 1245/1386/2533
s 43
f 1240/1541/2534 1243/1489/2535 1250/1390/2536 1249/1384/2537
s 44
f 1243/1489/2538 1242/1385/2539 1245/1386/2540 1244/1490/2541
s 45
f 1244/1490/2542 1247/1387/2543 1254/1388/2544 1253/1391/2545
s 43
f 1248/1544/2546 1251/1491/2547 1258/1395/2548 1257/1389/2549
s 44
f 1251/1491/2550 1250/1390/2551 1253/1391/2552 1252/1492/2553
s 45
f 1252/1492/2554 1255/1392/2555 1262/1393/2556 1261/1396/2557
s 43
f 1256/1547/2558 1259/1493/2559 1266/1400/2560 1265/1394/2561
s 44
f 1259/1493/2562 1258/1395/2563 1261/1396/2564 1260/1494/2565
s 45
f 1260/1494/2566 1263/1397/2567 1270/1398/2568 1269/1401/2569
s 43
f 1264/1550/2570 1267/1495/2571 1274/1405/2572 1273/1399/2573
s 44
f 1267/1495/2574 1266/1400/2575 1269/1401/2576 1268/1496/2577
s 45
f 1268/1496/2578 1271/1402/2579 1278/1403/2580 1277/1406/2581
s 43
f 1272/1553/2582 1275/1497/2583 1282/1410/2584 1281/1404/2585
s 44
f 1275/1497/2586 1274/1405/2587 1277/1406/2588 1276/1498/2589
s 45
f 1276/1498/2590 1279/1407/2591 1286/1408/2592 1285/1411/2593
s 43
f 1280/1556/2594 1283/1499/2595 1290/1415/2596 1289/1409/2597
s 44
f 1283/1499/2598 1282/1410/2599 1285/1411/2600 1284/1500/2601
s 45
f 1284/1500/2602 1287/1412/2603 1294/1413/2604 1293/1416/2605
s 43
f 1288/1559/2606 1291/1501/2607 1298/1420/2608 1297/1414/2609
s 44
f 1291/1501/2610 1290/1415/2611 1293/1416/2612 1292/1502/2613
s 45
f 1292/1502/2614 1295/1417/2615 1302/1418/2616 1301/1421/2617
s 43
f 1296/1562/2618 1299/1503/2619 1306/1424/2620 1305/1419/2621
s 44
f 1299/1503/2622 1298/1420/2623 1301/1421/2624 1300/1504/2625
s 45
f 1300/1504/2626 1303/1422/2627 1310/1423/2628 1309/1425/2629
s 44
f 1307/1505/2630 1306/1424/2631 1309/1425/2632 1308/1426/2633
s 3
f 873/1086/1883 878/1427/1897 1037/1286/1900 1034/1285/1884
f 877/1094/1898 882/1428/1908 1041/1288/1911 1038/1287/1899
f 881/1099/1909 886/1429/1919 1045/1290/1922 1042/1289/1910
f 885/1104/1920 890/1430/1930 1049/1292/1933 1046/1291/1921
f 889/1109/1931 894/1431/1941 1053/1294/1944 1050/1293/1932
f 893/1114/1942 898/1432/1952 1057/1296/1955 1054/1295/1943
f 897/1119/1953 902/1433/1963 1061/1298/1966 1058/1297/1954
f 901/1124/1964 906/1434/1974 1065/1300/1977 1062/1299/1965
f 905/1129/1975 910/1435/1985 1069/1302/1988 1066/1301/1976
f 909/1134/1986 914/1436/1996 1073/1304/1999 1070/1303/1987
f 913/1138/1997 918/1437/2007 1077/1306/2010 1074/1305/1998
f 917/1143/2008 922/1438/2018 1081/1308/2021 1078/1307/2009
f 921/1148/2019 926/1439/2029 1085/1310/2032 1082/1309/2020
f 925/1153/2030 930/1440/2040 1089/1312/2043 1086/1311/2031
f 929/1158/2041 934/1441/2051 1093/1314/2054 1090/1313/2042
f 933/1163/2052 938/1442/2062 1097/1316/2065 1094/1315/2053
f 937/1168/2063 942/1443/2073 1101/1318/2076 1098/1317/2064
f 941/1173/2074 946/1444/2084 1105/1320/2087 1102/1319/2075
f 945/1178/2085 950/1445/2090 1109/1322/2093 1106/1321/2086
f 949/1182/2091 874/1089/1882 1033/1446/1885 1110/1284/2092
s 1
f 879/1092/1891 872/1084/1874 1130/1093/1877
f 883/1096/1902 876/1091/1890 1129/1097/1892
f 887/1101/1913 880/1095/1901 1128/1102/1903
f 891/1106/1924 884/1100/1912 1127/1107/1914
f 895/1111/1935 888/1105/1923 1126/1112/1925
f 899/1116/1946 892/1110/1934 1125/1117/1936
f 903/1121/1957 896/1115/1945 1124/1122/1947
f 907/1126/1968 900/1120/1956 1123/1127/1958
f 911/1131/1979 904/1125/1967 1122/1132/1969
f 915/1136/1990 908/1130/1978 1121/1137/1980
f 919/1140/2001 912/1135/1989 1120/1141/1991
f 923/1145/2012 916/1139/2000 1119/1146/2002
f 927/1150/2023 920/1144/2011 1118/1151/2013
f 931/1155/2034 924/1149/2022 1117/1156/2024
f 935/1160/2045 928/1154/2033 1116/1161/2035
f 939/1165/2056 932/1159/2044 1115/1166/2046
f 943/1170/2067 936/1164/2055 1114/1171/2057
f 947/1175/2078 940/1169/2066 1113/1176/2068
f 951/1179/2089 944/1174/2077 1112/1180/2079
f 875/1447/1875 948/1448/2088 1131/1181/1876
s 22
f 953/1186/2098 958/1449/2100 1133/1193/2102
f 957/1192/2109 962/1450/2111 1134/1198/2112
f 961/1197/2116 966/1451/2118 1135/1203/2119
f 965/1202/2123 970/1452/2125 1136/1208/2126
f 969/1207/2130 974/1453/2132 1137/1213/2133
f 973/1212/2137 978/1454/2139 1138/1218/2140
f 977/1217/2144 982/1455/2146 1139/1223/2147
f 981/1222/2151 986/1456/2153 1140/1228/2154
f 985/1227/2158 990/1457/2160 1141/1232/2161
f 989/1231/2165 994/1458/2167 1142/1237/2168
f 993/1236/2172 998/1459/2174 1143/1242/2175
f 997/1241/2179 1002/1460/2181 1144/1247/2182
f 1001/1246/2186 1006/1461/2188 1145/1252/2189
f 1005/1251/2193 1010/1462/2195 1146/1257/2196
f 1009/1256/2200 1014/1463/2202 1147/1262/2203
f 1013/1261/2207 1018/1464/2209 1148/1267/2210
f 1017/1266/2214 1022/1465/2216 1149/1272/2217
f 1021/1271/2221 1026/1466/2223 1150/1277/2224
f 1025/1276/2228 1030/1467/2230 1151/1281/2231
f 1029/1279/2104 954/1188/2101 1132/1280/2103
s 44
f 1158/1330/2411 1153/1327/2398 1162/1468/2401 1165/1335/2412
f 1170/1339/2431 1159/1469/2410 1164/1470/2413 1173/1340/2432
f 1178/1344/2443 1171/1471/2430 1172/1472/2433 1181/1345/2444
f 1186/1350/2455 1179/1473/2442 1180/1474/2445 1189/1351/2456
f 1194/1355/2467 1187/1475/2454 1188/1476/2457 1197/1356/2468
f 1202/1360/2479 1195/1477/2466 1196/1478/2469 1205/1361/2480
f 1210/1365/2491 1203/1479/2478 1204/1480/2481 1213/1366/2492
f 1218/1370/2503 1211/1481/2490 1212/1482/2493 1221/1371/2504
f 1226/1375/2515 1219/1483/2502 1220/1484/2505 1229/1376/2516
f 1234/1380/2527 1227/1485/2514 1228/1486/2517 1237/1381/2528
f 1242/1385/2539 1235/1487/2526 1236/1488/2529 1245/1386/2540
f 1250/1390/2551 1243/1489/2538 1244/1490/2541 1253/1391/2552
f 1258/1395/2563 1251/1491/2550 1252/1492/2553 1261/1396/2564
f 1266/1400/2575 1259/1493/2562 1260/1494/2565 1269/1401/2576
f 1274/1405/2587 1267/1495/2574 1268/1496/2577 1277/1406/2588
f 1282/1410/2599 1275/1497/2586 1276/1498/2589 1285/1411/2600
f 1290/1415/2611 1283/1499/2598 1284/1500/2601 1293/1416/2612
f 1298/1420/2623 1291/1501/2610 1292/1502/2613 1301/1421/2624
f 1306/1424/2631 1299/1503/2622 1300/1504/2625 1309/1425/2632
f 1152/1326/2399 1307/1505/2630 1308/1426/2633 1163/1331/2400
s 23
f 1043/1506/2255 1044/1507/2262 1154/1508/2265 1157/1328/2256
s 22
f 967/1200/2117 960/1194/2113 1166/1334/2115 1161/1333/2121
s 23
f 1039/1509/2247 1040/1510/2254 1156/1511/2257 1169/1329/2248
s 22
f 963/1195/2110 956/1190/2106 1174/1337/2108 1167/1336/2114
s 23
f 1035/1512/2235 1036/1513/2246 1168/1514/2249 1177/1338/2236
s 22
f 959/1191/2099 952/1183/2094 1182/1342/2097 1175/1341/2107
s 23
f 1111/1323/2391 1032/1283/2234 1176/1515/2237 1185/1343/2392
s 22
f 955/1516/2095 1028/1517/2105 1190/1348/2233 1183/1347/2096
s 23
f 1107/1518/2383 1108/1519/2390 1184/1520/2393 1193/1349/2384
s 22
f 1031/1278/2229 1024/1273/2225 1198/1353/2227 1191/1352/2232
s 23
f 1103/1521/2375 1104/1522/2382 1192/1523/2385 1201/1354/2376
s 22
f 1027/1274/2222 1020/1268/2218 1206/1358/2220 1199/1357/2226
s 23
f 1099/1524/2367 1100/1525/2374 1200/1526/2377 1209/1359/2368
s 22
f 1023/1269/2215 1016/1263/2211 1214/1363/2213 1207/1362/2219
s 23
f 1095/1527/2359 1096/1528/2366 1208/1529/2369 1217/1364/2360
s 22
f 1019/1264/2208 1012/1258/2204 1222/1368/2206 1215/1367/2212
s 23
f 1091/1530/2351 1092/1531/2358 1216/1532/2361 1225/1369/2352
s 22
f 1015/1259/2201 1008/1253/2197 1230/1373/2199 1223/1372/2205
s 23
f 1087/1533/2343 1088/1534/2350 1224/1535/2353 1233/1374/2344
s 22
f 1011/1254/2194 1004/1248/2190 1238/1378/2192 1231/1377/2198
s 23
f 1083/1536/2335 1084/1537/2342 1232/1538/2345 1241/1379/2336
s 22
f 1007/1249/2187 1000/1243/2183 1246/1383/2185 1239/1382/2191
s 23
f 1079/1539/2327 1080/1540/2334 1240/1541/2337 1249/1384/2328
s 22
f 1003/1244/2180 996/1238/2176 1254/1388/2178 1247/1387/2184
s 23
f 1075/1542/2319 1076/1543/2326 1248/1544/2329 1257/1389/2320
s 22
f 999/1239/2173 992/1233/2169 1262/1393/2171 1255/1392/2177
s 23
f 1071/1545/2311 1072/1546/2318 1256/1547/2321 1265/1394/2312
s 22
f 995/1234/2166 988/1229/2162 1270/1398/2164 1263/1397/2170
s 23
f 1067/1548/2303 1068/1549/2310 1264/1550/2313 1273/1399/2304
s 22
f 991/1230/2159 984/1224/2155 1278/1403/2157 1271/1402/2163
s 23
f 1063/1551/2295 1064/1552/2302 1272/1553/2305 1281/1404/2296
s 22
f 987/1225/2152 980/1219/2148 1286/1408/2150 1279/1407/2156
s 23
f 1059/1554/2287 1060/1555/2294 1280/1556/2297 1289/1409/2288
s 22
f 983/1220/2145 976/1214/2141 1294/1413/2143 1287/1412/2149
s 23
f 1055/1557/2279 1056/1558/2286 1288/1559/2289 1297/1414/2280
s 22
f 979/1215/2138 972/1209/2134 1302/1418/2136 1295/1417/2142
s 23
f 1051/1560/2271 1052/1561/2278 1296/1562/2281 1305/1419/2272
s 22
f 975/1210/2131 968/1204/2127 1310/1423/2129 1303/1422/2135
s 23
f 1047/1563/2263 1048/1564/2270 1304/1325/2273 1155/1324/2264
s 22
f 971/1205/2124 964/1199/2120 1160/1565/2122 1311/1332/2128
s 2
f 872/1085/1879 873/1086/1878 874/1566/1887 875/1567/1886
f 876/1091/1894 877/1094/1893 878/1427/1881 879/1568/1880
f 880/1098/1905 881/1099/1904 882/1428/1896 883/1096/1895
f 884/1103/1916 885/1104/1915 886/1429/1907 887/1569/1906
f 888/1108/1927 889/1109/1926 890/1430/1918 891/1570/1917
f 892/1113/1938 893/1114/1937 894/1431/1929 895/1571/1928
f 896/1118/1949 897/1119/1948 898/1432/1940 899/1572/1939
f 900/1123/1960 901/1124/1959 902/1433/1951 903/1573/1950
f 904/1128/1971 905/1129/1970 906/1434/1962 907/1574/1961
f 908/1133/1982 909/1134/1981 910/1435/1973 911/1575/1972
f 912/1607/1993 913/1138/1992 914/1436/1984 915/1576/1983
f 916/1142/2004 917/1143/2003 918/1437/1995 919/1608/1994
f 920/1147/2015 921/1148/2014 922/1438/2006 923/1577/2005
f 924/1152/2026 925/1153/2025 926/1439/2017 927/1578/2016
f 928/1157/2037 929/1158/2036 930/1440/2028 931/1579/2027
f 932/1162/2048 933/1163/2047 934/1441/2039 935/1580/2038
f 936/1167/2059 937/1168/2058 938/1442/2050 939/1581/2049
f 940/1172/2070 941/1173/2069 942/1443/2061 943/1582/2060
f 944/1177/2081 945/1178/2080 946/1444/2072 947/1583/2071
f 948/1090/1889 949/1182/1888 950/1445/2083 951/1584/2082
s 22
f 952/1185/2094 953/1186/2098 954/1188/2101 955/1187/2095
f 956/1190/2106 957/1192/2109 958/1449/2100 959/1585/2099
f 960/1196/2113 961/1197/2116 962/1450/2111 963/1195/2110
f 964/1201/2120 965/1202/2123 966/1451/2118 967/1586/2117
f 968/1206/2127 969/1207/2130 970/1452/2125 971/1587/2124
f 972/1211/2134 973/1212/2137 974/1453/2132 975/1588/2131
f 976/1216/2141 977/1217/2144 978/1454/2139 979/1589/2138
f 980/1221/2148 981/1222/2151 982/1455/2146 983/1590/2145
f 984/1226/2155 985/1227/2158 986/1456/2153 987/1591/2152
f 988/1605/2162 989/1231/2165 990/1457/2160 991/1592/2159
f 992/1235/2169 993/1236/2172 994/1458/2167 995/1606/2166
f 996/1240/2176 997/1241/2179 998/1459/2174 999/1593/2173
f 1000/1245/2183 1001/1246/2186 1002/1460/2181 1003/1594/2180
f 1004/1250/2190 1005/1251/2193 1006/1461/2188 1007/1595/2187
f 1008/1255/2197 1009/1256/2200 1010/1462/2195 1011/1596/2194
f 1012/1260/2204 1013/1261/2207 1014/1463/2202 1015/1597/2201
f 1016/1265/2211 1017/1266/2214 1018/1464/2209 1019/1598/2208
f 1020/1270/2218 1021/1271/2221 1022/1465/2216 1023/1599/2215
f 1024/1275/2225 1025/1276/2228 1026/1466/2223 1027/1600/2222
f 1028/1189/2105 1029/1279/2104 1030/1467/2230 1031/1601/2229
s 24
f 1032/1602/2239 1033/1087/2238 1034/1285/2243 1035/1512/2242
f 1036/1513/2245 1037/1286/2244 1038/1287/2251 1039/1509/2250
f 1040/1510/2253 1041/1288/2252 1042/1289/2259 1043/1506/2258
f 1044/1507/2261 1045/1290/2260 1046/1291/2267 1047/1563/2266
f 1048/1564/2269 1049/1292/2268 1050/1293/2275 1051/1560/2274
f 1052/1561/2277 1053/1294/2276 1054/1295/2283 1055/1557/2282
f 1056/1558/2285 1057/1296/2284 1058/1297/2291 1059/1554/2290
f 1060/1555/2293 1061/1298/2292 1062/1299/2299 1063/1551/2298
f 1064/1552/2301 1065/1300/2300 1066/1301/2307 1067/1548/2306
f 1068/1549/2309 1069/1302/2308 1070/1303/2315 1071/1545/2314
f 1072/1546/2317 1073/1304/2316 1074/1305/2323 1075/1542/2322
f 1076/1543/2325 1077/1306/2324 1078/1307/2331 1079/1539/2330
f 1080/1540/2333 1081/1308/2332 1082/1309/2339 1083/1536/2338
f 1084/1537/2341 1085/1310/2340 1086/1311/2347 1087/1533/2346
f 1088/1534/2349 1089/1312/2348 1090/1313/2355 1091/1530/2354
f 1092/1531/2357 1093/1314/2356 1094/1315/2363 1095/1527/2362
f 1096/1528/2365 1097/1316/2364 1098/1317/2371 1099/1524/2370
f 1100/1525/2373 1101/1318/2372 1102/1319/2379 1103/1521/2378
f 1104/1522/2381 1105/1320/2380 1106/1321/2387 1107/1518/2386
f 1108/1519/2389 1109/1322/2388 1110/1284/2241 1111/1323/2240
s 1
f 1112/1180/2079 1113/1176/2068 1114/1171/2057 1115/1166/2046 1116/1161/2035 1117/1156/2024 1118/1151/2013 1119/1146/2002 1120/1141/1991 1121/1137/1980 1122/1132/1969 1123/1127/1958 1124/1122/1947 1125/1117/1936 1126/1112/1925 1127/1107/1914 1128/1102/1903 1129/1097/1892 1130/1093/1877 1131/1181/1876
s 22
f 1132/1280/2103 1133/1193/2102 1134/1198/2112 1135/1203/2119 1136/1208/2126 1137/1213/2133 1138/1218/2140 1139/1223/2147 1140/1228/2154 1141/1232/2161 1142/1237/2168 1143/1242/2175 1144/1247/2182 1145/1252/2189 1146/1257/2196 1147/1262/2203 1148/1267/2210 1149/1272/2217 1150/1277/2224 1151/1281/2231
s 43
f 1152/1326/2394 1153/1327/2403 1154/1508/2402 1155/1324/2395
f 1156/1511/2406 1157/1328/2405 1158/1330/2404 1159/1469/2407
s 45
f 1160/1565/2414 1161/1333/2419 1162/1468/2418 1163/1331/2415
f 1164/1470/2422 1165/1335/2421 1166/1334/2420 1167/1336/2423
s 43
f 1168/1514/2426 1169/1329/2409 1170/1339/2408 1171/1471/2427
s 45
f 1172/1472/2434 1173/1340/2425 1174/1337/2424 1175/1341/2435
s 43
f 1176/1282/2438 1177/1338/2429 1178/1344/2428 1179/1603/2439
s 45
f 1180/1346/2446 1181/1345/2437 1182/1342/2436 1183/1604/2447
s 43
f 1184/1520/2450 1185/1343/2441 1186/1350/2440 1187/1475/2451
s 45
f 1188/1476/2458 1189/1351/2449 1190/1348/2448 1191/1352/2459
s 43
f 1192/1523/2462 1193/1349/2453 1194/1355/2452 1195/1477/2463
s 45
f 1196/1478/2470 1197/1356/2461 1198/1353/2460 1199/1357/2471
s 43
f 1200/1526/2474 1201/1354/2465 1202/1360/2464 1203/1479/2475
s 45
f 1204/1480/2482 1205/1361/2473 1206/1358/2472 1207/1362/2483
s 43
f 1208/1529/2486 1209/1359/2477 1210/1365/2476 1211/1481/2487
s 45
f 1212/1482/2494 1213/1366/2485 1214/1363/2484 1215/1367/2495
s 43
f 1216/1532/2498 1217/1364/2489 1218/1370/2488 1219/1483/2499
s 45
f 1220/1484/2506 1221/1371/2497 1222/1368/2496 1223/1372/2507
s 43
f 1224/1535/2510 1225/1369/2501 1226/1375/2500 1227/1485/2511
s 45
f 1228/1486/2518 1229/1376/2509 1230/1373/2508 1231/1377/2519
s 43
f 1232/1538/2522 1233/1374/2513 1234/1380/2512 1235/1487/2523
s 45
f 1236/1488/2530 1237/1381/2521 1238/1378/2520 1239/1382/2531
s 43
f 1240/1541/2534 1241/1379/2525 1242/1385/2524 1243/1489/2535
s 45
f 1244/1490/2542 1245/1386/2533 1246/1383/2532 1247/1387/2543
s 43
f 1248/1544/2546 1249/1384/2537 1250/1390/2536 1251/1491/2547
s 45
f 1252/1492/2554 1253/1391/2545 1254/1388/2544 1255/1392/2555
s 43
f 1256/1547/2558 1257/1389/2549 1258/1395/2548 1259/1493/2559
s 45
f 1260/1494/2566 1261/1396/2557 1262/1393/2556 1263/1397/2567
s 43
f 1264/1550/2570 1265/1394/2561 1266/1400/2560 1267/1495/2571
s 45
f 1268/1496/2578 1269/1401/2569 1270/1398/2568 1271/1402/2579
s 43
f 1272/1553/2582 1273/1399/2573 1274/1405/2572 1275/1497/2583
s 45
f 1276/1498/2590 1277/1406/2581 1278/1403/2580 1279/1407/2591
s 43
f 1280/1556/2594 1281/1404/2585 1282/1410/2584 1283/1499/2595
s 45
f 1284/1500/2602 1285/1411/2593 1286/1408/2592 1287/1412/2603
s 43
f 1288/1559/2606 1289/1409/2597 1290/1415/2596 1291/1501/2607
s 45
f 1292/1502/2614 1293/1416/2605 1294/1413/2604 1295/1417/2615
s 43
f 1296/1562/2618 1297/1414/2609 1298/1420/2608 1299/1503/2619
s 45
f 1300/1504/2626 1301/1421/2617 1302/1418/2616 1303/1422/2627
s 43
f 1304/1325/2396 1305/1419/2621 1306/1424/2620 1307/1505/2397
s 45
f 1308/1426/2416 1309/1425/2629 1310/1423/2628 1311/1332/2417
g default
v 236.094849 -39.371811 -75.009995
v 236.258392 -39.113266 -75.062790
v 236.332306 -39.113529 -74.835403
v 236.169006 -39.371811 -74.781784
v 232.482925 -39.371811 -82.016235
v 232.622147 -39.113266 -82.116943
v 232.762726 -39.113529 -81.923538
v 232.623962 -39.371811 -81.822098
v 226.882675 -39.371811 -87.563416
v 226.983978 -39.113266 -87.702225
v 227.177429 -39.113529 -87.561691
v 227.076797 -39.371811 -87.422318
v 219.842377 -39.371811 -91.108459
v 219.895844 -39.113266 -91.271744
v 220.123260 -39.113529 -91.197906
v 220.070602 -39.371811 -91.034332
v 212.051163 -39.371811 -92.304443
v 212.051544 -39.113266 -92.476318
v 212.290649 -39.113529 -92.476318
v 212.291122 -39.371811 -92.304443
v 204.271713 -39.371811 -91.034332
v 204.218948 -39.113266 -91.197845
v 204.446350 -39.113529 -91.271744
v 204.499908 -39.371811 -91.108459
v 197.265503 -39.371811 -87.422318
v 197.164795 -39.113266 -87.561569
v 197.358231 -39.113529 -87.702103
v 197.459641 -39.371811 -87.563416
v 191.718353 -39.371811 -81.822098
v 191.579529 -39.113266 -81.923416
v 191.720078 -39.113529 -82.116867
v 191.859406 -39.371811 -82.016235
v 188.173264 -39.371811 -74.781784
v 188.009964 -39.113266 -74.835251
v 188.083817 -39.113529 -75.062668
v 188.247421 -39.371811 -75.009995
v 186.977264 -39.371811 -66.990616
v 186.805435 -39.113266 -66.990959
v 186.805405 -39.113529 -67.230042
v 186.977264 -39.371811 -67.230530
v 188.247421 -39.371811 -59.211109
v 188.083878 -39.113266 -59.158428
v 188.009979 -39.113529 -59.385750
v 188.173264 -39.371811 -59.439350
v 191.859390 -39.371811 -52.205013
v 191.720154 -39.113266 -52.104305
v 191.579590 -39.113529 -52.297733
v 191.718353 -39.371811 -52.399120
v 197.459641 -39.371811 -46.657742
v 197.358322 -39.113266 -46.518925
v 197.164886 -39.113529 -46.659531
v 197.265503 -39.371811 -46.798824
v 204.500778 -39.546593 -42.940739
v 204.455490 -39.172760 -42.947994
v 204.217834 -39.110603 -43.023914
v 204.228882 -39.371811 -43.204899
v 204.380234 -39.635796 -43.132614
v 212.290878 -39.557098 -41.744873
v 212.289398 -39.188808 -41.744633
v 212.051422 -39.186523 -41.744873
v 212.051422 -39.557098 -41.744873
v 219.962082 -39.635796 -43.132614
v 220.111633 -39.371811 -43.200542
v 220.120041 -39.121223 -43.021641
v 219.885880 -39.171310 -42.947803
v 219.841522 -39.546593 -42.940739
v 227.076797 -39.371811 -46.798824
v 227.177521 -39.113266 -46.659531
v 226.984085 -39.113529 -46.519024
v 226.882660 -39.371811 -46.657742
v 232.623917 -39.371811 -52.399120
v 232.762756 -39.113266 -52.297832
v 232.622208 -39.113529 -52.104454
v 232.482880 -39.371811 -52.205013
v 236.169006 -39.371811 -59.439350
v 236.332336 -39.113266 -59.385944
v 236.258469 -39.113529 -59.158478
v 236.094849 -39.371811 -59.211109
v 237.365005 -39.371811 -67.230530
v 237.536850 -39.113266 -67.230194
v 237.536865 -39.113529 -66.991104
v 237.365005 -39.371811 -66.990616
v 236.169006 -34.283115 -74.781784
v 236.332336 -34.541656 -74.835251
v 236.258469 -34.541397 -75.062668
v 236.094849 -34.283115 -75.009995
v 232.623962 -34.283115 -81.822098
v 232.762772 -34.541656 -81.923416
v 232.622238 -34.541397 -82.116867
v 232.482925 -34.283115 -82.016235
v 227.076797 -34.283115 -87.422318
v 227.177536 -34.541656 -87.561569
v 226.984100 -34.541397 -87.702103
v 226.882675 -34.283115 -87.563416
v 220.070602 -34.283115 -91.034332
v 220.123337 -34.541656 -91.197845
v 219.895950 -34.541397 -91.271744
v 219.842377 -34.283115 -91.108459
v 212.291122 -34.283115 -92.304443
v 212.290771 -34.541656 -92.476318
v 212.051666 -34.541397 -92.476318
v 212.051163 -34.283115 -92.304443
v 204.499908 -34.283115 -91.108459
v 204.446472 -34.541656 -91.271744
v 204.219055 -34.541397 -91.197906
v 204.271713 -34.283115 -91.034332
v 197.459641 -34.283115 -87.563416
v 197.358322 -34.541656 -87.702225
v 197.164886 -34.541397 -87.561691
v 197.265503 -34.283115 -87.422318
v 191.859390 -34.283115 -82.016235
v 191.720154 -34.541656 -82.116943
v 191.579590 -34.541397 -81.923538
v 191.718353 -34.283115 -81.822098
v 188.247421 -34.283115 -75.009995
v 188.083878 -34.541656 -75.062790
v 188.009979 -34.541397 -74.835403
v 188.173264 -34.283115 -74.781784
v 186.977264 -34.283115 -67.230530
v 186.805435 -34.541656 -67.230194
v 186.805405 -34.541397 -66.991104
v 186.977264 -34.283115 -66.990616
v 188.173264 -34.283115 -59.439350
v 188.009964 -34.541656 -59.385944
v 188.083817 -34.541397 -59.158478
v 188.247421 -34.283115 -59.211109
v 191.718353 -34.283115 -52.399120
v 191.579529 -34.541656 -52.297832
v 191.720078 -34.541397 -52.104454
v 191.859406 -34.283115 -52.205013
v 197.265503 -34.283115 -46.798824
v 197.164795 -34.541656 -46.659531
v 197.358231 -34.541397 -46.519024
v 197.459641 -34.283115 -46.657742
v 204.271713 -34.283115 -43.186886
v 204.218979 -34.541656 -43.023285
v 204.446350 -34.541397 -42.949402
v 204.499908 -34.283115 -43.112663
v 212.051163 -34.283115 -41.916706
v 212.051544 -34.541656 -41.744823
v 212.290649 -34.541397 -41.744823
v 212.291122 -34.283115 -41.916706
v 219.842361 -34.283115 -43.112663
v 219.895813 -34.541656 -42.949402
v 220.123230 -34.541397 -43.023235
v 220.070572 -34.283115 -43.186886
v 226.882660 -34.283115 -46.657742
v 226.983978 -34.541656 -46.518925
v 227.177429 -34.541397 -46.659531
v 227.076797 -34.283115 -46.798824
v 232.482880 -34.283115 -52.205013
v 232.622147 -34.541656 -52.104305
v 232.762711 -34.541397 -52.297733
v 232.623917 -34.283115 -52.399120
v 236.094849 -34.283115 -59.211109
v 236.258392 -34.541656 -59.158428
v 236.332306 -34.541397 -59.385750
v 236.169006 -34.283115 -59.439350
v 237.365005 -34.283115 -66.990616
v 237.536850 -34.541656 -66.990959
v 237.536865 -34.541397 -67.230042
v 237.365005 -34.283115 -67.230530
v 212.074402 -39.580883 -66.812881
v 211.719940 -39.371811 -66.281448
v 211.617203 -39.371811 -66.556656
v 211.489166 -39.371811 -66.763062
v 211.415161 -39.371811 -66.990860
v 211.415161 -39.371811 -67.230286
v 211.489166 -39.371811 -67.458084
v 211.629929 -39.371811 -67.651855
v 211.823669 -39.371811 -67.792557
v 212.051422 -39.371811 -67.866531
v 212.290878 -39.371811 -67.866531
v 212.518631 -39.371811 -67.792557
v 212.712372 -39.371811 -67.651855
v 212.853119 -39.371811 -67.458084
v 212.927139 -39.371811 -67.230286
v 212.927139 -39.371811 -66.990860
v 212.853149 -39.371811 -66.763062
v 212.737823 -39.371811 -66.543915
v 212.662949 -39.371811 -66.206940
v 212.267883 -39.580883 -66.812881
v 219.831665 -34.283115 -69.725571
v 219.668625 -34.541920 -69.672577
v 219.742630 -34.541920 -69.444870
v 219.905670 -34.283115 -69.497787
v 218.648697 -34.283115 -71.964813
v 218.509979 -34.541920 -71.864029
v 218.650742 -34.541920 -71.670258
v 218.789459 -34.283115 -71.771088
v 216.831619 -34.283115 -73.728867
v 216.730865 -34.541920 -73.590179
v 216.924591 -34.541920 -73.449402
v 217.025360 -34.283115 -73.588150
v 214.558334 -34.283115 -74.845154
v 214.505371 -34.541920 -74.682129
v 214.733109 -34.541920 -74.608109
v 214.786087 -34.283115 -74.771149
v 212.051422 -34.283115 -75.204239
v 212.051422 -34.541920 -75.032791
v 212.290878 -34.541920 -75.032791
v 212.290878 -34.283115 -75.204239
v 209.556198 -34.283115 -74.771149
v 209.609177 -34.541920 -74.608109
v 209.836914 -34.541920 -74.682129
v 209.783951 -34.283115 -74.845154
v 207.316940 -34.283115 -73.588150
v 207.417694 -34.541920 -73.449402
v 207.611435 -34.541920 -73.590179
v 207.510666 -34.283115 -73.728867
v 205.552841 -34.283115 -71.771088
v 205.691528 -34.541920 -71.670258
v 205.832306 -34.541920 -71.864029
v 205.693588 -34.283115 -71.964813
v 204.436584 -34.283115 -69.497787
v 204.599640 -34.541920 -69.444870
v 204.673660 -34.541920 -69.672577
v 204.510605 -34.283115 -69.725571
v 204.077469 -34.283115 -66.990860
v 204.248917 -34.541920 -66.990860
v 204.248917 -34.541920 -67.230286
v 204.077469 -34.283115 -67.230286
v 204.510605 -34.283115 -64.495773
v 204.673660 -34.541920 -64.548691
v 204.599625 -34.541920 -64.776443
v 204.436584 -34.283115 -64.723480
v 205.693588 -34.283115 -62.256416
v 205.832306 -34.541920 -62.357174
v 205.691528 -34.541920 -62.550892
v 205.552841 -34.283115 -62.450138
v 207.510666 -34.283115 -60.492279
v 207.611435 -34.541920 -60.631046
v 207.417694 -34.541920 -60.771748
v 207.316940 -34.283115 -60.633030
v 209.783951 -34.283115 -59.376118
v 209.836914 -34.541920 -59.539089
v 209.609177 -34.541920 -59.613163
v 209.556198 -34.283115 -59.450047
v 212.290878 -34.283115 -59.016956
v 212.290878 -34.541920 -59.188400
v 212.051422 -34.541920 -59.188400
v 212.051422 -34.283115 -59.016956
v 214.786087 -34.283115 -59.450047
v 214.733109 -34.541920 -59.613163
v 214.505371 -34.541920 -59.539089
v 214.558334 -34.283115 -59.376118
v 217.025360 -34.283115 -60.633030
v 216.924591 -34.541920 -60.771748
v 216.730865 -34.541920 -60.631046
v 216.831604 -34.283115 -60.492279
v 218.789444 -34.283115 -62.450138
v 218.650742 -34.541920 -62.550892
v 218.509979 -34.541920 -62.357174
v 218.648697 -34.283115 -62.256416
v 219.905670 -34.283115 -64.723480
v 219.742630 -34.541920 -64.776443
v 219.668625 -34.541920 -64.548691
v 219.831665 -34.283115 -64.495773
v 220.264832 -34.283115 -67.230286
v 220.093369 -34.541920 -67.230286
v 220.093369 -34.541920 -66.990860
v 220.264832 -34.283115 -66.990860
v 219.742599 -35.713120 -69.444992
v 219.668747 -35.713387 -69.672348
v 219.505356 -35.971664 -69.619705
v 219.579437 -35.971664 -69.391678
v 218.371048 -35.971664 -71.763229
v 218.511871 -35.971664 -71.569061
v 218.650681 -35.713120 -71.670380
v 218.510071 -35.713120 -71.863907
v 212.927139 -35.971664 -67.230286
v 212.853149 -35.971664 -67.458084
v 212.712372 -35.971664 -67.651855
v 212.518631 -35.971664 -67.792557
v 212.290878 -35.971664 -67.866531
v 212.051422 -35.971664 -67.866531
v 211.823669 -35.971664 -67.792557
v 211.629944 -35.971664 -67.651855
v 211.489151 -35.971664 -67.458084
v 211.415176 -35.971664 -67.230286
v 211.415115 -35.971664 -66.990860
v 211.489182 -35.971664 -66.763153
v 211.629944 -35.971664 -66.569336
v 211.823669 -35.971664 -66.428589
v 212.051422 -35.971664 -66.354561
v 212.290878 -35.971664 -66.354561
v 212.518631 -35.971664 -66.428589
v 212.712372 -35.971664 -66.569336
v 212.853119 -35.971664 -66.763153
v 212.927170 -35.971664 -66.990860
v 216.629883 -35.971664 -73.451447
v 216.823792 -35.971664 -73.310272
v 216.924515 -35.713120 -73.449524
v 216.730957 -35.713120 -73.590134
v 214.452225 -35.971664 -74.518890
v 214.680267 -35.971664 -74.444641
v 214.733017 -35.713120 -74.608170
v 214.505508 -35.713120 -74.682068
v 212.051315 -35.971664 -74.861160
v 212.291122 -35.971664 -74.860962
v 212.290771 -35.713120 -75.032837
v 212.051544 -35.713120 -75.032837
v 209.662094 -35.971664 -74.444824
v 209.890244 -35.971664 -74.518768
v 209.836792 -35.713120 -74.682068
v 209.609283 -35.713120 -74.608170
v 207.518478 -35.971664 -73.310516
v 207.712616 -35.971664 -73.451355
v 207.611313 -35.713120 -73.590134
v 207.417786 -35.713120 -73.449524
v 205.830322 -35.971664 -71.569305
v 205.971451 -35.971664 -71.763229
v 205.832230 -35.713120 -71.863907
v 205.691605 -35.713120 -71.670380
v 204.762833 -35.971664 -69.391678
v 204.837143 -35.971664 -69.619705
v 204.673584 -35.713120 -69.672455
v 204.599670 -35.713120 -69.444992
v 204.420547 -35.971664 -66.990723
v 204.420746 -35.971664 -67.230530
v 204.248901 -35.713120 -67.230194
v 204.248901 -35.713120 -66.990959
v 204.836914 -35.971664 -64.601608
v 204.762985 -35.971664 -64.829803
v 204.599670 -35.713120 -64.776352
v 204.673584 -35.713120 -64.548889
v 205.971237 -35.971664 -62.457932
v 205.830399 -35.971664 -62.652084
v 205.691605 -35.713120 -62.550797
v 205.832230 -35.713120 -62.357273
v 207.712402 -35.971664 -60.769764
v 207.518494 -35.971664 -60.910946
v 207.417786 -35.713120 -60.771694
v 207.611313 -35.713120 -60.631092
v 209.890076 -35.971664 -59.702301
v 209.662033 -35.971664 -59.776623
v 209.609283 -35.713120 -59.613071
v 209.836792 -35.713120 -59.539135
v 212.290985 -35.971664 -59.360043
v 212.051163 -35.971664 -59.360233
v 212.051544 -35.713120 -59.188351
v 212.290771 -35.713120 -59.188351
v 214.680206 -35.971664 -59.776382
v 214.452057 -35.971664 -59.702496
v 214.505508 -35.713120 -59.539135
v 214.733017 -35.713120 -59.613071
v 216.823792 -35.971664 -60.910656
v 216.629654 -35.971664 -60.769905
v 216.730957 -35.713120 -60.631092
v 216.924500 -35.713120 -60.771694
v 218.511963 -35.971664 -62.651890
v 218.370834 -35.971664 -62.457981
v 218.510071 -35.713120 -62.357273
v 218.650681 -35.713120 -62.550797
v 219.579437 -35.971664 -64.829651
v 219.505142 -35.971664 -64.601562
v 219.668701 -35.713120 -64.548889
v 219.742599 -35.713120 -64.776352
v 219.921753 -35.971664 -67.230438
v 219.921539 -35.971664 -66.990616
v 220.093369 -35.713120 -66.990959
v 220.093369 -35.713120 -67.230194
v 230.933884 -34.541397 -73.332596
v 230.770493 -34.283115 -73.279968
v 230.844421 -34.283115 -73.051773
v 231.007751 -34.541397 -73.105377
v 231.938232 -34.541397 -67.230042
v 231.766571 -34.283115 -67.230438
v 231.766373 -34.283115 -66.990616
v 231.938232 -34.541397 -66.991104
v 231.901947 -34.541920 -73.395660
v 232.064987 -34.283115 -73.448608
v 231.990997 -34.283115 -73.676361
v 231.827942 -34.541920 -73.623444
v 232.878387 -34.541920 -66.990860
v 233.049850 -34.283115 -66.990860
v 233.049850 -34.283115 -67.230286
v 232.878387 -34.541920 -67.230286
v 228.994080 -34.541920 -79.185120
v 229.132782 -34.283115 -79.285934
v 228.992004 -34.283115 -79.479645
v 228.853302 -34.541920 -79.378891
v 228.092804 -34.541397 -78.826157
v 227.953720 -34.283115 -78.725525
v 228.094528 -34.283115 -78.531372
v 228.233292 -34.541397 -78.632797
v 224.439423 -34.541920 -83.792740
v 224.540207 -34.283115 -83.931473
v 224.346481 -34.283115 -84.072205
v 224.245697 -34.541920 -83.933517
v 223.693298 -34.541397 -83.172806
v 223.592117 -34.283115 -83.034103
v 223.786011 -34.283115 -82.893021
v 223.886658 -34.541397 -83.032318
v 218.683899 -34.541920 -86.767471
v 218.736877 -34.283115 -86.930496
v 218.509125 -34.283115 -87.004532
v 218.456161 -34.541920 -86.841431
v 218.165878 -34.541397 -85.947189
v 218.112488 -34.283115 -85.784027
v 218.340530 -34.283115 -85.709747
v 218.393158 -34.541397 -85.873352
v 212.290878 -34.541920 -87.817871
v 212.290878 -34.283115 -87.989319
v 212.051422 -34.283115 -87.989319
v 212.051422 -34.541920 -87.817871
v 212.051666 -34.541397 -86.877701
v 212.051315 -34.283115 -86.706055
v 212.291122 -34.283115 -86.705826
v 212.290649 -34.541397 -86.877701
v 205.886108 -34.541920 -86.841431
v 205.833130 -34.283115 -87.004532
v 205.605392 -34.283115 -86.930496
v 205.658371 -34.541920 -86.767471
v 205.949112 -34.541397 -85.873352
v 206.001831 -34.283115 -85.709946
v 206.229980 -34.283115 -85.783905
v 206.176407 -34.541397 -85.947189
v 200.096573 -34.541920 -83.933517
v 199.995789 -34.283115 -84.072205
v 199.802048 -34.283115 -83.931473
v 199.902832 -34.541920 -83.792740
v 200.455658 -34.541397 -83.032318
v 200.556274 -34.283115 -82.893219
v 200.750427 -34.283115 -83.034042
v 200.649017 -34.541397 -83.172806
v 195.488968 -34.541920 -79.378891
v 195.350250 -34.283115 -79.479645
v 195.209503 -34.283115 -79.285934
v 195.348206 -34.541920 -79.185120
v 196.108963 -34.541397 -78.632797
v 196.247635 -34.283115 -78.531555
v 196.388763 -34.283115 -78.725525
v 196.249451 -34.541397 -78.826157
v 192.514343 -34.541920 -73.623444
v 192.351273 -34.283115 -73.676361
v 192.277283 -34.283115 -73.448608
v 192.440323 -34.541920 -73.395660
v 193.334549 -34.541397 -73.105377
v 193.497711 -34.283115 -73.051941
v 193.572006 -34.283115 -73.279968
v 193.408417 -34.541397 -73.332596
v 191.463806 -34.541920 -67.230286
v 191.292374 -34.283115 -67.230286
v 191.292374 -34.283115 -66.990860
v 191.463806 -34.541920 -66.990860
v 192.404007 -34.541397 -66.991104
v 192.575684 -34.283115 -66.990723
v 192.575851 -34.283115 -67.230530
v 192.404007 -34.541397 -67.230042
v 192.440323 -34.541920 -60.825584
v 192.277283 -34.283115 -60.772617
v 192.351288 -34.283115 -60.544910
v 192.514328 -34.541920 -60.597832
v 193.408417 -34.541397 -60.888626
v 193.571793 -34.283115 -60.941303
v 193.497864 -34.283115 -61.169445
v 193.334549 -34.541397 -61.115898
v 195.348206 -34.541920 -55.036030
v 195.209503 -34.283115 -54.935268
v 195.350250 -34.283115 -54.741505
v 195.488968 -34.541920 -54.842262
v 196.249451 -34.541397 -55.395187
v 196.388535 -34.283115 -55.495754
v 196.247726 -34.283115 -55.689907
v 196.108963 -34.541397 -55.588470
v 199.902863 -34.541920 -50.428387
v 199.802094 -34.283115 -50.289722
v 199.995819 -34.283115 -50.148922
v 200.096588 -34.541920 -50.287640
v 200.649002 -34.541397 -51.048470
v 200.750183 -34.283115 -51.187138
v 200.556290 -34.283115 -51.328323
v 200.455658 -34.541397 -51.188931
v 205.658371 -34.541920 -47.453865
v 205.605392 -34.283115 -47.290794
v 205.833130 -34.283115 -47.216812
v 205.886108 -34.541920 -47.379833
v 206.176407 -34.541397 -48.274151
v 206.229813 -34.283115 -48.437366
v 206.001770 -34.283115 -48.511639
v 205.949112 -34.541397 -48.347988
v 212.051422 -34.541920 -46.403355
v 212.051422 -34.283115 -46.231861
v 212.290878 -34.283115 -46.231861
v 212.290878 -34.541920 -46.403355
v 212.290649 -34.541397 -47.343571
v 212.290985 -34.283115 -47.515259
v 212.051163 -34.283115 -47.515453
v 212.051666 -34.541397 -47.343571
v 218.456161 -34.541920 -47.379833
v 218.509125 -34.283115 -47.216812
v 218.736877 -34.283115 -47.290794
v 218.683899 -34.541920 -47.453865
v 218.393158 -34.541397 -48.347988
v 218.340439 -34.283115 -48.511448
v 218.112289 -34.283115 -48.437466
v 218.165863 -34.541397 -48.274151
v 224.245697 -34.541920 -50.287640
v 224.346466 -34.283115 -50.148922
v 224.540207 -34.283115 -50.289722
v 224.439423 -34.541920 -50.428387
v 223.886658 -34.541397 -51.188931
v 223.786026 -34.283115 -51.328030
v 223.591888 -34.283115 -51.187283
v 223.693298 -34.541397 -51.048470
v 228.853302 -34.541920 -54.842262
v 228.992004 -34.283115 -54.741505
v 229.132782 -34.283115 -54.935268
v 228.994080 -34.541920 -55.036030
v 228.233292 -34.541397 -55.588470
v 228.094604 -34.283115 -55.689663
v 227.953491 -34.283115 -55.495800
v 228.092804 -34.541397 -55.395187
v 231.827942 -34.541920 -60.597832
v 231.990997 -34.283115 -60.544910
v 232.064987 -34.283115 -60.772617
v 231.901947 -34.541920 -60.825584
v 231.007706 -34.541397 -61.115898
v 230.844543 -34.283115 -61.169201
v 230.770264 -34.283115 -60.941257
v 230.933853 -34.541397 -60.888626
v 227.385788 -34.541920 -71.928223
v 227.548843 -34.283115 -71.981216
v 227.474823 -34.283115 -72.208923
v 227.311783 -34.541920 -72.155991
v 225.152420 -34.541920 -76.393997
v 225.291107 -34.283115 -76.494827
v 225.150345 -34.283115 -76.688553
v 225.011658 -34.541920 -76.587799
v 226.507095 -34.541397 -71.894287
v 226.343719 -34.283115 -71.841599
v 226.417633 -34.283115 -71.613388
v 226.580948 -34.541397 -71.667007
v 224.327255 -34.541397 -76.090256
v 224.188126 -34.283115 -75.989624
v 224.328979 -34.283115 -75.795471
v 224.467728 -34.541397 -75.896912
v 227.283691 -34.541397 -67.230042
v 227.112015 -34.283115 -67.230438
v 227.111847 -34.283115 -66.990616
v 227.283691 -34.541397 -66.991104
v 228.129868 -34.541920 -66.990860
v 228.301331 -34.283115 -66.990860
v 228.301331 -34.283115 -67.230286
v 228.129868 -34.541920 -67.230286
v 221.648270 -34.541920 -79.951065
v 221.749054 -34.283115 -80.089798
v 221.555328 -34.283115 -80.230530
v 221.454544 -34.541920 -80.091827
v 220.957428 -34.541397 -79.407166
v 220.856201 -34.283115 -79.268539
v 221.050140 -34.283115 -79.127380
v 221.150757 -34.541397 -79.266708
v 217.216537 -34.541920 -82.251312
v 217.269485 -34.283115 -82.414368
v 217.041733 -34.283115 -82.488373
v 216.988785 -34.541920 -82.325348
v 216.727539 -34.541397 -81.520493
v 216.674133 -34.283115 -81.357315
v 216.902176 -34.283115 -81.283066
v 216.954834 -34.541397 -81.446640
v 212.290878 -34.541920 -83.069397
v 212.290878 -34.283115 -83.240799
v 212.051422 -34.283115 -83.240799
v 212.051422 -34.541920 -83.069397
v 212.051666 -34.541397 -82.223175
v 212.051315 -34.283115 -82.051529
v 212.291122 -34.283115 -82.051285
v 212.290649 -34.541397 -82.223175
v 207.353470 -34.541920 -82.325348
v 207.300507 -34.283115 -82.488373
v 207.072754 -34.283115 -82.414368
v 207.125732 -34.541920 -82.251312
v 207.387451 -34.541397 -81.446640
v 207.440155 -34.283115 -81.283264
v 207.668304 -34.283115 -81.357208
v 207.614746 -34.541397 -81.520493
v 202.887711 -34.541920 -80.091827
v 202.786926 -34.283115 -80.230530
v 202.593185 -34.283115 -80.089798
v 202.693970 -34.541920 -79.951065
v 203.191513 -34.541397 -79.266708
v 203.292114 -34.283115 -79.127625
v 203.486267 -34.283115 -79.268417
v 203.384842 -34.541397 -79.407166
v 199.330612 -34.541920 -76.587799
v 199.191925 -34.283115 -76.688553
v 199.051193 -34.283115 -76.494827
v 199.189880 -34.541920 -76.393997
v 199.874557 -34.541397 -75.896912
v 200.013245 -34.283115 -75.795670
v 200.154358 -34.283115 -75.989624
v 200.015030 -34.541397 -76.090256
v 197.030487 -34.541920 -72.155991
v 196.867432 -34.283115 -72.208923
v 196.793442 -34.283115 -71.981216
v 196.956497 -34.541920 -71.928223
v 197.761292 -34.541397 -71.667007
v 197.924438 -34.283115 -71.613586
v 197.998749 -34.283115 -71.841599
v 197.835144 -34.541397 -71.894287
v 196.212418 -34.541920 -67.230286
v 196.040970 -34.283115 -67.230286
v 196.040970 -34.283115 -66.990860
v 196.212418 -34.541920 -66.990860
v 197.058563 -34.541397 -66.991104
v 197.230240 -34.283115 -66.990723
v 197.230423 -34.283115 -67.230530
v 197.058563 -34.541397 -67.230042
v 196.956497 -34.541920 -62.292973
v 196.793442 -34.283115 -62.240002
v 196.867432 -34.283115 -62.012295
v 197.030487 -34.541920 -62.065220
v 197.835144 -34.541397 -62.326862
v 197.998520 -34.283115 -62.379589
v 197.924576 -34.283115 -62.607735
v 197.761292 -34.541397 -62.554134
v 199.189880 -34.541920 -57.827145
v 199.051178 -34.283115 -57.726437
v 199.191925 -34.283115 -57.532673
v 199.330612 -34.541920 -57.633427
v 200.015030 -34.541397 -58.130966
v 200.154129 -34.283115 -58.231525
v 200.013321 -34.283115 -58.425678
v 199.874557 -34.541397 -58.324245
v 202.693970 -34.541920 -54.270065
v 202.593185 -34.283115 -54.131351
v 202.786926 -34.283115 -53.990601
v 202.887711 -34.541920 -54.129314
v 203.384842 -34.541397 -54.814037
v 203.486038 -34.283115 -54.952702
v 203.292114 -34.283115 -55.093884
v 203.191483 -34.541397 -54.954494
v 207.125732 -34.541920 -51.970097
v 207.072754 -34.283115 -51.807026
v 207.300507 -34.283115 -51.733044
v 207.353470 -34.541920 -51.896114
v 207.614731 -34.541397 -52.700760
v 207.668106 -34.283115 -52.863926
v 207.440094 -34.283115 -52.938198
v 207.387436 -34.541397 -52.774601
v 212.051422 -34.541920 -51.151985
v 212.051422 -34.283115 -50.980541
v 212.290878 -34.283115 -50.980541
v 212.290878 -34.541920 -51.151985
v 212.290649 -34.541397 -51.998081
v 212.290985 -34.283115 -52.169815
v 212.051163 -34.283115 -52.169964
v 212.051666 -34.541397 -51.998081
v 216.988785 -34.541920 -51.896114
v 217.041733 -34.283115 -51.733044
v 217.269485 -34.283115 -51.807026
v 217.216537 -34.541920 -51.970097
v 216.954834 -34.541397 -52.774601
v 216.902115 -34.283115 -52.938007
v 216.673965 -34.283115 -52.864120
v 216.727539 -34.541397 -52.700760
v 221.454529 -34.541920 -54.129314
v 221.555328 -34.283115 -53.990601
v 221.749054 -34.283115 -54.131351
v 221.648270 -34.541920 -54.270065
v 221.150757 -34.541397 -54.954494
v 221.050140 -34.283115 -55.093643
v 220.856003 -34.283115 -54.952801
v 220.957428 -34.541397 -54.814037
v 225.011627 -34.541920 -57.633427
v 225.150345 -34.283115 -57.532673
v 225.291107 -34.283115 -57.726437
v 225.152405 -34.541920 -57.827145
v 224.467728 -34.541397 -58.324245
v 224.329041 -34.283115 -58.425488
v 224.187927 -34.283115 -58.231575
v 224.327240 -34.541397 -58.130966
v 227.311783 -34.541920 -62.065220
v 227.474823 -34.283115 -62.012295
v 227.548843 -34.283115 -62.240002
v 227.385788 -34.541920 -62.292973
v 226.580948 -34.541397 -62.554134
v 226.417801 -34.283115 -62.607540
v 226.343506 -34.283115 -62.379494
v 226.507095 -34.541397 -62.326862
v 204.549164 -40.427849 -43.104580
v 204.494110 -40.169037 -42.941849
v 204.379181 -40.169037 -43.129417
v 212.290771 -40.169304 -41.744823
v 212.051666 -40.169563 -41.744823
v 212.051315 -40.427849 -41.916515
v 212.290985 -40.427849 -41.916515
v 212.299057 -40.427849 -66.131546
v 212.035080 -40.427849 -66.068893
v 212.062912 -40.193909 -66.777534
v 212.279373 -40.193909 -66.777534
v 219.963104 -40.169037 -43.129417
v 219.833359 -40.146065 -42.939480
v 219.793137 -40.427849 -43.104580
v 231.664688 -35.339149 -73.570450
v 231.738602 -35.339149 -73.342300
v 231.901917 -35.080605 -73.395782
v 231.828003 -35.080605 -73.623322
v 230.933762 -35.080345 -73.332840
v 231.007767 -35.080345 -73.105133
v 231.170822 -35.339149 -73.158051
v 231.096817 -35.339149 -73.385834
v 232.109650 -35.339149 -66.990860
v 232.109650 -35.339149 -67.230286
v 231.938202 -35.080345 -67.230286
v 231.938202 -35.080345 -66.990860
v 232.878387 -35.080605 -66.990959
v 232.878433 -35.080864 -67.230042
v 232.706772 -35.339149 -67.230438
v 232.706772 -35.339149 -66.990723
v 228.714386 -35.339149 -79.278122
v 228.855179 -35.339149 -79.083984
v 228.994019 -35.080605 -79.185242
v 228.853394 -35.080605 -79.378769
v 228.092636 -35.080345 -78.826324
v 228.233398 -35.080345 -78.632553
v 228.372086 -35.339149 -78.733307
v 228.231354 -35.339149 -78.927109
v 224.144714 -35.339149 -83.794769
v 224.338638 -35.339149 -83.653610
v 224.439362 -35.080605 -83.792862
v 224.245804 -35.080605 -83.933456
v 223.693085 -35.080345 -83.172882
v 223.886826 -35.080345 -83.032150
v 223.987595 -35.339149 -83.170837
v 223.793839 -35.339149 -83.311569
v 218.403015 -35.339149 -86.678268
v 218.631058 -35.339149 -86.603943
v 218.683792 -35.080605 -86.767471
v 218.456284 -35.080605 -86.841415
v 218.165634 -35.080345 -85.947235
v 218.393387 -35.080345 -85.873230
v 218.446365 -35.339149 -86.036331
v 218.218628 -35.339149 -86.110291
v 212.051315 -35.339149 -87.646286
v 212.291122 -35.339149 -87.646042
v 212.290771 -35.080605 -87.817917
v 212.051544 -35.080605 -87.817917
v 212.051422 -35.080345 -86.877701
v 212.290878 -35.080345 -86.877701
v 212.290878 -35.339149 -87.049103
v 212.051422 -35.339149 -87.049103
v 205.711273 -35.339149 -86.604187
v 205.939423 -35.339149 -86.678146
v 205.885971 -35.080605 -86.841415
v 205.658478 -35.080605 -86.767471
v 205.948914 -35.080345 -85.873230
v 206.176651 -35.080345 -85.947235
v 206.123688 -35.339149 -86.110291
v 205.895920 -35.339149 -86.036331
v 200.003616 -35.339149 -83.653854
v 200.197754 -35.339149 -83.794647
v 200.096436 -35.080605 -83.933456
v 199.902924 -35.080605 -83.792862
v 200.455475 -35.080345 -83.032150
v 200.649231 -35.080345 -83.172882
v 200.548447 -35.339149 -83.311569
v 200.354706 -35.339149 -83.170837
v 195.486984 -35.339149 -79.084167
v 195.628143 -35.339149 -79.278122
v 195.488892 -35.080605 -79.378769
v 195.348267 -35.080605 -79.185242
v 196.108856 -35.080345 -78.632553
v 196.249619 -35.080345 -78.826324
v 196.110901 -35.339149 -78.927109
v 195.970169 -35.339149 -78.733307
v 192.603516 -35.339149 -73.342499
v 192.677826 -35.339149 -73.570572
v 192.514267 -35.080605 -73.623322
v 192.440353 -35.080605 -73.395782
v 193.334518 -35.080345 -73.105133
v 193.408524 -35.080345 -73.332840
v 193.245468 -35.339149 -73.385834
v 193.171478 -35.339149 -73.158051
v 191.635468 -35.339149 -66.990723
v 191.635635 -35.339149 -67.230530
v 191.463791 -35.080605 -67.230194
v 191.463791 -35.080605 -66.990959
v 192.404037 -35.080345 -66.990860
v 192.404037 -35.080345 -67.230286
v 192.232590 -35.339149 -67.230286
v 192.232590 -35.339149 -66.990860
v 192.677597 -35.339149 -60.650753
v 192.603668 -35.339149 -60.878895
v 192.440353 -35.080605 -60.825489
v 192.514267 -35.080605 -60.598026
v 193.408524 -35.080345 -60.888386
v 193.334518 -35.080345 -61.116089
v 193.171478 -35.339149 -61.063122
v 193.245468 -35.339149 -60.835365
v 195.627884 -35.339149 -54.943066
v 195.487061 -35.339149 -55.137222
v 195.348267 -35.080605 -55.035976
v 195.488892 -35.080605 -54.842457
v 196.249619 -35.080345 -55.394997
v 196.108856 -35.080345 -55.588711
v 195.970169 -35.339149 -55.487957
v 196.110931 -35.339149 -55.294239
v 200.197571 -35.339149 -50.426449
v 200.003647 -35.339149 -50.567539
v 199.902939 -35.080605 -50.428288
v 200.096481 -35.080605 -50.287640
v 200.649216 -35.080345 -51.048420
v 200.455475 -35.080345 -51.189121
v 200.354706 -35.339149 -51.050407
v 200.548447 -35.339149 -50.909657
v 205.939270 -35.339149 -47.543049
v 205.711212 -35.339149 -47.617321
v 205.658478 -35.080605 -47.453865
v 205.885971 -35.080605 -47.379883
v 206.176651 -35.080345 -48.274151
v 205.948914 -35.080345 -48.348133
v 205.895920 -35.339149 -48.185066
v 206.123688 -35.339149 -48.111084
v 212.290985 -35.339149 -46.574993
v 212.051163 -35.339149 -46.575188
v 212.051544 -35.080605 -46.403255
v 212.290771 -35.080605 -46.403255
v 212.290878 -35.080345 -47.343616
v 212.051422 -35.080345 -47.343616
v 212.051422 -35.339149 -47.172173
v 212.290878 -35.339149 -47.172173
v 218.630997 -35.339149 -47.617130
v 218.402832 -35.339149 -47.543194
v 218.456284 -35.080605 -47.379883
v 218.683792 -35.080605 -47.453865
v 218.393372 -35.080345 -48.348133
v 218.165619 -35.080345 -48.274151
v 218.218582 -35.339149 -48.111084
v 218.446335 -35.339149 -48.185066
v 224.338669 -35.339149 -50.567295
v 224.144531 -35.339149 -50.426449
v 224.245804 -35.080605 -50.287640
v 224.439362 -35.080605 -50.428288
v 223.886826 -35.080345 -51.189121
v 223.693085 -35.080345 -51.048420
v 223.793839 -35.339149 -50.909657
v 223.987579 -35.339149 -51.050407
v 228.855301 -35.339149 -55.137028
v 228.714157 -35.339149 -54.943119
v 228.853394 -35.080605 -54.842457
v 228.994019 -35.080605 -55.035976
v 228.233398 -35.080345 -55.588711
v 228.092636 -35.080345 -55.394997
v 228.231339 -35.339149 -55.294239
v 228.372086 -35.339149 -55.487957
v 231.738754 -35.339149 -60.878750
v 231.664459 -35.339149 -60.650703
v 231.828003 -35.080605 -60.598026
v 231.901917 -35.080605 -60.825489
v 231.007751 -35.080345 -61.116089
v 230.933746 -35.080345 -60.888386
v 231.096817 -35.339149 -60.835365
v 231.170792 -35.339149 -61.063122
v 226.744034 -35.339149 -71.719696
v 226.670044 -35.339149 -71.947449
v 226.506989 -35.080345 -71.894531
v 226.580994 -35.080345 -71.666748
v 227.385757 -35.080605 -71.928345
v 227.311890 -35.080864 -72.155731
v 227.148483 -35.339149 -72.103058
v 227.222565 -35.339149 -71.875107
v 224.872711 -35.339149 -76.486969
v 225.013535 -35.339149 -76.292816
v 225.152359 -35.080605 -76.394119
v 225.011749 -35.080605 -76.587646
v 224.327072 -35.080345 -76.090424
v 224.467850 -35.080345 -75.896652
v 224.606552 -35.339149 -75.997421
v 224.465790 -35.339149 -76.191208
v 227.455109 -35.339149 -66.990860
v 227.455109 -35.339149 -67.230286
v 227.283646 -35.080345 -67.230286
v 227.283646 -35.080345 -66.990860
v 228.129868 -35.080605 -66.990959
v 228.129913 -35.080864 -67.230042
v 227.958252 -35.339149 -67.230438
v 227.958252 -35.339149 -66.990723
v 221.353546 -35.339149 -79.953064
v 221.547470 -35.339149 -79.811935
v 221.648209 -35.080605 -79.951187
v 221.454651 -35.080605 -80.091827
v 220.957199 -35.080345 -79.407288
v 221.150925 -35.080345 -79.266510
v 221.251678 -35.339149 -79.405258
v 221.057953 -35.339149 -79.545975
v 216.935638 -35.339149 -82.162109
v 217.163666 -35.339149 -82.087860
v 217.216415 -35.080605 -82.251404
v 216.988907 -35.080605 -82.325272
v 216.727310 -35.080345 -81.520554
v 216.955032 -35.080345 -81.446533
v 217.008011 -35.339149 -81.609573
v 216.780243 -35.339149 -81.683578
v 212.051315 -35.339149 -82.897736
v 212.291122 -35.339149 -82.897568
v 212.290771 -35.080605 -83.069397
v 212.051544 -35.080605 -83.069397
v 212.051422 -35.080345 -82.223114
v 212.290878 -35.080345 -82.223114
v 212.290878 -35.339149 -82.394562
v 212.051422 -35.339149 -82.394562
v 207.178665 -35.339149 -82.088028
v 207.406815 -35.339149 -82.161987
v 207.353378 -35.080605 -82.325272
v 207.125839 -35.080605 -82.251404
v 207.387222 -35.080345 -81.446533
v 207.614960 -35.080345 -81.520554
v 207.561981 -35.339149 -81.683578
v 207.334244 -35.339149 -81.609573
v 202.794754 -35.339149 -79.812180
v 202.988892 -35.339149 -79.953018
v 202.887573 -35.080605 -80.091827
v 202.694046 -35.080605 -79.951187
v 203.191360 -35.080345 -79.266510
v 203.385086 -35.080345 -79.407288
v 203.284317 -35.339149 -79.545975
v 203.090576 -35.339149 -79.405258
v 199.328659 -35.339149 -76.293045
v 199.469803 -35.339149 -76.486969
v 199.330551 -35.080605 -76.587646
v 199.189941 -35.080605 -76.394119
v 199.874451 -35.080345 -75.896652
v 200.015198 -35.080345 -76.090424
v 199.876495 -35.339149 -76.191208
v 199.735748 -35.339149 -75.997482
v 197.119690 -35.339149 -71.875107
v 197.193985 -35.339149 -72.103119
v 197.030426 -35.080605 -72.155853
v 196.956512 -35.080605 -71.928345
v 197.761261 -35.080345 -71.666748
v 197.835266 -35.080345 -71.894531
v 197.672211 -35.339149 -71.947525
v 197.598206 -35.339149 -71.719696
v 196.384048 -35.339149 -66.990723
v 196.384247 -35.339149 -67.230530
v 196.212402 -35.080605 -67.230194
v 196.212402 -35.080605 -66.990959
v 197.058609 -35.080345 -66.990860
v 197.058609 -35.080345 -67.230286
v 196.887161 -35.339149 -67.230286
v 196.887161 -35.339149 -66.990860
v 197.193787 -35.339149 -62.118137
v 197.119843 -35.339149 -62.346279
v 196.956512 -35.080605 -62.292873
v 197.030426 -35.080605 -62.065411
v 197.835266 -35.080345 -62.326622
v 197.761261 -35.080345 -62.554379
v 197.598206 -35.339149 -62.501461
v 197.672195 -35.339149 -62.273750
v 199.469559 -35.339149 -57.734188
v 199.328735 -35.339149 -57.928341
v 199.189941 -35.080605 -57.827045
v 199.330551 -35.080605 -57.633526
v 200.015198 -35.080345 -58.130772
v 199.874451 -35.080345 -58.324490
v 199.735748 -35.339149 -58.223732
v 199.876495 -35.339149 -58.030018
v 202.988678 -35.339149 -54.268127
v 202.794769 -35.339149 -54.409218
v 202.694046 -35.080605 -54.269917
v 202.887589 -35.080605 -54.129314
v 203.385056 -35.080345 -54.813988
v 203.191330 -35.080345 -54.954689
v 203.090546 -35.339149 -54.816021
v 203.284286 -35.339149 -54.675220
v 207.406631 -35.339149 -52.059326
v 207.178619 -35.339149 -52.133598
v 207.125824 -35.080605 -51.970047
v 207.353378 -35.080605 -51.896114
v 207.614960 -35.080345 -52.700710
v 207.387207 -35.080345 -52.774742
v 207.334213 -35.339149 -52.611671
v 207.561966 -35.339149 -52.537739
v 212.290985 -35.339149 -51.323627
v 212.051163 -35.339149 -51.323818
v 212.051544 -35.080605 -51.151936
v 212.290771 -35.080605 -51.151936
v 212.290878 -35.080345 -51.998127
v 212.051422 -35.080345 -51.998127
v 212.051422 -35.339149 -51.826679
v 212.290878 -35.339149 -51.826679
v 217.163605 -35.339149 -52.133358
v 216.935440 -35.339149 -52.059425
v 216.988907 -35.080605 -51.896114
v 217.216431 -35.080605 -51.970047
v 216.955032 -35.080345 -52.774742
v 216.727310 -35.080345 -52.700710
v 216.780258 -35.339149 -52.537739
v 217.008011 -35.339149 -52.611671
v 221.547516 -35.339149 -54.408978
v 221.353378 -35.339149 -54.268127
v 221.454651 -35.080605 -54.129314
v 221.648209 -35.080605 -54.269917
v 221.150940 -35.080345 -54.954689
v 220.957199 -35.080345 -54.813988
v 221.057953 -35.339149 -54.675175
v 221.251678 -35.339149 -54.816021
v 225.013626 -35.339149 -57.928143
v 224.872482 -35.339149 -57.734234
v 225.011734 -35.080605 -57.633526
v 225.152344 -35.080605 -57.827045
v 224.467834 -35.080345 -58.324490
v 224.327057 -35.080345 -58.130772
v 224.465759 -35.339149 -58.030018
v 224.606537 -35.339149 -58.223732
v 227.222565 -35.339149 -62.346184
v 227.148270 -35.339149 -62.118092
v 227.311829 -35.080605 -62.065411
v 227.385757 -35.080605 -62.292873
v 226.580994 -35.080345 -62.554379
v 226.506989 -35.080345 -62.326622
v 226.670044 -35.339149 -62.273750
v 226.744034 -35.339149 -62.501461
vt 0.219396 0.953722
vt 0.201480 0.591715
vt 0.200851 0.591716
vt 0.190158 0.591169
vt 0.202953 0.957892
vt 0.201221 0.957894
vt 0.202935 0.940258
vt 0.233983 0.964357
vt 0.233495 0.964105
vt 0.259717 0.913178
vt 0.201498 0.610066
vt 0.200870 0.610067
vt 0.251088 0.970067
vt 0.250547 0.969973
vt 0.260244 0.913416
vt 0.201517 0.628424
vt 0.200889 0.628425
vt 0.269110 0.970343
vt 0.268566 0.970416
vt 0.260821 0.913493
vt 0.201535 0.646784
vt 0.200907 0.646785
vt 0.286375 0.965172
vt 0.285878 0.965405
vt 0.261400 0.913402
vt 0.201554 0.665142
vt 0.200926 0.665143
vt 0.301272 0.955029
vt 0.300870 0.955403
vt 0.261930 0.913150
vt 0.201572 0.683500
vt 0.200944 0.683501
vt 0.312415 0.940861
vt 0.312143 0.941338
vt 0.262367 0.912760
vt 0.201591 0.701858
vt 0.200963 0.701859
vt 0.318760 0.923980
vt 0.318644 0.924517
vt 0.262673 0.912264
vt 0.201609 0.720217
vt 0.200981 0.720217
vt 0.319693 0.905949
vt 0.319744 0.906496
vt 0.262824 0.911706
vt 0.201628 0.738576
vt 0.201000 0.738576
vt 0.315084 0.888452
vt 0.315300 0.888960
vt 0.262810 0.911134
vt 0.201646 0.756933
vt 0.201018 0.756934
vt 0.305307 0.873156
vt 0.305668 0.873576
vt 0.262633 0.910598
vt 0.201665 0.775291
vt 0.201037 0.775291
vt 0.291218 0.861575
vt 0.291693 0.861865
vt 0.262312 0.910143
vt 0.201684 0.793648
vt 0.201055 0.793649
vt 0.274117 0.854918
vt 0.274663 0.855047
vt 0.261894 0.909771
vt 0.201702 0.812003
vt 0.201074 0.812003
vt 0.254633 0.852873
vt 0.208700 0.830361
vt 0.201093 0.830368
vt 0.256315 0.853877
vt 0.261458 0.909228
vt 0.233868 0.855754
vt 0.234910 0.855287
vt 0.208718 0.848733
vt 0.201111 0.848741
vt 0.219613 0.869484
vt 0.219281 0.871402
vt 0.219765 0.870854
vt 0.202861 0.867185
vt 0.201130 0.867187
vt 0.208496 0.886258
vt 0.208745 0.885757
vt 0.258518 0.910438
vt 0.202879 0.885411
vt 0.201148 0.885413
vt 0.202898 0.903696
vt 0.202977 0.903145
vt 0.258782 0.911216
vt 0.201167 0.903697
vt 0.203009 0.921908
vt 0.202916 0.921363
vt 0.258839 0.911788
vt 0.202916 0.921980
vt 0.201185 0.921982
vt 0.208465 0.938635
vt 0.258984 0.912326
vt 0.259285 0.912803
vt 0.201204 0.940260
vt 0.074254 0.793685
vt 0.189806 0.957905
vt 0.189788 0.940272
vt 0.190511 0.940271
vt 0.190158 0.591727
vt 0.190176 0.609460
vt 0.189454 0.609461
vt 0.189454 0.610078
vt 0.190177 0.610077
vt 0.190195 0.627816
vt 0.189472 0.627817
vt 0.189473 0.628436
vt 0.190196 0.628436
vt 0.190214 0.646176
vt 0.189491 0.646177
vt 0.189492 0.646796
vt 0.190214 0.646795
vt 0.190232 0.664534
vt 0.189509 0.664535
vt 0.189510 0.665154
vt 0.190233 0.665153
vt 0.190251 0.682892
vt 0.189528 0.682893
vt 0.189529 0.683512
vt 0.190251 0.683511
vt 0.190269 0.701250
vt 0.189547 0.701251
vt 0.189547 0.701870
vt 0.190270 0.701870
vt 0.190288 0.719608
vt 0.189565 0.719609
vt 0.189566 0.720229
vt 0.190288 0.720228
vt 0.190306 0.737968
vt 0.189584 0.737968
vt 0.189584 0.738588
vt 0.190307 0.738587
vt 0.190325 0.756325
vt 0.189602 0.756326
vt 0.189603 0.756945
vt 0.190325 0.756944
vt 0.190343 0.774683
vt 0.189621 0.774683
vt 0.189621 0.775303
vt 0.190344 0.775302
vt 0.190362 0.793040
vt 0.189639 0.793041
vt 0.189640 0.793660
vt 0.190363 0.793659
vt 0.190381 0.811397
vt 0.189658 0.811398
vt 0.189659 0.812015
vt 0.190381 0.812014
vt 0.190399 0.829691
vt 0.189676 0.829692
vt 0.189677 0.830380
vt 0.190400 0.830379
vt 0.190418 0.848171
vt 0.189695 0.848172
vt 0.189696 0.848753
vt 0.190418 0.848752
vt 0.190436 0.866499
vt 0.189714 0.866500
vt 0.189714 0.867198
vt 0.190437 0.867198
vt 0.190455 0.884809
vt 0.189732 0.884809
vt 0.189733 0.885424
vt 0.190455 0.885424
vt 0.190473 0.903091
vt 0.189751 0.903092
vt 0.189751 0.903709
vt 0.190474 0.903708
vt 0.190492 0.921375
vt 0.189769 0.921376
vt 0.189770 0.921993
vt 0.190492 0.921993
vt 0.190510 0.939659
vt 0.189787 0.939659
vt 0.079751 0.810548
vt 0.260084 0.911117
vt 0.114508 0.786737
vt 0.115077 0.786646
vt 0.115147 0.787169
vt 0.114500 0.781761
vt 0.114584 0.781241
vt 0.115153 0.781331
vt 0.116114 0.776506
vt 0.116354 0.776037
vt 0.116867 0.776299
vt 0.119272 0.772007
vt 0.119645 0.771635
vt 0.120053 0.772042
vt 0.123666 0.768704
vt 0.124136 0.768466
vt 0.124397 0.768979
vt 0.128866 0.766921
vt 0.129386 0.766839
vt 0.129476 0.767408
vt 0.134362 0.766831
vt 0.134881 0.766915
vt 0.134792 0.767484
vt 0.139617 0.768445
vt 0.140085 0.768685
vt 0.139824 0.769199
vt 0.144116 0.771603
vt 0.144487 0.771976
vt 0.144080 0.772384
vt 0.147419 0.775998
vt 0.147657 0.776467
vt 0.147143 0.776729
vt 0.149202 0.781197
vt 0.149283 0.781717
vt 0.148714 0.781808
vt 0.149291 0.786694
vt 0.149208 0.787214
vt 0.148639 0.787124
vt 0.147678 0.791949
vt 0.147438 0.792418
vt 0.146924 0.792156
vt 0.144519 0.796448
vt 0.144146 0.796820
vt 0.143739 0.796412
vt 0.140125 0.799751
vt 0.139656 0.799989
vt 0.139394 0.799476
vt 0.134925 0.801534
vt 0.134405 0.801616
vt 0.134315 0.801047
vt 0.129429 0.801624
vt 0.128909 0.801540
vt 0.128999 0.800971
vt 0.124174 0.800009
vt 0.123706 0.799769
vt 0.123967 0.799256
vt 0.119676 0.796851
vt 0.119304 0.796478
vt 0.119711 0.796070
vt 0.116373 0.792457
vt 0.116648 0.791725
vt 0.118550 0.790794
vt 0.117174 0.786348
vt 0.117187 0.782134
vt 0.117748 0.786259
vt 0.117239 0.781695
vt 0.118553 0.777691
vt 0.117812 0.781787
vt 0.130484 0.784229
vt 0.119068 0.790532
vt 0.130553 0.783792
vt 0.119058 0.777945
vt 0.130753 0.783399
vt 0.131065 0.783086
vt 0.131458 0.782886
vt 0.131894 0.782816
vt 0.132330 0.782885
vt 0.132724 0.783085
vt 0.133037 0.783397
vt 0.133238 0.783790
vt 0.133307 0.784226
vt 0.133238 0.784662
vt 0.133038 0.785056
vt 0.132726 0.785369
vt 0.132333 0.785569
vt 0.131897 0.785639
vt 0.131461 0.785570
vt 0.131067 0.785370
vt 0.118739 0.777289
vt 0.121226 0.773887
vt 0.121627 0.774285
vt 0.121526 0.773563
vt 0.124943 0.771096
vt 0.125202 0.771599
vt 0.125329 0.770881
vt 0.129341 0.769591
vt 0.129432 0.770148
vt 0.129775 0.769505
vt 0.133989 0.769518
vt 0.133903 0.770076
vt 0.134428 0.769570
vt 0.138432 0.770885
vt 0.138177 0.771389
vt 0.138833 0.771070
vt 0.142235 0.773557
vt 0.141837 0.773959
vt 0.142559 0.773858
vt 0.145026 0.777275
vt 0.144524 0.777534
vt 0.145242 0.777661
vt 0.146532 0.781673
vt 0.145974 0.781763
vt 0.146618 0.782106
vt 0.146605 0.786321
vt 0.146047 0.786235
vt 0.146553 0.786760
vt 0.145238 0.790764
vt 0.144734 0.790509
vt 0.145053 0.791165
vt 0.142566 0.794567
vt 0.142164 0.794169
vt 0.142265 0.794892
vt 0.138848 0.797358
vt 0.138590 0.796856
vt 0.138462 0.797574
vt 0.134451 0.798864
vt 0.134360 0.798307
vt 0.134017 0.798950
vt 0.129803 0.798938
vt 0.129889 0.798378
vt 0.129364 0.798884
vt 0.125360 0.797570
vt 0.125614 0.797066
vt 0.124959 0.797384
vt 0.121556 0.794897
vt 0.121955 0.794496
vt 0.121232 0.794596
vt 0.118765 0.791180
vt 0.119268 0.790921
vt 0.088370 0.790911
vt 0.088996 0.790811
vt 0.089076 0.791307
vt 0.093130 0.803746
vt 0.093359 0.804192
vt 0.083821 0.792193
vt 0.087794 0.806417
vt 0.083095 0.791703
vt 0.083080 0.776848
vt 0.088366 0.806123
vt 0.088635 0.806659
vt 0.096809 0.818959
vt 0.083173 0.776258
vt 0.087749 0.762124
vt 0.088361 0.777630
vt 0.088435 0.777134
vt 0.089061 0.777233
vt 0.088020 0.761592
vt 0.096739 0.749564
vt 0.092529 0.764500
vt 0.092753 0.764051
vt 0.093318 0.764339
vt 0.097161 0.749142
vt 0.109170 0.740397
vt 0.100552 0.753301
vt 0.100903 0.752943
vt 0.101351 0.753391
vt 0.109702 0.740126
vt 0.123826 0.735520
vt 0.111642 0.745129
vt 0.112086 0.744897
vt 0.112374 0.745462
vt 0.124416 0.735426
vt 0.139273 0.735410
vt 0.124715 0.740783
vt 0.125209 0.740701
vt 0.125308 0.741327
vt 0.139862 0.735503
vt 0.153997 0.740080
vt 0.138491 0.740691
vt 0.138986 0.740765
vt 0.138887 0.741391
vt 0.154529 0.740351
vt 0.166557 0.749070
vt 0.151621 0.744860
vt 0.152070 0.745084
vt 0.151782 0.745648
vt 0.166979 0.749492
vt 0.175725 0.761502
vt 0.162821 0.752883
vt 0.163178 0.753234
vt 0.162730 0.753682
vt 0.175996 0.762034
vt 0.180602 0.776159
vt 0.170993 0.763974
vt 0.171225 0.764418
vt 0.170660 0.764706
vt 0.180696 0.776748
vt 0.180712 0.791605
vt 0.175338 0.777047
vt 0.175421 0.777541
vt 0.174795 0.777641
vt 0.180618 0.792195
vt 0.176042 0.806330
vt 0.175431 0.790824
vt 0.175357 0.791319
vt 0.174731 0.791220
vt 0.175771 0.806862
vt 0.167051 0.818891
vt 0.171262 0.803955
vt 0.171038 0.804403
vt 0.170474 0.804116
vt 0.166629 0.819313
vt 0.154618 0.828059
vt 0.163239 0.815154
vt 0.162887 0.815512
vt 0.162439 0.815064
vt 0.154086 0.828330
vt 0.139961 0.832935
vt 0.152147 0.823327
vt 0.151703 0.823558
vt 0.151415 0.822994
vt 0.139371 0.833029
vt 0.124514 0.833044
vt 0.139073 0.827672
vt 0.138579 0.827754
vt 0.138480 0.827128
vt 0.123924 0.832950
vt 0.109790 0.828373
vt 0.125297 0.827763
vt 0.124801 0.827689
vt 0.124900 0.827063
vt 0.109258 0.828102
vt 0.097231 0.819381
vt 0.112166 0.823593
vt 0.111718 0.823369
vt 0.112006 0.822805
vt 0.097262 0.818503
vt 0.100968 0.815569
vt 0.101059 0.814770
vt 0.096591 0.790143
vt 0.099341 0.800538
vt 0.095894 0.789680
vt 0.095883 0.778847
vt 0.095971 0.778288
vt 0.099307 0.767981
vt 0.100798 0.788942
vt 0.101394 0.779673
vt 0.101480 0.789321
vt 0.104322 0.798041
vt 0.100793 0.779575
vt 0.100863 0.779101
vt 0.104294 0.770470
vt 0.104543 0.798471
vt 0.109940 0.805885
vt 0.099893 0.800255
vt 0.100147 0.800763
vt 0.105974 0.809800
vt 0.099564 0.767477
vt 0.105922 0.758706
vt 0.103752 0.770192
vt 0.103965 0.769762
vt 0.109896 0.762614
vt 0.106322 0.758306
vt 0.115079 0.751929
vt 0.109466 0.762182
vt 0.109802 0.761839
vt 0.117651 0.756874
vt 0.115583 0.751672
vt 0.125882 0.748313
vt 0.117376 0.756330
vt 0.117801 0.756108
vt 0.126800 0.753811
vt 0.126441 0.748225
vt 0.137275 0.748213
vt 0.126707 0.753208
vt 0.127180 0.753128
vt 0.136449 0.753725
vt 0.137833 0.748301
vt 0.148140 0.751638
vt 0.136546 0.753123
vt 0.137020 0.753193
vt 0.145651 0.756625
vt 0.148644 0.751895
vt 0.157415 0.758253
vt 0.145930 0.756083
vt 0.146359 0.756296
vt 0.153508 0.762227
vt 0.157815 0.758653
vt 0.164193 0.767411
vt 0.153940 0.761798
vt 0.154282 0.762133
vt 0.159248 0.769983
vt 0.164450 0.767915
vt 0.167809 0.778215
vt 0.159792 0.769708
vt 0.160014 0.770133
vt 0.162311 0.779133
vt 0.167897 0.778773
vt 0.167909 0.789607
vt 0.162914 0.779039
vt 0.162994 0.779512
vt 0.162397 0.788781
vt 0.167821 0.790166
vt 0.164484 0.800473
vt 0.162999 0.788879
vt 0.162929 0.789353
vt 0.159497 0.797984
vt 0.164227 0.800977
vt 0.157869 0.809749
vt 0.160039 0.798263
vt 0.159826 0.798692
vt 0.153895 0.805841
vt 0.157469 0.810149
vt 0.148711 0.816526
vt 0.154325 0.806273
vt 0.153989 0.806616
vt 0.146139 0.811581
vt 0.148207 0.816783
vt 0.137907 0.820141
vt 0.146414 0.812125
vt 0.145989 0.812347
vt 0.136989 0.814644
vt 0.137348 0.820230
vt 0.126514 0.820241
vt 0.137083 0.815247
vt 0.136610 0.815327
vt 0.127341 0.814729
vt 0.125955 0.820153
vt 0.115649 0.816815
vt 0.127243 0.815331
vt 0.126769 0.815261
vt 0.118138 0.811829
vt 0.115145 0.816559
vt 0.106374 0.810199
vt 0.117860 0.812371
vt 0.117430 0.812158
vt 0.110283 0.806226
vt 0.106411 0.809360
vt 0.109850 0.806656
vt 0.254491 0.854523
vt 0.260163 0.909509
vt 0.253802 0.854768
vt 0.235333 0.856620
vt 0.220907 0.869759
vt 0.235578 0.857316
vt 0.259405 0.907888
vt 0.259690 0.909727
vt 0.220941 0.870416
vt 0.221562 0.870036
vt 0.084823 0.791472
vt 0.084813 0.777075
vt 0.085455 0.791374
vt 0.085536 0.791873
vt 0.089366 0.805664
vt 0.086658 0.791139
vt 0.087270 0.777503
vt 0.087376 0.791621
vt 0.091576 0.804490
vt 0.091839 0.805016
vt 0.099810 0.815958
vt 0.091275 0.805305
vt 0.089936 0.805374
vt 0.090167 0.805824
vt 0.098070 0.817757
vt 0.084887 0.776572
vt 0.089327 0.762876
vt 0.085520 0.776673
vt 0.086644 0.777404
vt 0.086736 0.776823
vt 0.091531 0.764042
vt 0.089553 0.762421
vt 0.098007 0.750767
vt 0.090123 0.762712
vt 0.090966 0.763755
vt 0.091234 0.763231
vt 0.099744 0.752557
vt 0.098363 0.750404
vt 0.110005 0.741932
vt 0.098815 0.750857
vt 0.099295 0.752109
vt 0.099712 0.751693
vt 0.111103 0.744171
vt 0.110456 0.741697
vt 0.124146 0.737238
vt 0.110746 0.742268
vt 0.110815 0.743607
vt 0.111340 0.743340
vt 0.124498 0.739707
vt 0.124647 0.737153
vt 0.139046 0.737143
vt 0.124747 0.737786
vt 0.124398 0.739081
vt 0.124980 0.738989
vt 0.138618 0.739600
vt 0.139548 0.737218
vt 0.153245 0.741657
vt 0.139447 0.737849
vt 0.138716 0.738974
vt 0.139298 0.739066
vt 0.152079 0.743862
vt 0.153700 0.741884
vt 0.165355 0.750338
vt 0.153409 0.742453
vt 0.152366 0.743297
vt 0.152891 0.743564
vt 0.163565 0.752075
vt 0.165718 0.750694
vt 0.174190 0.762337
vt 0.165265 0.751147
vt 0.164012 0.751626
vt 0.164428 0.752043
vt 0.171950 0.763435
vt 0.174425 0.762788
vt 0.178884 0.776478
vt 0.173854 0.763078
vt 0.172514 0.763147
vt 0.172782 0.763672
vt 0.176415 0.776831
vt 0.178968 0.776979
vt 0.178979 0.791378
vt 0.178336 0.777079
vt 0.177041 0.776731
vt 0.177133 0.777313
vt 0.176522 0.790951
vt 0.178904 0.791881
vt 0.174465 0.805579
vt 0.178272 0.791780
vt 0.177148 0.791049
vt 0.177055 0.791631
vt 0.172260 0.804413
vt 0.174238 0.806034
vt 0.165783 0.817689
vt 0.173668 0.805743
vt 0.172825 0.804699
vt 0.172557 0.805224
vt 0.164047 0.815898
vt 0.165427 0.818052
vt 0.153784 0.826524
vt 0.164975 0.817599
vt 0.164495 0.816346
vt 0.164078 0.816762
vt 0.152686 0.824284
vt 0.153333 0.826759
vt 0.139641 0.831217
vt 0.153043 0.826188
vt 0.152974 0.824848
vt 0.152449 0.825115
vt 0.139289 0.828748
vt 0.139140 0.831302
vt 0.124741 0.831311
vt 0.139041 0.830669
vt 0.139389 0.829374
vt 0.138807 0.829466
vt 0.125169 0.828854
vt 0.124239 0.831237
vt 0.110542 0.826795
vt 0.124340 0.830605
vt 0.125071 0.829480
vt 0.124490 0.829388
vt 0.111708 0.824591
vt 0.110087 0.826569
vt 0.098433 0.818113
vt 0.110378 0.826000
vt 0.111421 0.825156
vt 0.110897 0.824888
vt 0.100224 0.816377
vt 0.098524 0.817305
vt 0.099360 0.816409
vt 0.099776 0.816825
vt 0.099835 0.789617
vt 0.102824 0.798768
vt 0.099232 0.789713
vt 0.099146 0.789169
vt 0.099738 0.779446
vt 0.098245 0.789837
vt 0.100853 0.799808
vt 0.097558 0.789453
vt 0.097552 0.779070
vt 0.097623 0.778586
vt 0.100827 0.768709
vt 0.098233 0.778684
vt 0.099135 0.779351
vt 0.099222 0.778807
vt 0.102789 0.769743
vt 0.103070 0.799260
vt 0.108740 0.807040
vt 0.102526 0.799538
vt 0.101404 0.799529
vt 0.101625 0.799961
vt 0.107187 0.808639
vt 0.101043 0.768272
vt 0.107142 0.759868
vt 0.101593 0.768553
vt 0.102245 0.769466
vt 0.102495 0.768976
vt 0.108690 0.761457
vt 0.107483 0.759519
vt 0.115880 0.753411
vt 0.107919 0.759956
vt 0.108258 0.761026
vt 0.108647 0.760637
vt 0.116861 0.755401
vt 0.116313 0.753184
vt 0.126187 0.749970
vt 0.116593 0.753735
vt 0.116584 0.754857
vt 0.117074 0.754607
vt 0.126504 0.752166
vt 0.126668 0.749888
vt 0.137052 0.749883
vt 0.126764 0.750498
vt 0.126409 0.751562
vt 0.126952 0.751477
vt 0.136676 0.752069
vt 0.137535 0.749953
vt 0.147412 0.753157
vt 0.137437 0.750564
vt 0.136771 0.751466
vt 0.137314 0.751552
vt 0.146379 0.755120
vt 0.147850 0.753374
vt 0.156254 0.759473
vt 0.147569 0.753924
vt 0.146656 0.754576
vt 0.147146 0.754826
vt 0.154664 0.761021
vt 0.156603 0.759815
vt 0.162711 0.768212
vt 0.156166 0.760251
vt 0.155096 0.760589
vt 0.155485 0.760978
vt 0.160721 0.769193
vt 0.162938 0.768645
vt 0.166152 0.778519
vt 0.162387 0.768924
vt 0.161265 0.768915
vt 0.161515 0.769405
vt 0.163956 0.778837
vt 0.166234 0.779000
vt 0.166239 0.789384
vt 0.165624 0.779096
vt 0.164560 0.778741
vt 0.164645 0.779284
vt 0.164053 0.789008
vt 0.166169 0.789868
vt 0.162965 0.799745
vt 0.165559 0.789770
vt 0.164656 0.789103
vt 0.164570 0.789647
vt 0.161002 0.798712
vt 0.162748 0.800183
vt 0.156649 0.808587
vt 0.162198 0.799902
vt 0.161546 0.798989
vt 0.161296 0.799479
vt 0.155102 0.806998
vt 0.156307 0.808936
vt 0.147910 0.815044
vt 0.155871 0.808499
vt 0.155534 0.807429
vt 0.155144 0.807818
vt 0.146929 0.813054
vt 0.147477 0.815271
vt 0.137603 0.818485
vt 0.147197 0.814720
vt 0.147207 0.813598
vt 0.146716 0.813848
vt 0.137285 0.816289
vt 0.137121 0.818567
vt 0.126737 0.818571
vt 0.137025 0.817956
vt 0.137381 0.816892
vt 0.136837 0.816978
vt 0.127114 0.816385
vt 0.126254 0.818501
vt 0.116377 0.815296
vt 0.126352 0.817891
vt 0.127018 0.816989
vt 0.126475 0.816902
vt 0.117411 0.813334
vt 0.115939 0.815080
vt 0.107536 0.808980
vt 0.116220 0.814530
vt 0.117134 0.813878
vt 0.116644 0.813628
vt 0.109126 0.807433
vt 0.107624 0.808202
vt 0.108305 0.807475
vt 0.108694 0.807864
vt 0.200869 0.609449
vt 0.200888 0.627805
vt 0.200907 0.646165
vt 0.200925 0.664523
vt 0.200944 0.682881
vt 0.200962 0.701239
vt 0.200981 0.719598
vt 0.200999 0.737957
vt 0.201018 0.756315
vt 0.201036 0.774672
vt 0.201055 0.793029
vt 0.201073 0.811386
vt 0.201092 0.829681
vt 0.201111 0.848161
vt 0.201129 0.866489
vt 0.201148 0.884798
vt 0.201166 0.903080
vt 0.201185 0.921364
vt 0.201203 0.939648
vt 0.190529 0.957905
vt 0.235054 0.857559
vt 0.259021 0.908226
vt 0.219007 0.953334
vt 0.208719 0.939124
vt 0.117745 0.782220
vt 0.119255 0.777555
vt 0.121936 0.773975
vt 0.125591 0.771399
vt 0.129864 0.770079
vt 0.134335 0.770143
vt 0.138568 0.771587
vt 0.142147 0.774267
vt 0.144723 0.777923
vt 0.146044 0.782195
vt 0.145979 0.786667
vt 0.144536 0.790900
vt 0.141856 0.794480
vt 0.138200 0.797056
vt 0.133928 0.798376
vt 0.129457 0.798312
vt 0.125224 0.796868
vt 0.121644 0.794187
vt 0.130755 0.785058
vt 0.117817 0.786691
vt 0.130554 0.784665
vt 0.115058 0.781850
vt 0.116616 0.776762
vt 0.119671 0.772406
vt 0.123922 0.769207
vt 0.128953 0.767478
vt 0.134273 0.767389
vt 0.139360 0.768948
vt 0.143716 0.772002
vt 0.146915 0.776253
vt 0.148644 0.781285
vt 0.148734 0.786605
vt 0.147175 0.791692
vt 0.144121 0.796049
vt 0.139870 0.799248
vt 0.134838 0.800977
vt 0.129518 0.801066
vt 0.124431 0.799507
vt 0.120075 0.796452
vt 0.116876 0.792201
vt 0.117259 0.786782
vt 0.086750 0.791721
vt 0.091008 0.804780
vt 0.085442 0.777173
vt 0.089895 0.763164
vt 0.098458 0.751216
vt 0.110295 0.742499
vt 0.124247 0.737866
vt 0.138947 0.737772
vt 0.152957 0.742225
vt 0.164905 0.750790
vt 0.173623 0.762627
vt 0.178255 0.776579
vt 0.178350 0.791280
vt 0.173897 0.805291
vt 0.165332 0.817240
vt 0.153493 0.825957
vt 0.139541 0.830589
vt 0.124840 0.830682
vt 0.110830 0.826228
vt 0.098883 0.817662
vt 0.074170 0.793147
vt 0.074152 0.775412
vt 0.074238 0.774874
vt 0.079702 0.758000
vt 0.079949 0.757515
vt 0.090360 0.743156
vt 0.090745 0.742771
vt 0.105084 0.732331
vt 0.105569 0.732084
vt 0.122433 0.726585
vt 0.122970 0.726501
vt 0.140708 0.726482
vt 0.141246 0.726568
vt 0.158121 0.732032
vt 0.158606 0.732280
vt 0.172966 0.742691
vt 0.173351 0.743077
vt 0.183791 0.757416
vt 0.184038 0.757901
vt 0.189536 0.774765
vt 0.189554 0.793579
vt 0.184090 0.810454
vt 0.183842 0.810939
vt 0.173430 0.825300
vt 0.173045 0.825685
vt 0.158704 0.836126
vt 0.158218 0.836373
vt 0.141353 0.841870
vt 0.140815 0.841955
vt 0.123077 0.841972
vt 0.122539 0.841886
vt 0.105664 0.836419
vt 0.105179 0.836172
vt 0.090820 0.825759
vt 0.090435 0.825373
vt 0.079998 0.811033
vt 0.088065 0.806949
vt 0.083189 0.792293
vt 0.098168 0.789357
vt 0.098158 0.779164
vt 0.102276 0.799047
vt 0.101374 0.768987
vt 0.107577 0.760301
vt 0.116160 0.753957
vt 0.126284 0.750576
vt 0.136957 0.750489
vt 0.147134 0.753705
vt 0.155821 0.759908
vt 0.162165 0.768492
vt 0.165546 0.778616
vt 0.165633 0.789289
vt 0.162418 0.799468
vt 0.156214 0.808154
vt 0.147630 0.814498
vt 0.137506 0.817879
vt 0.126832 0.817965
vt 0.116655 0.814749
vt 0.107969 0.808545
vt 0.101403 0.788844
vt 0.101469 0.779195
vt 0.104513 0.770039
vt 0.110237 0.762272
vt 0.118081 0.756653
vt 0.127278 0.753734
vt 0.136926 0.753799
vt 0.146082 0.756844
vt 0.153850 0.762568
vt 0.159469 0.770413
vt 0.162388 0.779610
vt 0.162323 0.789259
vt 0.159279 0.798415
vt 0.153554 0.806183
vt 0.145709 0.811801
vt 0.136512 0.814721
vt 0.126863 0.814655
vt 0.117707 0.811610
vt 0.114590 0.787257
vt 0.116135 0.791987
vt 0.088984 0.777729
vt 0.093091 0.764786
vt 0.100997 0.753747
vt 0.111928 0.745691
vt 0.124813 0.741406
vt 0.138392 0.741314
vt 0.151335 0.745422
vt 0.162375 0.753329
vt 0.170431 0.764260
vt 0.174715 0.777146
vt 0.174808 0.790725
vt 0.170700 0.803668
vt 0.162793 0.814708
vt 0.151861 0.822765
vt 0.138975 0.827048
vt 0.125396 0.827140
vt 0.112453 0.823031
vt 0.101414 0.815123
vt 0.099598 0.801042
vt 0.095983 0.790239
vt 0.254006 0.854131
vt 0.255578 0.853892
vt 0.260991 0.910676
vt 0.234677 0.856943
vt 0.088453 0.791405
vt 0.092565 0.804034
vt 0.084907 0.791973
vt 0.083730 0.791600
vt 0.083712 0.776949
vt 0.087288 0.791039
vt 0.083809 0.776357
vt 0.088319 0.762416
vt 0.087366 0.776922
vt 0.088594 0.761883
vt 0.097191 0.750017
vt 0.091802 0.763519
vt 0.097618 0.749596
vt 0.109461 0.740968
vt 0.100163 0.752143
vt 0.109996 0.740698
vt 0.123926 0.736152
vt 0.111629 0.743908
vt 0.124519 0.736061
vt 0.139172 0.736042
vt 0.125080 0.739618
vt 0.139764 0.736139
vt 0.153705 0.740650
vt 0.139199 0.739696
vt 0.154238 0.740925
vt 0.166104 0.749522
vt 0.152602 0.744132
vt 0.166526 0.749949
vt 0.175154 0.761792
vt 0.163978 0.752494
vt 0.175424 0.762328
vt 0.179970 0.776258
vt 0.172214 0.763961
vt 0.180061 0.776851
vt 0.180080 0.791505
vt 0.176503 0.777413
vt 0.179983 0.792097
vt 0.175472 0.806039
vt 0.176426 0.791531
vt 0.175197 0.806572
vt 0.166599 0.818438
vt 0.171989 0.804935
vt 0.166173 0.818860
vt 0.154328 0.827488
vt 0.163628 0.816312
vt 0.153792 0.827758
vt 0.139861 0.832303
vt 0.152159 0.824548
vt 0.139268 0.832394
vt 0.124615 0.832412
vt 0.138707 0.828836
vt 0.124023 0.832315
vt 0.110081 0.827803
vt 0.124589 0.828758
vt 0.109548 0.827528
vt 0.097684 0.818929
vt 0.111186 0.824320
vt 0.089600 0.806114
vt 0.092797 0.804478
vt 0.100610 0.815218
vt 0.096506 0.789581
vt 0.096491 0.778944
vt 0.099754 0.789072
vt 0.100878 0.789414
vt 0.103777 0.798321
vt 0.097640 0.789934
vt 0.096584 0.778383
vt 0.099856 0.768262
vt 0.099829 0.778903
vt 0.100117 0.767757
vt 0.106357 0.759142
vt 0.103044 0.769255
vt 0.106762 0.758743
vt 0.115358 0.752478
vt 0.109082 0.761072
vt 0.115866 0.752224
vt 0.125978 0.748922
vt 0.117354 0.755155
vt 0.126540 0.748837
vt 0.137177 0.748821
vt 0.127049 0.752084
vt 0.137738 0.748914
vt 0.147860 0.752187
vt 0.137218 0.752160
vt 0.148364 0.752448
vt 0.156979 0.758689
vt 0.146867 0.755374
vt 0.157378 0.759093
vt 0.163644 0.767690
vt 0.155050 0.761413
vt 0.163898 0.768198
vt 0.167200 0.778310
vt 0.160967 0.769685
vt 0.167285 0.778872
vt 0.167301 0.789510
vt 0.164038 0.779381
vt 0.167208 0.790071
vt 0.163935 0.800193
vt 0.163962 0.789551
vt 0.163674 0.800697
vt 0.157433 0.809313
vt 0.160748 0.799200
vt 0.157029 0.809711
vt 0.148431 0.815977
vt 0.154709 0.807383
vt 0.147923 0.816231
vt 0.137811 0.819533
vt 0.146436 0.813300
vt 0.137249 0.819618
vt 0.126611 0.819633
vt 0.136741 0.816370
vt 0.126051 0.819540
vt 0.115929 0.816267
vt 0.126571 0.816294
vt 0.115425 0.816005
vt 0.106810 0.809764
vt 0.116922 0.813079
vt 0.101080 0.800241
vt 0.103999 0.798745
vt 0.109508 0.806320
vt 0.200851 0.591158
vt 0.201479 0.591158
vt 0.201497 0.609449
vt 0.201516 0.627804
vt 0.201535 0.646164
vt 0.201553 0.664523
vt 0.201572 0.682881
vt 0.201590 0.701239
vt 0.201609 0.719597
vt 0.201627 0.737956
vt 0.201646 0.756314
vt 0.201664 0.774671
vt 0.201683 0.793029
vt 0.201701 0.811386
vt 0.201720 0.829680
vt 0.208699 0.829818
vt 0.208718 0.848153
vt 0.208737 0.867391
vt 0.208736 0.866481
vt 0.202879 0.884796
vt 0.202897 0.903078
vt 0.202934 0.939646
vt 0.189435 0.591170
vt 0.189436 0.591728
vn 0.000000 -1.000000 0.000001
vn 0.000000 -1.000000 0.000001
vn 0.000423 -0.999979 -0.006445
vn 0.000423 -0.999979 -0.006446
vn 0.746494 -0.549205 -0.375660
vn 0.746318 -0.549175 -0.376055
vn 0.742909 -0.549178 -0.382740
vn 0.742686 -0.549210 -0.383126
vn 0.986941 -0.000000 -0.161084
vn 0.893139 0.000001 -0.449780
vn 0.893137 0.000001 -0.449785
vn 0.986940 -0.000000 -0.161090
vn 0.824845 -0.549141 -0.134443
vn 0.824753 -0.549172 -0.134880
vn 0.826065 -0.549171 -0.126601
vn 0.826019 -0.549140 -0.127031
vn 0.000000 -1.000000 0.000000
vn 0.000000 -1.000000 0.000001
vn 0.000423 -0.999979 -0.006445
vn 0.593883 -0.549170 -0.587976
vn 0.593593 -0.549138 -0.588298
vn 0.588290 -0.549139 -0.593600
vn 0.587959 -0.549172 -0.593898
vn 0.888860 0.000001 -0.458180
vn 0.710433 -0.000002 -0.703765
vn 0.710429 -0.000002 -0.703769
vn 0.888857 0.000001 -0.458185
vn 0.000000 -1.000000 -0.000000
vn 0.000000 -1.000000 0.000000
vn 0.000423 -0.999979 -0.006446
vn 0.383142 -0.549119 -0.742746
vn 0.382766 -0.549087 -0.742963
vn 0.376075 -0.549084 -0.746374
vn 0.375670 -0.549116 -0.746555
vn 0.703769 -0.000002 -0.710429
vn 0.458185 0.000009 -0.888857
vn 0.458180 0.000009 -0.888860
vn 0.703765 -0.000002 -0.710433
vn 0.000000 -1.000000 -0.000000
vn 0.000000 -1.000000 -0.000000
vn 0.000423 -0.999979 -0.006446
vn 0.134869 -0.549133 -0.824781
vn 0.134443 -0.549103 -0.824871
vn 0.127035 -0.549106 -0.826041
vn 0.126593 -0.549138 -0.826088
vn 0.449786 0.000008 -0.893137
vn 0.161093 -0.000003 -0.986939
vn 0.161087 -0.000003 -0.986940
vn 0.449780 0.000008 -0.893139
vn 0.000000 -1.000000 0.000000
vn 0.000000 -1.000000 0.000000
vn 0.000423 -0.999979 -0.006446
vn -0.126597 -0.549167 -0.826068
vn -0.127029 -0.549136 -0.826023
vn -0.134439 -0.549134 -0.824850
vn -0.134874 -0.549166 -0.824758
vn 0.151786 -0.000003 -0.988414
vn -0.151777 0.000004 -0.988415
vn -0.151783 0.000004 -0.988414
vn 0.151780 -0.000003 -0.988414
vn 0.000000 -1.000000 0.000000
vn 0.000000 -1.000000 0.000000
vn 0.000423 -0.999979 -0.006446
vn -0.375701 -0.549064 -0.746577
vn -0.376096 -0.549033 -0.746401
vn -0.382784 -0.549035 -0.742992
vn -0.383171 -0.549067 -0.742769
vn -0.161085 0.000004 -0.986941
vn -0.449781 -0.000007 -0.893139
vn -0.449786 -0.000007 -0.893136
vn -0.161091 0.000004 -0.986940
vn 0.000000 -1.000000 0.000000
vn 0.000000 -1.000000 0.000000
vn 0.000423 -0.999979 -0.006445
vn -0.587983 -0.549134 -0.593909
vn -0.588306 -0.549103 -0.593618
vn -0.593610 -0.549106 -0.588311
vn -0.593907 -0.549138 -0.587981
vn -0.458182 -0.000007 -0.888858
vn -0.703764 -0.000001 -0.710433
vn -0.703768 -0.000001 -0.710429
vn -0.458187 -0.000007 -0.888856
vn 0.000000 -1.000000 0.000000
vn 0.000000 -1.000000 0.000000
vn 0.000423 -0.999979 -0.006446
vn -0.742692 -0.549205 -0.383121
vn -0.742909 -0.549174 -0.382745
vn -0.746316 -0.549176 -0.376057
vn -0.746496 -0.549208 -0.375651
vn -0.710428 -0.000000 -0.703770
vn -0.888855 -0.000002 -0.458188
vn -0.888858 -0.000002 -0.458183
vn -0.710432 -0.000000 -0.703766
vn 0.000000 -1.000000 0.000001
vn 0.000000 -1.000000 0.000000
vn 0.000423 -0.999979 -0.006446
vn -0.824778 -0.549137 -0.134872
vn -0.824868 -0.549105 -0.134446
vn -0.826042 -0.549105 -0.127035
vn -0.826089 -0.549137 -0.126593
vn -0.893137 -0.000002 -0.449786
vn -0.986940 0.000003 -0.161090
vn -0.986941 0.000003 -0.161084
vn -0.893139 -0.000002 -0.449781
vn 0.000000 -1.000000 -0.000001
vn 0.000000 -1.000000 0.000001
vn 0.000423 -0.999979 -0.006446
vn -0.826111 -0.549100 0.126609
vn -0.826066 -0.549069 0.127039
vn -0.824892 -0.549069 0.134450
vn -0.824800 -0.549100 0.134886
vn -0.988414 0.000003 -0.151781
vn -0.988415 0.000001 0.151776
vn -0.988414 0.000001 0.151782
vn -0.988415 0.000003 -0.151776
vn 0.000000 -1.000000 0.000000
vn 0.000000 -1.000000 -0.000001
vn 0.000436 -0.999978 -0.006645
vn -0.746552 -0.549101 0.375698
vn -0.746374 -0.549070 0.376096
vn -0.742965 -0.549074 0.382780
vn -0.742743 -0.549106 0.383165
vn -0.986941 0.000001 0.161085
vn -0.893137 -0.000005 0.449785
vn -0.893134 -0.000005 0.449790
vn -0.986940 0.000001 0.161090
vn 0.000000 -1.000000 0.000000
vn 0.000000 -1.000000 0.000000
vn 0.000464 -0.999975 -0.007078
vn -0.593924 -0.549098 0.588002
vn -0.593633 -0.549066 0.588325
vn -0.588331 -0.549067 0.593626
vn -0.588001 -0.549099 0.593924
vn -0.888855 -0.000005 0.458188
vn -0.710438 0.000001 0.703760
vn -0.710434 0.000001 0.703764
vn -0.888853 -0.000005 0.458193
vn 0.000000 -1.000000 0.000000
vn 0.000000 -1.000000 0.000001
vn 0.000178 -0.999996 -0.002708
vn -0.384934 -0.543318 0.746077
vn -0.384564 -0.543267 0.746305
vn -0.401932 -0.526388 0.749244
vn -0.400498 -0.527553 0.749193
vn -0.703777 0.000001 0.710421
vn -0.458189 -0.000001 0.888855
vn -0.458182 -0.000001 0.888858
vn -0.703773 0.000001 0.710425
vn -0.739717 -0.166042 0.652111
vn -0.769382 -0.126617 0.626115
vn -0.850364 0.006632 0.526153
vn -0.850364 0.006632 0.526153
vn -0.160100 -0.000003 0.987101
vn -0.156434 0.000021 0.987688
vn -0.151796 0.000016 0.988412
vn -0.151771 0.000001 0.988416
vn -0.448942 -0.000008 0.893561
vn -0.161088 -0.000013 0.986940
vn -0.449594 -0.000007 0.893233
vn -0.773062 -0.582235 -0.251749
vn -0.773062 -0.582235 -0.251749
vn -0.773062 -0.582235 -0.251749
vn -0.773062 -0.582235 -0.251749
vn 0.151734 0.000011 0.988421
vn -0.151782 -0.000035 0.988414
vn 0.151677 0.000004 0.988430
vn 0.151782 0.000004 0.988414
vn 0.156434 0.000014 0.987688
vn 0.160137 0.000002 0.987095
vn 0.151770 0.000003 0.988416
vn -0.151794 -0.000006 0.988412
vn 0.759847 -0.129387 0.637096
vn 0.732103 -0.167274 0.660336
vn 0.835880 -0.003104 0.548903
vn 0.835880 -0.003104 0.548903
vn 0.763317 -0.596409 -0.248281
vn 0.763317 -0.596409 -0.248281
vn 0.763317 -0.596409 -0.248281
vn 0.763317 -0.596409 -0.248281
vn 0.400019 -0.531382 0.746738
vn 0.400600 -0.530898 0.746771
vn 0.383790 -0.547703 0.743456
vn 0.384181 -0.547740 0.743227
vn 0.449028 -0.000010 0.893518
vn 0.449589 -0.000009 0.893236
vn 0.161001 -0.000001 0.986954
vn 0.000000 -1.000000 0.000000
vn 0.000000 -1.000000 -0.000001
vn 0.000148 -0.999997 -0.002256
vn 0.000456 -0.999976 -0.006962
vn 0.587977 -0.549165 0.593887
vn 0.588300 -0.549133 0.593596
vn 0.593602 -0.549134 0.588293
vn 0.593901 -0.549166 0.587961
vn 0.458173 -0.000006 0.888863
vn 0.703774 0.000004 0.710424
vn 0.703778 0.000004 0.710420
vn 0.458181 -0.000006 0.888859
vn 0.000000 -1.000000 0.000001
vn 0.000000 -1.000000 0.000000
vn 0.000448 -0.999977 -0.006842
vn 0.742687 -0.549209 0.383125
vn 0.742903 -0.549178 0.382750
vn 0.746311 -0.549180 0.376060
vn 0.746493 -0.549212 0.375653
vn 0.710435 0.000003 0.703763
vn 0.888854 0.000004 0.458191
vn 0.888856 0.000004 0.458186
vn 0.710439 0.000003 0.703758
vn 0.000000 -1.000000 -0.000001
vn 0.000000 -1.000000 -0.000000
vn 0.000423 -0.999979 -0.006448
vn 0.824756 -0.549171 0.134867
vn 0.824845 -0.549140 0.134444
vn 0.826018 -0.549143 0.127033
vn 0.826064 -0.549175 0.126591
vn 0.893134 0.000004 0.449791
vn 0.986940 0.000002 0.161091
vn 0.986941 0.000002 0.161085
vn 0.893137 0.000004 0.449785
vn 0.000000 -1.000000 0.000001
vn 0.000000 -1.000000 -0.000001
vn 0.988414 0.000002 0.151780
vn 0.988415 -0.000000 -0.151774
vn 0.988414 -0.000000 -0.151779
vn 0.988415 0.000002 0.151774
vn 0.000000 1.000000 0.000000
vn 0.000000 1.000000 0.000000
vn 0.000000 1.000000 0.000000
vn 0.000000 1.000000 0.000000
vn 0.824754 0.549174 -0.134867
vn 0.824844 0.549143 -0.134442
vn 0.826017 0.549144 -0.127032
vn 0.826064 0.549176 -0.126589
vn 0.746315 0.549180 -0.376053
vn 0.746495 0.549212 -0.375648
vn 0.742692 0.549209 -0.383115
vn 0.742909 0.549178 -0.382739
vn 0.000000 1.000000 -0.000000
vn 0.000000 1.000000 -0.000001
vn 0.000000 1.000000 -0.000000
vn 0.000000 1.000000 -0.000000
vn 0.593578 0.549179 -0.588275
vn 0.593875 0.549211 -0.587945
vn 0.587951 0.549208 -0.593872
vn 0.588273 0.549177 -0.593582
vn 0.000000 1.000000 -0.000000
vn 0.000000 1.000000 -0.000000
vn 0.000000 1.000000 -0.000000
vn 0.000000 1.000000 -0.000000
vn 0.382795 0.549004 -0.743010
vn 0.383181 0.549036 -0.742786
vn 0.375710 0.549033 -0.746596
vn 0.376107 0.549002 -0.746419
vn 0.000000 1.000000 -0.000000
vn 0.000000 1.000000 0.000000
vn 0.000000 1.000000 0.000000
vn 0.000000 1.000000 -0.000000
vn 0.134440 0.549146 -0.824842
vn 0.134875 0.549178 -0.824750
vn 0.126599 0.549178 -0.826061
vn 0.127030 0.549147 -0.826015
vn 0.000000 1.000000 0.000000
vn 0.000000 1.000000 0.000000
vn 0.000000 1.000000 0.000000
vn 0.000000 1.000000 0.000000
vn -0.127036 0.549108 -0.826040
vn -0.126594 0.549140 -0.826087
vn -0.134869 0.549134 -0.824780
vn -0.134445 0.549103 -0.824870
vn 0.000000 1.000000 0.000000
vn 0.000000 1.000000 0.000000
vn 0.000000 1.000000 0.000000
vn 0.000000 1.000000 0.000000
vn -0.376066 0.549124 -0.746349
vn -0.375661 0.549156 -0.746530
vn -0.383133 0.549159 -0.742721
vn -0.382756 0.549127 -0.742938
vn 0.000000 1.000000 -0.000000
vn 0.000000 1.000000 0.000000
vn 0.000000 1.000000 0.000000
vn 0.000000 1.000000 0.000000
vn -0.588308 0.549110 -0.593610
vn -0.587976 0.549142 -0.593908
vn -0.593902 0.549140 -0.587985
vn -0.593611 0.549108 -0.588307
vn 0.000000 1.000000 0.000000
vn 0.000000 1.000000 -0.000000
vn 0.000000 1.000000 0.000000
vn 0.000000 1.000000 0.000000
vn -0.742929 0.549145 -0.382749
vn -0.742706 0.549177 -0.383135
vn -0.746514 0.549172 -0.375669
vn -0.746337 0.549142 -0.376064
vn 0.000000 1.000000 0.000000
vn 0.000000 1.000000 0.000000
vn 0.000000 1.000000 0.000000
vn 0.000000 1.000000 0.000000
vn -0.824889 0.549073 -0.134449
vn -0.824797 0.549105 -0.134886
vn -0.826109 0.549104 -0.126608
vn -0.826063 0.549073 -0.127038
vn 0.000000 1.000000 0.000000
vn 0.000000 1.000000 0.000000
vn 0.000000 1.000000 0.000000
vn 0.000000 1.000000 0.000000
vn -0.826062 0.549075 0.127038
vn -0.826109 0.549107 0.126596
vn -0.824800 0.549103 0.134873
vn -0.824890 0.549072 0.134449
vn 0.000000 1.000000 0.000000
vn 0.000000 1.000000 0.000000
vn 0.000000 1.000000 0.000000
vn 0.000000 1.000000 0.000000
vn -0.746331 0.549147 0.376068
vn -0.746512 0.549179 0.375662
vn -0.742706 0.549176 0.383136
vn -0.742923 0.549145 0.382760
vn 0.000000 1.000000 0.000000
vn 0.000000 1.000000 -0.000000
vn 0.000000 1.000000 -0.000000
vn 0.000000 1.000000 0.000000
vn -0.593618 0.549101 0.588307
vn -0.593917 0.549133 0.587976
vn -0.587992 0.549134 0.593900
vn -0.588315 0.549103 0.593609
vn 0.000000 1.000000 -0.000000
vn 0.000000 1.000000 0.000000
vn 0.000000 1.000000 0.000000
vn 0.000000 1.000000 -0.000000
vn -0.382748 0.549145 0.742929
vn -0.383133 0.549177 0.742707
vn -0.375670 0.549174 0.746512
vn -0.376067 0.549143 0.746334
vn 0.000000 1.000000 0.000000
vn 0.000000 1.000000 -0.000000
vn 0.000000 1.000000 -0.000000
vn 0.000000 1.000000 0.000000
vn -0.134447 0.549126 0.824854
vn -0.134882 0.549158 0.824762
vn -0.126598 0.549158 0.826074
vn -0.127031 0.549127 0.826028
vn 0.000000 1.000000 -0.000000
vn 0.000000 1.000000 0.000000
vn 0.000000 1.000000 0.000000
vn 0.000000 1.000000 -0.000000
vn 0.127036 0.549082 0.826058
vn 0.126594 0.549114 0.826104
vn 0.134874 0.549110 0.824795
vn 0.134449 0.549079 0.824886
vn 0.000000 1.000000 0.000000
vn 0.000000 1.000000 -0.000000
vn 0.000000 1.000000 -0.000000
vn 0.000000 1.000000 0.000000
vn 0.376050 0.549177 0.746318
vn 0.375644 0.549208 0.746500
vn 0.383116 0.549205 0.742695
vn 0.382740 0.549174 0.742912
vn 0.000000 1.000000 -0.000000
vn 0.000000 1.000000 0.000000
vn 0.000000 1.000000 0.000000
vn 0.000000 1.000000 -0.000000
vn 0.588316 0.549106 0.593605
vn 0.587986 0.549137 0.593902
vn 0.593909 0.549138 0.587979
vn 0.593619 0.549107 0.588302
vn 0.000000 1.000000 0.000000
vn 0.000000 1.000000 0.000000
vn 0.000000 1.000000 0.000000
vn 0.000000 1.000000 0.000000
vn 0.742925 0.549148 0.382753
vn 0.742703 0.549179 0.383137
vn 0.746509 0.549177 0.375671
vn 0.746332 0.549146 0.376069
vn 0.000000 1.000000 0.000000
vn 0.000000 1.000000 0.000000
vn 0.000000 1.000000 0.000000
vn 0.000000 1.000000 0.000000
vn 0.824844 0.549143 0.134443
vn 0.824751 0.549175 0.134879
vn 0.826064 0.549173 0.126600
vn 0.826018 0.549143 0.127031
vn 0.000000 1.000000 0.000000
vn 0.000000 1.000000 0.000000
vn 0.000000 1.000000 0.000000
vn 0.000000 1.000000 0.000000
vn 0.000000 -0.057560 -0.998342
vn 0.000000 -0.057560 -0.998342
vn 0.000000 -0.057560 -0.998342
vn 0.000000 -0.057560 -0.998342
vn 0.000000 1.000000 -0.000000
vn 0.000000 1.000000 -0.000000
vn 0.000000 1.000000 0.000000
vn 0.000000 1.000000 0.000000
vn -0.750418 0.548377 0.368993
vn -0.750920 0.548458 0.367849
vn -0.738967 0.548470 0.391290
vn -0.739601 0.548388 0.390207
vn -0.985215 0.000001 0.171321
vn -0.897755 0.000003 0.440496
vn -0.897754 0.000003 0.440497
vn -0.985213 0.000001 0.171334
vn -0.823749 0.548418 0.143789
vn -0.824015 0.548336 0.142572
vn -0.827737 0.548342 0.119046
vn -0.827861 0.548425 0.117801
vn 0.000000 1.000000 0.000001
vn 0.000000 1.000000 -0.000000
vn 0.000000 1.000000 0.000000
vn 0.000000 1.000000 0.000001
vn -0.599660 0.548385 0.582823
vn -0.600491 0.548468 0.581888
vn -0.581885 0.548459 0.600503
vn -0.582821 0.548377 0.599669
vn -0.884048 0.000004 0.467397
vn -0.717712 -0.000001 0.696340
vn -0.717715 -0.000001 0.696337
vn -0.884046 0.000004 0.467399
vn 0.000000 1.000000 0.000001
vn 0.000000 1.000000 0.000001
vn 0.000000 1.000000 0.000001
vn 0.000000 1.000000 0.000001
vn -0.390241 0.548302 0.739647
vn -0.391320 0.548384 0.739015
vn -0.367884 0.548373 0.750965
vn -0.369029 0.548292 0.750462
vn -0.696352 -0.000002 0.717701
vn -0.467407 -0.000007 0.884042
vn -0.467410 -0.000007 0.884041
vn -0.696349 -0.000002 0.717703
vn 0.000000 1.000000 0.000000
vn 0.000000 1.000000 0.000001
vn 0.000000 1.000000 0.000001
vn 0.000000 1.000000 0.000000
vn -0.142556 0.548305 0.824039
vn -0.143778 0.548386 0.823772
vn -0.117781 0.548394 0.827884
vn -0.119025 0.548312 0.827760
vn -0.440494 -0.000005 0.897756
vn -0.171317 0.000005 0.985216
vn -0.171321 0.000005 0.985215
vn -0.440491 -0.000005 0.897757
vn 0.000000 1.000000 0.000000
vn 0.000000 1.000000 -0.000000
vn 0.000000 1.000000 -0.000000
vn 0.000000 1.000000 -0.000000
vn 0.119025 0.548301 0.827768
vn 0.117781 0.548383 0.827891
vn 0.143777 0.548376 0.823779
vn 0.142555 0.548294 0.824046
vn -0.141483 0.000002 0.989941
vn 0.141482 0.000001 0.989941
vn 0.141479 0.000001 0.989941
vn -0.141480 0.000002 0.989941
vn 0.000000 1.000000 0.000001
vn 0.000000 1.000000 0.000000
vn 0.000000 1.000000 0.000000
vn 0.000000 1.000000 0.000001
vn 0.369025 0.548307 0.750453
vn 0.367880 0.548388 0.750956
vn 0.391317 0.548396 0.739009
vn 0.390237 0.548313 0.739640
vn 0.171315 0.000004 0.985216
vn 0.440492 -0.000013 0.897757
vn 0.440489 -0.000013 0.897758
vn 0.171319 0.000004 0.985216
vn 0.000000 1.000000 0.000000
vn 0.000000 1.000000 0.000001
vn 0.000000 1.000000 0.000001
vn 0.000000 1.000000 0.000000
vn 0.582820 0.548373 0.599673
vn 0.581883 0.548455 0.600508
vn 0.600493 0.548459 0.581894
vn 0.599661 0.548377 0.582829
vn 0.467406 -0.000015 0.884043
vn 0.696353 0.000001 0.717699
vn 0.696350 0.000001 0.717702
vn 0.467410 -0.000015 0.884041
vn 0.000000 1.000000 0.000001
vn 0.000000 1.000000 0.000000
vn 0.000000 1.000000 0.000000
vn 0.000000 1.000000 0.000001
vn 0.739622 0.548354 0.390213
vn 0.738988 0.548437 0.391297
vn 0.750936 0.548431 0.367857
vn 0.750434 0.548349 0.369001
vn 0.717709 0.000004 0.696343
vn 0.884045 0.000003 0.467401
vn 0.884043 0.000003 0.467405
vn 0.717712 0.000004 0.696340
vn 0.000000 1.000000 -0.000001
vn 0.000000 1.000000 0.000000
vn 0.000000 1.000000 -0.000000
vn 0.000000 1.000000 -0.000001
vn 0.824015 0.548337 0.142569
vn 0.823749 0.548418 0.143786
vn 0.827864 0.548422 0.117793
vn 0.827740 0.548339 0.119038
vn 0.897754 0.000001 0.440496
vn 0.985214 -0.000006 0.171328
vn 0.985214 -0.000006 0.171331
vn 0.897756 0.000001 0.440493
vn 0.000000 1.000000 0.000000
vn 0.000000 1.000000 0.000000
vn 0.000000 1.000000 0.000000
vn 0.000000 1.000000 0.000000
vn 0.827743 0.548334 -0.119043
vn 0.827867 0.548416 -0.117798
vn 0.823752 0.548412 -0.143798
vn 0.824018 0.548330 -0.142577
vn 0.989940 -0.000006 0.141490
vn 0.989939 0.000011 -0.141498
vn 0.989939 0.000011 -0.141495
vn 0.989940 -0.000006 0.141487
vn 0.000000 1.000000 -0.000000
vn 0.000000 1.000000 0.000001
vn 0.000000 1.000000 0.000001
vn 0.000000 1.000000 0.000000
vn 0.750482 0.548276 -0.369014
vn 0.750986 0.548358 -0.367863
vn 0.739044 0.548355 -0.391307
vn 0.739675 0.548273 -0.390228
vn 0.985212 0.000013 -0.171339
vn 0.897766 0.000018 -0.440473
vn 0.897769 0.000018 -0.440467
vn 0.985212 0.000013 -0.171342
vn 0.000000 1.000000 0.000001
vn 0.000000 1.000000 -0.000000
vn 0.000000 1.000000 0.000000
vn 0.000000 1.000000 0.000001
vn 0.599685 0.548333 -0.582845
vn 0.600519 0.548414 -0.581910
vn 0.581900 0.548432 -0.600512
vn 0.582837 0.548349 -0.599679
vn 0.884055 0.000017 -0.467383
vn 0.717705 0.000011 -0.696347
vn 0.717708 0.000011 -0.696345
vn 0.884053 0.000017 -0.467386
vn 0.000000 1.000000 0.000000
vn 0.000000 1.000000 0.000000
vn 0.000000 1.000000 0.000000
vn 0.000000 1.000000 0.000000
vn 0.390174 0.548463 -0.739562
vn 0.391251 0.548545 -0.738933
vn 0.367821 0.548532 -0.750880
vn 0.368968 0.548451 -0.750376
vn 0.696347 0.000011 -0.717705
vn 0.467384 -0.000020 -0.884054
vn 0.467387 -0.000020 -0.884053
vn 0.696345 0.000011 -0.717707
vn 0.000000 1.000000 0.000000
vn 0.000000 1.000000 0.000000
vn 0.000000 1.000000 0.000000
vn 0.000000 1.000000 0.000000
vn 0.142575 0.548240 -0.824079
vn 0.143798 0.548322 -0.823811
vn 0.117804 0.548327 -0.827925
vn 0.119049 0.548244 -0.827802
vn 0.440497 -0.000022 -0.897754
vn 0.171338 -0.000002 -0.985212
vn 0.171342 -0.000002 -0.985212
vn 0.440493 -0.000022 -0.897756
vn 0.000000 1.000000 -0.000000
vn 0.000000 1.000000 0.000000
vn 0.000000 1.000000 0.000000
vn 0.000000 1.000000 0.000000
vn -0.119050 0.548249 -0.827799
vn -0.117805 0.548332 -0.827922
vn -0.143799 0.548328 -0.823807
vn -0.142576 0.548246 -0.824074
vn 0.141487 -0.000004 -0.989940
vn -0.141488 -0.000004 -0.989940
vn -0.141485 -0.000004 -0.989940
vn 0.141484 -0.000004 -0.989941
vn 0.000000 1.000000 -0.000001
vn 0.000000 1.000000 -0.000000
vn 0.000000 1.000000 -0.000000
vn 0.000000 1.000000 -0.000001
vn -0.368975 0.548425 -0.750391
vn -0.367828 0.548506 -0.750896
vn -0.391259 0.548512 -0.738953
vn -0.390184 0.548431 -0.739581
vn -0.171339 -0.000003 -0.985212
vn -0.440498 -0.000016 -0.897753
vn -0.440495 -0.000016 -0.897755
vn -0.171344 -0.000003 -0.985211
vn 0.000000 1.000000 0.000001
vn 0.000000 1.000000 -0.000000
vn 0.000000 1.000000 -0.000000
vn 0.000000 1.000000 0.000001
vn -0.582838 0.548346 -0.599680
vn -0.581903 0.548428 -0.600513
vn -0.600516 0.548428 -0.581900
vn -0.599683 0.548345 -0.582836
vn -0.467386 -0.000014 -0.884053
vn -0.696346 0.000006 -0.717707
vn -0.696343 0.000006 -0.717709
vn -0.467388 -0.000014 -0.884052
vn 0.000000 1.000000 0.000000
vn 0.000000 1.000000 0.000001
vn 0.000000 1.000000 0.000001
vn 0.000000 1.000000 0.000000
vn -0.739653 0.548310 -0.390218
vn -0.739021 0.548393 -0.391297
vn -0.750971 0.548386 -0.367853
vn -0.750466 0.548304 -0.369003
vn -0.717706 0.000005 -0.696346
vn -0.884057 0.000001 -0.467380
vn -0.884055 0.000001 -0.467383
vn -0.717709 0.000005 -0.696343
vn 0.000000 1.000000 -0.000001
vn 0.000000 1.000000 -0.000001
vn 0.000000 1.000000 -0.000001
vn 0.000000 1.000000 -0.000001
vn -0.824018 0.548330 -0.142581
vn -0.823751 0.548411 -0.143802
vn -0.827863 0.548419 -0.117810
vn -0.827740 0.548337 -0.119055
vn -0.897769 0.000002 -0.440467
vn -0.985213 0.000012 -0.171336
vn -0.985212 0.000012 -0.171339
vn -0.897772 0.000002 -0.440461
vn 0.000000 1.000000 -0.000001
vn 0.000000 1.000000 0.000000
vn 0.000000 1.000000 0.000000
vn 0.000000 1.000000 -0.000001
vn -0.989938 0.000012 -0.141504
vn -0.989939 0.000002 0.141493
vn -0.989940 0.000002 0.141490
vn -0.989938 0.000012 -0.141501
vn -0.823203 0.549196 0.143946
vn -0.823482 0.549108 0.142684
vn -0.827280 0.549110 0.118683
vn -0.827406 0.549198 0.117389
vn -0.749842 0.549507 0.368482
vn -0.750375 0.549593 0.367266
vn -0.738156 0.549586 0.391254
vn -0.738819 0.549502 0.390120
vn 0.000000 1.000000 0.000002
vn 0.000000 1.000000 0.000002
vn 0.000000 1.000000 0.000004
vn 0.000000 1.000000 0.000002
vn -0.599405 0.549327 0.582197
vn -0.600270 0.549413 0.581224
vn -0.581249 0.549404 0.600254
vn -0.582230 0.549317 0.599382
vn 0.000000 1.000000 0.000002
vn 0.000000 1.000000 0.000002
vn 0.000000 1.000000 0.000002
vn 0.000000 1.000000 0.000000
vn 0.000000 1.000000 0.000002
vn 0.000000 1.000000 0.000000
vn 0.000000 1.000000 -0.000001
vn 0.000000 1.000000 0.000000
vn 0.000000 1.000000 -0.000002
vn 0.000000 1.000000 -0.000000
vn 0.000000 1.000000 -0.000002
vn 0.000000 1.000000 0.000000
vn 0.000000 1.000000 -0.000000
vn 0.000000 1.000000 -0.000000
vn 0.000000 1.000000 -0.000001
vn 0.000000 1.000000 -0.000002
vn 0.000000 1.000000 -0.000000
vn 0.000000 1.000000 0.000000
vn 0.000000 1.000000 -0.000000
vn 0.000000 1.000000 -0.000002
vn 0.000000 1.000000 -0.000002
vn 0.000000 1.000000 0.000003
vn 0.000000 1.000000 0.000002
vn 0.000000 1.000000 0.000000
vn 0.000000 1.000000 0.000001
vn 0.000000 1.000000 0.000000
vn 0.000000 1.000000 0.000000
vn 0.000000 1.000000 0.000002
vn 0.000000 1.000000 -0.000002
vn 0.000000 1.000000 0.000000
vn 0.000000 1.000000 -0.000000
vn 0.000000 1.000000 0.000002
vn 0.000000 1.000000 0.000002
vn 0.000000 1.000000 -0.000002
vn 0.000000 1.000000 -0.000002
vn 0.000000 1.000000 -0.000002
vn 0.000000 1.000000 0.000000
vn 0.000000 1.000000 0.000000
vn 0.000000 1.000000 0.000002
vn 0.000000 1.000000 -0.000000
vn 0.000000 1.000000 0.000002
vn 0.000000 1.000000 0.000000
vn 0.000000 1.000000 -0.000000
vn 0.000000 1.000000 0.000000
vn 0.000000 1.000000 0.000001
vn 0.000000 1.000000 0.000002
vn 0.000000 1.000000 0.000000
vn 0.000000 1.000000 0.000000
vn 0.000000 1.000000 -0.000000
vn 0.000000 1.000000 0.000002
vn 0.000000 1.000000 0.000002
vn 0.000000 1.000000 -0.000002
vn 0.000000 1.000000 -0.000002
vn 0.000000 1.000000 -0.000000
vn 0.000000 1.000000 0.000002
vn 0.000000 1.000000 0.000002
vn -0.390182 0.549249 0.738975
vn -0.391304 0.549335 0.738317
vn -0.367314 0.549335 0.750541
vn -0.368516 0.549247 0.750016
vn -0.142687 0.549351 0.823319
vn -0.143958 0.549436 0.823041
vn -0.117397 0.549443 0.827242
vn -0.118701 0.549356 0.827114
vn 0.118682 0.549334 0.827132
vn 0.117389 0.549421 0.827259
vn 0.143966 0.549408 0.823058
vn 0.142684 0.549321 0.823339
vn 0.368484 0.549323 0.749976
vn 0.367291 0.549410 0.750497
vn 0.391276 0.549398 0.738285
vn 0.390143 0.549311 0.738949
vn 0.582230 0.549293 0.599404
vn 0.581258 0.549379 0.600268
vn 0.600284 0.549371 0.581250
vn 0.599411 0.549284 0.582231
vn 0.738952 0.549292 0.390164
vn 0.738295 0.549377 0.391286
vn 0.750506 0.549384 0.367312
vn 0.749980 0.549297 0.368514
vn 0.823318 0.549349 0.142701
vn 0.823038 0.549436 0.143975
vn 0.827250 0.549432 0.117398
vn 0.827121 0.549345 0.118701
vn 0.827156 0.549294 -0.118701
vn 0.827283 0.549380 -0.117407
vn 0.823081 0.549368 -0.143985
vn 0.823362 0.549281 -0.142703
vn 0.750024 0.549251 -0.368494
vn 0.750548 0.549338 -0.367295
vn 0.738331 0.549334 -0.391281
vn 0.738994 0.549247 -0.390149
vn 0.599392 0.549327 -0.582211
vn 0.600258 0.549413 -0.581237
vn 0.581241 0.549409 -0.600257
vn 0.582222 0.549323 -0.599385
vn 0.390161 0.549276 -0.738966
vn 0.391286 0.549362 -0.738307
vn 0.367306 0.549364 -0.750523
vn 0.368509 0.549277 -0.749998
vn 0.142709 0.549347 -0.823318
vn 0.143980 0.549433 -0.823039
vn 0.117398 0.549437 -0.827247
vn 0.118704 0.549349 -0.827119
vn -0.118688 0.549408 -0.827082
vn -0.117396 0.549495 -0.827209
vn -0.143964 0.549473 -0.823016
vn -0.142684 0.549387 -0.823295
vn -0.368493 0.549306 -0.749984
vn -0.367302 0.549392 -0.750505
vn -0.391271 0.549391 -0.738293
vn -0.390140 0.549304 -0.738956
vn -0.582215 0.549297 -0.599415
vn -0.581246 0.549383 -0.600276
vn -0.600278 0.549376 -0.581250
vn -0.599407 0.549289 -0.582231
vn -0.738950 0.549311 -0.390141
vn -0.738292 0.549397 -0.391264
vn -0.750513 0.549395 -0.367281
vn -0.749985 0.549308 -0.368489
vn -0.823354 0.549292 -0.142714
vn -0.823074 0.549378 -0.143987
vn -0.827288 0.549371 -0.117417
vn -0.827159 0.549284 -0.118720
vn 0.893735 0.000014 -0.448596
vn 0.986724 -0.000003 -0.162403
vn 0.986726 -0.000003 -0.162397
vn 0.893731 0.000014 -0.448603
vn 0.746805 0.549160 -0.375109
vn 0.747032 0.549199 -0.374598
vn 0.742150 0.549199 -0.384179
vn 0.742431 0.549159 -0.383693
vn 0.000000 1.000000 0.000000
vn 0.000000 1.000000 0.000000
vn 0.000000 1.000000 -0.000000
vn 0.000000 1.000000 0.000000
vn 0.824489 0.549286 -0.136024
vn 0.824606 0.549246 -0.135474
vn 0.826113 0.549248 -0.125956
vn 0.826171 0.549287 -0.125401
vn 0.988619 -0.000002 -0.150442
vn 0.988618 0.000030 0.150450
vn 0.988617 0.000030 0.150457
vn 0.988618 -0.000002 -0.150448
vn 0.000000 1.000000 -0.000000
vn 0.000000 1.000000 0.000000
vn 0.000000 1.000000 0.000000
vn 0.000000 1.000000 -0.000000
vn 0.826198 0.549243 0.125413
vn 0.826140 0.549203 0.125971
vn 0.824631 0.549205 0.135491
vn 0.824516 0.549244 0.136032
vn -0.986770 0.000027 0.162129
vn -0.893613 0.000029 0.448839
vn -0.893614 0.000029 0.448836
vn -0.986769 0.000027 0.162132
vn -0.825461 0.547859 0.135883
vn -0.825567 0.547824 0.135382
vn -0.826996 0.547827 0.126347
vn -0.827050 0.547863 0.125836
vn -0.747471 0.547831 0.375723
vn -0.747681 0.547867 0.375252
vn -0.743060 0.547868 0.384321
vn -0.743316 0.547832 0.383875
vn -0.988576 0.000004 -0.150723
vn -0.988577 0.000024 0.150719
vn -0.988577 0.000024 0.150716
vn -0.988577 0.000004 -0.150717
vn -0.827019 0.547911 -0.125833
vn -0.826964 0.547875 -0.126344
vn -0.825537 0.547870 -0.135380
vn -0.825431 0.547905 -0.135882
vn -0.888365 0.000029 0.459138
vn -0.711181 -0.000005 0.703009
vn -0.711184 -0.000005 0.703006
vn -0.888363 0.000029 0.459141
vn -0.594755 0.547892 0.588286
vn -0.595100 0.547928 0.587904
vn -0.587905 0.547930 0.595096
vn -0.588287 0.547895 0.594752
vn 0.711376 -0.000009 -0.702812
vn 0.888240 0.000014 -0.459380
vn 0.888243 0.000014 -0.459374
vn 0.711371 -0.000009 -0.702817
vn 0.594323 0.549213 -0.587490
vn 0.594695 0.549253 -0.587077
vn 0.587090 0.549253 -0.594682
vn 0.587506 0.549213 -0.594308
vn 0.000000 1.000000 0.000000
vn 0.000000 1.000000 0.000000
vn 0.000000 1.000000 0.000000
vn 0.000000 1.000000 -0.000000
vn -0.703010 -0.000008 0.711180
vn -0.459139 0.000054 0.888365
vn -0.459141 0.000054 0.888363
vn -0.703007 -0.000008 0.711183
vn -0.383880 0.547825 0.743320
vn -0.384325 0.547861 0.743063
vn -0.375259 0.547859 0.747684
vn -0.375727 0.547823 0.747475
vn 0.459375 -0.000008 -0.888243
vn 0.702811 -0.000010 -0.711376
vn 0.702816 -0.000010 -0.711372
vn 0.459369 -0.000008 -0.888245
vn 0.383676 0.549232 -0.742386
vn 0.384157 0.549271 -0.742108
vn 0.374577 0.549268 -0.746992
vn 0.375090 0.549228 -0.746764
vn 0.000000 1.000000 0.000000
vn 0.000000 1.000000 0.000000
vn 0.000000 1.000000 0.000000
vn 0.000000 1.000000 0.000000
vn -0.448843 0.000057 0.893611
vn -0.162133 -0.000032 0.986769
vn -0.162136 -0.000032 0.986769
vn -0.448841 0.000057 0.893612
vn -0.135373 0.547887 0.825527
vn -0.135874 0.547923 0.825421
vn -0.125827 0.547923 0.827011
vn -0.126337 0.547887 0.826957
vn 0.162408 0.000034 -0.986724
vn 0.448587 -0.000006 -0.893739
vn 0.448593 -0.000006 -0.893736
vn 0.162401 0.000034 -0.986725
vn 0.135481 0.549224 -0.824620
vn 0.136025 0.549263 -0.824504
vn 0.125410 0.549260 -0.826187
vn 0.125968 0.549221 -0.826129
vn 0.000000 1.000000 0.000000
vn 0.000000 1.000000 0.000000
vn 0.000000 1.000000 0.000000
vn 0.000000 1.000000 0.000000
vn -0.150721 -0.000036 0.988576
vn 0.150719 -0.000034 0.988577
vn 0.150716 -0.000034 0.988577
vn -0.150718 -0.000036 0.988577
vn 0.126337 0.547887 0.826957
vn 0.125827 0.547923 0.827011
vn 0.135874 0.547924 0.825420
vn 0.135373 0.547888 0.825526
vn -0.150448 0.000043 -0.988618
vn 0.150449 0.000037 -0.988618
vn 0.150455 0.000037 -0.988617
vn -0.150454 0.000043 -0.988617
vn -0.125963 0.549160 -0.826170
vn -0.125410 0.549199 -0.826228
vn -0.136035 0.549198 -0.824546
vn -0.135485 0.549158 -0.824663
vn 0.000000 1.000000 0.000000
vn 0.000000 1.000000 0.000000
vn 0.000000 1.000000 0.000000
vn 0.000000 1.000000 0.000000
vn 0.162130 -0.000031 0.986769
vn 0.448842 0.000053 0.893611
vn 0.448839 0.000053 0.893613
vn 0.162134 -0.000031 0.986769
vn 0.375740 0.547782 0.747499
vn 0.375271 0.547818 0.747708
vn 0.384338 0.547816 0.743090
vn 0.383893 0.547780 0.743346
vn -0.448590 -0.000036 -0.893738
vn -0.162407 0.000040 -0.986724
vn -0.162400 0.000040 -0.986725
vn -0.448596 -0.000036 -0.893735
vn -0.375085 0.549233 -0.746763
vn -0.374577 0.549272 -0.746989
vn -0.384158 0.549270 -0.742108
vn -0.383672 0.549231 -0.742389
vn 0.000000 1.000000 0.000000
vn 0.000000 1.000000 -0.000000
vn 0.000000 1.000000 -0.000000
vn 0.000000 1.000000 0.000000
vn 0.459138 0.000050 0.888365
vn 0.703011 0.000019 0.711179
vn 0.703008 0.000019 0.711182
vn 0.459141 0.000050 0.888363
vn 0.588299 0.547873 0.594760
vn 0.587918 0.547909 0.595104
vn 0.595112 0.547911 0.587907
vn 0.594768 0.547876 0.588289
vn -0.702806 0.000021 -0.711382
vn -0.459378 -0.000037 -0.888241
vn -0.459372 -0.000037 -0.888244
vn -0.702811 0.000021 -0.711377
vn -0.587498 0.549212 -0.594317
vn -0.587084 0.549251 -0.594689
vn -0.594690 0.549251 -0.587084
vn -0.594315 0.549211 -0.587501
vn 0.000000 1.000000 -0.000001
vn 0.000000 1.000000 0.000000
vn 0.000000 1.000000 0.000000
vn 0.000000 1.000000 -0.000001
vn 0.711182 0.000020 0.703009
vn 0.888366 -0.000013 0.459137
vn 0.888364 -0.000013 0.459140
vn 0.711184 0.000020 0.703006
vn 0.743341 0.547792 0.383886
vn 0.743084 0.547828 0.384331
vn 0.747705 0.547826 0.375265
vn 0.747495 0.547790 0.375736
vn -0.888244 0.000003 -0.459373
vn -0.711371 0.000021 -0.702817
vn -0.711366 0.000021 -0.702821
vn -0.888247 0.000003 -0.459366
vn -0.742417 0.549185 -0.383682
vn -0.742138 0.549225 -0.384165
vn -0.747021 0.549221 -0.374589
vn -0.746793 0.549181 -0.375102
vn 0.000000 1.000000 0.000000
vn 0.000000 1.000000 -0.000000
vn 0.000000 1.000000 -0.000000
vn 0.000000 1.000000 0.000000
vn 0.893612 -0.000013 0.448840
vn 0.986767 -0.000016 0.162142
vn 0.986767 -0.000016 0.162145
vn 0.893614 -0.000013 0.448836
vn 0.825565 0.547824 0.135391
vn 0.825459 0.547860 0.135892
vn 0.827052 0.547858 0.125844
vn 0.826997 0.547823 0.126354
vn -0.986723 -0.000033 -0.162413
vn -0.893738 0.000004 -0.448589
vn -0.893735 0.000004 -0.448595
vn -0.986724 -0.000033 -0.162406
vn -0.824633 0.549202 -0.135492
vn -0.824516 0.549242 -0.136037
vn -0.826199 0.549241 -0.125413
vn -0.826141 0.549201 -0.125971
vn 0.000000 1.000000 0.000000
vn 0.000000 1.000000 0.000000
vn 0.000000 1.000000 -0.000000
vn 0.000000 1.000000 -0.000000
vn 0.988575 -0.000016 0.150729
vn 0.988575 0.000014 -0.150732
vn 0.988575 0.000014 -0.150730
vn 0.988576 -0.000016 0.150727
vn 0.826994 0.547828 -0.126356
vn 0.827048 0.547864 -0.125845
vn 0.825456 0.547864 -0.135894
vn 0.825562 0.547828 -0.135393
vn -0.988617 -0.000006 0.150454
vn -0.988618 -0.000032 -0.150451
vn -0.988617 -0.000032 -0.150458
vn -0.988616 -0.000006 0.150460
vn -0.826107 0.549255 0.125964
vn -0.826165 0.549294 0.125410
vn -0.824486 0.549289 0.136030
vn -0.824603 0.549250 0.135482
vn 0.000000 1.000000 0.000000
vn 0.000000 1.000000 0.000000
vn 0.000000 1.000000 -0.000000
vn 0.000000 1.000000 -0.000000
vn 0.986767 0.000015 -0.162146
vn 0.893614 0.000076 -0.448837
vn 0.893616 0.000076 -0.448832
vn 0.986766 0.000015 -0.162148
vn 0.747525 0.547740 -0.375750
vn 0.747735 0.547776 -0.375280
vn 0.743116 0.547777 -0.384343
vn 0.743372 0.547741 -0.383898
vn -0.893738 -0.000004 0.448590
vn -0.986723 -0.000003 0.162414
vn -0.986724 -0.000003 0.162409
vn -0.893735 -0.000004 0.448596
vn -0.746805 0.549161 0.375106
vn -0.747032 0.549200 0.374597
vn -0.742148 0.549202 0.384179
vn -0.742430 0.549162 0.383692
vn 0.000000 1.000000 -0.000001
vn 0.000000 1.000000 -0.000000
vn 0.000000 1.000000 -0.000000
vn 0.000000 1.000000 -0.000001
vn 0.888368 0.000079 -0.459131
vn 0.711185 0.000053 -0.703005
vn 0.711188 0.000053 -0.703002
vn 0.888367 0.000079 -0.459133
vn 0.594785 0.547826 -0.588318
vn 0.595129 0.547862 -0.587936
vn 0.587935 0.547862 -0.595131
vn 0.588315 0.547826 -0.594788
vn -0.711372 0.000009 0.702815
vn -0.888240 -0.000005 0.459380
vn -0.888243 -0.000005 0.459374
vn -0.711368 0.000009 0.702820
vn -0.594308 0.549233 0.587488
vn -0.594681 0.549272 0.587073
vn -0.587081 0.549270 0.594675
vn -0.587500 0.549230 0.594298
vn 0.000000 1.000000 0.000000
vn 0.000000 1.000000 0.000000
vn 0.000000 1.000000 0.000000
vn 0.000000 1.000000 0.000000
vn 0.703016 0.000047 -0.711174
vn 0.459116 -0.000003 -0.888377
vn 0.459118 -0.000003 -0.888375
vn 0.703014 0.000047 -0.711176
vn 0.383859 0.547852 -0.743310
vn 0.384304 0.547887 -0.743054
vn 0.375238 0.547886 -0.747674
vn 0.375707 0.547851 -0.747465
vn -0.459365 -0.000098 0.888248
vn -0.702811 0.000006 0.711377
vn -0.702816 0.000006 0.711372
vn -0.459360 -0.000098 0.888250
vn -0.383663 0.549256 0.742375
vn -0.384144 0.549295 0.742097
vn -0.374557 0.549297 0.746981
vn -0.375070 0.549257 0.746753
vn 0.000000 1.000000 0.000000
vn 0.000000 1.000000 0.000000
vn 0.000000 1.000000 0.000000
vn 0.000000 1.000000 0.000000
vn 0.448824 0.000001 -0.893620
vn 0.162151 -0.000048 -0.986766
vn 0.162155 -0.000048 -0.986765
vn 0.448821 0.000001 -0.893622
vn 0.135390 0.547853 -0.825546
vn 0.135893 0.547889 -0.825440
vn 0.125842 0.547895 -0.827028
vn 0.126353 0.547858 -0.826974
vn -0.162416 -0.000043 0.986722
vn -0.448579 -0.000099 0.893743
vn -0.448585 -0.000099 0.893740
vn -0.162409 -0.000043 0.986724
vn -0.135486 0.549292 0.824574
vn -0.136030 0.549331 0.824458
vn -0.125413 0.549327 0.826142
vn -0.125973 0.549287 0.826084
vn 0.000000 1.000000 0.000000
vn 0.000000 1.000000 0.000000
vn 0.000000 1.000000 0.000000
vn 0.000000 1.000000 0.000000
vn 0.150732 -0.000055 -0.988575
vn -0.150733 -0.000055 -0.988575
vn -0.150730 -0.000055 -0.988575
vn 0.150728 -0.000055 -0.988575
vn -0.126353 0.547853 -0.826977
vn -0.125843 0.547889 -0.827031
vn -0.135892 0.547886 -0.825442
vn -0.135391 0.547850 -0.825548
vn 0.150460 -0.000049 0.988616
vn -0.150459 -0.000041 0.988616
vn -0.150466 -0.000041 0.988615
vn 0.150467 -0.000049 0.988615
vn 0.125965 0.549255 0.826107
vn 0.125413 0.549294 0.826165
vn 0.136036 0.549294 0.824482
vn 0.135487 0.549254 0.824599
vn 0.000000 1.000000 -0.000000
vn 0.000000 1.000000 -0.000001
vn 0.000000 1.000000 -0.000001
vn 0.000000 1.000000 -0.000000
vn -0.162153 -0.000047 -0.986766
vn -0.448823 0.000001 -0.893621
vn -0.448821 0.000001 -0.893622
vn -0.162156 -0.000047 -0.986765
vn -0.375706 0.547853 -0.747464
vn -0.375237 0.547889 -0.747673
vn -0.384303 0.547888 -0.743055
vn -0.383859 0.547852 -0.743311
vn 0.448577 -0.000083 0.893744
vn 0.162417 -0.000051 0.986722
vn 0.162411 -0.000051 0.986723
vn 0.448583 -0.000083 0.893741
vn 0.375045 0.549350 0.746697
vn 0.374536 0.549389 0.746923
vn 0.384111 0.549385 0.742048
vn 0.383626 0.549346 0.742328
vn 0.000000 1.000000 -0.000001
vn 0.000000 1.000000 -0.000000
vn 0.000000 1.000000 -0.000000
vn 0.000000 1.000000 -0.000001
vn -0.459115 -0.000004 -0.888377
vn -0.703016 0.000026 -0.711174
vn -0.703014 0.000026 -0.711176
vn -0.459117 -0.000004 -0.888376
vn -0.588327 0.547807 -0.594793
vn -0.587947 0.547843 -0.595136
vn -0.595141 0.547842 -0.587942
vn -0.594797 0.547807 -0.588324
vn 0.702815 -0.000009 0.711373
vn 0.459363 -0.000083 0.888249
vn 0.459358 -0.000083 0.888251
vn 0.702820 -0.000009 0.711368
vn 0.587492 0.549232 0.594305
vn 0.587078 0.549271 0.594677
vn 0.594683 0.549267 0.587076
vn 0.594308 0.549227 0.587493
vn 0.000000 1.000000 -0.000000
vn 0.000000 1.000000 -0.000000
vn 0.000000 1.000000 -0.000000
vn 0.000000 1.000000 -0.000000
vn -0.711184 0.000032 -0.703006
vn -0.888369 0.000043 -0.459131
vn -0.888368 0.000043 -0.459132
vn -0.711188 0.000032 -0.703002
vn -0.743347 0.547784 -0.383885
vn -0.743091 0.547820 -0.384329
vn -0.747712 0.547818 -0.375263
vn -0.747502 0.547782 -0.375734
vn 0.888239 -0.000016 0.459382
vn 0.711377 -0.000007 0.702811
vn 0.711372 -0.000007 0.702816
vn 0.888242 -0.000016 0.459375
vn 0.742426 0.549162 0.383699
vn 0.742147 0.549202 0.384181
vn 0.747033 0.549197 0.374599
vn 0.746805 0.549157 0.375113
vn 0.000000 1.000000 -0.000001
vn 0.000000 1.000000 -0.000000
vn 0.000000 1.000000 0.000000
vn 0.000000 1.000000 -0.000001
vn -0.893615 0.000041 -0.448835
vn -0.986769 0.000006 -0.162133
vn -0.986769 0.000006 -0.162135
vn -0.893617 0.000041 -0.448830
vn 0.986724 0.000031 0.162410
vn 0.893737 -0.000014 0.448591
vn 0.893734 -0.000014 0.448597
vn 0.986724 0.000031 0.162404
vn 0.000000 1.000000 0.000000
vn 0.000000 1.000000 -0.000000
vn 0.000000 1.000000 -0.000000
vn 0.000000 1.000000 0.000000
vn -0.986488 -0.000034 0.163833
vn -0.894385 0.000024 0.447297
vn -0.894387 0.000024 0.447293
vn -0.986487 -0.000034 0.163842
vn -0.825114 0.548015 0.137359
vn -0.825251 0.547970 0.136715
vn -0.827106 0.547970 0.124998
vn -0.827174 0.548016 0.124344
vn -0.748029 0.547916 0.374486
vn -0.748297 0.547962 0.373884
vn -0.742316 0.547962 0.385622
vn -0.742647 0.547916 0.385050
vn -0.887582 0.000025 0.460650
vn -0.712382 -0.000033 0.701791
vn -0.712387 -0.000033 0.701787
vn -0.887580 0.000025 0.460653
vn -0.595679 0.547945 0.587302
vn -0.596119 0.547990 0.586813
vn -0.586800 0.547990 0.596132
vn -0.587289 0.547944 0.595692
vn 0.894580 0.000020 -0.446908
vn 0.986419 -0.000004 -0.164250
vn 0.986420 -0.000004 -0.164241
vn 0.894576 0.000020 -0.446916
vn 0.747387 0.549322 -0.373708
vn 0.747679 0.549372 -0.373050
vn 0.741286 0.549374 -0.385594
vn 0.741651 0.549323 -0.384965
vn 0.824183 0.549337 -0.137661
vn 0.824336 0.549286 -0.136949
vn 0.826310 0.549287 -0.124482
vn 0.826384 0.549338 -0.123765
vn 0.712681 -0.000035 -0.701489
vn 0.887389 0.000019 -0.461021
vn 0.887394 0.000019 -0.461012
vn 0.712675 -0.000035 -0.701495
vn 0.595299 0.549353 -0.586370
vn 0.595780 0.549404 -0.585835
vn 0.585834 0.549397 -0.595786
vn 0.586374 0.549347 -0.595301
vn 0.988896 -0.000004 -0.148608
vn 0.988896 -0.000000 0.148608
vn 0.988895 0.000000 0.148616
vn 0.988895 -0.000004 -0.148617
vn 0.826426 0.549274 0.123767
vn 0.826351 0.549223 0.124490
vn 0.824372 0.549228 0.136965
vn 0.824221 0.549279 0.137670
vn -0.988832 -0.000012 -0.149032
vn -0.988833 -0.000034 0.149028
vn -0.988834 -0.000034 0.149025
vn -0.988834 -0.000012 -0.149024
vn -0.827207 0.547965 -0.124350
vn -0.827138 0.547920 -0.125004
vn -0.825285 0.547916 -0.136723
vn -0.825148 0.547961 -0.137366
vn -0.701780 -0.000039 0.712394
vn -0.460676 -0.000073 0.887568
vn -0.460679 -0.000073 0.887567
vn -0.701777 -0.000039 0.712397
vn -0.385061 0.547927 0.742633
vn -0.385631 0.547973 0.742304
vn -0.373894 0.547968 0.748287
vn -0.374496 0.547923 0.748019
vn 0.461043 -0.000001 -0.887378
vn 0.701482 -0.000035 -0.712687
vn 0.701489 -0.000035 -0.712680
vn 0.461035 -0.000001 -0.887382
vn 0.384998 0.549274 -0.741670
vn 0.385623 0.549325 -0.741308
vn 0.373080 0.549321 -0.747701
vn 0.373743 0.549270 -0.747408
vn -0.447314 -0.000069 0.894377
vn -0.163831 0.000061 0.986488
vn -0.163836 0.000061 0.986488
vn -0.447309 -0.000069 0.894379
vn -0.136725 0.547859 0.825322
vn -0.137367 0.547904 0.825186
vn -0.124350 0.547903 0.827248
vn -0.125004 0.547858 0.827180
vn 0.164237 -0.000001 -0.986421
vn 0.446933 0.000002 -0.894568
vn 0.446940 0.000002 -0.894564
vn 0.164228 -0.000001 -0.986422
vn 0.136937 0.549365 -0.824285
vn 0.137642 0.549415 -0.824134
vn 0.123751 0.549415 -0.826335
vn 0.124472 0.549365 -0.826260
vn -0.149025 0.000062 0.988833
vn 0.149024 0.000068 0.988834
vn 0.149020 0.000068 0.988834
vn -0.149021 0.000062 0.988834
vn 0.125001 0.547856 0.827181
vn 0.124347 0.547901 0.827250
vn 0.137365 0.547902 0.825188
vn 0.136722 0.547856 0.825324
vn -0.148590 -0.000002 -0.988899
vn 0.148592 -0.000005 -0.988899
vn 0.148600 -0.000005 -0.988897
vn -0.148599 -0.000002 -0.988898
vn -0.124465 0.549266 -0.826327
vn -0.123750 0.549316 -0.826401
vn -0.137654 0.549312 -0.824201
vn -0.136944 0.549261 -0.824354
vn 0.163831 0.000068 0.986489
vn 0.447308 -0.000073 0.894380
vn 0.447304 -0.000073 0.894382
vn 0.163834 0.000068 0.986488
vn 0.374497 0.547922 0.748020
vn 0.373896 0.547968 0.748287
vn 0.385630 0.547970 0.742306
vn 0.385061 0.547924 0.742635
vn -0.446933 -0.000009 -0.894567
vn -0.164235 0.000001 -0.986421
vn -0.164227 0.000001 -0.986423
vn -0.446941 -0.000009 -0.894563
vn -0.373724 0.549312 -0.747387
vn -0.373066 0.549362 -0.747679
vn -0.385604 0.549357 -0.741294
vn -0.384975 0.549307 -0.741658
vn 0.460672 -0.000078 0.887570
vn 0.701785 0.000031 0.712388
vn 0.701782 0.000031 0.712392
vn 0.460676 -0.000078 0.887569
vn 0.587290 0.547943 0.595691
vn 0.586801 0.547989 0.596132
vn 0.596123 0.547992 0.586807
vn 0.595683 0.547946 0.587296
vn -0.701483 -0.000006 -0.712687
vn -0.461045 -0.000012 -0.887377
vn -0.461036 -0.000012 -0.887381
vn -0.701489 -0.000006 -0.712681
vn -0.586394 0.549288 -0.595336
vn -0.585858 0.549338 -0.595817
vn -0.595810 0.549342 -0.585861
vn -0.595326 0.549291 -0.586402
vn 0.712389 0.000037 0.701785
vn 0.887579 0.000014 0.460655
vn 0.887577 0.000014 0.460659
vn 0.712393 0.000037 0.701781
vn 0.742649 0.547916 0.385046
vn 0.742319 0.547962 0.385618
vn 0.748300 0.547961 0.373881
vn 0.748031 0.547915 0.374484
vn -0.887385 0.000012 -0.461028
vn -0.712682 -0.000005 -0.701487
vn -0.712676 -0.000005 -0.701493
vn -0.887390 0.000012 -0.461019
vn -0.741631 0.549349 -0.384966
vn -0.741269 0.549400 -0.385590
vn -0.747659 0.549393 -0.373059
vn -0.747366 0.549342 -0.373721
vn 0.894384 0.000013 0.447299
vn 0.986488 0.000001 0.163832
vn 0.986488 0.000001 0.163836
vn 0.894387 0.000013 0.447295
vn 0.825270 0.547941 0.136714
vn 0.825133 0.547986 0.137358
vn 0.827193 0.547987 0.124347
vn 0.827125 0.547941 0.125001
vn -0.986419 -0.000010 -0.164249
vn -0.894575 0.000011 -0.446917
vn -0.894571 0.000011 -0.446926
vn -0.986421 -0.000010 -0.164239
vn -0.824335 0.549286 -0.136957
vn -0.824183 0.549337 -0.137662
vn -0.826384 0.549339 -0.123759
vn -0.826310 0.549288 -0.124482
vn 0.988833 0.000002 0.149026
vn 0.988833 -0.000019 -0.149028
vn 0.988834 -0.000019 -0.149024
vn 0.988834 0.000002 0.149023
vn 0.827122 0.547946 -0.125000
vn 0.827190 0.547991 -0.124346
vn 0.825131 0.547989 -0.137358
vn 0.825267 0.547944 -0.136715
vn -0.988897 -0.000030 0.148606
vn -0.988896 -0.000010 -0.148607
vn -0.988895 -0.000010 -0.148615
vn -0.988895 -0.000030 0.148614
vn -0.826290 0.549319 0.124472
vn -0.826364 0.549370 0.123755
vn -0.824166 0.549364 0.137656
vn -0.824319 0.549313 0.136945
vn 0.986488 -0.000019 -0.163836
vn 0.894386 0.000029 -0.447295
vn 0.894389 0.000029 -0.447289
vn 0.986487 -0.000019 -0.163839
vn 0.748034 0.547914 -0.374480
vn 0.748303 0.547959 -0.373877
vn 0.742324 0.547956 -0.385615
vn 0.742652 0.547911 -0.385048
vn -0.894574 0.000008 0.446920
vn -0.986419 -0.000029 0.164248
vn -0.986421 -0.000029 0.164240
vn -0.894570 0.000008 0.446928
vn -0.747367 0.549346 0.373712
vn -0.747658 0.549396 0.373056
vn -0.741273 0.549391 0.385595
vn -0.741637 0.549341 0.384966
vn 0.887581 0.000030 -0.460653
vn 0.712394 -0.000042 -0.701780
vn 0.712397 -0.000042 -0.701777
vn 0.887579 0.000030 -0.460656
vn 0.595679 0.547964 -0.587284
vn 0.596120 0.548008 -0.586795
vn 0.586798 0.548012 -0.596113
vn 0.587287 0.547967 -0.595673
vn -0.712678 -0.000043 0.701491
vn -0.887383 0.000009 0.461033
vn -0.887387 0.000009 0.461025
vn -0.712672 -0.000043 0.701498
vn -0.595325 0.549291 0.586402
vn -0.595807 0.549342 0.585865
vn -0.585855 0.549347 0.595812
vn -0.586397 0.549296 0.595326
vn 0.701791 -0.000050 -0.712383
vn 0.460626 -0.000052 -0.887594
vn 0.460629 -0.000052 -0.887593
vn 0.701787 -0.000050 -0.712386
vn 0.385019 0.547948 -0.742639
vn 0.385589 0.547993 -0.742310
vn 0.373848 0.547995 -0.748291
vn 0.374449 0.547949 -0.748024
vn -0.461031 -0.000093 0.887384
vn -0.701478 -0.000047 0.712691
vn -0.701484 -0.000047 0.712685
vn -0.461025 -0.000093 0.887387
vn -0.384986 0.549308 0.741651
vn -0.385609 0.549359 0.741290
vn -0.373068 0.549353 0.747684
vn -0.373731 0.549302 0.747390
vn 0.447266 -0.000048 -0.894401
vn 0.163843 -0.000042 -0.986486
vn 0.163846 -0.000042 -0.986486
vn 0.447263 -0.000048 -0.894403
vn 0.136719 0.547948 -0.825264
vn 0.137361 0.547994 -0.825127
vn 0.124351 0.547993 -0.827188
vn 0.125005 0.547947 -0.827120
vn -0.164239 0.000001 0.986421
vn -0.446928 -0.000090 0.894570
vn -0.446936 -0.000090 0.894566
vn -0.164231 0.000001 0.986422
vn -0.136940 0.549333 0.824306
vn -0.137643 0.549383 0.824156
vn -0.123742 0.549385 0.826356
vn -0.124465 0.549334 0.826281
vn 0.149036 -0.000044 -0.988832
vn -0.149036 -0.000050 -0.988832
vn -0.149033 -0.000050 -0.988832
vn 0.149032 -0.000044 -0.988832
vn -0.125007 0.547956 -0.827114
vn -0.124353 0.548002 -0.827182
vn -0.137362 0.548003 -0.825121
vn -0.136721 0.547957 -0.825258
vn 0.148595 -0.000002 0.988898
vn -0.148594 0.000001 0.988898
vn -0.148603 0.000001 0.988897
vn 0.148603 -0.000002 0.988897
vn 0.124454 0.549449 0.826206
vn 0.123740 0.549499 0.826280
vn 0.137629 0.549498 0.824082
vn 0.136919 0.549447 0.824233
vn -0.163844 -0.000048 -0.986486
vn -0.447267 -0.000048 -0.894400
vn -0.447264 -0.000048 -0.894402
vn -0.163848 -0.000048 -0.986486
vn -0.374448 0.547967 -0.748011
vn -0.373846 0.548013 -0.748279
vn -0.385587 0.548015 -0.742295
vn -0.385017 0.547970 -0.742625
vn 0.446927 -0.000088 0.894570
vn 0.164240 -0.000003 0.986420
vn 0.164232 -0.000003 0.986422
vn 0.446934 -0.000088 0.894567
vn 0.373700 0.549367 0.747358
vn 0.373043 0.549418 0.747649
vn 0.385588 0.549414 0.741259
vn 0.384960 0.549363 0.741624
vn -0.460626 -0.000053 -0.887594
vn -0.701787 -0.000047 -0.712387
vn -0.701784 -0.000047 -0.712390
vn -0.460629 -0.000053 -0.887593
vn -0.587298 0.547943 -0.595684
vn -0.586809 0.547989 -0.596123
vn -0.596128 0.547985 -0.586808
vn -0.595688 0.547939 -0.587298
vn 0.701480 -0.000005 0.712689
vn 0.461030 -0.000089 0.887385
vn 0.461023 -0.000089 0.887388
vn 0.701486 -0.000005 0.712683
vn 0.586377 0.549325 0.595318
vn 0.585840 0.549376 0.595800
vn 0.595789 0.549371 0.585855
vn 0.595304 0.549320 0.586396
vn -0.712388 -0.000040 -0.701785
vn -0.887581 0.000042 -0.460652
vn -0.887579 0.000042 -0.460655
vn -0.712392 -0.000040 -0.701782
vn -0.742678 0.547859 -0.385072
vn -0.742350 0.547904 -0.385639
vn -0.748332 0.547903 -0.373901
vn -0.748064 0.547857 -0.374504
vn 0.887386 -0.000009 0.461027
vn 0.712677 -0.000005 0.701492
vn 0.712670 -0.000005 0.701499
vn 0.887390 -0.000009 0.461019
vn 0.741647 0.549324 0.384973
vn 0.741285 0.549374 0.385596
vn 0.747677 0.549370 0.373057
vn 0.747383 0.549319 0.373721
vn -0.894387 0.000044 -0.447293
vn -0.986487 -0.000009 -0.163838
vn -0.986487 -0.000009 -0.163842
vn -0.894390 0.000044 -0.447287
vn 0.986419 -0.000000 0.164250
vn 0.894579 -0.000006 0.446910
vn 0.894575 -0.000006 0.446919
vn 0.986420 -0.000000 0.164241
vn -0.766502 -0.591949 -0.249139
vn -0.766502 -0.591949 -0.249139
vn -0.766502 -0.591949 -0.249139
vn -0.766502 -0.591949 -0.249139
vn -0.130856 -0.548108 0.826108
vn -0.130856 -0.548108 0.826108
vn -0.127089 -0.548395 0.826506
vn -0.126648 -0.548428 0.826551
vn 0.129191 -0.532185 0.836713
vn 0.129608 -0.532100 0.836702
vn 0.133319 -0.531347 0.836598
vn 0.133319 -0.531347 0.836598
vn 0.000000 -1.000000 -0.000000
vn 0.000000 -1.000000 0.000000
vn -0.000242 -0.999998 -0.001853
vn -0.000348 -0.999996 -0.002672
vn 0.775269 -0.579273 -0.251795
vn 0.775269 -0.579273 -0.251795
vn 0.775269 -0.579273 -0.251795
vn 0.775269 -0.579273 -0.251795
vn -0.746931 0.548780 0.375413
vn -0.747144 0.548818 0.374933
vn -0.742486 0.548812 0.384083
vn -0.742751 0.548775 0.383624
vn 0.000000 1.000000 0.000000
vn 0.000000 1.000000 -0.000002
vn 0.000000 1.000000 -0.000002
vn 0.000000 1.000000 0.000000
vn -0.824744 0.548951 0.135831
vn -0.824855 0.548913 0.135309
vn -0.826295 0.548913 0.126220
vn -0.826352 0.548950 0.125686
vn 0.747560 0.547846 -0.375525
vn 0.747778 0.547883 -0.375036
vn 0.742944 0.547883 -0.384524
vn 0.743211 0.547846 -0.384060
vn 0.825437 0.547836 -0.136124
vn 0.825548 0.547798 -0.135601
vn 0.827047 0.547799 -0.126135
vn 0.827103 0.547837 -0.125601
vn 0.827043 0.547928 0.125597
vn 0.826987 0.547891 0.126130
vn 0.825487 0.547891 0.135594
vn 0.825376 0.547929 0.136118
vn 0.000000 1.000000 0.000000
vn 0.000000 1.000000 0.000000
vn 0.000000 1.000000 0.000000
vn 0.000000 1.000000 0.000000
vn -0.826578 0.548597 -0.125739
vn -0.826524 0.548559 -0.126258
vn -0.825080 0.548564 -0.135352
vn -0.824970 0.548602 -0.135868
vn -0.594378 0.548751 0.587867
vn -0.594732 0.548788 0.587475
vn -0.587469 0.548791 0.594734
vn -0.587865 0.548753 0.594378
vn 0.000000 1.000000 -0.000002
vn 0.000000 1.000000 -0.000004
vn 0.000000 1.000000 -0.000004
vn 0.000000 1.000000 -0.000002
vn 0.594932 0.547852 -0.588144
vn 0.595292 0.547890 -0.587745
vn 0.587752 0.547888 -0.595288
vn 0.588150 0.547851 -0.594928
vn -0.383636 0.548737 0.742772
vn -0.384093 0.548775 0.742508
vn -0.374949 0.548768 0.747173
vn -0.375435 0.548731 0.746956
vn 0.000000 1.000000 -0.000004
vn 0.000000 1.000000 0.000004
vn 0.000000 1.000000 0.000004
vn 0.000000 1.000000 -0.000004
vn 0.384066 0.547844 -0.743209
vn 0.384531 0.547882 -0.742941
vn 0.375038 0.547885 -0.747776
vn 0.375529 0.547847 -0.747557
vn -0.135316 0.548801 0.824928
vn -0.135832 0.548838 0.824819
vn -0.125692 0.548840 0.826424
vn -0.126221 0.548802 0.826368
vn 0.000000 1.000000 0.000004
vn 0.000000 1.000000 0.000000
vn 0.000000 1.000000 0.000000
vn 0.000000 1.000000 0.000004
vn 0.135598 0.547814 -0.825538
vn 0.136123 0.547852 -0.825427
vn 0.125602 0.547848 -0.827096
vn 0.126135 0.547811 -0.827039
vn 0.126218 0.548726 0.826419
vn 0.125694 0.548764 0.826474
vn 0.135843 0.548757 0.824871
vn 0.135321 0.548720 0.824982
vn 0.000000 1.000000 -0.000000
vn 0.000000 1.000000 0.000004
vn 0.000000 1.000000 0.000004
vn 0.000000 1.000000 -0.000000
vn -0.126136 0.547799 -0.827046
vn -0.125603 0.547837 -0.827103
vn -0.136124 0.547841 -0.825433
vn -0.135600 0.547804 -0.825545
vn 0.375431 0.548727 0.746961
vn 0.374949 0.548764 0.747176
vn 0.384092 0.548766 0.742515
vn 0.383631 0.548728 0.742782
vn 0.000000 1.000000 0.000004
vn 0.000000 1.000000 0.000004
vn 0.000000 1.000000 0.000004
vn 0.000000 1.000000 0.000004
vn -0.375513 0.547889 -0.747534
vn -0.375022 0.547927 -0.747753
vn -0.384515 0.547924 -0.742918
vn -0.384050 0.547886 -0.743187
vn 0.587856 0.548779 0.594363
vn 0.587464 0.548816 0.594716
vn 0.594727 0.548813 0.587456
vn 0.594369 0.548775 0.587853
vn 0.000000 1.000000 0.000004
vn 0.000000 1.000000 0.000004
vn 0.000000 1.000000 0.000004
vn 0.000000 1.000000 0.000004
vn -0.588157 0.547826 -0.594944
vn -0.587759 0.547864 -0.595303
vn -0.595300 0.547863 -0.587762
vn -0.594941 0.547826 -0.588161
vn 0.742770 0.548738 0.383641
vn 0.742506 0.548775 0.384097
vn 0.747169 0.548775 0.374946
vn 0.746952 0.548737 0.375433
vn 0.000000 1.000000 0.000004
vn 0.000000 1.000000 -0.000002
vn 0.000000 1.000000 -0.000002
vn 0.000000 1.000000 0.000004
vn -0.743187 0.547888 -0.384047
vn -0.742919 0.547925 -0.384512
vn -0.747753 0.547928 -0.375022
vn -0.747534 0.547890 -0.375511
vn 0.824918 0.548817 0.135319
vn 0.824808 0.548854 0.135835
vn 0.826413 0.548856 0.125693
vn 0.826357 0.548819 0.126221
vn 0.000000 1.000000 -0.000002
vn 0.000000 1.000000 0.000000
vn 0.000000 1.000000 0.000000
vn 0.000000 1.000000 -0.000002
vn -0.825518 0.547842 -0.135603
vn -0.825408 0.547880 -0.136126
vn -0.827074 0.547880 -0.125605
vn -0.827017 0.547843 -0.126138
vn 0.826352 0.548826 -0.126222
vn 0.826407 0.548864 -0.125697
vn 0.824806 0.548857 -0.135836
vn 0.824916 0.548819 -0.135317
vn 0.000000 1.000000 -0.000001
vn 0.000000 1.000000 -0.000001
vn 0.000000 1.000000 -0.000000
vn 0.000000 1.000000 -0.000000
vn -0.826986 0.547890 0.126134
vn -0.827043 0.547928 0.125601
vn -0.825376 0.547928 0.136124
vn -0.825487 0.547890 0.135599
vn 0.746934 0.548775 -0.375413
vn 0.747150 0.548812 -0.374929
vn 0.742493 0.548806 -0.384079
vn 0.742757 0.548769 -0.383619
vn 0.000000 1.000000 0.000000
vn 0.000000 1.000000 0.000002
vn 0.000000 1.000000 0.000002
vn 0.000000 1.000000 0.000000
vn -0.747531 0.547893 0.375514
vn -0.747749 0.547930 0.375025
vn -0.742915 0.547925 0.384520
vn -0.743182 0.547889 0.384055
vn 0.594414 0.548681 -0.587896
vn 0.594768 0.548718 -0.587503
vn 0.587502 0.548728 -0.594760
vn 0.587898 0.548689 -0.594404
vn 0.000000 1.000000 0.000003
vn 0.000000 1.000000 0.000001
vn 0.000000 1.000000 0.000000
vn 0.000000 1.000000 0.000003
vn -0.594943 0.547819 0.588164
vn -0.595303 0.547856 0.587766
vn -0.587764 0.547863 0.595298
vn -0.588163 0.547825 0.594938
vn 0.383600 0.548808 -0.742739
vn 0.384055 0.548846 -0.742476
vn 0.374913 0.548836 -0.747141
vn 0.375399 0.548799 -0.746924
vn 0.000000 1.000000 0.000000
vn 0.000000 1.000000 -0.000004
vn 0.000000 1.000000 -0.000004
vn 0.000000 1.000000 0.000000
vn -0.384025 0.547940 0.743160
vn -0.384489 0.547977 0.742893
vn -0.374998 0.547978 0.747728
vn -0.375487 0.547941 0.747509
vn 0.135320 0.548889 -0.824869
vn 0.135837 0.548926 -0.824760
vn 0.125693 0.548934 -0.826361
vn 0.126223 0.548896 -0.826306
vn 0.000000 1.000000 -0.000004
vn 0.000000 1.000000 -0.000000
vn 0.000000 1.000000 -0.000000
vn 0.000000 1.000000 -0.000004
vn -0.135604 0.547864 0.825504
vn -0.136128 0.547902 0.825393
vn -0.125608 0.547900 0.827060
vn -0.126141 0.547863 0.827004
vn -0.126216 0.548897 -0.826306
vn -0.125693 0.548934 -0.826361
vn -0.135837 0.548925 -0.824761
vn -0.135316 0.548888 -0.824871
vn 0.000000 1.000000 0.000000
vn 0.000000 1.000000 0.000000
vn 0.000000 1.000000 0.000000
vn 0.000000 1.000000 0.000000
vn 0.126140 0.547874 0.826997
vn 0.125606 0.547911 0.827053
vn 0.136126 0.547913 0.825385
vn 0.135602 0.547875 0.825497
vn -0.375410 0.548715 -0.746980
vn -0.374928 0.548752 -0.747195
vn -0.384077 0.548752 -0.742534
vn -0.383616 0.548714 -0.742800
vn 0.000000 1.000000 0.000000
vn 0.000000 1.000000 0.000000
vn 0.000000 1.000000 0.000000
vn 0.000000 1.000000 0.000000
vn 0.375494 0.547918 0.747522
vn 0.375004 0.547956 0.747741
vn 0.384496 0.547954 0.742906
vn 0.384032 0.547917 0.743173
vn -0.587862 0.548773 -0.594362
vn -0.587470 0.548811 -0.594715
vn -0.594730 0.548806 -0.587459
vn -0.594372 0.548769 -0.587856
vn 0.000000 1.000000 0.000000
vn 0.000000 1.000000 0.000000
vn 0.000000 1.000000 0.000000
vn 0.000000 1.000000 0.000000
vn 0.588146 0.547872 0.594912
vn 0.587747 0.547909 0.595272
vn 0.595284 0.547905 0.587739
vn 0.594925 0.547868 0.588137
vn -0.742800 0.548689 -0.383651
vn -0.742537 0.548726 -0.384107
vn -0.747199 0.548729 -0.374955
vn -0.746982 0.548690 -0.375443
vn 0.000000 1.000000 0.000001
vn 0.000000 1.000000 0.000001
vn 0.000000 1.000000 0.000000
vn 0.000000 1.000000 0.000000
vn 0.743180 0.547890 0.384057
vn 0.742913 0.547927 0.384522
vn 0.747748 0.547931 0.375027
vn 0.747530 0.547893 0.375516
vn 0.000000 1.000000 0.000000
vn 0.000000 1.000000 0.000000
vn 0.000000 1.000000 0.000000
vn 0.000000 1.000000 0.000000
vn 0.825049 0.548024 -0.137712
vn 0.825193 0.547976 -0.137037
vn 0.827149 0.547980 -0.124668
vn 0.827221 0.548028 -0.123980
vn 0.000000 1.000000 -0.000003
vn 0.000000 1.000000 0.000000
vn 0.000000 1.000000 0.000000
vn 0.000000 1.000000 -0.000003
vn 0.748198 0.547894 -0.374182
vn 0.748480 0.547942 -0.373547
vn 0.742163 0.547946 -0.385940
vn 0.742510 0.547898 -0.385340
vn -0.824482 0.548973 0.137326
vn -0.824622 0.548926 0.136671
vn -0.826496 0.548923 0.124853
vn -0.826567 0.548971 0.124167
vn -0.747352 0.549104 0.374098
vn -0.747633 0.549151 0.373467
vn -0.741581 0.549149 0.385348
vn -0.741923 0.549103 0.384756
vn -0.595242 0.548978 0.586780
vn -0.595696 0.549025 0.586275
vn -0.586272 0.549025 0.595698
vn -0.586780 0.548977 0.595242
vn 0.000000 1.000000 -0.000004
vn 0.000000 1.000000 -0.000000
vn 0.000000 1.000000 -0.000000
vn 0.000000 1.000000 -0.000004
vn 0.595883 0.548012 -0.587033
vn 0.596346 0.548059 -0.586518
vn 0.586509 0.548058 -0.596354
vn 0.587026 0.548011 -0.595890
vn 0.827221 0.548027 0.123981
vn 0.827150 0.547979 0.124669
vn 0.825193 0.547975 0.137040
vn 0.825050 0.548022 0.137715
vn 0.000000 1.000000 0.000000
vn 0.000000 1.000000 0.000001
vn 0.000000 1.000000 0.000001
vn 0.000000 1.000000 0.000000
vn -0.826710 0.548742 -0.124227
vn -0.826641 0.548695 -0.124894
vn -0.824765 0.548700 -0.136715
vn -0.824623 0.548749 -0.137378
vn -0.384811 0.548955 0.742003
vn -0.385397 0.549003 0.741664
vn -0.373517 0.548993 0.747725
vn -0.374141 0.548946 0.747447
vn 0.000000 1.000000 0.000000
vn 0.000000 1.000000 0.000000
vn 0.000000 1.000000 0.000000
vn 0.000000 1.000000 0.000000
vn 0.385351 0.547922 -0.742487
vn 0.385950 0.547969 -0.742140
vn 0.373563 0.547964 -0.748456
vn 0.374196 0.547916 -0.748175
vn -0.136671 0.548865 0.824663
vn -0.137333 0.548912 0.824521
vn -0.124174 0.548915 0.826604
vn -0.124853 0.548867 0.826533
vn 0.000000 1.000000 0.000000
vn 0.000000 1.000000 0.000006
vn 0.000000 1.000000 0.000007
vn 0.000000 1.000000 0.000000
vn 0.137034 0.547922 -0.825229
vn 0.137710 0.547969 -0.825085
vn 0.123971 0.547974 -0.827258
vn 0.124660 0.547926 -0.827186
vn 0.124846 0.548867 0.826534
vn 0.124174 0.548915 0.826604
vn 0.137333 0.548913 0.824520
vn 0.136665 0.548865 0.824663
vn 0.000000 1.000000 0.000006
vn 0.000000 1.000000 0.000006
vn 0.000000 1.000000 0.000006
vn 0.000000 1.000000 0.000006
vn -0.124656 0.547932 -0.827183
vn -0.123968 0.547979 -0.827255
vn -0.137707 0.547975 -0.825082
vn -0.137030 0.547928 -0.825226
vn 0.374130 0.548953 0.747447
vn 0.373510 0.549000 0.747722
vn 0.385393 0.548997 0.741670
vn 0.384801 0.548949 0.742013
vn 0.000000 1.000000 0.000006
vn 0.000000 1.000000 0.000000
vn 0.000000 1.000000 0.000000
vn 0.000000 1.000000 0.000007
vn -0.374196 0.547917 -0.748174
vn -0.373563 0.547964 -0.748456
vn -0.385949 0.547972 -0.742139
vn -0.385350 0.547924 -0.742486
vn 0.586830 0.548866 0.595295
vn 0.586327 0.548914 0.595747
vn 0.595752 0.548908 0.586327
vn 0.595294 0.548861 0.586837
vn 0.000000 1.000000 0.000000
vn 0.000000 1.000000 0.000003
vn 0.000000 1.000000 0.000003
vn 0.000000 1.000000 0.000000
vn -0.587049 0.547953 -0.595921
vn -0.586533 0.548001 -0.596384
vn -0.596370 0.548000 -0.586548
vn -0.595908 0.547952 -0.587063
vn 0.742063 0.548865 0.384825
vn 0.741724 0.548913 0.385410
vn 0.747776 0.548912 0.373534
vn 0.747498 0.548864 0.374159
vn 0.000000 1.000000 0.000003
vn 0.000000 1.000000 0.000000
vn 0.000000 1.000000 0.000000
vn 0.000000 1.000000 0.000003
vn -0.742458 0.547985 -0.385317
vn -0.742110 0.548033 -0.385918
vn -0.748425 0.548032 -0.373525
vn -0.748144 0.547985 -0.374157
vn 0.824644 0.548892 0.136673
vn 0.824503 0.548939 0.137334
vn 0.826587 0.548940 0.124172
vn 0.826516 0.548893 0.124850
vn 0.000000 1.000000 0.000000
vn 0.000000 1.000000 0.000000
vn 0.000000 1.000000 0.000000
vn 0.000000 1.000000 0.000000
vn -0.825191 0.547980 -0.137034
vn -0.825046 0.548028 -0.137710
vn -0.827221 0.548028 -0.123977
vn -0.827150 0.547980 -0.124665
vn 0.826494 0.548928 -0.124841
vn 0.826564 0.548976 -0.124168
vn 0.824482 0.548971 -0.137334
vn 0.824624 0.548924 -0.136668
vn 0.000000 1.000000 0.000000
vn 0.000000 1.000000 0.000001
vn 0.000000 1.000000 0.000001
vn 0.000000 1.000000 0.000000
vn -0.827150 0.547980 0.124665
vn -0.827222 0.548027 0.123977
vn -0.825049 0.548024 0.137710
vn -0.825192 0.547977 0.137036
vn 0.747503 0.548863 -0.374151
vn 0.747779 0.548911 -0.373528
vn 0.741731 0.548906 -0.385406
vn 0.742073 0.548858 -0.384814
vn 0.000000 1.000000 0.000001
vn 0.000000 1.000000 0.000000
vn 0.000000 1.000000 0.000000
vn 0.000000 1.000000 0.000001
vn -0.748195 0.547891 0.374193
vn -0.748478 0.547939 0.373555
vn -0.742163 0.547939 0.385949
vn -0.742510 0.547891 0.385350
vn 0.595276 0.548917 -0.586802
vn 0.595730 0.548964 -0.586297
vn 0.586298 0.548973 -0.595721
vn 0.586808 0.548925 -0.595263
vn 0.000000 1.000000 -0.000000
vn 0.000000 1.000000 -0.000000
vn 0.000000 1.000000 -0.000000
vn 0.000000 1.000000 -0.000000
vn -0.595921 0.547924 0.587076
vn -0.596384 0.547972 0.586561
vn -0.586548 0.547977 0.596392
vn -0.587061 0.547929 0.595930
vn 0.384755 0.548992 -0.742005
vn 0.385339 0.549039 -0.741667
vn 0.373468 0.549034 -0.747718
vn 0.374091 0.548987 -0.747442
vn 0.000000 1.000000 0.000000
vn 0.000000 1.000000 0.000000
vn 0.000000 1.000000 0.000000
vn 0.000000 1.000000 0.000000
vn -0.385307 0.548056 0.742411
vn -0.385905 0.548103 0.742065
vn -0.373516 0.548097 0.748381
vn -0.374148 0.548051 0.748100
vn 0.136675 0.548976 -0.824588
vn 0.137336 0.549024 -0.824446
vn 0.124173 0.549022 -0.826532
vn 0.124854 0.548975 -0.826461
vn 0.000000 1.000000 0.000000
vn 0.000000 1.000000 0.000000
vn 0.000000 1.000000 0.000000
vn 0.000000 1.000000 0.000000
vn -0.137038 0.547863 0.825268
vn -0.137717 0.547911 0.825123
vn -0.123982 0.547914 0.827296
vn -0.124671 0.547866 0.827225
vn -0.124846 0.548938 -0.826487
vn -0.124174 0.548986 -0.826556
vn -0.137339 0.548977 -0.824477
vn -0.136670 0.548930 -0.824620
vn 0.000000 1.000000 0.000000
vn 0.000000 1.000000 0.000000
vn 0.000000 1.000000 0.000000
vn 0.000000 1.000000 0.000000
vn 0.124674 0.547868 0.827223
vn 0.123985 0.547916 0.827294
vn 0.137720 0.547910 0.825123
vn 0.137043 0.547863 0.825267
vn -0.374113 0.548891 -0.747502
vn -0.373495 0.548938 -0.747776
vn -0.385371 0.548938 -0.741726
vn -0.384781 0.548890 -0.742067
vn 0.000000 1.000000 0.000000
vn 0.000000 1.000000 0.000000
vn 0.000000 1.000000 0.000000
vn 0.000000 1.000000 0.000000
vn 0.374143 0.548063 0.748093
vn 0.373510 0.548110 0.748375
vn 0.385900 0.548117 0.742057
vn 0.385304 0.548070 0.742402
vn -0.586809 0.548919 -0.595267
vn -0.586304 0.548967 -0.595721
vn -0.595729 0.548964 -0.586298
vn -0.595272 0.548916 -0.586807
vn 0.000000 1.000000 0.000000
vn 0.000000 1.000000 0.000000
vn 0.000000 1.000000 0.000000
vn 0.000000 1.000000 0.000000
vn 0.587089 0.547868 0.595959
vn 0.586574 0.547916 0.596422
vn 0.596405 0.547914 0.586592
vn 0.595942 0.547866 0.587108
vn -0.742068 0.548867 -0.384812
vn -0.741728 0.548914 -0.385399
vn -0.747783 0.548911 -0.373520
vn -0.747505 0.548863 -0.374148
vn 0.000000 1.000000 -0.000000
vn 0.000000 1.000000 -0.000004
vn 0.000000 1.000000 -0.000004
vn 0.000000 1.000000 -0.000000
vn 0.742508 0.547894 0.385349
vn 0.742161 0.547942 0.385948
vn 0.748480 0.547938 0.373553
vn 0.748197 0.547890 0.374190
vn 0.000000 1.000000 -0.000004
vn 0.000000 1.000000 -0.000000
vn 0.000000 1.000000 0.000000
vn 0.000000 1.000000 -0.000004
vn 0.000000 -1.000000 -0.000000
vn 0.000000 -1.000000 0.000000
vn 0.000000 -1.000000 0.000000
vn 0.000000 -1.000000 -0.000001
vn -0.156434 -0.000038 0.987688
vn -0.951056 0.000036 -0.309018
vn -0.951056 0.000036 -0.309018
vn -0.951056 0.000036 -0.309018
vn -0.951056 0.000036 -0.309018
vn 0.156434 0.000002 0.987688
vn 0.951057 -0.000013 -0.309016
vn 0.951057 -0.000013 -0.309016
vn 0.951057 -0.000013 -0.309016
vn 0.951057 -0.000013 -0.309016
vn -0.655816 -0.261969 0.708009
vn 0.651695 -0.262382 0.711652
vn 0.004650 -0.997471 -0.070923
vn 0.004650 -0.997471 -0.070923
vn -0.759588 -0.454290 0.465453
vn -0.759588 -0.454290 0.465453
vn -0.759588 -0.454290 0.465453
vn -0.042561 -0.944277 -0.326389
vn -0.042561 -0.944277 -0.326389
vn 0.723647 -0.422845 0.545469
vn 0.723647 -0.422845 0.545469
vn 0.723647 -0.422845 0.545469
s 1
g Island Stovetop_2 Stovetop
usemtl openPBRSurface2SG
f 1312/1609/2634 1315/2398/2635 1488/1706/2636 1487/1618/2637
s 2
f 1313/1611/2638 1312/1610/2639 1319/2685/2640 1318/2376/2641
s 3
f 1314/2683/2642 1313/1611/2643 1396/1712/2644 1395/1612/2645
s 2
f 1315/1613/2646 1314/1614/2647 1391/1707/2648 1390/1615/2649
s 1
f 1316/1616/2650 1319/1617/2651 1487/1618/2637 1486/1623/2652
s 2
f 1317/1620/2653 1316/1619/2654 1323/2686/2655 1322/2377/2656
s 3
f 1318/2376/2657 1317/1620/2658 1400/1716/2659 1399/1713/2660
s 1
f 1320/1621/2661 1323/1622/2662 1486/1623/2652 1485/1628/2663
s 2
f 1321/1625/2664 1320/1624/2665 1327/2687/2666 1326/2378/2667
s 3
f 1322/2377/2668 1321/1625/2669 1404/1720/2670 1403/1717/2671
s 1
f 1324/1626/2672 1327/1627/2673 1485/1628/2663 1484/1633/2674
s 2
f 1325/1630/2675 1324/1629/2676 1331/2688/2677 1330/2379/2678
s 3
f 1326/2378/2679 1325/1630/2680 1408/1724/2681 1407/1721/2682
s 1
f 1328/1631/2683 1331/1632/2684 1484/1633/2674 1483/1638/2685
s 2
f 1329/1635/2686 1328/1634/2687 1335/2689/2688 1334/2380/2689
s 3
f 1330/2379/2690 1329/1635/2691 1412/1728/2692 1411/1725/2693
s 1
f 1332/1636/2694 1335/1637/2695 1483/1638/2685 1482/1643/2696
s 2
f 1333/1640/2697 1332/1639/2698 1339/2690/2699 1338/2381/2700
s 3
f 1334/2380/2701 1333/1640/2702 1416/1732/2703 1415/1729/2704
s 1
f 1336/1641/2705 1339/1642/2706 1482/1643/2696 1481/1648/2707
s 2
f 1337/1645/2708 1336/1644/2709 1343/2691/2710 1342/2382/2711
s 3
f 1338/2381/2712 1337/1645/2713 1420/1736/2714 1419/1733/2715
s 1
f 1340/1646/2716 1343/1647/2717 1481/1648/2707 1480/1653/2718
s 2
f 1341/1650/2719 1340/1649/2720 1347/2692/2721 1346/2383/2722
s 3
f 1342/2382/2723 1341/1650/2724 1424/1740/2725 1423/1737/2726
s 1
f 1344/1651/2727 1347/1652/2728 1480/1653/2718 1479/1658/2729
s 2
f 1345/1655/2730 1344/1654/2731 1351/2693/2732 1350/2384/2733
s 3
f 1346/2383/2734 1345/1655/2735 1428/1744/2736 1427/1741/2737
s 1
f 1348/1656/2738 1351/1657/2739 1479/1658/2729 1478/1663/2740
s 2
f 1349/1660/2741 1348/1659/2742 1355/2694/2743 1354/2385/2744
s 3
f 1350/2384/2745 1349/1660/2746 1432/1748/2747 1431/1745/2748
s 1
f 1352/1661/2749 1355/1662/2750 1478/1663/2740 1477/1668/2751
s 2
f 1353/1665/2752 1352/1664/2753 1359/2695/2754 1358/2386/2755
s 3
f 1354/2385/2756 1353/1665/2757 1436/1752/2758 1435/1749/2759
s 1
f 1356/1666/2760 1359/1667/2761 1477/1668/2751 1476/1673/2762
s 2
f 1357/1670/2763 1356/1669/2764 1363/2696/2765 1362/2387/2766
s 3
f 1358/2386/2767 1357/1670/2768 1440/1756/2769 1439/1753/2770
s 1
f 1360/1671/2771 1363/1672/2772 1476/1673/2762 1475/1680/2773
s 2
f 1361/1675/2774 1360/1674/2775 1367/2697/2776 1366/2388/2777
s 3
f 1362/2387/2778 1361/1675/2779 1444/1760/2780 1443/1757/2781
s 2
f 1364/1676/2782 1368/2560/2783 1996/2126/2784 1995/2559/2785
s 3
f 1365/1678/2786 1364/1677/2787 1372/2699/2788 1371/2389/2789
f 1366/2388/2790 1365/1678/2786 1448/1764/2791 1447/1761/2792
s off
f 1368/2560/2793 1367/1679/2794 1475/1680/2795 1474/2561/2796
s 3
f 1369/1681/2797 1372/1682/2788 1998/2129/2798 1997/2562/2799
f 1370/1684/2800 1369/1683/2797 1377/2701/2801 1376/2390/2802
f 1371/2389/2789 1370/1684/2800 1452/1768/2803 1451/1765/2804
s 2
f 1373/1687/2805 1377/1685/2806 2006/2130/2807 2005/2134/2808
s off
f 1374/1686/2809 1373/1687/2810 1493/1788/2811 1492/1692/2812
s 2
f 1375/1689/2813 1374/1688/2814 1381/2702/2815 1380/2391/2816
s 3
f 1376/2390/2802 1375/1689/2817 1456/1772/2818 1455/1769/2819
s 1
f 1378/1690/2820 1381/1691/2821 1492/1692/2822 1491/1697/2823
s 2
f 1379/1694/2824 1378/1693/2825 1385/2703/2826 1384/2392/2827
s 3
f 1380/2391/2828 1379/1694/2829 1460/1776/2830 1459/1773/2831
s 1
f 1382/1695/2832 1385/1696/2833 1491/1697/2823 1490/1701/2834
s 2
f 1383/1698/2835 1382/1695/2836 1389/1700/2837 1388/2393/2838
s 3
f 1384/2392/2839 1383/1698/2840 1464/1780/2841 1463/1777/2842
s 1
f 1386/1699/2843 1389/1700/2844 1490/1701/2834 1489/1705/2845
s 2
f 1387/1703/2846 1386/1702/2847 1393/2704/2848 1392/2394/2849
s 3
f 1388/2393/2850 1387/1703/2851 1468/1784/2852 1467/1781/2853
s 1
f 1390/2399/2854 1393/1704/2855 1489/1705/2845 1488/1706/2636
s 3
f 1392/2394/2856 1391/1707/2857 1472/1711/2858 1471/1785/2859
s 23
f 1394/1708/2860 1397/2461/2861 1684/1933/2862 1683/2498/2863
s 24
f 1395/2395/2864 1394/1709/2865 1473/1710/2866 1472/1711/2867
f 1397/2706/2868 1396/1712/2869 1399/1713/2870 1398/1714/2871
s 23
f 1398/2462/2872 1401/2463/2873 1692/1938/2874 1691/1934/2875
s 24
f 1401/1715/2876 1400/1716/2877 1403/1717/2878 1402/1718/2879
s 23
f 1402/2464/2880 1405/2465/2881 1700/1943/2882 1699/1939/2883
s 24
f 1405/1719/2884 1404/1720/2885 1407/1721/2886 1406/1722/2887
s 23
f 1406/2466/2888 1409/2467/2889 1708/1948/2890 1707/1944/2891
s 24
f 1409/1723/2892 1408/1724/2893 1411/1725/2894 1410/1726/2895
s 23
f 1410/2468/2896 1413/2469/2897 1716/1953/2898 1715/1949/2899
s 24
f 1413/1727/2900 1412/1728/2901 1415/1729/2902 1414/1730/2903
s 23
f 1414/2470/2904 1417/2471/2905 1724/1958/2906 1723/1954/2907
s 24
f 1417/1731/2908 1416/1732/2909 1419/1733/2910 1418/1734/2911
s 23
f 1418/2472/2912 1421/2473/2913 1732/1963/2914 1731/1959/2915
s 24
f 1421/1735/2916 1420/1736/2917 1423/1737/2918 1422/1738/2919
s 23
f 1422/2474/2920 1425/2475/2921 1740/1968/2922 1739/1964/2923
s 24
f 1425/1739/2924 1424/1740/2925 1427/1741/2926 1426/1742/2927
s 23
f 1426/2476/2928 1429/2477/2929 1748/1973/2930 1747/1969/2931
s 24
f 1429/1743/2932 1428/1744/2933 1431/1745/2934 1430/1746/2935
s 23
f 1430/2478/2936 1433/2479/2937 1756/1978/2938 1755/1974/2939
s 24
f 1433/1747/2940 1432/1748/2941 1435/1749/2942 1434/1750/2943
s 23
f 1434/2480/2944 1437/1751/2945 1764/1983/2946 1763/1979/2947
s 24
f 1437/1751/2948 1436/1752/2949 1439/1753/2950 1438/1754/2951
s 23
f 1438/1754/2952 1441/2481/2953 1772/1988/2954 1771/1984/2955
s 24
f 1441/1755/2956 1440/1756/2957 1443/1757/2958 1442/1758/2959
s 23
f 1442/2482/2960 1445/2483/2961 1780/1993/2962 1779/1989/2963
s 24
f 1445/1759/2964 1444/1760/2965 1447/1761/2966 1446/1762/2967
s 23
f 1446/2484/2968 1449/2485/2969 1788/1998/2970 1787/1994/2971
s 24
f 1449/1763/2972 1448/1764/2973 1451/1765/2974 1450/1766/2975
s 23
f 1450/2486/2976 1453/2487/2977 1796/2003/2978 1795/1999/2979
s 24
f 1453/1767/2980 1452/1768/2981 1455/1769/2982 1454/1770/2983
s 23
f 1454/2488/2984 1457/2489/2985 1804/2008/2986 1803/2004/2987
s 24
f 1457/1771/2988 1456/1772/2989 1459/1773/2990 1458/1774/2991
s 23
f 1458/2490/2992 1461/2491/2993 1812/2013/2994 1811/2009/2995
s 24
f 1461/1775/2996 1460/1776/2997 1463/1777/2998 1462/1778/2999
s 23
f 1462/2492/3000 1465/2493/3001 1820/2018/3002 1819/2014/3003
s 24
f 1465/1779/3004 1464/1780/3005 1467/1781/3006 1466/1782/3007
s 23
f 1466/2494/3008 1469/2495/3009 1828/1937/3010 1827/2019/3011
s 24
f 1469/1783/3012 1468/1784/3013 1471/1785/3014 1470/1786/3015
s 23
f 1470/2496/3016 1473/1787/3017 1688/1932/3018 1687/2497/3019
s off
f 1474/2561/3020 1493/1788/3021 2004/2133/3022 2003/2127/3023
s 43
f 1494/1789/3024 1497/2537/3025 1844/2034/3026 1843/2519/3027
s 44
f 1495/1790/3028 1494/1789/3029 1501/1792/3030 1500/2421/3031
s 45
f 1496/1791/3032 1495/1790/3033 1575/1849/3034 1574/2440/3035
s 44
f 1497/2537/3036 1496/1791/3037 1571/1847/3038 1570/2538/3039
s 43
f 1498/1793/3040 1501/1792/3041 1848/2033/3042 1847/2520/3043
s 44
f 1499/1794/3044 1498/1793/3045 1505/1795/3046 1504/2422/3047
s 45
f 1500/2421/3048 1499/1794/3049 1581/1852/3050 1580/1850/3051
s 43
f 1502/1796/3052 1505/1795/3053 1864/2038/3054 1863/2521/3055
s 44
f 1503/1797/3056 1502/1796/3057 1509/1798/3058 1508/2423/3059
s 45
f 1504/2422/3060 1503/1797/3061 1605/1875/3062 1604/1853/3063
s 43
f 1506/1799/3064 1509/1798/3065 1872/2048/3066 1871/2522/3067
s 44
f 1507/1800/3068 1506/1799/3069 1513/1801/3070 1512/2424/3071
s 45
f 1508/2423/3072 1507/1800/3073 1609/1878/3074 1608/1876/3075
s 43
f 1510/1802/3076 1513/1801/3077 1880/2053/3078 1879/2523/3079
s 44
f 1511/1803/3080 1510/1802/3081 1517/1804/3082 1516/2425/3083
s 45
f 1512/2424/3084 1511/1803/3085 1613/1881/3086 1612/1879/3087
s 43
f 1514/1805/3088 1517/1804/3089 1888/2058/3090 1887/2524/3091
s 44
f 1515/1806/3092 1514/1805/3093 1521/1807/3094 1520/2426/3095
s 45
f 1516/2425/3096 1515/1806/3097 1617/1884/3098 1616/1882/3099
s 43
f 1518/1808/3100 1521/1807/3101 1896/2063/3102 1895/2525/3103
s 44
f 1519/1809/3104 1518/1808/3105 1525/1810/3106 1524/2427/3107
s 45
f 1520/2426/3108 1519/1809/3109 1621/1887/3110 1620/1885/3111
s 43
f 1522/1811/3112 1525/1810/3113 1904/2068/3114 1903/2526/3115
s 44
f 1523/1812/3116 1522/1811/3117 1529/1813/3118 1528/2428/3119
s 45
f 1524/2427/3120 1523/1812/3121 1625/1890/3122 1624/1888/3123
s 43
f 1526/1814/3124 1529/1813/3125 1912/2073/3126 1911/2527/3127
s 44
f 1527/1815/3128 1526/1814/3129 1533/1816/3130 1532/2429/3131
s 45
f 1528/2428/3132 1527/1815/3133 1629/1893/3134 1628/1891/3135
s 43
f 1530/1817/3136 1533/1816/3137 1920/2078/3138 1919/2528/3139
s 44
f 1531/1818/3140 1530/1817/3141 1537/1819/3142 1536/2430/3143
s 45
f 1532/2429/3144 1531/1818/3145 1633/1896/3146 1632/1894/3147
s 43
f 1534/1820/3148 1537/1819/3149 1928/2083/3150 1927/2529/3151
s 44
f 1535/1821/3152 1534/1820/3153 1541/1822/3154 1540/2431/3155
s 45
f 1536/2430/3156 1535/1821/3157 1637/1899/3158 1636/1897/3159
s 43
f 1538/1823/3160 1541/1822/3161 1936/2088/3162 1935/2530/3163
s 44
f 1539/1824/3164 1538/1823/3165 1545/1825/3166 1544/2432/3167
s 45
f 1540/2431/3168 1539/1824/3169 1641/1902/3170 1640/1900/3171
s 43
f 1542/1826/3172 1545/1825/3173 1944/2093/3174 1943/2531/3175
s 44
f 1543/1827/3176 1542/1826/3177 1549/1828/3178 1548/2433/3179
s 45
f 1544/2432/3180 1543/1827/3181 1645/1905/3182 1644/1903/3183
s 43
f 1546/1829/3184 1549/1828/3185 1952/2098/3186 1951/2532/3187
s 44
f 1547/1830/3188 1546/1829/3189 1553/1831/3190 1552/2434/3191
s 45
f 1548/2433/3192 1547/1830/3193 1649/1908/3194 1648/1906/3195
s 43
f 1550/1832/3196 1553/1831/3197 1960/2103/3198 1959/2533/3199
s 44
f 1551/1833/3200 1550/1832/3201 1557/1834/3202 1556/2435/3203
s 45
f 1552/2434/3204 1551/1833/3205 1653/1911/3206 1652/1909/3207
s 43
f 1554/1835/3208 1557/1834/3209 1968/2108/3210 1967/2534/3211
s 44
f 1555/1836/3212 1554/1835/3213 1561/1837/3214 1560/2436/3215
s 45
f 1556/2435/3216 1555/1836/3217 1657/1914/3218 1656/1912/3219
s 43
f 1558/1838/3220 1561/1837/3221 1976/2113/3222 1975/2535/3223
s 44
f 1559/1839/3224 1558/1838/3225 1565/1840/3226 1564/2437/3227
s 45
f 1560/2436/3228 1559/1839/3229 1661/1917/3230 1660/1915/3231
s 43
f 1562/1841/3232 1565/1840/3233 1984/2118/3234 1983/2536/3235
s 44
f 1563/1842/3236 1562/1841/3237 1569/1843/3238 1568/2438/3239
s 45
f 1564/2437/3240 1563/1842/3241 1665/1920/3242 1664/1918/3243
s 43
f 1566/1844/3244 1569/1843/3245 1992/2123/3246 1991/2040/3247
s 44
f 1567/1845/3248 1566/1844/3249 1573/1846/3250 1572/2439/3251
s 45
f 1568/2438/3252 1567/1845/3253 1669/1923/3254 1668/1921/3255
s 43
f 1570/2538/3256 1573/1846/3257 1852/2039/3258 1851/2035/3259
s 45
f 1572/2439/3260 1571/1847/3261 1673/1848/3262 1672/1924/3263
s 64
f 1574/2440/3264 1577/2419/3265 1670/1856/3266 1673/1848/3267
f 1576/1851/3268 1575/1849/3269 1580/1850/3270 1579/2400/3271
s 65
f 1577/2419/3272 1576/1851/3273 1583/1855/3274 1582/2420/3275
s 64
f 1578/1854/3276 1581/1852/3277 1604/1853/3278 1603/1858/3279
s 65
f 1579/2400/3280 1578/1854/3281 1584/1857/3282 1583/1855/3274
f 1582/2420/3275 1601/2418/3283 1671/1925/3284 1670/1856/3285
f 1585/1859/3286 1584/1857/3282 1603/1858/3287 1602/2401/3288
f 1586/1860/3289 1585/1859/3286 1607/1877/3290 1606/2402/3291
f 1587/1861/3292 1586/1860/3289 1611/1880/3293 1610/2403/3294
f 1588/1862/3295 1587/1861/3292 1615/1883/3296 1614/2404/3297
f 1589/1863/3298 1588/1862/3295 1619/1886/3299 1618/2405/3300
f 1590/1864/3301 1589/1863/3298 1623/1889/3302 1622/2406/3303
f 1591/1865/3304 1590/1864/3301 1627/1892/3305 1626/2407/3306
f 1592/1866/3307 1591/1865/3304 1631/1895/3308 1630/2408/3309
f 1593/1867/3310 1592/1866/3307 1635/1898/3311 1634/2409/3312
f 1594/1868/3313 1593/1867/3310 1639/1901/3314 1638/2410/3315
f 1595/1869/3316 1594/1868/3313 1643/1904/3317 1642/2411/3318
f 1596/1870/3319 1595/1869/3316 1647/1907/3320 1646/2412/3321
f 1597/1871/3322 1596/1870/3319 1651/1910/3323 1650/2413/3324
f 1598/1872/3325 1597/1871/3322 1655/1913/3326 1654/2414/3327
f 1599/1873/3328 1598/1872/3325 1659/1916/3329 1658/2415/3330
f 1600/1874/3331 1599/1873/3328 1663/1919/3332 1662/2416/3333
f 1601/2418/3283 1600/1874/3331 1667/1922/3334 1666/2417/3335
s 64
f 1602/2401/3336 1605/1875/3337 1608/1876/3338 1607/1877/3339
f 1606/2402/3340 1609/1878/3341 1612/1879/3342 1611/1880/3343
f 1610/2403/3344 1613/1881/3345 1616/1882/3346 1615/1883/3347
f 1614/2404/3348 1617/1884/3349 1620/1885/3350 1619/1886/3351
f 1618/2405/3352 1621/1887/3353 1624/1888/3354 1623/1889/3355
f 1622/2406/3356 1625/1890/3357 1628/1891/3358 1627/1892/3359
f 1626/2407/3360 1629/1893/3361 1632/1894/3362 1631/1895/3363
f 1630/2408/3364 1633/1896/3365 1636/1897/3366 1635/1898/3367
f 1634/2409/3368 1637/1899/3369 1640/1900/3370 1639/1901/3371
f 1638/2410/3372 1641/1902/3373 1644/1903/3374 1643/1904/3375
f 1642/2411/3376 1645/1905/3377 1648/1906/3378 1647/1907/3379
f 1646/2412/3380 1649/1908/3381 1652/1909/3382 1651/1910/3383
f 1650/2413/3384 1653/1911/3385 1656/1912/3386 1655/1913/3387
f 1654/2414/3388 1657/1914/3389 1660/1915/3390 1659/1916/3391
f 1658/2415/3392 1661/1917/3393 1664/1918/3394 1663/1919/3395
f 1662/2416/3396 1665/1920/3397 1668/1921/3398 1667/1922/3399
f 1666/2417/3400 1669/1923/3401 1672/1924/3402 1671/1925/3403
s 67
f 1674/1926/3404 1677/2563/3405 2013/2143/3406 2012/2568/3407
s 68
f 1675/1927/3408 1674/1926/3409 1697/1940/3410 1696/2539/3411
s 69
f 1676/1928/3412 1675/1927/3413 1836/2028/3414 1835/2558/3415
s 68
f 1677/2563/3416 1676/1928/3417 1679/1929/3418 1678/2564/3419
s 67
f 1678/2564/3420 1681/2621/3421 2019/2145/3422 2018/2144/3423
s 69
f 1680/1930/3424 1679/1929/3425 1856/2027/3426 1855/2557/3427
s 68
f 1681/2621/3428 1680/1930/3429 1831/2025/3430 1830/2622/3431
s 71
f 1682/1931/3432 1685/2566/3433 2011/2136/3434 2010/2565/3435
s 72
f 1683/2498/3436 1682/1931/3437 1689/1935/3438 1688/1932/3439
f 1685/2566/3440 1684/1933/3441 1691/1934/3442 1690/2567/3443
s 71
f 1686/1936/3444 1689/1935/3445 2021/2140/3446 2020/2620/3447
s 72
f 1687/2497/3448 1686/1936/3449 1829/2023/3450 1828/1937/3451
s 71
f 1690/2567/3452 1693/2569/3453 2027/2151/3454 2026/2137/3455
s 72
f 1693/2569/3456 1692/1938/3457 1699/1939/3458 1698/2570/3459
s 67
f 1694/1941/3460 1697/1940/3461 2029/2142/3462 2028/2571/3463
s 68
f 1695/1942/3464 1694/1941/3465 1705/1945/3466 1704/2540/3467
s 69
f 1696/2539/3468 1695/1942/3469 1840/2030/3470 1839/2029/3471
s 71
f 1698/2570/3472 1701/2572/3473 2035/2157/3474 2034/2152/3475
s 72
f 1701/2572/3476 1700/1943/3477 1707/1944/3478 1706/2573/3479
s 67
f 1702/1946/3480 1705/1945/3481 2037/2156/3482 2036/2574/3483
s 68
f 1703/1947/3484 1702/1946/3485 1713/1950/3486 1712/2541/3487
s 69
f 1704/2540/3488 1703/1947/3489 1860/2044/3490 1859/2031/3491
s 71
f 1706/2573/3492 1709/2575/3493 2043/2163/3494 2042/2158/3495
s 72
f 1709/2575/3496 1708/1948/3497 1715/1949/3498 1714/2576/3499
s 67
f 1710/1951/3500 1713/1950/3501 2045/2162/3502 2044/2577/3503
s 68
f 1711/1952/3504 1710/1951/3505 1721/1955/3506 1720/2542/3507
s 69
f 1712/2541/3508 1711/1952/3509 1868/2049/3510 1867/2045/3511
s 71
f 1714/2576/3512 1717/2578/3513 2051/2169/3514 2050/2164/3515
s 72
f 1717/2578/3516 1716/1953/3517 1723/1954/3518 1722/2579/3519
s 67
f 1718/1956/3520 1721/1955/3521 2053/2168/3522 2052/2580/3523
s 68
f 1719/1957/3524 1718/1956/3525 1729/1960/3526 1728/2543/3527
s 69
f 1720/2542/3528 1719/1957/3529 1876/2054/3530 1875/2050/3531
s 71
f 1722/2579/3532 1725/2581/3533 2059/2175/3534 2058/2170/3535
s 72
f 1725/2581/3536 1724/1958/3537 1731/1959/3538 1730/2582/3539
s 67
f 1726/1961/3540 1729/1960/3541 2061/2174/3542 2060/2583/3543
s 68
f 1727/1962/3544 1726/1961/3545 1737/1965/3546 1736/2544/3547
s 69
f 1728/2543/3548 1727/1962/3549 1884/2059/3550 1883/2055/3551
s 71
f 1730/2582/3552 1733/2584/3553 2067/2181/3554 2066/2176/3555
s 72
f 1733/2584/3556 1732/1963/3557 1739/1964/3558 1738/2585/3559
s 67
f 1734/1966/3560 1737/1965/3561 2069/2180/3562 2068/2586/3563
s 68
f 1735/1967/3564 1734/1966/3565 1745/1970/3566 1744/2545/3567
s 69
f 1736/2544/3568 1735/1967/3569 1892/2064/3570 1891/2060/3571
s 71
f 1738/2585/3572 1741/2587/3573 2075/2187/3574 2074/2182/3575
s 72
f 1741/2587/3576 1740/1968/3577 1747/1969/3578 1746/2588/3579
s 67
f 1742/1971/3580 1745/1970/3581 2077/2186/3582 2076/2589/3583
s 68
f 1743/1972/3584 1742/1971/3585 1753/1975/3586 1752/2546/3587
s 69
f 1744/2545/3588 1743/1972/3589 1900/2069/3590 1899/2065/3591
s 71
f 1746/2588/3592 1749/2590/3593 2083/2193/3594 2082/2188/3595
s 72
f 1749/2590/3596 1748/1973/3597 1755/1974/3598 1754/2591/3599
s 67
f 1750/1976/3600 1753/1975/3601 2085/2192/3602 2084/2592/3603
s 68
f 1751/1977/3604 1750/1976/3605 1761/1980/3606 1760/2547/3607
s 69
f 1752/2546/3608 1751/1977/3609 1908/2074/3610 1907/2070/3611
s 71
f 1754/2591/3612 1757/2593/3613 2091/2199/3614 2090/2194/3615
s 72
f 1757/2593/3616 1756/1978/3617 1763/1979/3618 1762/2594/3619
s 67
f 1758/1981/3620 1761/1980/3621 2093/2198/3622 2092/2595/3623
s 68
f 1759/1982/3624 1758/1981/3625 1769/1985/3626 1768/2548/3627
s 69
f 1760/2547/3628 1759/1982/3629 1916/2079/3630 1915/2075/3631
s 71
f 1762/2594/3632 1765/2596/3633 2099/2205/3634 2098/2200/3635
s 72
f 1765/2596/3636 1764/1983/3637 1771/1984/3638 1770/2597/3639
s 67
f 1766/1986/3640 1769/1985/3641 2101/2204/3642 2100/2598/3643
s 68
f 1767/1987/3644 1766/1986/3645 1777/1990/3646 1776/2549/3647
s 69
f 1768/2548/3648 1767/1987/3649 1924/2084/3650 1923/2080/3651
s 71
f 1770/2597/3652 1773/2599/3653 2107/2211/3654 2106/2206/3655
s 72
f 1773/2599/3656 1772/1988/3657 1779/1989/3658 1778/2600/3659
s 67
f 1774/1991/3660 1777/1990/3661 2109/2210/3662 2108/2601/3663
s 68
f 1775/1992/3664 1774/1991/3665 1785/1995/3666 1784/2550/3667
s 69
f 1776/2549/3668 1775/1992/3669 1932/2089/3670 1931/2085/3671
s 71
f 1778/2600/3672 1781/2602/3673 2115/2217/3674 2114/2212/3675
s 72
f 1781/2602/3676 1780/1993/3677 1787/1994/3678 1786/2603/3679
s 67
f 1782/1996/3680 1785/1995/3681 2117/2216/3682 2116/2604/3683
s 68
f 1783/1997/3684 1782/1996/3685 1793/2000/3686 1792/2551/3687
s 69
f 1784/2550/3688 1783/1997/3689 1940/2094/3690 1939/2090/3691
s 71
f 1786/2603/3692 1789/2605/3693 2123/2223/3694 2122/2218/3695
s 72
f 1789/2605/3696 1788/1998/3697 1795/1999/3698 1794/2606/3699
s 67
f 1790/2001/3700 1793/2000/3701 2125/2222/3702 2124/2607/3703
s 68
f 1791/2002/3704 1790/2001/3705 1801/2005/3706 1800/2552/3707
s 69
f 1792/2551/3708 1791/2002/3709 1948/2099/3710 1947/2095/3711
s 71
f 1794/2606/3712 1797/2608/3713 2131/2229/3714 2130/2224/3715
s 72
f 1797/2608/3716 1796/2003/3717 1803/2004/3718 1802/2609/3719
s 67
f 1798/2006/3720 1801/2005/3721 2133/2228/3722 2132/2610/3723
s 68
f 1799/2007/3724 1798/2006/3725 1809/2010/3726 1808/2553/3727
s 69
f 1800/2552/3728 1799/2007/3729 1956/2104/3730 1955/2100/3731
s 71
f 1802/2609/3732 1805/2611/3733 2139/2235/3734 2138/2230/3735
s 72
f 1805/2611/3736 1804/2008/3737 1811/2009/3738 1810/2612/3739
s 67
f 1806/2011/3740 1809/2010/3741 2141/2234/3742 2140/2613/3743
s 68
f 1807/2012/3744 1806/2011/3745 1817/2015/3746 1816/2554/3747
s 69
f 1808/2553/3748 1807/2012/3749 1964/2109/3750 1963/2105/3751
s 71
f 1810/2612/3752 1813/2614/3753 2147/2241/3754 2146/2236/3755
s 72
f 1813/2614/3756 1812/2013/3757 1819/2014/3758 1818/2615/3759
s 67
f 1814/2016/3760 1817/2015/3761 2149/2240/3762 2148/2616/3763
s 68
f 1815/2017/3764 1814/2016/3765 1825/2020/3766 1824/2555/3767
s 69
f 1816/2554/3768 1815/2017/3769 1972/2114/3770 1971/2110/3771
s 71
f 1818/2615/3772 1821/2617/3773 2155/2247/3774 2154/2242/3775
s 72
f 1821/2617/3776 1820/2018/3777 1827/2019/3778 1826/2618/3779
s 67
f 1822/2021/3780 1825/2020/3781 2157/2246/3782 2156/2619/3783
s 68
f 1823/2022/3784 1822/2021/3785 1833/2024/3786 1832/2556/3787
s 69
f 1824/2555/3788 1823/2022/3789 1980/2119/3790 1979/2115/3791
s 71
f 1826/2618/3792 1829/2023/3793 2163/2150/3794 2162/2248/3795
s 67
f 1830/2622/3796 1833/2024/3797 2165/2252/3798 2164/2146/3799
s 69
f 1832/2556/3800 1831/2025/3801 1988/2043/3802 1987/2120/3803
s 107
f 1834/2026/3804 1837/2623/3805 2173/2263/3806 2172/2628/3807
s 108
f 1835/2558/3808 1834/2026/3809 1857/2041/3810 1856/2027/3811
f 1837/2623/3812 1836/2028/3813 1839/2029/3814 1838/2624/3815
s 107
f 1838/2624/3816 1841/2629/3817 2179/2265/3818 2178/2264/3819
s 108
f 1841/2629/3820 1840/2030/3821 1859/2031/3822 1858/2630/3823
s 110
f 1842/2032/3824 1845/2626/3825 2171/2256/3826 2170/2625/3827
s 111
f 1843/2519/3828 1842/2032/3829 1849/2036/3830 1848/2033/3831
f 1845/2626/3832 1844/2034/3833 1851/2035/3834 1850/2627/3835
s 110
f 1846/2037/3836 1849/2036/3837 2181/2260/3838 2180/2631/3839
s 111
f 1847/2520/3840 1846/2037/3841 1865/2046/3842 1864/2038/3843
s 110
f 1850/2627/3844 1853/2681/3845 2187/2271/3846 2186/2257/3847
s 111
f 1853/2681/3848 1852/2039/3849 1991/2040/3850 1990/2682/3851
s 107
f 1854/2042/3852 1857/2041/3853 2189/2262/3854 2188/2680/3855
s 108
f 1855/2557/3856 1854/2042/3857 1989/2124/3858 1988/2043/3859
s 107
f 1858/2630/3860 1861/2632/3861 2195/2277/3862 2194/2266/3863
s 108
f 1861/2632/3864 1860/2044/3865 1867/2045/3866 1866/2633/3867
s 110
f 1862/2047/3868 1865/2046/3869 2197/2270/3870 2196/2634/3871
s 111
f 1863/2521/3872 1862/2047/3873 1873/2051/3874 1872/2048/3875
s 107
f 1866/2633/3876 1869/2635/3877 2203/2283/3878 2202/2278/3879
s 108
f 1869/2635/3880 1868/2049/3881 1875/2050/3882 1874/2636/3883
s 110
f 1870/2052/3884 1873/2051/3885 2205/2282/3886 2204/2637/3887
s 111
f 1871/2522/3888 1870/2052/3889 1881/2056/3890 1880/2053/3891
s 107
f 1874/2636/3892 1877/2638/3893 2211/2289/3894 2210/2284/3895
s 108
f 1877/2638/3896 1876/2054/3897 1883/2055/3898 1882/2639/3899
s 110
f 1878/2057/3900 1881/2056/3901 2213/2288/3902 2212/2640/3903
s 111
f 1879/2523/3904 1878/2057/3905 1889/2061/3906 1888/2058/3907
s 107
f 1882/2639/3908 1885/2641/3909 2219/2295/3910 2218/2290/3911
s 108
f 1885/2641/3912 1884/2059/3913 1891/2060/3914 1890/2642/3915
s 110
f 1886/2062/3916 1889/2061/3917 2221/2294/3918 2220/2643/3919
s 111
f 1887/2524/3920 1886/2062/3921 1897/2066/3922 1896/2063/3923
s 107
f 1890/2642/3924 1893/2644/3925 2227/2301/3926 2226/2296/3927
s 108
f 1893/2644/3928 1892/2064/3929 1899/2065/3930 1898/2645/3931
s 110
f 1894/2067/3932 1897/2066/3933 2229/2300/3934 2228/2646/3935
s 111
f 1895/2525/3936 1894/2067/3937 1905/2071/3938 1904/2068/3939
s 107
f 1898/2645/3940 1901/2647/3941 2235/2307/3942 2234/2302/3943
s 108
f 1901/2647/3944 1900/2069/3945 1907/2070/3946 1906/2648/3947
s 110
f 1902/2072/3948 1905/2071/3949 2237/2306/3950 2236/2649/3951
s 111
f 1903/2526/3952 1902/2072/3953 1913/2076/3954 1912/2073/3955
s 107
f 1906/2648/3956 1909/2650/3957 2243/2313/3958 2242/2308/3959
s 108
f 1909/2650/3960 1908/2074/3961 1915/2075/3962 1914/2651/3963
s 110
f 1910/2077/3964 1913/2076/3965 2245/2312/3966 2244/2652/3967
s 111
f 1911/2527/3968 1910/2077/3969 1921/2081/3970 1920/2078/3971
s 107
f 1914/2651/3972 1917/2653/3973 2251/2319/3974 2250/2314/3975
s 108
f 1917/2653/3976 1916/2079/3977 1923/2080/3978 1922/2654/3979
s 110
f 1918/2082/3980 1921/2081/3981 2253/2318/3982 2252/2655/3983
s 111
f 1919/2528/3984 1918/2082/3985 1929/2086/3986 1928/2083/3987
s 107
f 1922/2654/3988 1925/2656/3989 2259/2325/3990 2258/2320/3991
s 108
f 1925/2656/3992 1924/2084/3993 1931/2085/3994 1930/2657/3995
s 110
f 1926/2087/3996 1929/2086/3997 2261/2324/3998 2260/2658/3999
s 111
f 1927/2529/4000 1926/2087/4001 1937/2091/4002 1936/2088/4003
s 107
f 1930/2657/4004 1933/2659/4005 2267/2331/4006 2266/2326/4007
s 108
f 1933/2659/4008 1932/2089/4009 1939/2090/4010 1938/2660/4011
s 110
f 1934/2092/4012 1937/2091/4013 2269/2330/4014 2268/2661/4015
s 111
f 1935/2530/4016 1934/2092/4017 1945/2096/4018 1944/2093/4019
s 107
f 1938/2660/4020 1941/2662/4021 2275/2337/4022 2274/2332/4023
s 108
f 1941/2662/4024 1940/2094/4025 1947/2095/4026 1946/2663/4027
s 110
f 1942/2097/4028 1945/2096/4029 2277/2336/4030 2276/2664/4031
s 111
f 1943/2531/4032 1942/2097/4033 1953/2101/4034 1952/2098/4035
s 107
f 1946/2663/4036 1949/2665/4037 2283/2343/4038 2282/2338/4039
s 108
f 1949/2665/4040 1948/2099/4041 1955/2100/4042 1954/2666/4043
s 110
f 1950/2102/4044 1953/2101/4045 2285/2342/4046 2284/2667/4047
s 111
f 1951/2532/4048 1950/2102/4049 1961/2106/4050 1960/2103/4051
s 107
f 1954/2666/4052 1957/2668/4053 2291/2349/4054 2290/2344/4055
s 108
f 1957/2668/4056 1956/2104/4057 1963/2105/4058 1962/2669/4059
s 110
f 1958/2107/4060 1961/2106/4061 2293/2348/4062 2292/2670/4063
s 111
f 1959/2533/4064 1958/2107/4065 1969/2111/4066 1968/2108/4067
s 107
f 1962/2669/4068 1965/2671/4069 2299/2355/4070 2298/2350/4071
s 108
f 1965/2671/4072 1964/2109/4073 1971/2110/4074 1970/2672/4075
s 110
f 1966/2112/4076 1969/2111/4077 2301/2354/4078 2300/2673/4079
s 111
f 1967/2534/4080 1966/2112/4081 1977/2116/4082 1976/2113/4083
s 107
f 1970/2672/4084 1973/2674/4085 2307/2361/4086 2306/2356/4087
s 108
f 1973/2674/4088 1972/2114/4089 1979/2115/4090 1978/2675/4091
s 110
f 1974/2117/4092 1977/2116/4093 2309/2360/4094 2308/2676/4095
s 111
f 1975/2535/4096 1974/2117/4097 1985/2121/4098 1984/2118/4099
s 107
f 1978/2675/4100 1981/2677/4101 2315/2367/4102 2314/2362/4103
s 108
f 1981/2677/4104 1980/2119/4105 1987/2120/4106 1986/2678/4107
s 110
f 1982/2122/4108 1985/2121/4109 2317/2366/4110 2316/2679/4111
s 111
f 1983/2536/4112 1982/2122/4113 1993/2125/4114 1992/2123/4115
s 107
f 1986/2678/4116 1989/2124/4117 2323/2276/4118 2322/2368/4119
s 110
f 1990/2682/4120 1993/2125/4121 2325/2372/4122 2324/2272/4123
s off
f 1994/2128/4124 1996/2126/4125 2003/2127/4126 2002/2132/4127
s 129
f 1995/2559/4128 1994/2128/4129 1999/2131/4130 1998/2129/4131
f 1997/2562/4132 2000/2396/4133 2007/2135/4134 2006/2130/4135
s 130
f 2000/2396/4136 1999/2131/4137 2002/2132/4138 2001/2397/4139
s off
f 2001/2397/4140 2004/2133/4141 2005/2134/4142 2007/2135/4143
s 131
f 2008/2138/4144 2011/2136/4145 2026/2137/4146 2025/2443/4147
s 132
f 2009/2139/4148 2008/2138/4149 2015/2141/4150 2014/2441/4151
s 131
f 2010/2565/4152 2009/2139/4153 2022/2148/4154 2021/2140/4155
s 133
f 2012/2568/4156 2015/2141/4157 2030/2154/4158 2029/2142/4159
f 2014/2441/4160 2013/2143/4161 2018/2144/4162 2017/2442/4163
f 2016/2147/4164 2019/2145/4165 2164/2146/4166 2167/2254/4167
s 132
f 2017/2442/4168 2016/2147/4169 2023/2149/4170 2022/2148/4171
s 131
f 2020/2620/4172 2023/2149/4173 2160/2253/4174 2163/2150/4175
f 2024/2153/4176 2027/2151/4177 2034/2152/4178 2033/2444/4179
s 132
f 2025/2443/4180 2024/2153/4181 2031/2155/4182 2030/2154/4183
s 133
f 2028/2571/4184 2031/2155/4185 2038/2160/4186 2037/2156/4187
s 131
f 2032/2159/4188 2035/2157/4189 2042/2158/4190 2041/2445/4191
s 132
f 2033/2444/4192 2032/2159/4193 2039/2161/4194 2038/2160/4195
s 133
f 2036/2574/4196 2039/2161/4197 2046/2166/4198 2045/2162/4199
s 131
f 2040/2165/4200 2043/2163/4201 2050/2164/4202 2049/2446/4203
s 132
f 2041/2445/4204 2040/2165/4205 2047/2167/4206 2046/2166/4207
s 133
f 2044/2577/4208 2047/2167/4209 2054/2172/4210 2053/2168/4211
s 131
f 2048/2171/4212 2051/2169/4213 2058/2170/4214 2057/2447/4215
s 132
f 2049/2446/4216 2048/2171/4217 2055/2173/4218 2054/2172/4219
s 133
f 2052/2580/4220 2055/2173/4221 2062/2178/4222 2061/2174/4223
s 131
f 2056/2177/4224 2059/2175/4225 2066/2176/4226 2065/2448/4227
s 132
f 2057/2447/4228 2056/2177/4229 2063/2179/4230 2062/2178/4231
s 133
f 2060/2583/4232 2063/2179/4233 2070/2184/4234 2069/2180/4235
s 131
f 2064/2183/4236 2067/2181/4237 2074/2182/4238 2073/2449/4239
s 132
f 2065/2448/4240 2064/2183/4241 2071/2185/4242 2070/2184/4243
s 133
f 2068/2586/4244 2071/2185/4245 2078/2190/4246 2077/2186/4247
s 131
f 2072/2189/4248 2075/2187/4249 2082/2188/4250 2081/2450/4251
s 132
f 2073/2449/4252 2072/2189/4253 2079/2191/4254 2078/2190/4255
s 133
f 2076/2589/4256 2079/2191/4257 2086/2196/4258 2085/2192/4259
s 131
f 2080/2195/4260 2083/2193/4261 2090/2194/4262 2089/2451/4263
s 132
f 2081/2450/4264 2080/2195/4265 2087/2197/4266 2086/2196/4267
s 133
f 2084/2592/4268 2087/2197/4269 2094/2202/4270 2093/2198/4271
s 131
f 2088/2201/4272 2091/2199/4273 2098/2200/4274 2097/2452/4275
s 132
f 2089/2451/4276 2088/2201/4277 2095/2203/4278 2094/2202/4279
s 133
f 2092/2595/4280 2095/2203/4281 2102/2208/4282 2101/2204/4283
s 131
f 2096/2207/4284 2099/2205/4285 2106/2206/4286 2105/2453/4287
s 132
f 2097/2452/4288 2096/2207/4289 2103/2209/4290 2102/2208/4291
s 133
f 2100/2598/4292 2103/2209/4293 2110/2214/4294 2109/2210/4295
s 131
f 2104/2213/4296 2107/2211/4297 2114/2212/4298 2113/2454/4299
s 132
f 2105/2453/4300 2104/2213/4301 2111/2215/4302 2110/2214/4303
s 133
f 2108/2601/4304 2111/2215/4305 2118/2220/4306 2117/2216/4307
s 131
f 2112/2219/4308 2115/2217/4309 2122/2218/4310 2121/2455/4311
s 132
f 2113/2454/4312 2112/2219/4313 2119/2221/4314 2118/2220/4315
s 133
f 2116/2604/4316 2119/2221/4317 2126/2226/4318 2125/2222/4319
s 131
f 2120/2225/4320 2123/2223/4321 2130/2224/4322 2129/2456/4323
s 132
f 2121/2455/4324 2120/2225/4325 2127/2227/4326 2126/2226/4327
s 133
f 2124/2607/4328 2127/2227/4329 2134/2232/4330 2133/2228/4331
s 131
f 2128/2231/4332 2131/2229/4333 2138/2230/4334 2137/2457/4335
s 132
f 2129/2456/4336 2128/2231/4337 2135/2233/4338 2134/2232/4339
s 133
f 2132/2610/4340 2135/2233/4341 2142/2238/4342 2141/2234/4343
s 131
f 2136/2237/4344 2139/2235/4345 2146/2236/4346 2145/2458/4347
s 132
f 2137/2457/4348 2136/2237/4349 2143/2239/4350 2142/2238/4351
s 133
f 2140/2613/4352 2143/2239/4353 2150/2244/4354 2149/2240/4355
s 131
f 2144/2243/4356 2147/2241/4357 2154/2242/4358 2153/2459/4359
s 132
f 2145/2458/4360 2144/2243/4361 2151/2245/4362 2150/2244/4363
s 133
f 2148/2616/4364 2151/2245/4365 2158/2250/4366 2157/2246/4367
s 131
f 2152/2249/4368 2155/2247/4369 2162/2248/4370 2161/2460/4371
s 132
f 2153/2459/4372 2152/2249/4373 2159/2251/4374 2158/2250/4375
s 133
f 2156/2619/4376 2159/2251/4377 2166/2255/4378 2165/2252/4379
s 132
f 2161/2460/4380 2160/2253/4381 2167/2254/4382 2166/2255/4383
s 152
f 2168/2258/4384 2171/2256/4385 2186/2257/4386 2185/2501/4387
s 153
f 2169/2259/4388 2168/2258/4389 2175/2261/4390 2174/2499/4391
s 152
f 2170/2625/4392 2169/2259/4393 2182/2268/4394 2181/2260/4395
s 154
f 2172/2628/4396 2175/2261/4397 2190/2274/4398 2189/2262/4399
f 2174/2499/4400 2173/2263/4401 2178/2264/4402 2177/2500/4403
f 2176/2267/4404 2179/2265/4405 2194/2266/4406 2193/2502/4407
s 153
f 2177/2500/4408 2176/2267/4409 2183/2269/4410 2182/2268/4411
s 152
f 2180/2631/4412 2183/2269/4413 2198/2280/4414 2197/2270/4415
f 2184/2273/4416 2187/2271/4417 2324/2272/4418 2327/2374/4419
s 153
f 2185/2501/4420 2184/2273/4421 2191/2275/4422 2190/2274/4423
s 154
f 2188/2680/4424 2191/2275/4425 2320/2373/4426 2323/2276/4427
f 2192/2279/4428 2195/2277/4429 2202/2278/4430 2201/2503/4431
s 153
f 2193/2502/4432 2192/2279/4433 2199/2281/4434 2198/2280/4435
s 152
f 2196/2634/4436 2199/2281/4437 2206/2286/4438 2205/2282/4439
s 154
f 2200/2285/4440 2203/2283/4441 2210/2284/4442 2209/2504/4443
s 153
f 2201/2503/4444 2200/2285/4445 2207/2287/4446 2206/2286/4447
s 152
f 2204/2637/4448 2207/2287/4449 2214/2292/4450 2213/2288/4451
s 154
f 2208/2291/4452 2211/2289/4453 2218/2290/4454 2217/2505/4455
s 153
f 2209/2504/4456 2208/2291/4457 2215/2293/4458 2214/2292/4459
s 152
f 2212/2640/4460 2215/2293/4461 2222/2298/4462 2221/2294/4463
s 154
f 2216/2297/4464 2219/2295/4465 2226/2296/4466 2225/2506/4467
s 153
f 2217/2505/4468 2216/2297/4469 2223/2299/4470 2222/2298/4471
s 152
f 2220/2643/4472 2223/2299/4473 2230/2304/4474 2229/2300/4475
s 154
f 2224/2303/4476 2227/2301/4477 2234/2302/4478 2233/2507/4479
s 153
f 2225/2506/4480 2224/2303/4481 2231/2305/4482 2230/2304/4483
s 152
f 2228/2646/4484 2231/2305/4485 2238/2310/4486 2237/2306/4487
s 154
f 2232/2309/4488 2235/2307/4489 2242/2308/4490 2241/2508/4491
s 153
f 2233/2507/4492 2232/2309/4493 2239/2311/4494 2238/2310/4495
s 152
f 2236/2649/4496 2239/2311/4497 2246/2316/4498 2245/2312/4499
s 154
f 2240/2315/4500 2243/2313/4501 2250/2314/4502 2249/2509/4503
s 153
f 2241/2508/4504 2240/2315/4505 2247/2317/4506 2246/2316/4507
s 152
f 2244/2652/4508 2247/2317/4509 2254/2322/4510 2253/2318/4511
s 154
f 2248/2321/4512 2251/2319/4513 2258/2320/4514 2257/2510/4515
s 153
f 2249/2509/4516 2248/2321/4517 2255/2323/4518 2254/2322/4519
s 152
f 2252/2655/4520 2255/2323/4521 2262/2328/4522 2261/2324/4523
s 154
f 2256/2327/4524 2259/2325/4525 2266/2326/4526 2265/2511/4527
s 153
f 2257/2510/4528 2256/2327/4529 2263/2329/4530 2262/2328/4531
s 152
f 2260/2658/4532 2263/2329/4533 2270/2334/4534 2269/2330/4535
s 154
f 2264/2333/4536 2267/2331/4537 2274/2332/4538 2273/2512/4539
s 153
f 2265/2511/4540 2264/2333/4541 2271/2335/4542 2270/2334/4543
s 152
f 2268/2661/4544 2271/2335/4545 2278/2340/4546 2277/2336/4547
s 154
f 2272/2339/4548 2275/2337/4549 2282/2338/4550 2281/2513/4551
s 153
f 2273/2512/4552 2272/2339/4553 2279/2341/4554 2278/2340/4555
s 152
f 2276/2664/4556 2279/2341/4557 2286/2346/4558 2285/2342/4559
s 154
f 2280/2345/4560 2283/2343/4561 2290/2344/4562 2289/2514/4563
s 153
f 2281/2513/4564 2280/2345/4565 2287/2347/4566 2286/2346/4567
s 152
f 2284/2667/4568 2287/2347/4569 2294/2352/4570 2293/2348/4571
s 154
f 2288/2351/4572 2291/2349/4573 2298/2350/4574 2297/2515/4575
s 153
f 2289/2514/4576 2288/2351/4577 2295/2353/4578 2294/2352/4579
s 152
f 2292/2670/4580 2295/2353/4581 2302/2358/4582 2301/2354/4583
s 154
f 2296/2357/4584 2299/2355/4585 2306/2356/4586 2305/2516/4587
s 153
f 2297/2515/4588 2296/2357/4589 2303/2359/4590 2302/2358/4591
s 152
f 2300/2673/4592 2303/2359/4593 2310/2364/4594 2309/2360/4595
s 154
f 2304/2363/4596 2307/2361/4597 2314/2362/4598 2313/2517/4599
s 153
f 2305/2516/4600 2304/2363/4601 2311/2365/4602 2310/2364/4603
s 152
f 2308/2676/4604 2311/2365/4605 2318/2370/4606 2317/2366/4607
s 154
f 2312/2369/4608 2315/2367/4609 2322/2368/4610 2321/2518/4611
s 153
f 2313/2517/4612 2312/2369/4613 2319/2371/4614 2318/2370/4615
s 152
f 2316/2679/4616 2319/2371/4617 2326/2375/4618 2325/2372/4619
s 153
f 2321/2518/4620 2320/2373/4621 2327/2374/4622 2326/2375/4623
s 3
f 1313/1611/2643 1318/2376/2657 1399/1713/2660 1396/1712/2644
f 1317/1620/2658 1322/2377/2668 1403/1717/2671 1400/1716/2659
f 1321/1625/2669 1326/2378/2679 1407/1721/2682 1404/1720/2670
f 1325/1630/2680 1330/2379/2690 1411/1725/2693 1408/1724/2681
f 1329/1635/2691 1334/2380/2701 1415/1729/2704 1412/1728/2692
f 1333/1640/2702 1338/2381/2712 1419/1733/2715 1416/1732/2703
f 1337/1645/2713 1342/2382/2723 1423/1737/2726 1420/1736/2714
f 1341/1650/2724 1346/2383/2734 1427/1741/2737 1424/1740/2725
f 1345/1655/2735 1350/2384/2745 1431/1745/2748 1428/1744/2736
f 1349/1660/2746 1354/2385/2756 1435/1749/2759 1432/1748/2747
f 1353/1665/2757 1358/2386/2767 1439/1753/2770 1436/1752/2758
f 1357/1670/2768 1362/2387/2778 1443/1757/2781 1440/1756/2769
f 1361/1675/2779 1366/2388/2790 1447/1761/2792 1444/1760/2780
f 1365/1678/2786 1371/2389/2789 1451/1765/2804 1448/1764/2791
f 1370/1684/2800 1376/2390/2802 1455/1769/2819 1452/1768/2803
f 1375/1689/2817 1380/2391/2828 1459/1773/2831 1456/1772/2818
f 1379/1694/2829 1384/2392/2839 1463/1777/2842 1460/1776/2830
f 1383/1698/2840 1388/2393/2850 1467/1781/2853 1464/1780/2841
f 1387/1703/2851 1392/2394/2856 1471/1785/2859 1468/1784/2852
f 1391/1707/2857 1314/1614/2642 1395/2395/2645 1472/1711/2858
s 1
f 1319/1617/2651 1312/1609/2634 1487/1618/2637
f 1323/1622/2662 1316/1616/2650 1486/1623/2652
f 1327/1627/2673 1320/1621/2661 1485/1628/2663
f 1331/1632/2684 1324/1626/2672 1484/1633/2674
f 1335/1637/2695 1328/1631/2683 1483/1638/2685
f 1339/1642/2706 1332/1636/2694 1482/1643/2696
f 1343/1647/2717 1336/1641/2705 1481/1648/2707
f 1347/1652/2728 1340/1646/2716 1480/1653/2718
f 1351/1657/2739 1344/1651/2727 1479/1658/2729
f 1355/1662/2750 1348/1656/2738 1478/1663/2740
f 1359/1667/2761 1352/1661/2749 1477/1668/2751
f 1363/1672/2772 1356/1666/2760 1476/1673/2762
f 1367/1679/4624 1360/1671/2771 1475/1680/2773
s 130
f 1999/2131/4137 1994/2128/4625 2002/2132/4138
f 2007/2135/4626 2000/2396/4136 2001/2397/4139
s 1
f 1381/1691/2821 1374/1686/4627 1492/1692/2822
f 1385/1696/2833 1378/1690/2820 1491/1697/2823
f 1389/1700/2844 1382/1695/2832 1490/1701/2834
f 1393/1704/2855 1386/1699/2843 1489/1705/2845
f 1315/2398/2635 1390/2399/2854 1488/1706/2636
s 65
f 1576/1851/3273 1579/2400/3280 1583/1855/3274
f 1578/1854/3281 1603/1858/3287 1584/1857/3282
f 1602/2401/3288 1607/1877/3290 1585/1859/3286
f 1606/2402/3291 1611/1880/3293 1586/1860/3289
f 1610/2403/3294 1615/1883/3296 1587/1861/3292
f 1614/2404/3297 1619/1886/3299 1588/1862/3295
f 1618/2405/3300 1623/1889/3302 1589/1863/3298
f 1622/2406/3303 1627/1892/3305 1590/1864/3301
f 1626/2407/3306 1631/1895/3308 1591/1865/3304
f 1630/2408/3309 1635/1898/3311 1592/1866/3307
f 1634/2409/3312 1639/1901/3314 1593/1867/3310
f 1638/2410/3315 1643/1904/3317 1594/1868/3313
f 1642/2411/3318 1647/1907/3320 1595/1869/3316
f 1646/2412/3321 1651/1910/3323 1596/1870/3319
f 1650/2413/3324 1655/1913/3326 1597/1871/3322
f 1654/2414/3327 1659/1916/3329 1598/1872/3325
f 1658/2415/3330 1663/1919/3332 1599/1873/3328
f 1662/2416/3333 1667/1922/3334 1600/1874/3331
f 1666/2417/3335 1671/1925/3284 1601/2418/3283
f 1670/1856/3285 1577/2419/3272 1582/2420/3275
s 45
f 1495/1790/3033 1500/2421/3048 1580/1850/3051 1575/1849/3034
f 1499/1794/3049 1504/2422/3060 1604/1853/3063 1581/1852/3050
f 1503/1797/3061 1508/2423/3072 1608/1876/3075 1605/1875/3062
f 1507/1800/3073 1512/2424/3084 1612/1879/3087 1609/1878/3074
f 1511/1803/3085 1516/2425/3096 1616/1882/3099 1613/1881/3086
f 1515/1806/3097 1520/2426/3108 1620/1885/3111 1617/1884/3098
f 1519/1809/3109 1524/2427/3120 1624/1888/3123 1621/1887/3110
f 1523/1812/3121 1528/2428/3132 1628/1891/3135 1625/1890/3122
f 1527/1815/3133 1532/2429/3144 1632/1894/3147 1629/1893/3134
f 1531/1818/3145 1536/2430/3156 1636/1897/3159 1633/1896/3146
f 1535/1821/3157 1540/2431/3168 1640/1900/3171 1637/1899/3158
f 1539/1824/3169 1544/2432/3180 1644/1903/3183 1641/1902/3170
f 1543/1827/3181 1548/2433/3192 1648/1906/3195 1645/1905/3182
f 1547/1830/3193 1552/2434/3204 1652/1909/3207 1649/1908/3194
f 1551/1833/3205 1556/2435/3216 1656/1912/3219 1653/1911/3206
f 1555/1836/3217 1560/2436/3228 1660/1915/3231 1657/1914/3218
f 1559/1839/3229 1564/2437/3240 1664/1918/3243 1661/1917/3230
f 1563/1842/3241 1568/2438/3252 1668/1921/3255 1665/1920/3242
f 1567/1845/3253 1572/2439/3260 1672/1924/3263 1669/1923/3254
f 1571/1847/3261 1496/1791/3032 1574/2440/3035 1673/1848/3262
s 132
f 2009/2139/4148 2014/2441/4151 2017/2442/4168 2022/2148/4171
f 2015/2141/4150 2008/2138/4149 2025/2443/4180 2030/2154/4183
f 2031/2155/4182 2024/2153/4181 2033/2444/4192 2038/2160/4195
f 2039/2161/4194 2032/2159/4193 2041/2445/4204 2046/2166/4207
f 2047/2167/4206 2040/2165/4205 2049/2446/4216 2054/2172/4219
f 2055/2173/4218 2048/2171/4217 2057/2447/4228 2062/2178/4231
f 2063/2179/4230 2056/2177/4229 2065/2448/4240 2070/2184/4243
f 2071/2185/4242 2064/2183/4241 2073/2449/4252 2078/2190/4255
f 2079/2191/4254 2072/2189/4253 2081/2450/4264 2086/2196/4267
f 2087/2197/4266 2080/2195/4265 2089/2451/4276 2094/2202/4279
f 2095/2203/4278 2088/2201/4277 2097/2452/4288 2102/2208/4291
f 2103/2209/4290 2096/2207/4289 2105/2453/4300 2110/2214/4303
f 2111/2215/4302 2104/2213/4301 2113/2454/4312 2118/2220/4315
f 2119/2221/4314 2112/2219/4313 2121/2455/4324 2126/2226/4327
f 2127/2227/4326 2120/2225/4325 2129/2456/4336 2134/2232/4339
f 2135/2233/4338 2128/2231/4337 2137/2457/4348 2142/2238/4351
f 2143/2239/4350 2136/2237/4349 2145/2458/4360 2150/2244/4363
f 2151/2245/4362 2144/2243/4361 2153/2459/4372 2158/2250/4375
f 2159/2251/4374 2152/2249/4373 2161/2460/4380 2166/2255/4383
f 2167/2254/4382 2160/2253/4381 2023/2149/4170 2016/2147/4169
s 23
f 1397/2461/2861 1398/2462/2872 1691/1934/2875 1684/1933/2862
f 1401/2463/2873 1402/2464/2880 1699/1939/2883 1692/1938/2874
f 1405/2465/2881 1406/2466/2888 1707/1944/2891 1700/1943/2882
f 1409/2467/2889 1410/2468/2896 1715/1949/2899 1708/1948/2890
f 1413/2469/2897 1414/2470/2904 1723/1954/2907 1716/1953/2898
f 1417/2471/2905 1418/2472/2912 1731/1959/2915 1724/1958/2906
f 1421/2473/2913 1422/2474/2920 1739/1964/2923 1732/1963/2914
f 1425/2475/2921 1426/2476/2928 1747/1969/2931 1740/1968/2922
f 1429/2477/2929 1430/2478/2936 1755/1974/2939 1748/1973/2930
f 1433/2479/2937 1434/2480/2944 1763/1979/2947 1756/1978/2938
f 1437/1751/2945 1438/1754/2952 1771/1984/2955 1764/1983/2946
f 1441/2481/2953 1442/2482/2960 1779/1989/2963 1772/1988/2954
f 1445/2483/2961 1446/2484/2968 1787/1994/2971 1780/1993/2962
f 1449/2485/2969 1450/2486/2976 1795/1999/2979 1788/1998/2970
f 1453/2487/2977 1454/2488/2984 1803/2004/2987 1796/2003/2978
f 1457/2489/2985 1458/2490/2992 1811/2009/2995 1804/2008/2986
f 1461/2491/2993 1462/2492/3000 1819/2014/3003 1812/2013/2994
f 1465/2493/3001 1466/2494/3008 1827/2019/3011 1820/2018/3002
f 1469/2495/3009 1470/2496/3016 1687/2497/3019 1828/1937/3010
f 1473/1787/3017 1394/1708/2860 1683/2498/2863 1688/1932/3018
s 153
f 2169/2259/4388 2174/2499/4391 2177/2500/4408 2182/2268/4411
f 2175/2261/4390 2168/2258/4389 2185/2501/4420 2190/2274/4423
f 2183/2269/4410 2176/2267/4409 2193/2502/4432 2198/2280/4435
f 2199/2281/4434 2192/2279/4433 2201/2503/4444 2206/2286/4447
f 2207/2287/4446 2200/2285/4445 2209/2504/4456 2214/2292/4459
f 2215/2293/4458 2208/2291/4457 2217/2505/4468 2222/2298/4471
f 2223/2299/4470 2216/2297/4469 2225/2506/4480 2230/2304/4483
f 2231/2305/4482 2224/2303/4481 2233/2507/4492 2238/2310/4495
f 2239/2311/4494 2232/2309/4493 2241/2508/4504 2246/2316/4507
f 2247/2317/4506 2240/2315/4505 2249/2509/4516 2254/2322/4519
f 2255/2323/4518 2248/2321/4517 2257/2510/4528 2262/2328/4531
f 2263/2329/4530 2256/2327/4529 2265/2511/4540 2270/2334/4543
f 2271/2335/4542 2264/2333/4541 2273/2512/4552 2278/2340/4555
f 2279/2341/4554 2272/2339/4553 2281/2513/4564 2286/2346/4567
f 2287/2347/4566 2280/2345/4565 2289/2514/4576 2294/2352/4579
f 2295/2353/4578 2288/2351/4577 2297/2515/4588 2302/2358/4591
f 2303/2359/4590 2296/2357/4589 2305/2516/4600 2310/2364/4603
f 2311/2365/4602 2304/2363/4601 2313/2517/4612 2318/2370/4615
f 2319/2371/4614 2312/2369/4613 2321/2518/4620 2326/2375/4623
f 2327/2374/4622 2320/2373/4621 2191/2275/4422 2184/2273/4421
s 43
f 1843/2519/3027 1848/2033/3042 1501/1792/3041 1494/1789/3024
f 1847/2520/3043 1864/2038/3054 1505/1795/3053 1498/1793/3040
f 1863/2521/3055 1872/2048/3066 1509/1798/3065 1502/1796/3052
f 1871/2522/3067 1880/2053/3078 1513/1801/3077 1506/1799/3064
f 1879/2523/3079 1888/2058/3090 1517/1804/3089 1510/1802/3076
f 1887/2524/3091 1896/2063/3102 1521/1807/3101 1514/1805/3088
f 1895/2525/3103 1904/2068/3114 1525/1810/3113 1518/1808/3100
f 1903/2526/3115 1912/2073/3126 1529/1813/3125 1522/1811/3112
f 1911/2527/3127 1920/2078/3138 1533/1816/3137 1526/1814/3124
f 1919/2528/3139 1928/2083/3150 1537/1819/3149 1530/1817/3136
f 1927/2529/3151 1936/2088/3162 1541/1822/3161 1534/1820/3148
f 1935/2530/3163 1944/2093/3174 1545/1825/3173 1538/1823/3160
f 1943/2531/3175 1952/2098/3186 1549/1828/3185 1542/1826/3172
f 1951/2532/3187 1960/2103/3198 1553/1831/3197 1546/1829/3184
f 1959/2533/3199 1968/2108/3210 1557/1834/3209 1550/1832/3196
f 1967/2534/3211 1976/2113/3222 1561/1837/3221 1554/1835/3208
f 1975/2535/3223 1984/2118/3234 1565/1840/3233 1558/1838/3220
f 1983/2536/3235 1992/2123/3246 1569/1843/3245 1562/1841/3232
f 1991/2040/3247 1852/2039/3258 1573/1846/3257 1566/1844/3244
f 1851/2035/3259 1844/2034/3026 1497/2537/3025 1570/2538/3256
s 69
f 1675/1927/3413 1696/2539/3468 1839/2029/3471 1836/2028/3414
f 1695/1942/3469 1704/2540/3488 1859/2031/3491 1840/2030/3470
f 1703/1947/3489 1712/2541/3508 1867/2045/3511 1860/2044/3490
f 1711/1952/3509 1720/2542/3528 1875/2050/3531 1868/2049/3510
f 1719/1957/3529 1728/2543/3548 1883/2055/3551 1876/2054/3530
f 1727/1962/3549 1736/2544/3568 1891/2060/3571 1884/2059/3550
f 1735/1967/3569 1744/2545/3588 1899/2065/3591 1892/2064/3570
f 1743/1972/3589 1752/2546/3608 1907/2070/3611 1900/2069/3590
f 1751/1977/3609 1760/2547/3628 1915/2075/3631 1908/2074/3610
f 1759/1982/3629 1768/2548/3648 1923/2080/3651 1916/2079/3630
f 1767/1987/3649 1776/2549/3668 1931/2085/3671 1924/2084/3650
f 1775/1992/3669 1784/2550/3688 1939/2090/3691 1932/2089/3670
f 1783/1997/3689 1792/2551/3708 1947/2095/3711 1940/2094/3690
f 1791/2002/3709 1800/2552/3728 1955/2100/3731 1948/2099/3710
f 1799/2007/3729 1808/2553/3748 1963/2105/3751 1956/2104/3730
f 1807/2012/3749 1816/2554/3768 1971/2110/3771 1964/2109/3750
f 1815/2017/3769 1824/2555/3788 1979/2115/3791 1972/2114/3770
f 1823/2022/3789 1832/2556/3800 1987/2120/3803 1980/2119/3790
f 1831/2025/3801 1680/1930/3424 1855/2557/3427 1988/2043/3802
f 1679/1929/3425 1676/1928/3412 1835/2558/3415 1856/2027/3426
s 3
f 1372/1682/2788 1364/1676/2787 1995/2559/4628 1998/2129/2798
s off
f 1368/2560/4629 1474/2561/4630 2003/2127/4631 1996/2126/4632
s 3
f 1377/1685/2801 1369/1681/2797 1997/2562/2799 2006/2130/4633
s off
f 1493/1788/4634 1373/1687/4635 2005/2134/4636 2004/2133/4637
s 67
f 1677/2563/3405 1678/2564/3420 2018/2144/3423 2013/2143/3406
s 71
f 1689/1935/3445 1682/1931/3432 2010/2565/3435 2021/2140/3446
f 1685/2566/3433 1690/2567/3452 2026/2137/3455 2011/2136/3434
s 67
f 1697/1940/3461 1674/1926/3404 2012/2568/3407 2029/2142/3462
s 71
f 1693/2569/3453 1698/2570/3472 2034/2152/3475 2027/2151/3454
s 67
f 1705/1945/3481 1694/1941/3460 2028/2571/3463 2037/2156/3482
s 71
f 1701/2572/3473 1706/2573/3492 2042/2158/3495 2035/2157/3474
s 67
f 1713/1950/3501 1702/1946/3480 2036/2574/3483 2045/2162/3502
s 71
f 1709/2575/3493 1714/2576/3512 2050/2164/3515 2043/2163/3494
s 67
f 1721/1955/3521 1710/1951/3500 2044/2577/3503 2053/2168/3522
s 71
f 1717/2578/3513 1722/2579/3532 2058/2170/3535 2051/2169/3514
s 67
f 1729/1960/3541 1718/1956/3520 2052/2580/3523 2061/2174/3542
s 71
f 1725/2581/3533 1730/2582/3552 2066/2176/3555 2059/2175/3534
s 67
f 1737/1965/3561 1726/1961/3540 2060/2583/3543 2069/2180/3562
s 71
f 1733/2584/3553 1738/2585/3572 2074/2182/3575 2067/2181/3554
s 67
f 1745/1970/3581 1734/1966/3560 2068/2586/3563 2077/2186/3582
s 71
f 1741/2587/3573 1746/2588/3592 2082/2188/3595 2075/2187/3574
s 67
f 1753/1975/3601 1742/1971/3580 2076/2589/3583 2085/2192/3602
s 71
f 1749/2590/3593 1754/2591/3612 2090/2194/3615 2083/2193/3594
s 67
f 1761/1980/3621 1750/1976/3600 2084/2592/3603 2093/2198/3622
s 71
f 1757/2593/3613 1762/2594/3632 2098/2200/3635 2091/2199/3614
s 67
f 1769/1985/3641 1758/1981/3620 2092/2595/3623 2101/2204/3642
s 71
f 1765/2596/3633 1770/2597/3652 2106/2206/3655 2099/2205/3634
s 67
f 1777/1990/3661 1766/1986/3640 2100/2598/3643 2109/2210/3662
s 71
f 1773/2599/3653 1778/2600/3672 2114/2212/3675 2107/2211/3654
s 67
f 1785/1995/3681 1774/1991/3660 2108/2601/3663 2117/2216/3682
s 71
f 1781/2602/3673 1786/2603/3692 2122/2218/3695 2115/2217/3674
s 67
f 1793/2000/3701 1782/1996/3680 2116/2604/3683 2125/2222/3702
s 71
f 1789/2605/3693 1794/2606/3712 2130/2224/3715 2123/2223/3694
s 67
f 1801/2005/3721 1790/2001/3700 2124/2607/3703 2133/2228/3722
s 71
f 1797/2608/3713 1802/2609/3732 2138/2230/3735 2131/2229/3714
s 67
f 1809/2010/3741 1798/2006/3720 2132/2610/3723 2141/2234/3742
s 71
f 1805/2611/3733 1810/2612/3752 2146/2236/3755 2139/2235/3734
s 67
f 1817/2015/3761 1806/2011/3740 2140/2613/3743 2149/2240/3762
s 71
f 1813/2614/3753 1818/2615/3772 2154/2242/3775 2147/2241/3754
s 67
f 1825/2020/3781 1814/2016/3760 2148/2616/3763 2157/2246/3782
s 71
f 1821/2617/3773 1826/2618/3792 2162/2248/3795 2155/2247/3774
s 67
f 1833/2024/3797 1822/2021/3780 2156/2619/3783 2165/2252/3798
s 71
f 1829/2023/3793 1686/1936/3444 2020/2620/3447 2163/2150/3794
s 67
f 1681/2621/3421 1830/2622/3796 2164/2146/3799 2019/2145/3422
s 107
f 1837/2623/3805 1838/2624/3816 2178/2264/3819 2173/2263/3806
s 110
f 1849/2036/3837 1842/2032/3824 2170/2625/3827 2181/2260/3838
f 1845/2626/3825 1850/2627/3844 2186/2257/3847 2171/2256/3826
s 107
f 1857/2041/3853 1834/2026/3804 2172/2628/3807 2189/2262/3854
f 1841/2629/3817 1858/2630/3860 2194/2266/3863 2179/2265/3818
s 110
f 1865/2046/3869 1846/2037/3836 2180/2631/3839 2197/2270/3870
s 107
f 1861/2632/3861 1866/2633/3876 2202/2278/3879 2195/2277/3862
s 110
f 1873/2051/3885 1862/2047/3868 2196/2634/3871 2205/2282/3886
s 107
f 1869/2635/3877 1874/2636/3892 2210/2284/3895 2203/2283/3878
s 110
f 1881/2056/3901 1870/2052/3884 2204/2637/3887 2213/2288/3902
s 107
f 1877/2638/3893 1882/2639/3908 2218/2290/3911 2211/2289/3894
s 110
f 1889/2061/3917 1878/2057/3900 2212/2640/3903 2221/2294/3918
s 107
f 1885/2641/3909 1890/2642/3924 2226/2296/3927 2219/2295/3910
s 110
f 1897/2066/3933 1886/2062/3916 2220/2643/3919 2229/2300/3934
s 107
f 1893/2644/3925 1898/2645/3940 2234/2302/3943 2227/2301/3926
s 110
f 1905/2071/3949 1894/2067/3932 2228/2646/3935 2237/2306/3950
s 107
f 1901/2647/3941 1906/2648/3956 2242/2308/3959 2235/2307/3942
s 110
f 1913/2076/3965 1902/2072/3948 2236/2649/3951 2245/2312/3966
s 107
f 1909/2650/3957 1914/2651/3972 2250/2314/3975 2243/2313/3958
s 110
f 1921/2081/3981 1910/2077/3964 2244/2652/3967 2253/2318/3982
s 107
f 1917/2653/3973 1922/2654/3988 2258/2320/3991 2251/2319/3974
s 110
f 1929/2086/3997 1918/2082/3980 2252/2655/3983 2261/2324/3998
s 107
f 1925/2656/3989 1930/2657/4004 2266/2326/4007 2259/2325/3990
s 110
f 1937/2091/4013 1926/2087/3996 2260/2658/3999 2269/2330/4014
s 107
f 1933/2659/4005 1938/2660/4020 2274/2332/4023 2267/2331/4006
s 110
f 1945/2096/4029 1934/2092/4012 2268/2661/4015 2277/2336/4030
s 107
f 1941/2662/4021 1946/2663/4036 2282/2338/4039 2275/2337/4022
s 110
f 1953/2101/4045 1942/2097/4028 2276/2664/4031 2285/2342/4046
s 107
f 1949/2665/4037 1954/2666/4052 2290/2344/4055 2283/2343/4038
s 110
f 1961/2106/4061 1950/2102/4044 2284/2667/4047 2293/2348/4062
s 107
f 1957/2668/4053 1962/2669/4068 2298/2350/4071 2291/2349/4054
s 110
f 1969/2111/4077 1958/2107/4060 2292/2670/4063 2301/2354/4078
s 107
f 1965/2671/4069 1970/2672/4084 2306/2356/4087 2299/2355/4070
s 110
f 1977/2116/4093 1966/2112/4076 2300/2673/4079 2309/2360/4094
s 107
f 1973/2674/4085 1978/2675/4100 2314/2362/4103 2307/2361/4086
s 110
f 1985/2121/4109 1974/2117/4092 2308/2676/4095 2317/2366/4110
s 107
f 1981/2677/4101 1986/2678/4116 2322/2368/4119 2315/2367/4102
s 110
f 1993/2125/4121 1982/2122/4108 2316/2679/4111 2325/2372/4122
s 107
f 1989/2124/4117 1854/2042/3852 2188/2680/3855 2323/2276/4118
s 110
f 1853/2681/3845 1990/2682/4120 2324/2272/4123 2187/2271/3846
s 2
f 1312/1610/2639 1313/1611/2638 1314/2683/2647 1315/2684/2646
f 1316/1619/2654 1317/1620/2653 1318/2376/2641 1319/2685/2640
f 1320/1624/2665 1321/1625/2664 1322/2377/2656 1323/2686/2655
f 1324/1629/2676 1325/1630/2675 1326/2378/2667 1327/2687/2666
f 1328/1634/2687 1329/1635/2686 1330/2379/2678 1331/2688/2677
f 1332/1639/2698 1333/1640/2697 1334/2380/2689 1335/2689/2688
f 1336/1644/2709 1337/1645/2708 1338/2381/2700 1339/2690/2699
f 1340/1649/2720 1341/1650/2719 1342/2382/2711 1343/2691/2710
f 1344/1654/2731 1345/1655/2730 1346/2383/2722 1347/2692/2721
f 1348/1659/2742 1349/1660/2741 1350/2384/2733 1351/2693/2732
f 1352/1664/2753 1353/1665/2752 1354/2385/2744 1355/2694/2743
f 1356/1669/2764 1357/1670/2763 1358/2386/2755 1359/2695/2754
f 1360/1674/2775 1361/1675/2774 1362/2387/2766 1363/2696/2765
f 1364/1677/2782 1365/1678/4638 1366/2388/2777 1367/2697/2776 1368/2698/2783
s 3
f 1369/1683/2797 1370/1684/2800 1371/2389/2789 1372/2699/2788
s 2
f 1373/2700/2805 1374/1688/2814 1375/1689/2813 1376/2390/4639 1377/2701/2806
f 1378/1693/2825 1379/1694/2824 1380/2391/2816 1381/2702/2815
f 1382/1695/2836 1383/1698/2835 1384/2392/2827 1385/2703/2826
f 1386/1702/2847 1387/1703/2846 1388/2393/2838 1389/1700/2837
f 1390/1615/2649 1391/1707/2648 1392/2394/2849 1393/2704/2848
s 24
f 1394/2705/2865 1395/1612/2864 1396/1712/2869 1397/2706/2868
f 1398/1714/2871 1399/1713/2870 1400/1716/2877 1401/1715/2876
f 1402/1718/2879 1403/1717/2878 1404/1720/2885 1405/1719/2884
f 1406/1722/2887 1407/1721/2886 1408/1724/2893 1409/1723/2892
f 1410/1726/2895 1411/1725/2894 1412/1728/2901 1413/1727/2900
f 1414/1730/2903 1415/1729/2902 1416/1732/2909 1417/1731/2908
f 1418/1734/2911 1419/1733/2910 1420/1736/2917 1421/1735/2916
f 1422/1738/2919 1423/1737/2918 1424/1740/2925 1425/1739/2924
f 1426/1742/2927 1427/1741/2926 1428/1744/2933 1429/1743/2932
f 1430/1746/2935 1431/1745/2934 1432/1748/2941 1433/1747/2940
f 1434/1750/2943 1435/1749/2942 1436/1752/2949 1437/1751/2948
f 1438/1754/2951 1439/1753/2950 1440/1756/2957 1441/1755/2956
f 1442/1758/2959 1443/1757/2958 1444/1760/2965 1445/1759/2964
f 1446/1762/2967 1447/1761/2966 1448/1764/2973 1449/1763/2972
f 1450/1766/2975 1451/1765/2974 1452/1768/2981 1453/1767/2980
f 1454/1770/2983 1455/1769/2982 1456/1772/2989 1457/1771/2988
f 1458/1774/2991 1459/1773/2990 1460/1776/2997 1461/1775/2996
f 1462/1778/2999 1463/1777/2998 1464/1780/3005 1465/1779/3004
f 1466/1782/3007 1467/1781/3006 1468/1784/3013 1469/1783/3012
f 1470/1786/3015 1471/1785/3014 1472/1711/2867 1473/1710/2866
s 1
f 1474/2561/4640 1475/1680/2773 1476/1673/2762 1477/1668/2751 1478/1663/2740 1479/1658/2729 1480/1653/2718 1481/1648/2707 1482/1643/2696 1483/1638/2685 1484/1633/2674 1485/1628/2663 1486/1623/2652 1487/1618/2637 1488/1706/2636 1489/1705/2845 1490/1701/2834 1491/1697/2823 1492/1692/2822 1493/1788/4641
s 44
f 1494/1789/3029 1495/1790/3028 1496/1791/3037 1497/2537/3036
f 1498/1793/3045 1499/1794/3044 1500/2421/3031 1501/1792/3030
f 1502/1796/3057 1503/1797/3056 1504/2422/3047 1505/1795/3046
f 1506/1799/3069 1507/1800/3068 1508/2423/3059 1509/1798/3058
f 1510/1802/3081 1511/1803/3080 1512/2424/3071 1513/1801/3070
f 1514/1805/3093 1515/1806/3092 1516/2425/3083 1517/1804/3082
f 1518/1808/3105 1519/1809/3104 1520/2426/3095 1521/1807/3094
f 1522/1811/3117 1523/1812/3116 1524/2427/3107 1525/1810/3106
f 1526/1814/3129 1527/1815/3128 1528/2428/3119 1529/1813/3118
f 1530/1817/3141 1531/1818/3140 1532/2429/3131 1533/1816/3130
f 1534/1820/3153 1535/1821/3152 1536/2430/3143 1537/1819/3142
f 1538/1823/3165 1539/1824/3164 1540/2431/3155 1541/1822/3154
f 1542/1826/3177 1543/1827/3176 1544/2432/3167 1545/1825/3166
f 1546/1829/3189 1547/1830/3188 1548/2433/3179 1549/1828/3178
f 1550/1832/3201 1551/1833/3200 1552/2434/3191 1553/1831/3190
f 1554/1835/3213 1555/1836/3212 1556/2435/3203 1557/1834/3202
f 1558/1838/3225 1559/1839/3224 1560/2436/3215 1561/1837/3214
f 1562/1841/3237 1563/1842/3236 1564/2437/3227 1565/1840/3226
f 1566/1844/3249 1567/1845/3248 1568/2438/3239 1569/1843/3238
f 1570/2538/3039 1571/1847/3038 1572/2439/3251 1573/1846/3250
s 64
f 1574/2440/3264 1575/1849/3269 1576/1851/3268 1577/2419/3265
f 1578/1854/3276 1579/2400/3271 1580/1850/3270 1581/1852/3277
s 65
f 1582/2420/3275 1583/1855/3274 1584/1857/3282 1585/1859/3286 1586/1860/3289 1587/1861/3292 1588/1862/3295 1589/1863/3298 1590/1864/3301 1591/1865/3304 1592/1866/3307 1593/1867/3310 1594/1868/3313 1595/1869/3316 1596/1870/3319 1597/1871/3322 1598/1872/3325 1599/1873/3328 1600/1874/3331 1601/2418/3283
s 64
f 1602/2401/3336 1603/1858/3279 1604/1853/3278 1605/1875/3337
f 1606/2402/3340 1607/1877/3339 1608/1876/3338 1609/1878/3341
f 1610/2403/3344 1611/1880/3343 1612/1879/3342 1613/1881/3345
f 1614/2404/3348 1615/1883/3347 1616/1882/3346 1617/1884/3349
f 1618/2405/3352 1619/1886/3351 1620/1885/3350 1621/1887/3353
f 1622/2406/3356 1623/1889/3355 1624/1888/3354 1625/1890/3357
f 1626/2407/3360 1627/1892/3359 1628/1891/3358 1629/1893/3361
f 1630/2408/3364 1631/1895/3363 1632/1894/3362 1633/1896/3365
f 1634/2409/3368 1635/1898/3367 1636/1897/3366 1637/1899/3369
f 1638/2410/3372 1639/1901/3371 1640/1900/3370 1641/1902/3373
f 1642/2411/3376 1643/1904/3375 1644/1903/3374 1645/1905/3377
f 1646/2412/3380 1647/1907/3379 1648/1906/3378 1649/1908/3381
f 1650/2413/3384 1651/1910/3383 1652/1909/3382 1653/1911/3385
f 1654/2414/3388 1655/1913/3387 1656/1912/3386 1657/1914/3389
f 1658/2415/3392 1659/1916/3391 1660/1915/3390 1661/1917/3393
f 1662/2416/3396 1663/1919/3395 1664/1918/3394 1665/1920/3397
f 1666/2417/3400 1667/1922/3399 1668/1921/3398 1669/1923/3401
f 1670/1856/3266 1671/1925/3403 1672/1924/3402 1673/1848/3267
s 68
f 1674/1926/3409 1675/1927/3408 1676/1928/3417 1677/2563/3416
f 1678/2564/3419 1679/1929/3418 1680/1930/3429 1681/2621/3428
s 72
f 1682/1931/3437 1683/2498/3436 1684/1933/3441 1685/2566/3440
f 1686/1936/3449 1687/2497/3448 1688/1932/3439 1689/1935/3438
f 1690/2567/3443 1691/1934/3442 1692/1938/3457 1693/2569/3456
s 68
f 1694/1941/3465 1695/1942/3464 1696/2539/3411 1697/1940/3410
s 72
f 1698/2570/3459 1699/1939/3458 1700/1943/3477 1701/2572/3476
s 68
f 1702/1946/3485 1703/1947/3484 1704/2540/3467 1705/1945/3466
s 72
f 1706/2573/3479 1707/1944/3478 1708/1948/3497 1709/2575/3496
s 68
f 1710/1951/3505 1711/1952/3504 1712/2541/3487 1713/1950/3486
s 72
f 1714/2576/3499 1715/1949/3498 1716/1953/3517 1717/2578/3516
s 68
f 1718/1956/3525 1719/1957/3524 1720/2542/3507 1721/1955/3506
s 72
f 1722/2579/3519 1723/1954/3518 1724/1958/3537 1725/2581/3536
s 68
f 1726/1961/3545 1727/1962/3544 1728/2543/3527 1729/1960/3526
s 72
f 1730/2582/3539 1731/1959/3538 1732/1963/3557 1733/2584/3556
s 68
f 1734/1966/3565 1735/1967/3564 1736/2544/3547 1737/1965/3546
s 72
f 1738/2585/3559 1739/1964/3558 1740/1968/3577 1741/2587/3576
s 68
f 1742/1971/3585 1743/1972/3584 1744/2545/3567 1745/1970/3566
s 72
f 1746/2588/3579 1747/1969/3578 1748/1973/3597 1749/2590/3596
s 68
f 1750/1976/3605 1751/1977/3604 1752/2546/3587 1753/1975/3586
s 72
f 1754/2591/3599 1755/1974/3598 1756/1978/3617 1757/2593/3616
s 68
f 1758/1981/3625 1759/1982/3624 1760/2547/3607 1761/1980/3606
s 72
f 1762/2594/3619 1763/1979/3618 1764/1983/3637 1765/2596/3636
s 68
f 1766/1986/3645 1767/1987/3644 1768/2548/3627 1769/1985/3626
s 72
f 1770/2597/3639 1771/1984/3638 1772/1988/3657 1773/2599/3656
s 68
f 1774/1991/3665 1775/1992/3664 1776/2549/3647 1777/1990/3646
s 72
f 1778/2600/3659 1779/1989/3658 1780/1993/3677 1781/2602/3676
s 68
f 1782/1996/3685 1783/1997/3684 1784/2550/3667 1785/1995/3666
s 72
f 1786/2603/3679 1787/1994/3678 1788/1998/3697 1789/2605/3696
s 68
f 1790/2001/3705 1791/2002/3704 1792/2551/3687 1793/2000/3686
s 72
f 1794/2606/3699 1795/1999/3698 1796/2003/3717 1797/2608/3716
s 68
f 1798/2006/3725 1799/2007/3724 1800/2552/3707 1801/2005/3706
s 72
f 1802/2609/3719 1803/2004/3718 1804/2008/3737 1805/2611/3736
s 68
f 1806/2011/3745 1807/2012/3744 1808/2553/3727 1809/2010/3726
s 72
f 1810/2612/3739 1811/2009/3738 1812/2013/3757 1813/2614/3756
s 68
f 1814/2016/3765 1815/2017/3764 1816/2554/3747 1817/2015/3746
s 72
f 1818/2615/3759 1819/2014/3758 1820/2018/3777 1821/2617/3776
s 68
f 1822/2021/3785 1823/2022/3784 1824/2555/3767 1825/2020/3766
s 72
f 1826/2618/3779 1827/2019/3778 1828/1937/3451 1829/2023/3450
s 68
f 1830/2622/3431 1831/2025/3430 1832/2556/3787 1833/2024/3786
s 108
f 1834/2026/3809 1835/2558/3808 1836/2028/3813 1837/2623/3812
f 1838/2624/3815 1839/2029/3814 1840/2030/3821 1841/2629/3820
s 111
f 1842/2032/3829 1843/2519/3828 1844/2034/3833 1845/2626/3832
f 1846/2037/3841 1847/2520/3840 1848/2033/3831 1849/2036/3830
f 1850/2627/3835 1851/2035/3834 1852/2039/3849 1853/2681/3848
s 108
f 1854/2042/3857 1855/2557/3856 1856/2027/3811 1857/2041/3810
f 1858/2630/3823 1859/2031/3822 1860/2044/3865 1861/2632/3864
s 111
f 1862/2047/3873 1863/2521/3872 1864/2038/3843 1865/2046/3842
s 108
f 1866/2633/3867 1867/2045/3866 1868/2049/3881 1869/2635/3880
s 111
f 1870/2052/3889 1871/2522/3888 1872/2048/3875 1873/2051/3874
s 108
f 1874/2636/3883 1875/2050/3882 1876/2054/3897 1877/2638/3896
s 111
f 1878/2057/3905 1879/2523/3904 1880/2053/3891 1881/2056/3890
s 108
f 1882/2639/3899 1883/2055/3898 1884/2059/3913 1885/2641/3912
s 111
f 1886/2062/3921 1887/2524/3920 1888/2058/3907 1889/2061/3906
s 108
f 1890/2642/3915 1891/2060/3914 1892/2064/3929 1893/2644/3928
s 111
f 1894/2067/3937 1895/2525/3936 1896/2063/3923 1897/2066/3922
s 108
f 1898/2645/3931 1899/2065/3930 1900/2069/3945 1901/2647/3944
s 111
f 1902/2072/3953 1903/2526/3952 1904/2068/3939 1905/2071/3938
s 108
f 1906/2648/3947 1907/2070/3946 1908/2074/3961 1909/2650/3960
s 111
f 1910/2077/3969 1911/2527/3968 1912/2073/3955 1913/2076/3954
s 108
f 1914/2651/3963 1915/2075/3962 1916/2079/3977 1917/2653/3976
s 111
f 1918/2082/3985 1919/2528/3984 1920/2078/3971 1921/2081/3970
s 108
f 1922/2654/3979 1923/2080/3978 1924/2084/3993 1925/2656/3992
s 111
f 1926/2087/4001 1927/2529/4000 1928/2083/3987 1929/2086/3986
s 108
f 1930/2657/3995 1931/2085/3994 1932/2089/4009 1933/2659/4008
s 111
f 1934/2092/4017 1935/2530/4016 1936/2088/4003 1937/2091/4002
s 108
f 1938/2660/4011 1939/2090/4010 1940/2094/4025 1941/2662/4024
s 111
f 1942/2097/4033 1943/2531/4032 1944/2093/4019 1945/2096/4018
s 108
f 1946/2663/4027 1947/2095/4026 1948/2099/4041 1949/2665/4040
s 111
f 1950/2102/4049 1951/2532/4048 1952/2098/4035 1953/2101/4034
s 108
f 1954/2666/4043 1955/2100/4042 1956/2104/4057 1957/2668/4056
s 111
f 1958/2107/4065 1959/2533/4064 1960/2103/4051 1961/2106/4050
s 108
f 1962/2669/4059 1963/2105/4058 1964/2109/4073 1965/2671/4072
s 111
f 1966/2112/4081 1967/2534/4080 1968/2108/4067 1969/2111/4066
s 108
f 1970/2672/4075 1971/2110/4074 1972/2114/4089 1973/2674/4088
s 111
f 1974/2117/4097 1975/2535/4096 1976/2113/4083 1977/2116/4082
s 108
f 1978/2675/4091 1979/2115/4090 1980/2119/4105 1981/2677/4104
s 111
f 1982/2122/4113 1983/2536/4112 1984/2118/4099 1985/2121/4098
s 108
f 1986/2678/4107 1987/2120/4106 1988/2043/3859 1989/2124/3858
s 111
f 1990/2682/3851 1991/2040/3850 1992/2123/4115 1993/2125/4114
s off
f 1994/2128/4642 1995/2559/4643 1996/2126/4644
s 129
f 1997/2562/4132 1998/2129/4131 1999/2131/4130 2000/2396/4133
s 130
f 2001/2397/4139 2002/2132/4138 2003/2127/4645 2004/2133/4646
s off
f 2005/2134/4647 2006/2130/4648 2007/2135/4649
s 131
f 2008/2138/4144 2009/2139/4153 2010/2565/4152 2011/2136/4145
s 133
f 2012/2568/4156 2013/2143/4161 2014/2441/4160 2015/2141/4157
f 2016/2147/4164 2017/2442/4163 2018/2144/4162 2019/2145/4165
s 131
f 2020/2620/4172 2021/2140/4155 2022/2148/4154 2023/2149/4173
f 2024/2153/4176 2025/2443/4147 2026/2137/4146 2027/2151/4177
s 133
f 2028/2571/4184 2029/2142/4159 2030/2154/4158 2031/2155/4185
s 131
f 2032/2159/4188 2033/2444/4179 2034/2152/4178 2035/2157/4189
s 133
f 2036/2574/4196 2037/2156/4187 2038/2160/4186 2039/2161/4197
s 131
f 2040/2165/4200 2041/2445/4191 2042/2158/4190 2043/2163/4201
s 133
f 2044/2577/4208 2045/2162/4199 2046/2166/4198 2047/2167/4209
s 131
f 2048/2171/4212 2049/2446/4203 2050/2164/4202 2051/2169/4213
s 133
f 2052/2580/4220 2053/2168/4211 2054/2172/4210 2055/2173/4221
s 131
f 2056/2177/4224 2057/2447/4215 2058/2170/4214 2059/2175/4225
s 133
f 2060/2583/4232 2061/2174/4223 2062/2178/4222 2063/2179/4233
s 131
f 2064/2183/4236 2065/2448/4227 2066/2176/4226 2067/2181/4237
s 133
f 2068/2586/4244 2069/2180/4235 2070/2184/4234 2071/2185/4245
s 131
f 2072/2189/4248 2073/2449/4239 2074/2182/4238 2075/2187/4249
s 133
f 2076/2589/4256 2077/2186/4247 2078/2190/4246 2079/2191/4257
s 131
f 2080/2195/4260 2081/2450/4251 2082/2188/4250 2083/2193/4261
s 133
f 2084/2592/4268 2085/2192/4259 2086/2196/4258 2087/2197/4269
s 131
f 2088/2201/4272 2089/2451/4263 2090/2194/4262 2091/2199/4273
s 133
f 2092/2595/4280 2093/2198/4271 2094/2202/4270 2095/2203/4281
s 131
f 2096/2207/4284 2097/2452/4275 2098/2200/4274 2099/2205/4285
s 133
f 2100/2598/4292 2101/2204/4283 2102/2208/4282 2103/2209/4293
s 131
f 2104/2213/4296 2105/2453/4287 2106/2206/4286 2107/2211/4297
s 133
f 2108/2601/4304 2109/2210/4295 2110/2214/4294 2111/2215/4305
s 131
f 2112/2219/4308 2113/2454/4299 2114/2212/4298 2115/2217/4309
s 133
f 2116/2604/4316 2117/2216/4307 2118/2220/4306 2119/2221/4317
s 131
f 2120/2225/4320 2121/2455/4311 2122/2218/4310 2123/2223/4321
s 133
f 2124/2607/4328 2125/2222/4319 2126/2226/4318 2127/2227/4329
s 131
f 2128/2231/4332 2129/2456/4323 2130/2224/4322 2131/2229/4333
s 133
f 2132/2610/4340 2133/2228/4331 2134/2232/4330 2135/2233/4341
s 131
f 2136/2237/4344 2137/2457/4335 2138/2230/4334 2139/2235/4345
s 133
f 2140/2613/4352 2141/2234/4343 2142/2238/4342 2143/2239/4353
s 131
f 2144/2243/4356 2145/2458/4347 2146/2236/4346 2147/2241/4357
s 133
f 2148/2616/4364 2149/2240/4355 2150/2244/4354 2151/2245/4365
s 131
f 2152/2249/4368 2153/2459/4359 2154/2242/4358 2155/2247/4369
s 133
f 2156/2619/4376 2157/2246/4367 2158/2250/4366 2159/2251/4377
s 131
f 2160/2253/4174 2161/2460/4371 2162/2248/4370 2163/2150/4175
s 133
f 2164/2146/4166 2165/2252/4379 2166/2255/4378 2167/2254/4167
s 152
f 2168/2258/4384 2169/2259/4393 2170/2625/4392 2171/2256/4385
s 154
f 2172/2628/4396 2173/2263/4401 2174/2499/4400 2175/2261/4397
f 2176/2267/4404 2177/2500/4403 2178/2264/4402 2179/2265/4405
s 152
f 2180/2631/4412 2181/2260/4395 2182/2268/4394 2183/2269/4413
f 2184/2273/4416 2185/2501/4387 2186/2257/4386 2187/2271/4417
s 154
f 2188/2680/4424 2189/2262/4399 2190/2274/4398 2191/2275/4425
f 2192/2279/4428 2193/2502/4407 2194/2266/4406 2195/2277/4429
s 152
f 2196/2634/4436 2197/2270/4415 2198/2280/4414 2199/2281/4437
s 154
f 2200/2285/4440 2201/2503/4431 2202/2278/4430 2203/2283/4441
s 152
f 2204/2637/4448 2205/2282/4439 2206/2286/4438 2207/2287/4449
s 154
f 2208/2291/4452 2209/2504/4443 2210/2284/4442 2211/2289/4453
s 152
f 2212/2640/4460 2213/2288/4451 2214/2292/4450 2215/2293/4461
s 154
f 2216/2297/4464 2217/2505/4455 2218/2290/4454 2219/2295/4465
s 152
f 2220/2643/4472 2221/2294/4463 2222/2298/4462 2223/2299/4473
s 154
f 2224/2303/4476 2225/2506/4467 2226/2296/4466 2227/2301/4477
s 152
f 2228/2646/4484 2229/2300/4475 2230/2304/4474 2231/2305/4485
s 154
f 2232/2309/4488 2233/2507/4479 2234/2302/4478 2235/2307/4489
s 152
f 2236/2649/4496 2237/2306/4487 2238/2310/4486 2239/2311/4497
s 154
f 2240/2315/4500 2241/2508/4491 2242/2308/4490 2243/2313/4501
s 152
f 2244/2652/4508 2245/2312/4499 2246/2316/4498 2247/2317/4509
s 154
f 2248/2321/4512 2249/2509/4503 2250/2314/4502 2251/2319/4513
s 152
f 2252/2655/4520 2253/2318/4511 2254/2322/4510 2255/2323/4521
s 154
f 2256/2327/4524 2257/2510/4515 2258/2320/4514 2259/2325/4525
s 152
f 2260/2658/4532 2261/2324/4523 2262/2328/4522 2263/2329/4533
s 154
f 2264/2333/4536 2265/2511/4527 2266/2326/4526 2267/2331/4537
s 152
f 2268/2661/4544 2269/2330/4535 2270/2334/4534 2271/2335/4545
s 154
f 2272/2339/4548 2273/2512/4539 2274/2332/4538 2275/2337/4549
s 152
f 2276/2664/4556 2277/2336/4547 2278/2340/4546 2279/2341/4557
s 154
f 2280/2345/4560 2281/2513/4551 2282/2338/4550 2283/2343/4561
s 152
f 2284/2667/4568 2285/2342/4559 2286/2346/4558 2287/2347/4569
s 154
f 2288/2351/4572 2289/2514/4563 2290/2344/4562 2291/2349/4573
s 152
f 2292/2670/4580 2293/2348/4571 2294/2352/4570 2295/2353/4581
s 154
f 2296/2357/4584 2297/2515/4575 2298/2350/4574 2299/2355/4585
s 152
f 2300/2673/4592 2301/2354/4583 2302/2358/4582 2303/2359/4593
s 154
f 2304/2363/4596 2305/2516/4587 2306/2356/4586 2307/2361/4597
s 152
f 2308/2676/4604 2309/2360/4595 2310/2364/4594 2311/2365/4605
s 154
f 2312/2369/4608 2313/2517/4599 2314/2362/4598 2315/2367/4609
s 152
f 2316/2679/4616 2317/2366/4607 2318/2370/4606 2319/2371/4617
s 154
f 2320/2373/4426 2321/2518/4611 2322/2368/4610 2323/2276/4427
s 152
f 2324/2272/4418 2325/2372/4619 2326/2375/4618 2327/2374/4419
g default
v 177.276566 -39.371811 -75.009995
v 177.440094 -39.113266 -75.062790
v 177.514008 -39.113529 -74.835403
v 177.350708 -39.371811 -74.781784
v 173.664627 -39.371811 -82.016235
v 173.803848 -39.113266 -82.116943
v 173.944443 -39.113529 -81.923538
v 173.805664 -39.371811 -81.822098
v 168.064377 -39.371811 -87.563416
v 168.165680 -39.113266 -87.702225
v 168.359131 -39.113529 -87.561691
v 168.258514 -39.371811 -87.422318
v 161.024078 -39.371811 -91.108459
v 161.077545 -39.113266 -91.271744
v 161.304962 -39.113529 -91.197906
v 161.252304 -39.371811 -91.034332
v 153.232864 -39.371811 -92.304443
v 153.233246 -39.113266 -92.476318
v 153.472351 -39.113529 -92.476318
v 153.472824 -39.371811 -92.304443
v 145.453415 -39.371811 -91.034332
v 145.400665 -39.113266 -91.197845
v 145.628067 -39.113529 -91.271744
v 145.681625 -39.371811 -91.108459
v 138.447205 -39.371811 -87.422318
v 138.346497 -39.113266 -87.561569
v 138.539932 -39.113529 -87.702103
v 138.641342 -39.371811 -87.563416
v 132.900055 -39.371811 -81.822098
v 132.761230 -39.113266 -81.923416
v 132.901779 -39.113529 -82.116867
v 133.041107 -39.371811 -82.016235
v 129.354965 -39.371811 -74.781784
v 129.191666 -39.113266 -74.835251
v 129.265518 -39.113529 -75.062668
v 129.429123 -39.371811 -75.009995
v 128.158966 -39.371811 -66.990616
v 127.987137 -39.113266 -66.990959
v 127.987106 -39.113529 -67.230042
v 128.158966 -39.371811 -67.230530
v 129.429123 -39.371811 -59.211109
v 129.265579 -39.113266 -59.158428
v 129.191681 -39.113529 -59.385750
v 129.354965 -39.371811 -59.439350
v 133.041107 -39.371811 -52.205013
v 132.901855 -39.113266 -52.104305
v 132.761292 -39.113529 -52.297733
v 132.900055 -39.371811 -52.399120
v 138.641342 -39.371811 -46.657742
v 138.540024 -39.113266 -46.518925
v 138.346588 -39.113529 -46.659531
v 138.447205 -39.371811 -46.798824
v 145.682480 -39.546593 -42.940739
v 145.637192 -39.172760 -42.947994
v 145.399551 -39.110603 -43.023914
v 145.410599 -39.371811 -43.204899
v 145.561935 -39.635796 -43.132614
v 153.472595 -39.557098 -41.744873
v 153.471115 -39.188808 -41.744633
v 153.233124 -39.186523 -41.744873
v 153.233124 -39.557098 -41.744873
v 161.143784 -39.635796 -43.132614
v 161.293335 -39.371811 -43.200542
v 161.301743 -39.121223 -43.021641
v 161.067581 -39.171310 -42.947803
v 161.023224 -39.546593 -42.940739
v 168.258514 -39.371811 -46.798824
v 168.359222 -39.113266 -46.659531
v 168.165787 -39.113529 -46.519024
v 168.064362 -39.371811 -46.657742
v 173.805618 -39.371811 -52.399120
v 173.944458 -39.113266 -52.297832
v 173.803909 -39.113529 -52.104454
v 173.664581 -39.371811 -52.205013
v 177.350708 -39.371811 -59.439350
v 177.514038 -39.113266 -59.385944
v 177.440170 -39.113529 -59.158478
v 177.276566 -39.371811 -59.211109
v 178.546722 -39.371811 -67.230530
v 178.718552 -39.113266 -67.230194
v 178.718582 -39.113529 -66.991104
v 178.546722 -39.371811 -66.990616
v 177.350708 -34.283115 -74.781784
v 177.514038 -34.541656 -74.835251
v 177.440170 -34.541397 -75.062668
v 177.276566 -34.283115 -75.009995
v 173.805664 -34.283115 -81.822098
v 173.944489 -34.541656 -81.923416
v 173.803955 -34.541397 -82.116867
v 173.664627 -34.283115 -82.016235
v 168.258514 -34.283115 -87.422318
v 168.359238 -34.541656 -87.561569
v 168.165802 -34.541397 -87.702103
v 168.064377 -34.283115 -87.563416
v 161.252304 -34.283115 -91.034332
v 161.305038 -34.541656 -91.197845
v 161.077667 -34.541397 -91.271744
v 161.024078 -34.283115 -91.108459
v 153.472824 -34.283115 -92.304443
v 153.472473 -34.541656 -92.476318
v 153.233368 -34.541397 -92.476318
v 153.232864 -34.283115 -92.304443
v 145.681625 -34.283115 -91.108459
v 145.628174 -34.541656 -91.271744
v 145.400757 -34.541397 -91.197906
v 145.453415 -34.283115 -91.034332
v 138.641342 -34.283115 -87.563416
v 138.540024 -34.541656 -87.702225
v 138.346588 -34.541397 -87.561691
v 138.447205 -34.283115 -87.422318
v 133.041107 -34.283115 -82.016235
v 132.901855 -34.541656 -82.116943
v 132.761292 -34.541397 -81.923538
v 132.900055 -34.283115 -81.822098
v 129.429123 -34.283115 -75.009995
v 129.265579 -34.541656 -75.062790
v 129.191681 -34.541397 -74.835403
v 129.354965 -34.283115 -74.781784
v 128.158966 -34.283115 -67.230530
v 127.987137 -34.541656 -67.230194
v 127.987106 -34.541397 -66.991104
v 128.158966 -34.283115 -66.990616
v 129.354965 -34.283115 -59.439350
v 129.191666 -34.541656 -59.385944
v 129.265518 -34.541397 -59.158478
v 129.429123 -34.283115 -59.211109
v 132.900055 -34.283115 -52.399120
v 132.761230 -34.541656 -52.297832
v 132.901779 -34.541397 -52.104454
v 133.041107 -34.283115 -52.205013
v 138.447205 -34.283115 -46.798824
v 138.346497 -34.541656 -46.659531
v 138.539932 -34.541397 -46.519024
v 138.641342 -34.283115 -46.657742
v 145.453415 -34.283115 -43.186886
v 145.400681 -34.541656 -43.023285
v 145.628067 -34.541397 -42.949402
v 145.681625 -34.283115 -43.112663
v 153.232864 -34.283115 -41.916706
v 153.233246 -34.541656 -41.744823
v 153.472351 -34.541397 -41.744823
v 153.472824 -34.283115 -41.916706
v 161.024063 -34.283115 -43.112663
v 161.077530 -34.541656 -42.949402
v 161.304932 -34.541397 -43.023235
v 161.252289 -34.283115 -43.186886
v 168.064362 -34.283115 -46.657742
v 168.165680 -34.541656 -46.518925
v 168.359131 -34.541397 -46.659531
v 168.258514 -34.283115 -46.798824
v 173.664581 -34.283115 -52.205013
v 173.803848 -34.541656 -52.104305
v 173.944412 -34.541397 -52.297733
v 173.805618 -34.283115 -52.399120
v 177.276566 -34.283115 -59.211109
v 177.440094 -34.541656 -59.158428
v 177.514008 -34.541397 -59.385750
v 177.350708 -34.283115 -59.439350
v 178.546722 -34.283115 -66.990616
v 178.718552 -34.541656 -66.990959
v 178.718582 -34.541397 -67.230042
v 178.546722 -34.283115 -67.230530
v 153.256119 -39.580883 -66.812881
v 152.901642 -39.371811 -66.281448
v 152.798920 -39.371811 -66.556656
v 152.670868 -39.371811 -66.763062
v 152.596878 -39.371811 -66.990860
v 152.596878 -39.371811 -67.230286
v 152.670868 -39.371811 -67.458084
v 152.811630 -39.371811 -67.651855
v 153.005371 -39.371811 -67.792557
v 153.233124 -39.371811 -67.866531
v 153.472595 -39.371811 -67.866531
v 153.700348 -39.371811 -67.792557
v 153.894073 -39.371811 -67.651855
v 154.034836 -39.371811 -67.458084
v 154.108841 -39.371811 -67.230286
v 154.108841 -39.371811 -66.990860
v 154.034851 -39.371811 -66.763062
v 153.919525 -39.371811 -66.543915
v 153.844666 -39.371811 -66.206940
v 153.449600 -39.580883 -66.812881
v 161.013382 -34.283115 -69.725571
v 160.850327 -34.541920 -69.672577
v 160.924332 -34.541920 -69.444870
v 161.087372 -34.283115 -69.497787
v 159.830399 -34.283115 -71.964813
v 159.691681 -34.541920 -71.864029
v 159.832443 -34.541920 -71.670258
v 159.971161 -34.283115 -71.771088
v 158.013336 -34.283115 -73.728867
v 157.912567 -34.541920 -73.590179
v 158.106293 -34.541920 -73.449402
v 158.207062 -34.283115 -73.588150
v 155.740036 -34.283115 -74.845154
v 155.687073 -34.541920 -74.682129
v 155.914810 -34.541920 -74.608109
v 155.967789 -34.283115 -74.771149
v 153.233124 -34.283115 -75.204239
v 153.233124 -34.541920 -75.032791
v 153.472595 -34.541920 -75.032791
v 153.472595 -34.283115 -75.204239
v 150.737900 -34.283115 -74.771149
v 150.790878 -34.541920 -74.608109
v 151.018616 -34.541920 -74.682129
v 150.965652 -34.283115 -74.845154
v 148.498642 -34.283115 -73.588150
v 148.599396 -34.541920 -73.449402
v 148.793137 -34.541920 -73.590179
v 148.692368 -34.283115 -73.728867
v 146.734543 -34.283115 -71.771088
v 146.873230 -34.541920 -71.670258
v 147.014008 -34.541920 -71.864029
v 146.875305 -34.283115 -71.964813
v 145.618286 -34.283115 -69.497787
v 145.781342 -34.541920 -69.444870
v 145.855362 -34.541920 -69.672577
v 145.692307 -34.283115 -69.725571
v 145.259171 -34.283115 -66.990860
v 145.430618 -34.541920 -66.990860
v 145.430618 -34.541920 -67.230286
v 145.259171 -34.283115 -67.230286
v 145.692307 -34.283115 -64.495773
v 145.855362 -34.541920 -64.548691
v 145.781326 -34.541920 -64.776443
v 145.618286 -34.283115 -64.723480
v 146.875305 -34.283115 -62.256416
v 147.014008 -34.541920 -62.357174
v 146.873230 -34.541920 -62.550892
v 146.734543 -34.283115 -62.450138
v 148.692368 -34.283115 -60.492279
v 148.793137 -34.541920 -60.631046
v 148.599396 -34.541920 -60.771748
v 148.498642 -34.283115 -60.633030
v 150.965652 -34.283115 -59.376118
v 151.018616 -34.541920 -59.539089
v 150.790878 -34.541920 -59.613163
v 150.737900 -34.283115 -59.450047
v 153.472595 -34.283115 -59.016956
v 153.472595 -34.541920 -59.188400
v 153.233124 -34.541920 -59.188400
v 153.233124 -34.283115 -59.016956
v 155.967789 -34.283115 -59.450047
v 155.914810 -34.541920 -59.613163
v 155.687073 -34.541920 -59.539089
v 155.740036 -34.283115 -59.376118
v 158.207062 -34.283115 -60.633030
v 158.106293 -34.541920 -60.771748
v 157.912567 -34.541920 -60.631046
v 158.013306 -34.283115 -60.492279
v 159.971161 -34.283115 -62.450138
v 159.832443 -34.541920 -62.550892
v 159.691681 -34.541920 -62.357174
v 159.830399 -34.283115 -62.256416
v 161.087372 -34.283115 -64.723480
v 160.924332 -34.541920 -64.776443
v 160.850327 -34.541920 -64.548691
v 161.013382 -34.283115 -64.495773
v 161.446533 -34.283115 -67.230286
v 161.275070 -34.541920 -67.230286
v 161.275070 -34.541920 -66.990860
v 161.446533 -34.283115 -66.990860
v 160.924301 -35.713120 -69.444992
v 160.850449 -35.713387 -69.672348
v 160.687057 -35.971664 -69.619705
v 160.761139 -35.971664 -69.391678
v 159.552750 -35.971664 -71.763229
v 159.693573 -35.971664 -71.569061
v 159.832397 -35.713120 -71.670380
v 159.691772 -35.713120 -71.863907
v 154.108841 -35.971664 -67.230286
v 154.034851 -35.971664 -67.458084
v 153.894073 -35.971664 -67.651855
v 153.700348 -35.971664 -67.792557
v 153.472595 -35.971664 -67.866531
v 153.233124 -35.971664 -67.866531
v 153.005371 -35.971664 -67.792557
v 152.811646 -35.971664 -67.651855
v 152.670853 -35.971664 -67.458084
v 152.596878 -35.971664 -67.230286
v 152.596832 -35.971664 -66.990860
v 152.670883 -35.971664 -66.763153
v 152.811646 -35.971664 -66.569336
v 153.005371 -35.971664 -66.428589
v 153.233124 -35.971664 -66.354561
v 153.472595 -35.971664 -66.354561
v 153.700348 -35.971664 -66.428589
v 153.894073 -35.971664 -66.569336
v 154.034836 -35.971664 -66.763153
v 154.108887 -35.971664 -66.990860
v 157.811584 -35.971664 -73.451447
v 158.005508 -35.971664 -73.310272
v 158.106216 -35.713120 -73.449524
v 157.912674 -35.713120 -73.590134
v 155.633926 -35.971664 -74.518890
v 155.861969 -35.971664 -74.444641
v 155.914719 -35.713120 -74.608170
v 155.687210 -35.713120 -74.682068
v 153.233017 -35.971664 -74.861160
v 153.472824 -35.971664 -74.860962
v 153.472473 -35.713120 -75.032837
v 153.233246 -35.713120 -75.032837
v 150.843796 -35.971664 -74.444824
v 151.071960 -35.971664 -74.518768
v 151.018494 -35.713120 -74.682068
v 150.790985 -35.713120 -74.608170
v 148.700195 -35.971664 -73.310516
v 148.894333 -35.971664 -73.451355
v 148.793015 -35.713120 -73.590134
v 148.599487 -35.713120 -73.449524
v 147.012024 -35.971664 -71.569305
v 147.153152 -35.971664 -71.763229
v 147.013931 -35.713120 -71.863907
v 146.873306 -35.713120 -71.670380
v 145.944534 -35.971664 -69.391678
v 146.018845 -35.971664 -69.619705
v 145.855286 -35.713120 -69.672455
v 145.781372 -35.713120 -69.444992
v 145.602249 -35.971664 -66.990723
v 145.602463 -35.971664 -67.230530
v 145.430618 -35.713120 -67.230194
v 145.430618 -35.713120 -66.990959
v 146.018616 -35.971664 -64.601608
v 145.944687 -35.971664 -64.829803
v 145.781372 -35.713120 -64.776352
v 145.855286 -35.713120 -64.548889
v 147.152954 -35.971664 -62.457932
v 147.012100 -35.971664 -62.652084
v 146.873306 -35.713120 -62.550797
v 147.013931 -35.713120 -62.357273
v 148.894104 -35.971664 -60.769764
v 148.700195 -35.971664 -60.910946
v 148.599487 -35.713120 -60.771694
v 148.793015 -35.713120 -60.631092
v 151.071777 -35.971664 -59.702301
v 150.843735 -35.971664 -59.776623
v 150.790985 -35.713120 -59.613071
v 151.018494 -35.713120 -59.539135
v 153.472687 -35.971664 -59.360043
v 153.232864 -35.971664 -59.360233
v 153.233246 -35.713120 -59.188351
v 153.472473 -35.713120 -59.188351
v 155.861908 -35.971664 -59.776382
v 155.633759 -35.971664 -59.702496
v 155.687210 -35.713120 -59.539135
v 155.914719 -35.713120 -59.613071
v 158.005508 -35.971664 -60.910656
v 157.811356 -35.971664 -60.769905
v 157.912674 -35.713120 -60.631092
v 158.106216 -35.713120 -60.771694
v 159.693665 -35.971664 -62.651890
v 159.552536 -35.971664 -62.457981
v 159.691772 -35.713120 -62.357273
v 159.832397 -35.713120 -62.550797
v 160.761139 -35.971664 -64.829651
v 160.686844 -35.971664 -64.601562
v 160.850403 -35.713120 -64.548889
v 160.924301 -35.713120 -64.776352
v 161.103455 -35.971664 -67.230438
v 161.103241 -35.971664 -66.990616
v 161.275070 -35.713120 -66.990959
v 161.275070 -35.713120 -67.230194
v 172.115585 -34.541397 -73.332596
v 171.952194 -34.283115 -73.279968
v 172.026138 -34.283115 -73.051773
v 172.189453 -34.541397 -73.105377
v 173.119949 -34.541397 -67.230042
v 172.948288 -34.283115 -67.230438
v 172.948074 -34.283115 -66.990616
v 173.119949 -34.541397 -66.991104
v 173.083649 -34.541920 -73.395660
v 173.246689 -34.283115 -73.448608
v 173.172699 -34.283115 -73.676361
v 173.009644 -34.541920 -73.623444
v 174.060089 -34.541920 -66.990860
v 174.231552 -34.283115 -66.990860
v 174.231552 -34.283115 -67.230286
v 174.060089 -34.541920 -67.230286
v 170.175781 -34.541920 -79.185120
v 170.314484 -34.283115 -79.285934
v 170.173706 -34.283115 -79.479645
v 170.035004 -34.541920 -79.378891
v 169.274506 -34.541397 -78.826157
v 169.135422 -34.283115 -78.725525
v 169.276230 -34.283115 -78.531372
v 169.414993 -34.541397 -78.632797
v 165.621124 -34.541920 -83.792740
v 165.721924 -34.283115 -83.931473
v 165.528183 -34.283115 -84.072205
v 165.427399 -34.541920 -83.933517
v 164.875000 -34.541397 -83.172806
v 164.773819 -34.283115 -83.034103
v 164.967728 -34.283115 -82.893021
v 165.068359 -34.541397 -83.032318
v 159.865616 -34.541920 -86.767471
v 159.918579 -34.283115 -86.930496
v 159.690826 -34.283115 -87.004532
v 159.637863 -34.541920 -86.841431
v 159.347580 -34.541397 -85.947189
v 159.294189 -34.283115 -85.784027
v 159.522232 -34.283115 -85.709747
v 159.574875 -34.541397 -85.873352
v 153.472595 -34.541920 -87.817871
v 153.472595 -34.283115 -87.989319
v 153.233124 -34.283115 -87.989319
v 153.233124 -34.541920 -87.817871
v 153.233368 -34.541397 -86.877701
v 153.233017 -34.283115 -86.706055
v 153.472824 -34.283115 -86.705826
v 153.472351 -34.541397 -86.877701
v 147.067825 -34.541920 -86.841431
v 147.014832 -34.283115 -87.004532
v 146.787094 -34.283115 -86.930496
v 146.840073 -34.541920 -86.767471
v 147.130814 -34.541397 -85.873352
v 147.183533 -34.283115 -85.709946
v 147.411682 -34.283115 -85.783905
v 147.358124 -34.541397 -85.947189
v 141.278275 -34.541920 -83.933517
v 141.177505 -34.283115 -84.072205
v 140.983749 -34.283115 -83.931473
v 141.084534 -34.541920 -83.792740
v 141.637360 -34.541397 -83.032318
v 141.737991 -34.283115 -82.893219
v 141.932129 -34.283115 -83.034042
v 141.830719 -34.541397 -83.172806
v 136.670670 -34.541920 -79.378891
v 136.531952 -34.283115 -79.479645
v 136.391220 -34.283115 -79.285934
v 136.529922 -34.541920 -79.185120
v 137.290665 -34.541397 -78.632797
v 137.429337 -34.283115 -78.531555
v 137.570465 -34.283115 -78.725525
v 137.431152 -34.541397 -78.826157
v 133.696045 -34.541920 -73.623444
v 133.532974 -34.283115 -73.676361
v 133.458984 -34.283115 -73.448608
v 133.622040 -34.541920 -73.395660
v 134.516251 -34.541397 -73.105377
v 134.679428 -34.283115 -73.051941
v 134.753708 -34.283115 -73.279968
v 134.590118 -34.541397 -73.332596
v 132.645508 -34.541920 -67.230286
v 132.474091 -34.283115 -67.230286
v 132.474091 -34.283115 -66.990860
v 132.645508 -34.541920 -66.990860
v 133.585709 -34.541397 -66.991104
v 133.757385 -34.283115 -66.990723
v 133.757553 -34.283115 -67.230530
v 133.585709 -34.541397 -67.230042
v 133.622040 -34.541920 -60.825584
v 133.458984 -34.283115 -60.772617
v 133.532990 -34.283115 -60.544910
v 133.696030 -34.541920 -60.597832
v 134.590118 -34.541397 -60.888626
v 134.753510 -34.283115 -60.941303
v 134.679565 -34.283115 -61.169445
v 134.516251 -34.541397 -61.115898
v 136.529922 -34.541920 -55.036030
v 136.391220 -34.283115 -54.935268
v 136.531952 -34.283115 -54.741505
v 136.670670 -34.541920 -54.842262
v 137.431152 -34.541397 -55.395187
v 137.570251 -34.283115 -55.495754
v 137.429428 -34.283115 -55.689907
v 137.290665 -34.541397 -55.588470
v 141.084564 -34.541920 -50.428387
v 140.983795 -34.283115 -50.289722
v 141.177536 -34.283115 -50.148922
v 141.278290 -34.541920 -50.287640
v 141.830704 -34.541397 -51.048470
v 141.931885 -34.283115 -51.187138
v 141.737991 -34.283115 -51.328323
v 141.637360 -34.541397 -51.188931
v 146.840073 -34.541920 -47.453865
v 146.787094 -34.283115 -47.290794
v 147.014832 -34.283115 -47.216812
v 147.067825 -34.541920 -47.379833
v 147.358124 -34.541397 -48.274151
v 147.411514 -34.283115 -48.437366
v 147.183472 -34.283115 -48.511639
v 147.130814 -34.541397 -48.347988
v 153.233124 -34.541920 -46.403355
v 153.233124 -34.283115 -46.231861
v 153.472595 -34.283115 -46.231861
v 153.472595 -34.541920 -46.403355
v 153.472351 -34.541397 -47.343571
v 153.472687 -34.283115 -47.515259
v 153.232864 -34.283115 -47.515453
v 153.233368 -34.541397 -47.343571
v 159.637863 -34.541920 -47.379833
v 159.690826 -34.283115 -47.216812
v 159.918579 -34.283115 -47.290794
v 159.865616 -34.541920 -47.453865
v 159.574860 -34.541397 -48.347988
v 159.522141 -34.283115 -48.511448
v 159.293991 -34.283115 -48.437466
v 159.347580 -34.541397 -48.274151
v 165.427399 -34.541920 -50.287640
v 165.528183 -34.283115 -50.148922
v 165.721924 -34.283115 -50.289722
v 165.621124 -34.541920 -50.428387
v 165.068359 -34.541397 -51.188931
v 164.967728 -34.283115 -51.328030
v 164.773590 -34.283115 -51.187283
v 164.875000 -34.541397 -51.048470
v 170.035004 -34.541920 -54.842262
v 170.173706 -34.283115 -54.741505
v 170.314484 -34.283115 -54.935268
v 170.175781 -34.541920 -55.036030
v 169.414993 -34.541397 -55.588470
v 169.276306 -34.283115 -55.689663
v 169.135193 -34.283115 -55.495800
v 169.274506 -34.541397 -55.395187
v 173.009644 -34.541920 -60.597832
v 173.172699 -34.283115 -60.544910
v 173.246689 -34.283115 -60.772617
v 173.083649 -34.541920 -60.825584
v 172.189407 -34.541397 -61.115898
v 172.026245 -34.283115 -61.169201
v 171.951965 -34.283115 -60.941257
v 172.115555 -34.541397 -60.888626
v 168.567490 -34.541920 -71.928223
v 168.730545 -34.283115 -71.981216
v 168.656525 -34.283115 -72.208923
v 168.493484 -34.541920 -72.155991
v 166.334122 -34.541920 -76.393997
v 166.472809 -34.283115 -76.494827
v 166.332047 -34.283115 -76.688553
v 166.193359 -34.541920 -76.587799
v 167.688797 -34.541397 -71.894287
v 167.525436 -34.283115 -71.841599
v 167.599335 -34.283115 -71.613388
v 167.762650 -34.541397 -71.667007
v 165.508957 -34.541397 -76.090256
v 165.369843 -34.283115 -75.989624
v 165.510681 -34.283115 -75.795471
v 165.649429 -34.541397 -75.896912
v 168.465393 -34.541397 -67.230042
v 168.293716 -34.283115 -67.230438
v 168.293549 -34.283115 -66.990616
v 168.465393 -34.541397 -66.991104
v 169.311584 -34.541920 -66.990860
v 169.483032 -34.283115 -66.990860
v 169.483032 -34.283115 -67.230286
v 169.311584 -34.541920 -67.230286
v 162.829971 -34.541920 -79.951065
v 162.930756 -34.283115 -80.089798
v 162.737030 -34.283115 -80.230530
v 162.636246 -34.541920 -80.091827
v 162.139130 -34.541397 -79.407166
v 162.037918 -34.283115 -79.268539
v 162.231842 -34.283115 -79.127380
v 162.332474 -34.541397 -79.266708
v 158.398239 -34.541920 -82.251312
v 158.451202 -34.283115 -82.414368
v 158.223434 -34.283115 -82.488373
v 158.170502 -34.541920 -82.325348
v 157.909241 -34.541397 -81.520493
v 157.855850 -34.283115 -81.357315
v 158.083878 -34.283115 -81.283066
v 158.136536 -34.541397 -81.446640
v 153.472595 -34.541920 -83.069397
v 153.472595 -34.283115 -83.240799
v 153.233124 -34.283115 -83.240799
v 153.233124 -34.541920 -83.069397
v 153.233368 -34.541397 -82.223175
v 153.233017 -34.283115 -82.051529
v 153.472824 -34.283115 -82.051285
v 153.472351 -34.541397 -82.223175
v 148.535187 -34.541920 -82.325348
v 148.482208 -34.283115 -82.488373
v 148.254456 -34.283115 -82.414368
v 148.307449 -34.541920 -82.251312
v 148.569153 -34.541397 -81.446640
v 148.621857 -34.283115 -81.283264
v 148.850006 -34.283115 -81.357208
v 148.796448 -34.541397 -81.520493
v 144.069412 -34.541920 -80.091827
v 143.968643 -34.283115 -80.230530
v 143.774887 -34.283115 -80.089798
v 143.875671 -34.541920 -79.951065
v 144.373230 -34.541397 -79.266708
v 144.473831 -34.283115 -79.127625
v 144.667984 -34.283115 -79.268417
v 144.566559 -34.541397 -79.407166
v 140.512314 -34.541920 -76.587799
v 140.373627 -34.283115 -76.688553
v 140.232895 -34.283115 -76.494827
v 140.371582 -34.541920 -76.393997
v 141.056274 -34.541397 -75.896912
v 141.194946 -34.283115 -75.795670
v 141.336060 -34.283115 -75.989624
v 141.196732 -34.541397 -76.090256
v 138.212189 -34.541920 -72.155991
v 138.049149 -34.283115 -72.208923
v 137.975143 -34.283115 -71.981216
v 138.138199 -34.541920 -71.928223
v 138.942993 -34.541397 -71.667007
v 139.106140 -34.283115 -71.613586
v 139.180450 -34.283115 -71.841599
v 139.016846 -34.541397 -71.894287
v 137.394119 -34.541920 -67.230286
v 137.222672 -34.283115 -67.230286
v 137.222672 -34.283115 -66.990860
v 137.394119 -34.541920 -66.990860
v 138.240280 -34.541397 -66.991104
v 138.411942 -34.283115 -66.990723
v 138.412125 -34.283115 -67.230530
v 138.240280 -34.541397 -67.230042
v 138.138199 -34.541920 -62.292973
v 137.975143 -34.283115 -62.240002
v 138.049149 -34.283115 -62.012295
v 138.212189 -34.541920 -62.065220
v 139.016846 -34.541397 -62.326862
v 139.180222 -34.283115 -62.379589
v 139.106277 -34.283115 -62.607735
v 138.942993 -34.541397 -62.554134
v 140.371582 -34.541920 -57.827145
v 140.232880 -34.283115 -57.726437
v 140.373627 -34.283115 -57.532673
v 140.512314 -34.541920 -57.633427
v 141.196732 -34.541397 -58.130966
v 141.335831 -34.283115 -58.231525
v 141.195023 -34.283115 -58.425678
v 141.056274 -34.541397 -58.324245
v 143.875671 -34.541920 -54.270065
v 143.774887 -34.283115 -54.131351
v 143.968643 -34.283115 -53.990601
v 144.069412 -34.541920 -54.129314
v 144.566559 -34.541397 -54.814037
v 144.667740 -34.283115 -54.952702
v 144.473831 -34.283115 -55.093884
v 144.373199 -34.541397 -54.954494
v 148.307449 -34.541920 -51.970097
v 148.254456 -34.283115 -51.807026
v 148.482208 -34.283115 -51.733044
v 148.535187 -34.541920 -51.896114
v 148.796432 -34.541397 -52.700760
v 148.849823 -34.283115 -52.863926
v 148.621796 -34.283115 -52.938198
v 148.569138 -34.541397 -52.774601
v 153.233124 -34.541920 -51.151985
v 153.233124 -34.283115 -50.980541
v 153.472595 -34.283115 -50.980541
v 153.472595 -34.541920 -51.151985
v 153.472351 -34.541397 -51.998081
v 153.472687 -34.283115 -52.169815
v 153.232864 -34.283115 -52.169964
v 153.233368 -34.541397 -51.998081
v 158.170502 -34.541920 -51.896114
v 158.223434 -34.283115 -51.733044
v 158.451202 -34.283115 -51.807026
v 158.398239 -34.541920 -51.970097
v 158.136536 -34.541397 -52.774601
v 158.083832 -34.283115 -52.938007
v 157.855667 -34.283115 -52.864120
v 157.909241 -34.541397 -52.700760
v 162.636230 -34.541920 -54.129314
v 162.737030 -34.283115 -53.990601
v 162.930756 -34.283115 -54.131351
v 162.829971 -34.541920 -54.270065
v 162.332474 -34.541397 -54.954494
v 162.231842 -34.283115 -55.093643
v 162.037720 -34.283115 -54.952801
v 162.139130 -34.541397 -54.814037
v 166.193329 -34.541920 -57.633427
v 166.332047 -34.283115 -57.532673
v 166.472809 -34.283115 -57.726437
v 166.334106 -34.541920 -57.827145
v 165.649429 -34.541397 -58.324245
v 165.510742 -34.283115 -58.425488
v 165.369629 -34.283115 -58.231575
v 165.508942 -34.541397 -58.130966
v 168.493484 -34.541920 -62.065220
v 168.656525 -34.283115 -62.012295
v 168.730545 -34.283115 -62.240002
v 168.567490 -34.541920 -62.292973
v 167.762650 -34.541397 -62.554134
v 167.599503 -34.283115 -62.607540
v 167.525223 -34.283115 -62.379494
v 167.688797 -34.541397 -62.326862
v 145.730881 -40.427849 -43.104580
v 145.675812 -40.169037 -42.941849
v 145.560898 -40.169037 -43.129417
v 153.472473 -40.169304 -41.744823
v 153.233368 -40.169563 -41.744823
v 153.233017 -40.427849 -41.916515
v 153.472687 -40.427849 -41.916515
v 153.480774 -40.427849 -66.131546
v 153.216782 -40.427849 -66.068893
v 153.244629 -40.193909 -66.777534
v 153.461075 -40.193909 -66.777534
v 161.144821 -40.169037 -43.129417
v 161.015060 -40.146065 -42.939480
v 160.974838 -40.427849 -43.104580
v 172.846390 -35.339149 -73.570450
v 172.920319 -35.339149 -73.342300
v 173.083618 -35.080605 -73.395782
v 173.009705 -35.080605 -73.623322
v 172.115463 -35.080345 -73.332840
v 172.189468 -35.080345 -73.105133
v 172.352524 -35.339149 -73.158051
v 172.278519 -35.339149 -73.385834
v 173.291367 -35.339149 -66.990860
v 173.291367 -35.339149 -67.230286
v 173.119904 -35.080345 -67.230286
v 173.119904 -35.080345 -66.990860
v 174.060089 -35.080605 -66.990959
v 174.060135 -35.080864 -67.230042
v 173.888474 -35.339149 -67.230438
v 173.888474 -35.339149 -66.990723
v 169.896088 -35.339149 -79.278122
v 170.036880 -35.339149 -79.083984
v 170.175720 -35.080605 -79.185242
v 170.035110 -35.080605 -79.378769
v 169.274353 -35.080345 -78.826324
v 169.415100 -35.080345 -78.632553
v 169.553787 -35.339149 -78.733307
v 169.413055 -35.339149 -78.927109
v 165.326416 -35.339149 -83.794769
v 165.520340 -35.339149 -83.653610
v 165.621063 -35.080605 -83.792862
v 165.427505 -35.080605 -83.933456
v 164.874802 -35.080345 -83.172882
v 165.068542 -35.080345 -83.032150
v 165.169296 -35.339149 -83.170837
v 164.975540 -35.339149 -83.311569
v 159.584717 -35.339149 -86.678268
v 159.812759 -35.339149 -86.603943
v 159.865509 -35.080605 -86.767471
v 159.637985 -35.080605 -86.841415
v 159.347336 -35.080345 -85.947235
v 159.575089 -35.080345 -85.873230
v 159.628082 -35.339149 -86.036331
v 159.400330 -35.339149 -86.110291
v 153.233017 -35.339149 -87.646286
v 153.472824 -35.339149 -87.646042
v 153.472473 -35.080605 -87.817917
v 153.233246 -35.080605 -87.817917
v 153.233124 -35.080345 -86.877701
v 153.472595 -35.080345 -86.877701
v 153.472595 -35.339149 -87.049103
v 153.233124 -35.339149 -87.049103
v 146.892975 -35.339149 -86.604187
v 147.121140 -35.339149 -86.678146
v 147.067688 -35.080605 -86.841415
v 146.840179 -35.080605 -86.767471
v 147.130615 -35.080345 -85.873230
v 147.358353 -35.080345 -85.947235
v 147.305389 -35.339149 -86.110291
v 147.077637 -35.339149 -86.036331
v 141.185318 -35.339149 -83.653854
v 141.379456 -35.339149 -83.794647
v 141.278137 -35.080605 -83.933456
v 141.084625 -35.080605 -83.792862
v 141.637177 -35.080345 -83.032150
v 141.830933 -35.080345 -83.172882
v 141.730148 -35.339149 -83.311569
v 141.536407 -35.339149 -83.170837
v 136.668686 -35.339149 -79.084167
v 136.809845 -35.339149 -79.278122
v 136.670593 -35.080605 -79.378769
v 136.529968 -35.080605 -79.185242
v 137.290558 -35.080345 -78.632553
v 137.431320 -35.080345 -78.826324
v 137.292618 -35.339149 -78.927109
v 137.151871 -35.339149 -78.733307
v 133.785233 -35.339149 -73.342499
v 133.859528 -35.339149 -73.570572
v 133.695969 -35.080605 -73.623322
v 133.622055 -35.080605 -73.395782
v 134.516235 -35.080345 -73.105133
v 134.590225 -35.080345 -73.332840
v 134.427170 -35.339149 -73.385834
v 134.353180 -35.339149 -73.158051
v 132.817169 -35.339149 -66.990723
v 132.817352 -35.339149 -67.230530
v 132.645508 -35.080605 -67.230194
v 132.645508 -35.080605 -66.990959
v 133.585739 -35.080345 -66.990860
v 133.585739 -35.080345 -67.230286
v 133.414291 -35.339149 -67.230286
v 133.414291 -35.339149 -66.990860
v 133.859314 -35.339149 -60.650753
v 133.785370 -35.339149 -60.878895
v 133.622055 -35.080605 -60.825489
v 133.695969 -35.080605 -60.598026
v 134.590225 -35.080345 -60.888386
v 134.516235 -35.080345 -61.116089
v 134.353180 -35.339149 -61.063122
v 134.427170 -35.339149 -60.835365
v 136.809601 -35.339149 -54.943066
v 136.668777 -35.339149 -55.137222
v 136.529968 -35.080605 -55.035976
v 136.670593 -35.080605 -54.842457
v 137.431320 -35.080345 -55.394997
v 137.290558 -35.080345 -55.588711
v 137.151871 -35.339149 -55.487957
v 137.292633 -35.339149 -55.294239
v 141.379272 -35.339149 -50.426449
v 141.185349 -35.339149 -50.567539
v 141.084641 -35.080605 -50.428288
v 141.278183 -35.080605 -50.287640
v 141.830917 -35.080345 -51.048420
v 141.637177 -35.080345 -51.189121
v 141.536407 -35.339149 -51.050407
v 141.730148 -35.339149 -50.909657
v 147.120972 -35.339149 -47.543049
v 146.892929 -35.339149 -47.617321
v 146.840179 -35.080605 -47.453865
v 147.067688 -35.080605 -47.379883
v 147.358353 -35.080345 -48.274151
v 147.130615 -35.080345 -48.348133
v 147.077637 -35.339149 -48.185066
v 147.305389 -35.339149 -48.111084
v 153.472687 -35.339149 -46.574993
v 153.232864 -35.339149 -46.575188
v 153.233246 -35.080605 -46.403255
v 153.472473 -35.080605 -46.403255
v 153.472595 -35.080345 -47.343616
v 153.233124 -35.080345 -47.343616
v 153.233124 -35.339149 -47.172173
v 153.472595 -35.339149 -47.172173
v 159.812698 -35.339149 -47.617130
v 159.584534 -35.339149 -47.543194
v 159.637985 -35.080605 -47.379883
v 159.865509 -35.080605 -47.453865
v 159.575073 -35.080345 -48.348133
v 159.347321 -35.080345 -48.274151
v 159.400284 -35.339149 -48.111084
v 159.628036 -35.339149 -48.185066
v 165.520370 -35.339149 -50.567295
v 165.326233 -35.339149 -50.426449
v 165.427505 -35.080605 -50.287640
v 165.621063 -35.080605 -50.428288
v 165.068542 -35.080345 -51.189121
v 164.874802 -35.080345 -51.048420
v 164.975540 -35.339149 -50.909657
v 165.169281 -35.339149 -51.050407
v 170.037003 -35.339149 -55.137028
v 169.895859 -35.339149 -54.943119
v 170.035110 -35.080605 -54.842457
v 170.175720 -35.080605 -55.035976
v 169.415100 -35.080345 -55.588711
v 169.274353 -35.080345 -55.394997
v 169.413040 -35.339149 -55.294239
v 169.553787 -35.339149 -55.487957
v 172.920456 -35.339149 -60.878750
v 172.846161 -35.339149 -60.650703
v 173.009705 -35.080605 -60.598026
v 173.083618 -35.080605 -60.825489
v 172.189468 -35.080345 -61.116089
v 172.115463 -35.080345 -60.888386
v 172.278519 -35.339149 -60.835365
v 172.352493 -35.339149 -61.063122
v 167.925735 -35.339149 -71.719696
v 167.851746 -35.339149 -71.947449
v 167.688690 -35.080345 -71.894531
v 167.762695 -35.080345 -71.666748
v 168.567459 -35.080605 -71.928345
v 168.493591 -35.080864 -72.155731
v 168.330185 -35.339149 -72.103058
v 168.404266 -35.339149 -71.875107
v 166.054413 -35.339149 -76.486969
v 166.195251 -35.339149 -76.292816
v 166.334061 -35.080605 -76.394119
v 166.193451 -35.080605 -76.587646
v 165.508774 -35.080345 -76.090424
v 165.649551 -35.080345 -75.896652
v 165.788254 -35.339149 -75.997421
v 165.647491 -35.339149 -76.191208
v 168.636810 -35.339149 -66.990860
v 168.636810 -35.339149 -67.230286
v 168.465347 -35.080345 -67.230286
v 168.465347 -35.080345 -66.990860
v 169.311584 -35.080605 -66.990959
v 169.311615 -35.080864 -67.230042
v 169.139954 -35.339149 -67.230438
v 169.139954 -35.339149 -66.990723
v 162.535248 -35.339149 -79.953064
v 162.729172 -35.339149 -79.811935
v 162.829910 -35.080605 -79.951187
v 162.636353 -35.080605 -80.091827
v 162.138901 -35.080345 -79.407288
v 162.332626 -35.080345 -79.266510
v 162.433380 -35.339149 -79.405258
v 162.239655 -35.339149 -79.545975
v 158.117355 -35.339149 -82.162109
v 158.345367 -35.339149 -82.087860
v 158.398117 -35.080605 -82.251404
v 158.170609 -35.080605 -82.325272
v 157.909012 -35.080345 -81.520554
v 158.136734 -35.080345 -81.446533
v 158.189713 -35.339149 -81.609573
v 157.961960 -35.339149 -81.683578
v 153.233017 -35.339149 -82.897736
v 153.472824 -35.339149 -82.897568
v 153.472473 -35.080605 -83.069397
v 153.233246 -35.080605 -83.069397
v 153.233124 -35.080345 -82.223114
v 153.472595 -35.080345 -82.223114
v 153.472595 -35.339149 -82.394562
v 153.233124 -35.339149 -82.394562
v 148.360367 -35.339149 -82.088028
v 148.588516 -35.339149 -82.161987
v 148.535080 -35.080605 -82.325272
v 148.307556 -35.080605 -82.251404
v 148.568939 -35.080345 -81.446533
v 148.796677 -35.080345 -81.520554
v 148.743698 -35.339149 -81.683578
v 148.515945 -35.339149 -81.609573
v 143.976456 -35.339149 -79.812180
v 144.170593 -35.339149 -79.953018
v 144.069275 -35.080605 -80.091827
v 143.875763 -35.080605 -79.951187
v 144.373062 -35.080345 -79.266510
v 144.566788 -35.080345 -79.407288
v 144.466019 -35.339149 -79.545975
v 144.272278 -35.339149 -79.405258
v 140.510361 -35.339149 -76.293045
v 140.651505 -35.339149 -76.486969
v 140.512253 -35.080605 -76.587646
v 140.371643 -35.080605 -76.394119
v 141.056152 -35.080345 -75.896652
v 141.196899 -35.080345 -76.090424
v 141.058212 -35.339149 -76.191208
v 140.917450 -35.339149 -75.997482
v 138.301392 -35.339149 -71.875107
v 138.375687 -35.339149 -72.103119
v 138.212143 -35.080605 -72.155853
v 138.138214 -35.080605 -71.928345
v 138.942963 -35.080345 -71.666748
v 139.016968 -35.080345 -71.894531
v 138.853912 -35.339149 -71.947525
v 138.779907 -35.339149 -71.719696
v 137.565750 -35.339149 -66.990723
v 137.565948 -35.339149 -67.230530
v 137.394119 -35.080605 -67.230194
v 137.394119 -35.080605 -66.990959
v 138.240311 -35.080345 -66.990860
v 138.240311 -35.080345 -67.230286
v 138.068863 -35.339149 -67.230286
v 138.068863 -35.339149 -66.990860
v 138.375488 -35.339149 -62.118137
v 138.301544 -35.339149 -62.346279
v 138.138214 -35.080605 -62.292873
v 138.212143 -35.080605 -62.065411
v 139.016968 -35.080345 -62.326622
v 138.942963 -35.080345 -62.554379
v 138.779907 -35.339149 -62.501461
v 138.853897 -35.339149 -62.273750
v 140.651276 -35.339149 -57.734188
v 140.510437 -35.339149 -57.928341
v 140.371643 -35.080605 -57.827045
v 140.512253 -35.080605 -57.633526
v 141.196899 -35.080345 -58.130772
v 141.056152 -35.080345 -58.324490
v 140.917450 -35.339149 -58.223732
v 141.058212 -35.339149 -58.030018
v 144.170380 -35.339149 -54.268127
v 143.976471 -35.339149 -54.409218
v 143.875763 -35.080605 -54.269917
v 144.069290 -35.080605 -54.129314
v 144.566757 -35.080345 -54.813988
v 144.373032 -35.080345 -54.954689
v 144.272247 -35.339149 -54.816021
v 144.466003 -35.339149 -54.675220
v 148.588333 -35.339149 -52.059326
v 148.360321 -35.339149 -52.133598
v 148.307526 -35.080605 -51.970047
v 148.535080 -35.080605 -51.896114
v 148.796677 -35.080345 -52.700710
v 148.568909 -35.080345 -52.774742
v 148.515915 -35.339149 -52.611671
v 148.743668 -35.339149 -52.537739
v 153.472687 -35.339149 -51.323627
v 153.232864 -35.339149 -51.323818
v 153.233246 -35.080605 -51.151936
v 153.472473 -35.080605 -51.151936
v 153.472595 -35.080345 -51.998127
v 153.233124 -35.080345 -51.998127
v 153.233124 -35.339149 -51.826679
v 153.472595 -35.339149 -51.826679
v 158.345306 -35.339149 -52.133358
v 158.117142 -35.339149 -52.059425
v 158.170609 -35.080605 -51.896114
v 158.398132 -35.080605 -51.970047
v 158.136734 -35.080345 -52.774742
v 157.909012 -35.080345 -52.700710
v 157.961960 -35.339149 -52.537739
v 158.189713 -35.339149 -52.611671
v 162.729218 -35.339149 -54.408978
v 162.535080 -35.339149 -54.268127
v 162.636353 -35.080605 -54.129314
v 162.829910 -35.080605 -54.269917
v 162.332642 -35.080345 -54.954689
v 162.138901 -35.080345 -54.813988
v 162.239655 -35.339149 -54.675175
v 162.433380 -35.339149 -54.816021
v 166.195328 -35.339149 -57.928143
v 166.054184 -35.339149 -57.734234
v 166.193436 -35.080605 -57.633526
v 166.334045 -35.080605 -57.827045
v 165.649536 -35.080345 -58.324490
v 165.508759 -35.080345 -58.130772
v 165.647461 -35.339149 -58.030018
v 165.788254 -35.339149 -58.223732
v 168.404266 -35.339149 -62.346184
v 168.329987 -35.339149 -62.118092
v 168.493546 -35.080605 -62.065411
v 168.567459 -35.080605 -62.292873
v 167.762695 -35.080345 -62.554379
v 167.688690 -35.080345 -62.326622
v 167.851761 -35.339149 -62.273750
v 167.925735 -35.339149 -62.501461
vt 0.227104 0.465453
vt 0.245054 0.818317
vt 0.245669 0.818313
vt 0.256123 0.818801
vt 0.243107 0.461320
vt 0.243728 0.461316
vt 0.243200 0.478500
vt 0.212847 0.455153
vt 0.213323 0.455397
vt 0.187994 0.505128
vt 0.244957 0.800420
vt 0.245571 0.800417
vt 0.196156 0.449664
vt 0.196684 0.449753
vt 0.187479 0.504899
vt 0.244860 0.782518
vt 0.245474 0.782515
vt 0.178596 0.449473
vt 0.179126 0.449399
vt 0.186916 0.504826
vt 0.244762 0.764614
vt 0.245377 0.764611
vt 0.161797 0.454584
vt 0.162280 0.454355
vt 0.186352 0.504917
vt 0.244665 0.746712
vt 0.245280 0.746709
vt 0.147326 0.464531
vt 0.147716 0.464165
vt 0.185837 0.505165
vt 0.244568 0.728810
vt 0.245182 0.728807
vt 0.136530 0.478383
vt 0.136793 0.477917
vt 0.185413 0.505548
vt 0.244470 0.710906
vt 0.245085 0.710903
vt 0.130421 0.494858
vt 0.130531 0.494334
vt 0.185117 0.506032
vt 0.244373 0.693003
vt 0.244988 0.693000
vt 0.129589 0.512430
vt 0.129537 0.511896
vt 0.184972 0.506576
vt 0.244276 0.675099
vt 0.244890 0.675096
vt 0.134154 0.529457
vt 0.133942 0.528963
vt 0.184989 0.507133
vt 0.244179 0.657197
vt 0.244793 0.657194
vt 0.143747 0.544318
vt 0.143393 0.543910
vt 0.185164 0.507655
vt 0.244081 0.639295
vt 0.244696 0.639292
vt 0.157523 0.555541
vt 0.157059 0.555260
vt 0.185478 0.508096
vt 0.243984 0.621393
vt 0.244598 0.621390
vt 0.174213 0.561953
vt 0.173681 0.561830
vt 0.185887 0.508457
vt 0.243887 0.603493
vt 0.244501 0.603490
vt 0.193206 0.563863
vt 0.237707 0.585619
vt 0.244404 0.585582
vt 0.191562 0.562892
vt 0.186313 0.508985
vt 0.213424 0.560966
vt 0.212411 0.561425
vt 0.237610 0.567703
vt 0.244306 0.567667
vt 0.227254 0.547527
vt 0.227570 0.545658
vt 0.227101 0.546194
vt 0.243587 0.549696
vt 0.244209 0.549693
vt 0.238014 0.531137
vt 0.237774 0.531626
vt 0.189173 0.507793
vt 0.243491 0.531938
vt 0.244112 0.531935
vt 0.243394 0.514123
vt 0.243319 0.514660
vt 0.188913 0.507036
vt 0.244015 0.514120
vt 0.243207 0.496379
vt 0.243300 0.496910
vt 0.188854 0.506479
vt 0.243297 0.496308
vt 0.243919 0.496305
vt 0.237820 0.480105
vt 0.188711 0.505956
vt 0.188416 0.505492
vt 0.243822 0.478497
vt 0.368278 0.620805
vt 0.254883 0.461256
vt 0.254977 0.478436
vt 0.254273 0.478440
vt 0.256120 0.818257
vt 0.256026 0.800962
vt 0.256730 0.800958
vt 0.256726 0.800356
vt 0.256023 0.800360
vt 0.255929 0.783062
vt 0.256632 0.783058
vt 0.256629 0.782454
vt 0.255925 0.782458
vt 0.255831 0.765158
vt 0.256535 0.765155
vt 0.256532 0.764550
vt 0.255828 0.764554
vt 0.255734 0.747256
vt 0.256438 0.747252
vt 0.256435 0.746648
vt 0.255731 0.746652
vt 0.255637 0.729354
vt 0.256341 0.729350
vt 0.256337 0.728746
vt 0.255634 0.728750
vt 0.255540 0.711451
vt 0.256243 0.711447
vt 0.256240 0.710842
vt 0.255536 0.710846
vt 0.255442 0.693547
vt 0.256146 0.693543
vt 0.256143 0.692939
vt 0.255439 0.692943
vt 0.255345 0.675643
vt 0.256049 0.675640
vt 0.256045 0.675035
vt 0.255342 0.675039
vt 0.255248 0.657741
vt 0.255951 0.657737
vt 0.255948 0.657133
vt 0.255244 0.657137
vt 0.255150 0.639839
vt 0.255854 0.639835
vt 0.255851 0.639231
vt 0.255147 0.639235
vt 0.255053 0.621937
vt 0.255757 0.621933
vt 0.255753 0.621329
vt 0.255050 0.621333
vt 0.254956 0.604035
vt 0.255659 0.604031
vt 0.255656 0.603429
vt 0.254952 0.603433
vt 0.254859 0.586193
vt 0.255562 0.586189
vt 0.255559 0.585522
vt 0.254855 0.585526
vt 0.254761 0.568178
vt 0.255465 0.568174
vt 0.255461 0.567606
vt 0.254758 0.567610
vt 0.254664 0.550318
vt 0.255367 0.550314
vt 0.255364 0.549632
vt 0.254660 0.549636
vt 0.254567 0.532477
vt 0.255271 0.532473
vt 0.255267 0.531874
vt 0.254563 0.531878
vt 0.254470 0.514664
vt 0.255174 0.514661
vt 0.255170 0.514059
vt 0.254467 0.514063
vt 0.254373 0.496850
vt 0.255077 0.496846
vt 0.255073 0.496244
vt 0.254370 0.496248
vt 0.254276 0.479036
vt 0.254980 0.479033
vt 0.362845 0.604384
vt 0.187645 0.507138
vt 0.329052 0.627756
vt 0.328498 0.627847
vt 0.328428 0.627338
vt 0.329082 0.632609
vt 0.329003 0.633116
vt 0.328447 0.633031
vt 0.327531 0.637741
vt 0.327299 0.638199
vt 0.326797 0.637946
vt 0.324470 0.642142
vt 0.324108 0.642506
vt 0.323709 0.642111
vt 0.320200 0.645382
vt 0.319743 0.645616
vt 0.319485 0.645117
vt 0.315137 0.647144
vt 0.314630 0.647225
vt 0.314539 0.646671
vt 0.309777 0.647254
vt 0.309270 0.647175
vt 0.309355 0.646620
vt 0.304646 0.645704
vt 0.304188 0.645472
vt 0.304440 0.644969
vt 0.300244 0.642643
vt 0.299881 0.642281
vt 0.300276 0.641881
vt 0.297004 0.638372
vt 0.296770 0.637915
vt 0.297270 0.637657
vt 0.295243 0.633309
vt 0.295161 0.632802
vt 0.295716 0.632711
vt 0.295132 0.627949
vt 0.295211 0.627442
vt 0.295767 0.627527
vt 0.296683 0.622817
vt 0.296915 0.622359
vt 0.297417 0.622612
vt 0.299743 0.618416
vt 0.300105 0.618052
vt 0.300505 0.618447
vt 0.304014 0.615176
vt 0.304471 0.614941
vt 0.304729 0.615441
vt 0.309078 0.613414
vt 0.309584 0.613332
vt 0.309675 0.613887
vt 0.314437 0.613303
vt 0.314944 0.613383
vt 0.314859 0.613938
vt 0.319568 0.614855
vt 0.320026 0.615087
vt 0.319774 0.615589
vt 0.323969 0.617916
vt 0.324333 0.618278
vt 0.323938 0.618677
vt 0.327209 0.622186
vt 0.326944 0.622901
vt 0.325093 0.623818
vt 0.326454 0.628147
vt 0.326460 0.632257
vt 0.325895 0.628237
vt 0.326411 0.632685
vt 0.325147 0.636596
vt 0.325852 0.632598
vt 0.313483 0.630272
vt 0.324589 0.624075
vt 0.313418 0.630697
vt 0.324654 0.636350
vt 0.313225 0.631082
vt 0.312922 0.631388
vt 0.312539 0.631586
vt 0.312114 0.631655
vt 0.311689 0.631590
vt 0.311304 0.631397
vt 0.310998 0.631094
vt 0.310800 0.630711
vt 0.310731 0.630286
vt 0.310796 0.629861
vt 0.310989 0.629476
vt 0.311292 0.629170
vt 0.311674 0.628972
vt 0.312099 0.628903
vt 0.312525 0.628968
vt 0.312910 0.629161
vt 0.324968 0.636988
vt 0.322557 0.640316
vt 0.322164 0.639930
vt 0.322265 0.640634
vt 0.318944 0.643054
vt 0.318689 0.642565
vt 0.318568 0.643266
vt 0.314662 0.644542
vt 0.314571 0.643998
vt 0.314239 0.644627
vt 0.310129 0.644633
vt 0.310211 0.644088
vt 0.309701 0.644584
vt 0.305790 0.643319
vt 0.306036 0.642826
vt 0.305398 0.643140
vt 0.302070 0.640729
vt 0.302456 0.640336
vt 0.301752 0.640438
vt 0.299332 0.637116
vt 0.299821 0.636862
vt 0.299120 0.636740
vt 0.297845 0.632834
vt 0.298388 0.632743
vt 0.297759 0.632411
vt 0.297753 0.628301
vt 0.298298 0.628383
vt 0.297802 0.627873
vt 0.299067 0.623962
vt 0.299560 0.624208
vt 0.299246 0.623570
vt 0.301657 0.620242
vt 0.302050 0.620628
vt 0.301948 0.619924
vt 0.305270 0.617503
vt 0.305524 0.617992
vt 0.305645 0.617291
vt 0.309552 0.616016
vt 0.309643 0.616559
vt 0.309975 0.615930
vt 0.314085 0.615924
vt 0.314002 0.616470
vt 0.314513 0.615975
vt 0.318423 0.617239
vt 0.318177 0.617732
vt 0.318815 0.617418
vt 0.322144 0.619829
vt 0.321757 0.620222
vt 0.322461 0.620121
vt 0.324881 0.623442
vt 0.324393 0.623697
vt 0.354524 0.623572
vt 0.353914 0.623672
vt 0.353835 0.623190
vt 0.349827 0.611076
vt 0.349602 0.610642
vt 0.358955 0.622302
vt 0.355019 0.608448
vt 0.359665 0.622777
vt 0.359744 0.637264
vt 0.354462 0.608737
vt 0.354197 0.608216
vt 0.346173 0.596256
vt 0.359655 0.637840
vt 0.355255 0.651643
vt 0.354591 0.636524
vt 0.354521 0.637008
vt 0.353910 0.636914
vt 0.354993 0.652163
vt 0.346542 0.663930
vt 0.350582 0.649347
vt 0.350366 0.649785
vt 0.349814 0.649507
vt 0.346132 0.664344
vt 0.334458 0.672924
vt 0.342808 0.660303
vt 0.342467 0.660653
vt 0.342028 0.660218
vt 0.333941 0.673191
vt 0.320187 0.677744
vt 0.332028 0.668321
vt 0.331595 0.668548
vt 0.331312 0.667999
vt 0.319612 0.677838
vt 0.305124 0.677918
vt 0.319297 0.672615
vt 0.318816 0.672698
vt 0.318716 0.672088
vt 0.304548 0.677829
vt 0.290744 0.673428
vt 0.305863 0.672765
vt 0.305380 0.672695
vt 0.305473 0.672084
vt 0.290224 0.673166
vt 0.278457 0.664714
vt 0.293040 0.668756
vt 0.292602 0.668539
vt 0.292880 0.667987
vt 0.278043 0.664304
vt 0.269462 0.652630
vt 0.282084 0.660980
vt 0.281734 0.660639
vt 0.282169 0.660200
vt 0.269196 0.652112
vt 0.264643 0.638358
vt 0.274066 0.650199
vt 0.273838 0.649767
vt 0.274388 0.649484
vt 0.264549 0.637783
vt 0.264469 0.623294
vt 0.269772 0.637469
vt 0.269689 0.636987
vt 0.270299 0.636887
vt 0.264558 0.622719
vt 0.268959 0.608915
vt 0.269622 0.624034
vt 0.269692 0.623550
vt 0.270303 0.623644
vt 0.269221 0.608394
vt 0.277673 0.596627
vt 0.273632 0.611211
vt 0.273848 0.610772
vt 0.274400 0.611050
vt 0.278083 0.596213
vt 0.289758 0.587632
vt 0.281407 0.600254
vt 0.281748 0.599904
vt 0.282187 0.600339
vt 0.290276 0.587366
vt 0.304031 0.582813
vt 0.292188 0.592236
vt 0.292621 0.592009
vt 0.292904 0.592558
vt 0.304606 0.582720
vt 0.319094 0.582641
vt 0.304919 0.587943
vt 0.305401 0.587860
vt 0.305500 0.588470
vt 0.319670 0.582729
vt 0.333473 0.587132
vt 0.318354 0.587794
vt 0.318837 0.587864
vt 0.318743 0.588475
vt 0.333993 0.587394
vt 0.345760 0.595847
vt 0.331177 0.591804
vt 0.331615 0.592020
vt 0.331337 0.592572
vt 0.345733 0.596703
vt 0.342132 0.599580
vt 0.342047 0.600360
vt 0.346510 0.624357
vt 0.343784 0.614232
vt 0.347192 0.624806
vt 0.347250 0.635370
vt 0.347167 0.635916
vt 0.343957 0.645981
vt 0.342413 0.625547
vt 0.341872 0.634589
vt 0.341746 0.625180
vt 0.338937 0.616689
vt 0.342459 0.634681
vt 0.342393 0.635144
vt 0.339083 0.643575
vt 0.338720 0.616270
vt 0.333424 0.609063
vt 0.343247 0.614510
vt 0.342997 0.614016
vt 0.337275 0.605228
vt 0.343709 0.646474
vt 0.337547 0.655055
vt 0.339613 0.643845
vt 0.339407 0.644265
vt 0.333655 0.651261
vt 0.337159 0.655447
vt 0.328646 0.661704
vt 0.334075 0.651681
vt 0.333750 0.652016
vt 0.326116 0.656893
vt 0.328156 0.661957
vt 0.318126 0.665277
vt 0.326387 0.657422
vt 0.325974 0.657641
vt 0.317207 0.659919
vt 0.317582 0.665366
vt 0.307017 0.665424
vt 0.317301 0.660507
vt 0.316840 0.660587
vt 0.307798 0.660045
vt 0.306472 0.665340
vt 0.296406 0.662130
vt 0.307706 0.660632
vt 0.307243 0.660566
vt 0.298811 0.657256
vt 0.295913 0.661882
vt 0.287332 0.655719
vt 0.298542 0.657786
vt 0.298122 0.657580
vt 0.291126 0.651827
vt 0.286940 0.655331
vt 0.280683 0.646818
vt 0.290706 0.652248
vt 0.290370 0.651922
vt 0.285494 0.644288
vt 0.280430 0.646328
vt 0.277110 0.636298
vt 0.284965 0.644559
vt 0.284746 0.644146
vt 0.282467 0.635379
vt 0.277021 0.635753
vt 0.276963 0.625188
vt 0.281880 0.635472
vt 0.281800 0.635012
vt 0.282342 0.625969
vt 0.277047 0.624643
vt 0.280256 0.614577
vt 0.281755 0.625877
vt 0.281821 0.625414
vt 0.285130 0.616982
vt 0.280504 0.614084
vt 0.286668 0.605503
vt 0.284601 0.616713
vt 0.284806 0.616293
vt 0.290560 0.609296
vt 0.287056 0.605111
vt 0.295569 0.598854
vt 0.290139 0.608877
vt 0.290464 0.608541
vt 0.298098 0.603665
vt 0.296060 0.598601
vt 0.306090 0.595281
vt 0.297828 0.603135
vt 0.298241 0.602917
vt 0.307008 0.600638
vt 0.306634 0.595192
vt 0.317199 0.595134
vt 0.306915 0.600051
vt 0.307375 0.599971
vt 0.316417 0.600514
vt 0.317744 0.595218
vt 0.327810 0.598428
vt 0.316509 0.599926
vt 0.316972 0.599992
vt 0.325404 0.603302
vt 0.328303 0.598677
vt 0.336883 0.604840
vt 0.325673 0.602772
vt 0.326093 0.602978
vt 0.333089 0.608732
vt 0.336850 0.605659
vt 0.333508 0.608311
vt 0.193337 0.562254
vt 0.187575 0.508706
vt 0.194007 0.562013
vt 0.211994 0.560129
vt 0.225993 0.547266
vt 0.211752 0.559452
vt 0.188320 0.510281
vt 0.188035 0.508491
vt 0.225956 0.546625
vt 0.225354 0.546999
vt 0.357981 0.623010
vt 0.358053 0.637050
vt 0.357365 0.623109
vt 0.357284 0.622622
vt 0.353489 0.609190
vt 0.356193 0.623342
vt 0.355656 0.636643
vt 0.355491 0.622875
vt 0.351339 0.610343
vt 0.351080 0.609832
vt 0.343259 0.599196
vt 0.351629 0.609548
vt 0.352935 0.609475
vt 0.352708 0.609037
vt 0.344948 0.597434
vt 0.357983 0.637541
vt 0.353713 0.650917
vt 0.357366 0.637445
vt 0.356266 0.636737
vt 0.356179 0.637304
vt 0.351558 0.649789
vt 0.353494 0.651361
vt 0.345300 0.662763
vt 0.352937 0.651080
vt 0.352110 0.650066
vt 0.351851 0.650579
vt 0.343599 0.661025
vt 0.344954 0.663119
vt 0.333638 0.671431
vt 0.344511 0.662679
vt 0.344038 0.661460
vt 0.343634 0.661867
vt 0.332557 0.669252
vt 0.333199 0.671662
vt 0.319867 0.676070
vt 0.332914 0.671107
vt 0.332841 0.669801
vt 0.332330 0.670063
vt 0.319513 0.673664
vt 0.319379 0.676155
vt 0.305337 0.676227
vt 0.319279 0.675538
vt 0.319613 0.674273
vt 0.319046 0.674366
vt 0.305744 0.673829
vt 0.304847 0.676156
vt 0.291470 0.671886
vt 0.304942 0.675540
vt 0.305651 0.674440
vt 0.305083 0.674352
vt 0.292598 0.669731
vt 0.291026 0.671667
vt 0.279623 0.663472
vt 0.291307 0.671110
vt 0.292321 0.670283
vt 0.291808 0.670024
vt 0.281362 0.661771
vt 0.279268 0.663126
vt 0.270956 0.651809
vt 0.279708 0.662684
vt 0.280927 0.662210
vt 0.280520 0.661806
vt 0.273135 0.650728
vt 0.270725 0.651371
vt 0.266317 0.638038
vt 0.271280 0.651085
vt 0.272586 0.651012
vt 0.272323 0.650501
vt 0.268723 0.637684
vt 0.266232 0.637550
vt 0.266160 0.623508
vt 0.266848 0.637450
vt 0.268113 0.637784
vt 0.268021 0.637217
vt 0.268558 0.623915
vt 0.266231 0.623018
vt 0.270501 0.609640
vt 0.266847 0.623113
vt 0.267947 0.623822
vt 0.268035 0.623254
vt 0.272656 0.610768
vt 0.270720 0.609196
vt 0.278915 0.597793
vt 0.271277 0.609477
vt 0.272104 0.610491
vt 0.272363 0.609978
vt 0.280616 0.599532
vt 0.279261 0.597438
vt 0.290579 0.589126
vt 0.279704 0.597878
vt 0.280177 0.599098
vt 0.280582 0.598690
vt 0.291659 0.591305
vt 0.291017 0.588895
vt 0.304350 0.584487
vt 0.291302 0.589450
vt 0.291376 0.590756
vt 0.291886 0.590493
vt 0.304704 0.586894
vt 0.304838 0.584403
vt 0.318880 0.584331
vt 0.304938 0.585019
vt 0.304604 0.586284
vt 0.305171 0.586192
vt 0.318473 0.586729
vt 0.319370 0.584402
vt 0.332747 0.588674
vt 0.319275 0.585019
vt 0.318566 0.586119
vt 0.319134 0.586206
vt 0.331619 0.590828
vt 0.333192 0.588892
vt 0.344593 0.597088
vt 0.332910 0.589449
vt 0.331896 0.590277
vt 0.332409 0.590535
vt 0.342854 0.598789
vt 0.344508 0.597876
vt 0.343696 0.598754
vt 0.343289 0.598350
vt 0.343349 0.624884
vt 0.340395 0.615973
vt 0.343937 0.624788
vt 0.344023 0.625318
vt 0.343487 0.634803
vt 0.344899 0.624662
vt 0.342312 0.614950
vt 0.345570 0.625034
vt 0.345621 0.635160
vt 0.345554 0.635632
vt 0.342473 0.645278
vt 0.344959 0.635539
vt 0.344076 0.634893
vt 0.343994 0.635423
vt 0.340554 0.644278
vt 0.340153 0.615494
vt 0.334590 0.607931
vt 0.340682 0.615221
vt 0.341777 0.615225
vt 0.341558 0.614804
vt 0.336097 0.606366
vt 0.342263 0.645706
vt 0.336352 0.653927
vt 0.341726 0.645434
vt 0.341086 0.644546
vt 0.340844 0.645025
vt 0.334836 0.652384
vt 0.336021 0.654269
vt 0.327858 0.660262
vt 0.335594 0.653845
vt 0.335259 0.652803
vt 0.334881 0.653184
vt 0.326893 0.658326
vt 0.327438 0.660485
vt 0.317822 0.663662
vt 0.327162 0.659949
vt 0.327166 0.658855
vt 0.326689 0.659101
vt 0.317503 0.661523
vt 0.317353 0.663744
vt 0.307227 0.663794
vt 0.317257 0.663150
vt 0.317599 0.662110
vt 0.317069 0.662196
vt 0.307584 0.661661
vt 0.306755 0.663728
vt 0.297109 0.660646
vt 0.306848 0.663132
vt 0.307494 0.662249
vt 0.306964 0.662168
vt 0.298108 0.658727
vt 0.296681 0.660436
vt 0.288460 0.654525
vt 0.296953 0.659899
vt 0.297841 0.659259
vt 0.297362 0.659017
vt 0.290003 0.653009
vt 0.288118 0.654193
vt 0.282125 0.646030
vt 0.288542 0.653767
vt 0.289584 0.653432
vt 0.289203 0.653054
vt 0.284061 0.645065
vt 0.281901 0.645609
vt 0.278725 0.635994
vt 0.282437 0.645334
vt 0.283531 0.645338
vt 0.283286 0.644861
vt 0.280864 0.635674
vt 0.278643 0.635525
vt 0.278592 0.625398
vt 0.279237 0.635429
vt 0.280277 0.635771
vt 0.280190 0.635241
vt 0.280726 0.625756
vt 0.278659 0.624927
vt 0.281741 0.615280
vt 0.279254 0.625019
vt 0.280137 0.625665
vt 0.280219 0.625135
vt 0.283660 0.616279
vt 0.281950 0.614852
vt 0.287862 0.606631
vt 0.282487 0.615124
vt 0.283128 0.616012
vt 0.283369 0.615532
vt 0.289378 0.608173
vt 0.288194 0.606288
vt 0.296357 0.600296
vt 0.288621 0.606713
vt 0.288955 0.607754
vt 0.289333 0.607374
vt 0.297322 0.602232
vt 0.296778 0.600072
vt 0.306393 0.596896
vt 0.297053 0.600608
vt 0.297049 0.601702
vt 0.297526 0.601457
vt 0.306712 0.599035
vt 0.306862 0.596814
vt 0.316988 0.596764
vt 0.306958 0.597408
vt 0.306616 0.598448
vt 0.307146 0.598361
vt 0.316631 0.598898
vt 0.317460 0.596831
vt 0.327106 0.599913
vt 0.317368 0.597426
vt 0.316721 0.598309
vt 0.317252 0.598391
vt 0.326107 0.601831
vt 0.327534 0.600122
vt 0.335755 0.606035
vt 0.327262 0.600660
vt 0.326374 0.601300
vt 0.326853 0.601541
vt 0.334212 0.607550
vt 0.335673 0.606793
vt 0.335012 0.607505
vt 0.334631 0.607127
vt 0.245575 0.801019
vt 0.245477 0.783119
vt 0.245380 0.765215
vt 0.245283 0.747313
vt 0.245185 0.729411
vt 0.245088 0.711507
vt 0.244991 0.693604
vt 0.244894 0.675700
vt 0.244796 0.657798
vt 0.244699 0.639896
vt 0.244602 0.621994
vt 0.244504 0.604092
vt 0.244407 0.586250
vt 0.244310 0.568235
vt 0.244212 0.550375
vt 0.244115 0.532534
vt 0.244019 0.514721
vt 0.243922 0.496907
vt 0.243825 0.479093
vt 0.254180 0.461259
vt 0.212261 0.559213
vt 0.188693 0.509950
vt 0.227485 0.465829
vt 0.237570 0.479629
vt 0.325915 0.632175
vt 0.324463 0.636732
vt 0.321864 0.640234
vt 0.318310 0.642762
vt 0.314150 0.644068
vt 0.309789 0.644024
vt 0.305655 0.642635
vt 0.302152 0.640037
vt 0.299624 0.636483
vt 0.298318 0.632322
vt 0.298362 0.627961
vt 0.299751 0.623827
vt 0.302349 0.620324
vt 0.305903 0.617796
vt 0.310064 0.616490
vt 0.314425 0.616533
vt 0.318559 0.617923
vt 0.322061 0.620522
vt 0.313216 0.629464
vt 0.325826 0.627816
vt 0.313414 0.629847
vt 0.328538 0.632525
vt 0.327040 0.637493
vt 0.324080 0.641754
vt 0.319948 0.644892
vt 0.315049 0.646600
vt 0.309861 0.646710
vt 0.304894 0.645212
vt 0.300632 0.642252
vt 0.297494 0.638120
vt 0.295786 0.633221
vt 0.295676 0.628033
vt 0.297174 0.623065
vt 0.300134 0.618804
vt 0.304266 0.615665
vt 0.309165 0.613957
vt 0.314353 0.613847
vt 0.319320 0.615346
vt 0.323581 0.618306
vt 0.326720 0.622438
vt 0.326369 0.627725
vt 0.356100 0.622775
vt 0.351891 0.610059
vt 0.357439 0.636957
vt 0.353158 0.650638
vt 0.344858 0.662327
vt 0.333352 0.670879
vt 0.319766 0.675458
vt 0.305431 0.675613
vt 0.291749 0.671331
vt 0.280060 0.663030
vt 0.271507 0.651523
vt 0.266929 0.637937
vt 0.266774 0.623601
vt 0.271056 0.609919
vt 0.279357 0.598230
vt 0.290864 0.589678
vt 0.304451 0.585100
vt 0.318787 0.584945
vt 0.332468 0.589229
vt 0.344156 0.597530
vt 0.368363 0.621329
vt 0.368457 0.638626
vt 0.368376 0.639150
vt 0.363120 0.655629
vt 0.362881 0.656103
vt 0.352791 0.670152
vt 0.352417 0.670529
vt 0.338478 0.680773
vt 0.338006 0.681016
vt 0.321584 0.686451
vt 0.321060 0.686536
vt 0.303762 0.686631
vt 0.303237 0.686549
vt 0.286757 0.681293
vt 0.286283 0.681054
vt 0.272234 0.670962
vt 0.271857 0.670588
vt 0.261614 0.656649
vt 0.261371 0.656177
vt 0.255936 0.639755
vt 0.255838 0.621408
vt 0.261094 0.604927
vt 0.261333 0.604453
vt 0.271425 0.590403
vt 0.271799 0.590026
vt 0.285739 0.579783
vt 0.286211 0.579540
vt 0.302634 0.574106
vt 0.303159 0.574021
vt 0.320457 0.573928
vt 0.320982 0.574009
vt 0.337462 0.579267
vt 0.337936 0.579507
vt 0.351984 0.589599
vt 0.352361 0.589974
vt 0.362602 0.603912
vt 0.354752 0.607931
vt 0.359571 0.622202
vt 0.344976 0.625130
vt 0.345029 0.635070
vt 0.340928 0.615698
vt 0.341938 0.645009
vt 0.335927 0.653507
vt 0.327583 0.659731
vt 0.317725 0.663072
vt 0.307317 0.663203
vt 0.297378 0.660111
vt 0.288880 0.654099
vt 0.282656 0.645755
vt 0.279315 0.635896
vt 0.279184 0.625488
vt 0.282276 0.615549
vt 0.288288 0.607051
vt 0.296632 0.600827
vt 0.306490 0.597486
vt 0.316899 0.597355
vt 0.326838 0.600448
vt 0.335335 0.606460
vt 0.341823 0.625645
vt 0.341801 0.635055
vt 0.338872 0.643997
vt 0.333324 0.651597
vt 0.325698 0.657110
vt 0.316742 0.659997
vt 0.307333 0.659974
vt 0.298390 0.657045
vt 0.290790 0.651496
vt 0.285277 0.643870
vt 0.282390 0.634914
vt 0.282412 0.625504
vt 0.285341 0.616561
vt 0.290890 0.608961
vt 0.298516 0.603448
vt 0.307473 0.600561
vt 0.316883 0.600584
vt 0.325825 0.603513
vt 0.328971 0.627250
vt 0.327443 0.622643
vt 0.353983 0.636431
vt 0.350033 0.649070
vt 0.342371 0.659870
vt 0.331746 0.667774
vt 0.319199 0.672008
vt 0.305957 0.672157
vt 0.293317 0.668206
vt 0.282517 0.660543
vt 0.274613 0.649918
vt 0.270379 0.637370
vt 0.270230 0.624128
vt 0.274181 0.611488
vt 0.281844 0.600687
vt 0.292470 0.592783
vt 0.305018 0.588550
vt 0.318260 0.588402
vt 0.330899 0.592353
vt 0.341699 0.600017
vt 0.343531 0.613741
vt 0.347103 0.624261
vt 0.193811 0.562634
vt 0.192280 0.562874
vt 0.186762 0.507571
vt 0.212632 0.559812
vt 0.354442 0.623091
vt 0.350376 0.610793
vt 0.357897 0.622521
vt 0.359046 0.622880
vt 0.359127 0.637169
vt 0.355579 0.623442
vt 0.359035 0.637746
vt 0.354698 0.651361
vt 0.355565 0.637210
vt 0.354432 0.651882
vt 0.346099 0.663490
vt 0.351296 0.650300
vt 0.345685 0.663904
vt 0.334173 0.672369
vt 0.343192 0.661430
vt 0.333652 0.672634
vt 0.320087 0.677128
vt 0.332045 0.669511
vt 0.319509 0.677219
vt 0.305219 0.677301
vt 0.318946 0.673753
vt 0.304641 0.677209
vt 0.291026 0.672871
vt 0.305177 0.673738
vt 0.290505 0.672604
vt 0.278897 0.664271
vt 0.292087 0.669469
vt 0.278483 0.663857
vt 0.270018 0.652344
vt 0.280957 0.661364
vt 0.269753 0.651823
vt 0.265259 0.638258
vt 0.272875 0.650216
vt 0.265168 0.637680
vt 0.265086 0.623390
vt 0.268634 0.637117
vt 0.265178 0.622812
vt 0.269516 0.609196
vt 0.268649 0.623348
vt 0.269782 0.608675
vt 0.278116 0.597066
vt 0.272918 0.610258
vt 0.278530 0.596653
vt 0.290043 0.588188
vt 0.281023 0.599127
vt 0.290565 0.587922
vt 0.304131 0.583429
vt 0.292171 0.591046
vt 0.304708 0.583338
vt 0.318998 0.583257
vt 0.305271 0.586805
vt 0.319576 0.583349
vt 0.333191 0.587689
vt 0.319040 0.586820
vt 0.333712 0.587955
vt 0.345320 0.596289
vt 0.332130 0.591090
vt 0.353259 0.608751
vt 0.350149 0.610361
vt 0.342482 0.599921
vt 0.346596 0.624905
vt 0.346657 0.635278
vt 0.343431 0.625415
vt 0.342333 0.625086
vt 0.339468 0.616413
vt 0.345489 0.624565
vt 0.346569 0.635825
vt 0.343421 0.645710
vt 0.343401 0.635332
vt 0.343168 0.646203
vt 0.337121 0.654632
vt 0.340308 0.644756
vt 0.336728 0.655022
vt 0.328371 0.661169
vt 0.334455 0.652762
vt 0.327877 0.661420
vt 0.318030 0.664684
vt 0.326414 0.658567
vt 0.317483 0.664769
vt 0.307109 0.664830
vt 0.316972 0.661604
vt 0.306562 0.664742
vt 0.296677 0.661594
vt 0.307055 0.661574
vt 0.296184 0.661341
vt 0.287755 0.655293
vt 0.297631 0.658481
vt 0.287364 0.654900
vt 0.281217 0.646543
vt 0.289625 0.652627
vt 0.280967 0.646049
vt 0.277703 0.636201
vt 0.283819 0.644586
vt 0.277618 0.635654
vt 0.277557 0.625280
vt 0.280782 0.635144
vt 0.277645 0.624733
vt 0.280792 0.614847
vt 0.280812 0.625226
vt 0.281045 0.614354
vt 0.287094 0.605926
vt 0.283905 0.615802
vt 0.287487 0.605535
vt 0.295844 0.599388
vt 0.289759 0.607795
vt 0.296338 0.599138
vt 0.306186 0.595874
vt 0.297801 0.601990
vt 0.306733 0.595789
vt 0.317107 0.595728
vt 0.307243 0.598954
vt 0.317654 0.595816
vt 0.327539 0.598965
vt 0.317161 0.598984
vt 0.328032 0.599217
vt 0.336460 0.605266
vt 0.326584 0.602077
vt 0.342089 0.614529
vt 0.339249 0.616000
vt 0.333844 0.608637
vt 0.245672 0.818857
vt 0.245057 0.818861
vt 0.244960 0.801022
vt 0.244863 0.783122
vt 0.244766 0.765218
vt 0.244668 0.747316
vt 0.244571 0.729414
vt 0.244474 0.711511
vt 0.244377 0.693608
vt 0.244279 0.675704
vt 0.244182 0.657801
vt 0.244085 0.639899
vt 0.243987 0.621997
vt 0.243890 0.604095
vt 0.243793 0.586253
vt 0.237710 0.586111
vt 0.237613 0.568271
vt 0.237511 0.549487
vt 0.237516 0.550411
vt 0.243494 0.532537
vt 0.243397 0.514725
vt 0.243203 0.479097
vt 0.256827 0.818797
vt 0.256824 0.818253
vn 0.000000 -1.000000 0.000000
vn 0.000000 -1.000000 0.000000
vn 0.000423 -0.999979 -0.006446
vn 0.000423 -0.999979 -0.006446
vn 0.746516 -0.549172 -0.375665
vn 0.746340 -0.549141 -0.376060
vn 0.742932 -0.549142 -0.382747
vn 0.742709 -0.549174 -0.383133
vn 0.986941 -0.000002 -0.161085
vn 0.893140 0.000001 -0.449778
vn 0.893138 0.000001 -0.449784
vn 0.986940 -0.000002 -0.161091
vn 0.824845 -0.549141 -0.134442
vn 0.824753 -0.549173 -0.134879
vn 0.826066 -0.549170 -0.126602
vn 0.826020 -0.549139 -0.127032
vn 0.000000 -1.000000 0.000000
vn 0.000000 -1.000000 0.000000
vn 0.000423 -0.999979 -0.006445
vn 0.593900 -0.549132 -0.587994
vn 0.593610 -0.549101 -0.588316
vn 0.588306 -0.549103 -0.593617
vn 0.587975 -0.549135 -0.593916
vn 0.888860 0.000001 -0.458179
vn 0.710432 -0.000005 -0.703766
vn 0.710428 -0.000005 -0.703770
vn 0.888857 0.000001 -0.458184
vn 0.000000 -1.000000 0.000000
vn 0.000000 -1.000000 0.000000
vn 0.000423 -0.999979 -0.006447
vn 0.383137 -0.549134 -0.742737
vn 0.382761 -0.549103 -0.742953
vn 0.376070 -0.549101 -0.746364
vn 0.375665 -0.549133 -0.746545
vn 0.703768 -0.000004 -0.710430
vn 0.458185 0.000009 -0.888857
vn 0.458180 0.000009 -0.888860
vn 0.703764 -0.000004 -0.710434
vn 0.000000 -1.000000 -0.000000
vn 0.000000 -1.000000 -0.000000
vn 0.000423 -0.999979 -0.006447
vn 0.134868 -0.549138 -0.824778
vn 0.134443 -0.549107 -0.824868
vn 0.127034 -0.549111 -0.826039
vn 0.126592 -0.549143 -0.826085
vn 0.449786 0.000009 -0.893137
vn 0.161093 -0.000004 -0.986939
vn 0.161087 -0.000004 -0.986940
vn 0.449781 0.000009 -0.893139
vn 0.000000 -1.000000 0.000000
vn 0.000000 -1.000000 0.000000
vn 0.000423 -0.999979 -0.006447
vn -0.126596 -0.549157 -0.826075
vn -0.127028 -0.549126 -0.826030
vn -0.134438 -0.549124 -0.824857
vn -0.134873 -0.549156 -0.824765
vn 0.151785 -0.000004 -0.988414
vn -0.151777 0.000003 -0.988415
vn -0.151783 0.000003 -0.988414
vn 0.151780 -0.000004 -0.988414
vn 0.000000 -1.000000 -0.000000
vn 0.000000 -1.000000 -0.000000
vn 0.000423 -0.999979 -0.006447
vn -0.375703 -0.549055 -0.746583
vn -0.376099 -0.549024 -0.746406
vn -0.382787 -0.549027 -0.742997
vn -0.383173 -0.549059 -0.742774
vn -0.161086 0.000003 -0.986940
vn -0.449781 -0.000009 -0.893139
vn -0.449786 -0.000009 -0.893136
vn -0.161091 0.000003 -0.986939
vn 0.000000 -1.000000 0.000000
vn 0.000000 -1.000000 0.000000
vn 0.000423 -0.999979 -0.006445
vn -0.587983 -0.549135 -0.593908
vn -0.588306 -0.549104 -0.593618
vn -0.593610 -0.549106 -0.588311
vn -0.593907 -0.549138 -0.587981
vn -0.458182 -0.000009 -0.888858
vn -0.703764 -0.000005 -0.710433
vn -0.703768 -0.000005 -0.710429
vn -0.458187 -0.000009 -0.888856
vn 0.000000 -1.000000 0.000000
vn 0.000000 -1.000000 0.000000
vn 0.000423 -0.999979 -0.006444
vn -0.742702 -0.549189 -0.383126
vn -0.742919 -0.549158 -0.382750
vn -0.746326 -0.549158 -0.376062
vn -0.746507 -0.549190 -0.375657
vn -0.710428 -0.000005 -0.703770
vn -0.888855 0.000001 -0.458188
vn -0.888858 0.000001 -0.458183
vn -0.710432 -0.000005 -0.703766
vn 0.000000 -1.000000 0.000000
vn 0.000000 -1.000000 0.000001
vn 0.000423 -0.999979 -0.006445
vn -0.824790 -0.549119 -0.134873
vn -0.824880 -0.549087 -0.134448
vn -0.826054 -0.549087 -0.127037
vn -0.826100 -0.549119 -0.126595
vn -0.893137 0.000001 -0.449786
vn -0.986940 0.000002 -0.161090
vn -0.986941 0.000002 -0.161084
vn -0.893139 0.000001 -0.449781
vn 0.000000 -1.000000 0.000000
vn 0.000000 -1.000000 -0.000001
vn 0.000423 -0.999979 -0.006448
vn -0.826123 -0.549082 0.126610
vn -0.826077 -0.549051 0.127041
vn -0.824903 -0.549052 0.134452
vn -0.824810 -0.549084 0.134888
vn -0.988414 0.000002 -0.151781
vn -0.988415 -0.000002 0.151776
vn -0.988414 -0.000002 0.151782
vn -0.988415 0.000002 -0.151776
vn 0.000000 -1.000000 -0.000001
vn 0.000000 -1.000000 -0.000001
vn 0.000436 -0.999978 -0.006647
vn -0.746551 -0.549102 0.375698
vn -0.746373 -0.549071 0.376096
vn -0.742965 -0.549073 0.382782
vn -0.742744 -0.549104 0.383166
vn -0.986941 -0.000002 0.161085
vn -0.893137 -0.000003 0.449785
vn -0.893134 -0.000003 0.449790
vn -0.986940 -0.000002 0.161090
vn 0.000000 -1.000000 0.000000
vn 0.000000 -1.000000 0.000000
vn 0.000464 -0.999975 -0.007078
vn -0.593902 -0.549151 0.587975
vn -0.593611 -0.549120 0.588297
vn -0.588309 -0.549121 0.593598
vn -0.587979 -0.549153 0.593895
vn -0.888855 -0.000003 0.458188
vn -0.710438 0.000000 0.703760
vn -0.710434 0.000000 0.703764
vn -0.888853 -0.000003 0.458193
vn 0.000000 -1.000000 0.000000
vn 0.000000 -1.000000 0.000001
vn 0.000178 -0.999996 -0.002708
vn -0.384930 -0.543350 0.746056
vn -0.384560 -0.543299 0.746284
vn -0.401930 -0.526419 0.749223
vn -0.400495 -0.527584 0.749172
vn -0.703777 -0.000000 0.710421
vn -0.458188 -0.000000 0.888855
vn -0.458182 -0.000000 0.888859
vn -0.703773 -0.000000 0.710425
vn -0.739736 -0.166036 0.652091
vn -0.769400 -0.126611 0.626094
vn -0.850378 0.006636 0.526131
vn -0.850378 0.006636 0.526131
vn -0.160100 -0.000003 0.987101
vn -0.156434 0.000020 0.987688
vn -0.151796 0.000015 0.988412
vn -0.151771 0.000001 0.988416
vn -0.448942 -0.000007 0.893561
vn -0.161088 -0.000012 0.986940
vn -0.449594 -0.000006 0.893233
vn -0.773063 -0.582236 -0.251745
vn -0.773063 -0.582236 -0.251745
vn -0.773063 -0.582236 -0.251745
vn -0.773063 -0.582236 -0.251745
vn 0.151733 0.000014 0.988421
vn -0.151782 -0.000032 0.988414
vn 0.151676 0.000003 0.988430
vn 0.151782 0.000005 0.988414
vn 0.156433 0.000017 0.987689
vn 0.160137 0.000002 0.987095
vn 0.151770 0.000002 0.988416
vn -0.151794 -0.000006 0.988412
vn 0.759842 -0.129367 0.637106
vn 0.732100 -0.167253 0.660345
vn 0.835867 -0.003095 0.548924
vn 0.835867 -0.003095 0.548924
vn 0.763302 -0.596431 -0.248276
vn 0.763302 -0.596431 -0.248276
vn 0.763302 -0.596431 -0.248276
vn 0.763302 -0.596431 -0.248276
vn 0.400020 -0.531381 0.746739
vn 0.400601 -0.530896 0.746772
vn 0.383789 -0.547704 0.743456
vn 0.384180 -0.547742 0.743226
vn 0.449028 -0.000010 0.893517
vn 0.449589 -0.000010 0.893236
vn 0.161001 -0.000001 0.986954
vn 0.000000 -1.000000 0.000000
vn 0.000000 -1.000000 0.000000
vn 0.000148 -0.999998 -0.002252
vn 0.000456 -0.999976 -0.006962
vn 0.587976 -0.549166 0.593887
vn 0.588299 -0.549135 0.593595
vn 0.593602 -0.549134 0.588293
vn 0.593901 -0.549166 0.587961
vn 0.458173 -0.000007 0.888863
vn 0.703774 0.000002 0.710424
vn 0.703778 0.000002 0.710420
vn 0.458181 -0.000007 0.888859
vn 0.000000 -1.000000 0.000000
vn 0.000000 -1.000000 -0.000001
vn 0.000448 -0.999977 -0.006841
vn 0.742706 -0.549173 0.383141
vn 0.742922 -0.549142 0.382766
vn 0.746330 -0.549144 0.376075
vn 0.746512 -0.549176 0.375668
vn 0.710435 0.000001 0.703763
vn 0.888854 0.000004 0.458191
vn 0.888856 0.000004 0.458186
vn 0.710439 0.000001 0.703758
vn 0.000000 -1.000000 0.000000
vn 0.000000 -1.000000 0.000000
vn 0.000423 -0.999979 -0.006446
vn 0.824801 -0.549102 0.134874
vn 0.824891 -0.549071 0.134450
vn 0.826064 -0.549072 0.127039
vn 0.826110 -0.549104 0.126597
vn 0.893134 0.000005 0.449791
vn 0.986939 -0.000000 0.161091
vn 0.986940 -0.000000 0.161086
vn 0.893137 0.000005 0.449785
vn 0.000000 -1.000000 0.000000
vn 0.000000 -1.000000 0.000000
vn 0.988414 -0.000000 0.151781
vn 0.988415 -0.000002 -0.151774
vn 0.988414 -0.000002 -0.151780
vn 0.988415 -0.000000 0.151775
vn 0.000000 1.000000 0.000000
vn 0.000000 1.000000 0.000000
vn 0.000000 1.000000 0.000000
vn 0.000000 1.000000 0.000000
vn 0.824754 0.549174 -0.134866
vn 0.824844 0.549143 -0.134441
vn 0.826018 0.549143 -0.127031
vn 0.826065 0.549174 -0.126589
vn 0.746335 0.549145 -0.376063
vn 0.746516 0.549177 -0.375658
vn 0.742712 0.549176 -0.383125
vn 0.742929 0.549144 -0.382749
vn 0.000000 1.000000 -0.000000
vn 0.000000 1.000000 -0.000000
vn 0.000000 1.000000 0.000000
vn 0.000000 1.000000 -0.000000
vn 0.593593 0.549146 -0.588291
vn 0.593891 0.549178 -0.587961
vn 0.587967 0.549172 -0.593890
vn 0.588289 0.549141 -0.593599
vn 0.000000 1.000000 0.000000
vn 0.000000 1.000000 -0.000000
vn 0.000000 1.000000 -0.000000
vn 0.000000 1.000000 0.000000
vn 0.382794 0.549003 -0.743010
vn 0.383181 0.549035 -0.742787
vn 0.375710 0.549033 -0.746595
vn 0.376107 0.549002 -0.746418
vn 0.000000 1.000000 -0.000000
vn 0.000000 1.000000 0.000000
vn 0.000000 1.000000 0.000000
vn 0.000000 1.000000 -0.000000
vn 0.134439 0.549155 -0.824836
vn 0.134875 0.549187 -0.824744
vn 0.126598 0.549188 -0.826055
vn 0.127029 0.549156 -0.826009
vn 0.000000 1.000000 0.000000
vn 0.000000 1.000000 0.000000
vn 0.000000 1.000000 0.000000
vn 0.000000 1.000000 0.000000
vn -0.127036 0.549108 -0.826040
vn -0.126594 0.549140 -0.826086
vn -0.134869 0.549134 -0.824780
vn -0.134444 0.549103 -0.824870
vn 0.000000 1.000000 0.000000
vn 0.000000 1.000000 0.000000
vn 0.000000 1.000000 0.000000
vn 0.000000 1.000000 0.000000
vn -0.376071 0.549107 -0.746359
vn -0.375666 0.549139 -0.746540
vn -0.383138 0.549142 -0.742731
vn -0.382762 0.549110 -0.742948
vn 0.000000 1.000000 0.000000
vn 0.000000 1.000000 0.000000
vn 0.000000 1.000000 0.000000
vn 0.000000 1.000000 0.000000
vn -0.588283 0.549162 -0.593585
vn -0.587952 0.549195 -0.593884
vn -0.593877 0.549192 -0.587961
vn -0.593586 0.549160 -0.588284
vn 0.000000 1.000000 0.000000
vn 0.000000 1.000000 0.000000
vn 0.000000 1.000000 0.000000
vn 0.000000 1.000000 0.000000
vn -0.742908 0.549180 -0.382739
vn -0.742685 0.549212 -0.383125
vn -0.746493 0.549208 -0.375659
vn -0.746316 0.549177 -0.376054
vn 0.000000 1.000000 0.000000
vn 0.000000 1.000000 0.000000
vn 0.000000 1.000000 0.000000
vn 0.000000 1.000000 0.000000
vn -0.824889 0.549074 -0.134449
vn -0.824796 0.549106 -0.134886
vn -0.826110 0.549102 -0.126608
vn -0.826064 0.549071 -0.127039
vn 0.000000 1.000000 0.000000
vn 0.000000 1.000000 0.000000
vn 0.000000 1.000000 0.000000
vn 0.000000 1.000000 0.000000
vn -0.826052 0.549091 0.127036
vn -0.826099 0.549122 0.126594
vn -0.824789 0.549121 0.134871
vn -0.824878 0.549090 0.134448
vn 0.000000 1.000000 0.000000
vn 0.000000 1.000000 0.000000
vn 0.000000 1.000000 0.000000
vn 0.000000 1.000000 0.000000
vn -0.746352 0.549112 0.376079
vn -0.746533 0.549144 0.375672
vn -0.742727 0.549141 0.383146
vn -0.742943 0.549110 0.382771
vn 0.000000 1.000000 0.000000
vn 0.000000 1.000000 -0.000000
vn 0.000000 1.000000 -0.000000
vn 0.000000 1.000000 0.000000
vn -0.593610 0.549119 0.588299
vn -0.593909 0.549151 0.587968
vn -0.587984 0.549151 0.593892
vn -0.588307 0.549120 0.593601
vn 0.000000 1.000000 -0.000000
vn 0.000000 1.000000 0.000000
vn 0.000000 1.000000 0.000000
vn 0.000000 1.000000 -0.000000
vn -0.382751 0.549136 0.742934
vn -0.383136 0.549168 0.742712
vn -0.375672 0.549166 0.746517
vn -0.376069 0.549135 0.746340
vn 0.000000 1.000000 0.000000
vn 0.000000 1.000000 -0.000000
vn 0.000000 1.000000 -0.000000
vn 0.000000 1.000000 0.000000
vn -0.134446 0.549126 0.824854
vn -0.134881 0.549158 0.824762
vn -0.126598 0.549157 0.826074
vn -0.127031 0.549126 0.826029
vn 0.000000 1.000000 -0.000000
vn 0.000000 1.000000 0.000000
vn 0.000000 1.000000 0.000000
vn 0.000000 1.000000 -0.000000
vn 0.127036 0.549085 0.826055
vn 0.126594 0.549117 0.826102
vn 0.134873 0.549113 0.824793
vn 0.134448 0.549082 0.824883
vn 0.000000 1.000000 0.000000
vn 0.000000 1.000000 0.000000
vn 0.000000 1.000000 0.000000
vn 0.000000 1.000000 0.000000
vn 0.376047 0.549196 0.746306
vn 0.375641 0.549228 0.746487
vn 0.383112 0.549226 0.742682
vn 0.382736 0.549195 0.742898
vn 0.000000 1.000000 0.000000
vn 0.000000 1.000000 0.000001
vn 0.000000 1.000000 0.000001
vn 0.000000 1.000000 0.000000
vn 0.588318 0.549109 0.593600
vn 0.587988 0.549141 0.593898
vn 0.593912 0.549140 0.587975
vn 0.593621 0.549109 0.588297
vn 0.000000 1.000000 0.000000
vn 0.000000 1.000000 0.000000
vn 0.000000 1.000000 0.000000
vn 0.000000 1.000000 0.000000
vn 0.742945 0.549113 0.382763
vn 0.742724 0.549145 0.383147
vn 0.746531 0.549141 0.375681
vn 0.746353 0.549110 0.376079
vn 0.000000 1.000000 0.000000
vn 0.000000 1.000000 -0.000000
vn 0.000000 1.000000 -0.000000
vn 0.000000 1.000000 0.000000
vn 0.824844 0.549142 0.134442
vn 0.824752 0.549174 0.134878
vn 0.826064 0.549172 0.126601
vn 0.826019 0.549141 0.127032
vn 0.000000 1.000000 -0.000000
vn 0.000000 1.000000 0.000000
vn 0.000000 1.000000 0.000000
vn 0.000000 1.000000 -0.000000
vn 0.000000 -0.057566 -0.998342
vn 0.000000 -0.057566 -0.998342
vn 0.000000 -0.057566 -0.998342
vn 0.000000 -0.057566 -0.998342
vn 0.000000 1.000000 0.000001
vn 0.000000 1.000000 -0.000000
vn 0.000000 1.000000 0.000000
vn 0.000000 1.000000 0.000001
vn -0.750416 0.548381 0.368990
vn -0.750918 0.548462 0.367846
vn -0.738968 0.548469 0.391290
vn -0.739602 0.548386 0.390207
vn -0.985215 0.000016 0.171321
vn -0.897756 -0.000020 0.440493
vn -0.897756 -0.000020 0.440493
vn -0.985213 0.000016 0.171334
vn -0.823765 0.548395 0.143790
vn -0.824031 0.548312 0.142573
vn -0.827757 0.548311 0.119049
vn -0.827881 0.548394 0.117804
vn 0.000000 1.000000 0.000001
vn 0.000000 1.000000 0.000001
vn 0.000000 1.000000 0.000001
vn 0.000000 1.000000 0.000001
vn -0.599654 0.548397 0.582817
vn -0.600486 0.548479 0.581882
vn -0.581879 0.548473 0.600495
vn -0.582816 0.548391 0.599661
vn -0.884048 -0.000019 0.467396
vn -0.717710 0.000001 0.696342
vn -0.717714 0.000001 0.696338
vn -0.884047 -0.000019 0.467398
vn 0.000000 1.000000 0.000001
vn 0.000000 1.000000 0.000000
vn 0.000000 1.000000 0.000000
vn 0.000000 1.000000 0.000001
vn -0.390238 0.548298 0.739651
vn -0.391318 0.548381 0.739019
vn -0.367881 0.548373 0.750967
vn -0.369026 0.548291 0.750464
vn -0.696353 -0.000000 0.717699
vn -0.467406 -0.000005 0.884043
vn -0.467409 -0.000005 0.884041
vn -0.696350 -0.000000 0.717702
vn 0.000000 1.000000 0.000000
vn 0.000000 1.000000 0.000001
vn 0.000000 1.000000 0.000001
vn 0.000000 1.000000 0.000000
vn -0.142558 0.548302 0.824040
vn -0.143780 0.548384 0.823774
vn -0.117782 0.548390 0.827886
vn -0.119027 0.548308 0.827763
vn -0.440492 -0.000002 0.897757
vn -0.171317 0.000006 0.985216
vn -0.171321 0.000006 0.985215
vn -0.440489 -0.000002 0.897758
vn 0.000000 1.000000 0.000000
vn 0.000000 1.000000 -0.000000
vn 0.000000 1.000000 -0.000000
vn 0.000000 1.000000 -0.000000
vn 0.119024 0.548302 0.827767
vn 0.117780 0.548384 0.827890
vn 0.143777 0.548377 0.823778
vn 0.142555 0.548295 0.824045
vn -0.141483 0.000003 0.989941
vn 0.141482 0.000003 0.989941
vn 0.141478 0.000003 0.989941
vn -0.141479 0.000003 0.989941
vn 0.000000 1.000000 0.000000
vn 0.000000 1.000000 0.000000
vn 0.000000 1.000000 0.000000
vn 0.000000 1.000000 0.000000
vn 0.369025 0.548308 0.750453
vn 0.367879 0.548389 0.750955
vn 0.391316 0.548397 0.739008
vn 0.390236 0.548315 0.739639
vn 0.171315 0.000007 0.985216
vn 0.440492 -0.000012 0.897757
vn 0.440489 -0.000012 0.897758
vn 0.171319 0.000007 0.985216
vn 0.000000 1.000000 0.000001
vn 0.000000 1.000000 0.000000
vn 0.000000 1.000000 0.000000
vn 0.000000 1.000000 0.000001
vn 0.582834 0.548349 0.599682
vn 0.581897 0.548431 0.600516
vn 0.600508 0.548430 0.581906
vn 0.599676 0.548348 0.582840
vn 0.467406 -0.000014 0.884043
vn 0.696353 -0.000002 0.717699
vn 0.696350 -0.000002 0.717702
vn 0.467410 -0.000014 0.884041
vn 0.000000 1.000000 0.000001
vn 0.000000 1.000000 0.000001
vn 0.000000 1.000000 0.000001
vn 0.000000 1.000000 0.000001
vn 0.739623 0.548352 0.390216
vn 0.738988 0.548435 0.391300
vn 0.750936 0.548431 0.367857
vn 0.750434 0.548349 0.369001
vn 0.717709 0.000001 0.696343
vn 0.884045 0.000005 0.467401
vn 0.884043 0.000005 0.467405
vn 0.717712 0.000001 0.696340
vn 0.000000 1.000000 -0.000001
vn 0.000000 1.000000 0.000000
vn 0.000000 1.000000 -0.000000
vn 0.000000 1.000000 -0.000001
vn 0.823997 0.548365 0.142566
vn 0.823732 0.548446 0.143783
vn 0.827848 0.548445 0.117791
vn 0.827725 0.548364 0.119036
vn 0.897754 0.000002 0.440496
vn 0.985215 -0.000005 0.171325
vn 0.985214 -0.000005 0.171328
vn 0.897756 0.000002 0.440493
vn 0.000000 1.000000 0.000000
vn 0.000000 1.000000 0.000000
vn 0.000000 1.000000 0.000000
vn 0.000000 1.000000 0.000000
vn 0.827727 0.548359 -0.119041
vn 0.827851 0.548440 -0.117796
vn 0.823734 0.548439 -0.143795
vn 0.824000 0.548358 -0.142574
vn 0.989940 -0.000001 0.141487
vn 0.989939 0.000015 -0.141495
vn 0.989940 0.000015 -0.141492
vn 0.989941 -0.000001 0.141485
vn 0.000000 1.000000 -0.000000
vn 0.000000 1.000000 0.000001
vn 0.000000 1.000000 0.000001
vn 0.000000 1.000000 0.000000
vn 0.750498 0.548248 -0.369022
vn 0.751002 0.548331 -0.367871
vn 0.739058 0.548329 -0.391317
vn 0.739690 0.548247 -0.390237
vn 0.985213 0.000014 -0.171336
vn 0.897766 0.000020 -0.440473
vn 0.897769 0.000020 -0.440467
vn 0.985212 0.000014 -0.171339
vn 0.000000 1.000000 -0.000001
vn 0.000000 1.000000 -0.000001
vn 0.000000 1.000000 -0.000001
vn 0.000000 1.000000 -0.000001
vn 0.599699 0.548308 -0.582855
vn 0.600532 0.548389 -0.581920
vn 0.581915 0.548404 -0.600523
vn 0.582851 0.548321 -0.599690
vn 0.884055 0.000020 -0.467383
vn 0.717705 0.000012 -0.696347
vn 0.717708 0.000012 -0.696345
vn 0.884053 0.000020 -0.467386
vn 0.000000 1.000000 0.000001
vn 0.000000 1.000000 -0.000000
vn 0.000000 1.000000 0.000000
vn 0.000000 1.000000 0.000001
vn 0.390179 0.548448 -0.739571
vn 0.391256 0.548529 -0.738942
vn 0.367825 0.548518 -0.750888
vn 0.368972 0.548438 -0.750384
vn 0.696347 0.000012 -0.717705
vn 0.467384 -0.000024 -0.884054
vn 0.467387 -0.000024 -0.884053
vn 0.696345 0.000012 -0.717707
vn 0.000000 1.000000 0.000000
vn 0.000000 1.000000 0.000000
vn 0.000000 1.000000 0.000000
vn 0.000000 1.000000 0.000000
vn 0.142576 0.548237 -0.824081
vn 0.143798 0.548319 -0.823813
vn 0.117803 0.548323 -0.827928
vn 0.119048 0.548240 -0.827804
vn 0.440497 -0.000025 -0.897754
vn 0.171338 -0.000004 -0.985212
vn 0.171342 -0.000004 -0.985212
vn 0.440493 -0.000025 -0.897756
vn 0.000000 1.000000 0.000000
vn 0.000000 1.000000 0.000000
vn 0.000000 1.000000 0.000000
vn 0.000000 1.000000 0.000000
vn -0.119050 0.548253 -0.827796
vn -0.117805 0.548336 -0.827919
vn -0.143800 0.548332 -0.823804
vn -0.142577 0.548249 -0.824072
vn 0.141487 -0.000006 -0.989940
vn -0.141488 -0.000005 -0.989940
vn -0.141484 -0.000005 -0.989941
vn 0.141483 -0.000006 -0.989941
vn 0.000000 1.000000 -0.000000
vn 0.000000 1.000000 0.000000
vn 0.000000 1.000000 0.000000
vn 0.000000 1.000000 -0.000000
vn -0.368979 0.548411 -0.750400
vn -0.367832 0.548491 -0.750904
vn -0.391263 0.548500 -0.738959
vn -0.390188 0.548419 -0.739588
vn -0.171339 -0.000004 -0.985212
vn -0.440496 -0.000016 -0.897755
vn -0.440493 -0.000016 -0.897756
vn -0.171344 -0.000004 -0.985211
vn 0.000000 1.000000 0.000001
vn 0.000000 1.000000 -0.000000
vn 0.000000 1.000000 -0.000000
vn 0.000000 1.000000 0.000001
vn -0.582825 0.548375 -0.599666
vn -0.581890 0.548458 -0.600499
vn -0.600504 0.548452 -0.581889
vn -0.599671 0.548371 -0.582825
vn -0.467383 -0.000014 -0.884055
vn -0.696347 0.000012 -0.717705
vn -0.696345 0.000012 -0.717707
vn -0.467386 -0.000014 -0.884053
vn 0.000000 1.000000 -0.000001
vn 0.000000 1.000000 0.000000
vn 0.000000 1.000000 -0.000000
vn 0.000000 1.000000 -0.000001
vn -0.739637 0.548336 -0.390212
vn -0.739006 0.548418 -0.391290
vn -0.750955 0.548414 -0.367843
vn -0.750451 0.548332 -0.368993
vn -0.717707 0.000010 -0.696346
vn -0.884057 0.000002 -0.467380
vn -0.884055 0.000002 -0.467383
vn -0.717709 0.000010 -0.696343
vn 0.000000 1.000000 -0.000001
vn 0.000000 1.000000 -0.000001
vn 0.000000 1.000000 -0.000001
vn 0.000000 1.000000 -0.000001
vn -0.824018 0.548330 -0.142579
vn -0.823751 0.548412 -0.143800
vn -0.827865 0.548416 -0.117810
vn -0.827742 0.548334 -0.119055
vn -0.897770 0.000005 -0.440464
vn -0.985213 0.000008 -0.171336
vn -0.985212 0.000008 -0.171339
vn -0.897773 0.000005 -0.440459
vn 0.000000 1.000000 -0.000001
vn 0.000000 1.000000 0.000000
vn 0.000000 1.000000 0.000000
vn 0.000000 1.000000 -0.000001
vn -0.989938 0.000008 -0.141504
vn -0.989939 0.000019 0.141493
vn -0.989940 0.000019 0.141490
vn -0.989938 0.000008 -0.141501
vn -0.823220 0.549170 0.143949
vn -0.823499 0.549081 0.142687
vn -0.827299 0.549081 0.118686
vn -0.827425 0.549169 0.117392
vn -0.749824 0.549537 0.368473
vn -0.750358 0.549623 0.367257
vn -0.738138 0.549615 0.391247
vn -0.738801 0.549531 0.390114
vn 0.000000 1.000000 0.000002
vn 0.000000 1.000000 0.000002
vn 0.000000 1.000000 0.000004
vn 0.000000 1.000000 0.000002
vn -0.599418 0.549301 0.582208
vn -0.600283 0.549388 0.581234
vn -0.581262 0.549381 0.600262
vn -0.582243 0.549294 0.599390
vn 0.000000 1.000000 0.000002
vn 0.000000 1.000000 0.000002
vn 0.000000 1.000000 0.000002
vn 0.000000 1.000000 0.000000
vn 0.000000 1.000000 0.000002
vn 0.000000 1.000000 0.000000
vn 0.000000 1.000000 -0.000000
vn 0.000000 1.000000 0.000000
vn 0.000000 1.000000 -0.000002
vn 0.000000 1.000000 -0.000000
vn 0.000000 1.000000 -0.000002
vn 0.000000 1.000000 0.000000
vn 0.000000 1.000000 -0.000000
vn 0.000000 1.000000 -0.000000
vn 0.000000 1.000000 -0.000001
vn 0.000000 1.000000 -0.000002
vn 0.000000 1.000000 -0.000000
vn 0.000000 1.000000 0.000000
vn 0.000000 1.000000 -0.000000
vn 0.000000 1.000000 -0.000002
vn 0.000000 1.000000 -0.000002
vn 0.000000 1.000000 0.000003
vn 0.000000 1.000000 0.000002
vn 0.000000 1.000000 0.000000
vn 0.000000 1.000000 0.000001
vn 0.000000 1.000000 0.000000
vn 0.000000 1.000000 0.000000
vn 0.000000 1.000000 0.000002
vn 0.000000 1.000000 -0.000002
vn 0.000000 1.000000 0.000000
vn 0.000000 1.000000 -0.000000
vn 0.000000 1.000000 0.000002
vn 0.000000 1.000000 0.000002
vn 0.000000 1.000000 -0.000002
vn 0.000000 1.000000 -0.000002
vn 0.000000 1.000000 -0.000002
vn 0.000000 1.000000 0.000000
vn 0.000000 1.000000 0.000000
vn 0.000000 1.000000 0.000002
vn 0.000000 1.000000 -0.000000
vn 0.000000 1.000000 0.000002
vn 0.000000 1.000000 0.000000
vn 0.000000 1.000000 0.000000
vn 0.000000 1.000000 -0.000000
vn 0.000000 1.000000 0.000001
vn 0.000000 1.000000 -0.000000
vn 0.000000 1.000000 0.000001
vn 0.000000 1.000000 0.000000
vn 0.000000 1.000000 -0.000002
vn 0.000000 1.000000 0.000000
vn 0.000000 1.000000 0.000000
vn 0.000000 1.000000 -0.000002
vn 0.000000 1.000000 -0.000002
vn 0.000000 1.000000 -0.000000
vn 0.000000 1.000000 0.000002
vn 0.000000 1.000000 0.000002
vn -0.390176 0.549267 0.738965
vn -0.391300 0.549353 0.738306
vn -0.367310 0.549347 0.750534
vn -0.368512 0.549260 0.750009
vn -0.142687 0.549349 0.823320
vn -0.143958 0.549435 0.823042
vn -0.117397 0.549443 0.827242
vn -0.118701 0.549356 0.827114
vn 0.118683 0.549342 0.827126
vn 0.117390 0.549429 0.827253
vn 0.143966 0.549419 0.823051
vn 0.142683 0.549331 0.823333
vn 0.368482 0.549325 0.749975
vn 0.367290 0.549412 0.750497
vn 0.391275 0.549403 0.738282
vn 0.390141 0.549316 0.738946
vn 0.582226 0.549296 0.599405
vn 0.581254 0.549383 0.600268
vn 0.600280 0.549374 0.581251
vn 0.599408 0.549287 0.582232
vn 0.738917 0.549353 0.390145
vn 0.738260 0.549438 0.391267
vn 0.750472 0.549442 0.367295
vn 0.749946 0.549355 0.368497
vn 0.823318 0.549352 0.142693
vn 0.823038 0.549438 0.143967
vn 0.827251 0.549431 0.117394
vn 0.827123 0.549345 0.118696
vn 0.827157 0.549293 -0.118696
vn 0.827284 0.549380 -0.117402
vn 0.823079 0.549372 -0.143982
vn 0.823360 0.549285 -0.142701
vn 0.750005 0.549283 -0.368484
vn 0.750529 0.549370 -0.367285
vn 0.738313 0.549362 -0.391274
vn 0.738976 0.549275 -0.390143
vn 0.599398 0.549315 -0.582216
vn 0.600265 0.549401 -0.581241
vn 0.581248 0.549398 -0.600260
vn 0.582229 0.549312 -0.599388
vn 0.390157 0.549292 -0.738957
vn 0.391281 0.549378 -0.738297
vn 0.367303 0.549377 -0.750516
vn 0.368505 0.549289 -0.749990
vn 0.142708 0.549352 -0.823315
vn 0.143980 0.549438 -0.823036
vn 0.117397 0.549440 -0.827245
vn 0.118704 0.549352 -0.827116
vn -0.118688 0.549405 -0.827084
vn -0.117396 0.549491 -0.827211
vn -0.143963 0.549478 -0.823012
vn -0.142683 0.549392 -0.823292
vn -0.368496 0.549297 -0.749989
vn -0.367305 0.549383 -0.750510
vn -0.391275 0.549376 -0.738302
vn -0.390143 0.549289 -0.738966
vn -0.582229 0.549270 -0.599426
vn -0.581260 0.549356 -0.600288
vn -0.600291 0.549351 -0.581261
vn -0.599420 0.549264 -0.582241
vn -0.738932 0.549341 -0.390134
vn -0.738274 0.549426 -0.391257
vn -0.750497 0.549422 -0.367273
vn -0.749968 0.549335 -0.368482
vn -0.823354 0.549291 -0.142714
vn -0.823075 0.549377 -0.143987
vn -0.827289 0.549370 -0.117417
vn -0.827160 0.549283 -0.118720
vn 0.893735 -0.000028 -0.448596
vn 0.986724 -0.000008 -0.162406
vn 0.986725 -0.000008 -0.162399
vn 0.893731 -0.000028 -0.448603
vn 0.746777 0.549206 -0.375096
vn 0.747005 0.549245 -0.374585
vn 0.742123 0.549245 -0.384165
vn 0.742405 0.549205 -0.383679
vn 0.000000 1.000000 0.000000
vn 0.000000 1.000000 0.000000
vn 0.000000 1.000000 -0.000000
vn 0.000000 1.000000 0.000000
vn 0.824532 0.549220 -0.136033
vn 0.824649 0.549180 -0.135483
vn 0.826156 0.549182 -0.125962
vn 0.826214 0.549221 -0.125408
vn 0.988619 -0.000007 -0.150444
vn 0.988618 0.000042 0.150450
vn 0.988617 0.000042 0.150457
vn 0.988618 -0.000007 -0.150451
vn 0.000000 1.000000 0.000000
vn 0.000000 1.000000 0.000000
vn 0.000000 1.000000 0.000000
vn 0.000000 1.000000 -0.000000
vn 0.826183 0.549267 0.125411
vn 0.826124 0.549227 0.125970
vn 0.824616 0.549229 0.135488
vn 0.824501 0.549268 0.136029
vn -0.986770 0.000003 0.162129
vn -0.893613 -0.000000 0.448839
vn -0.893614 -0.000000 0.448836
vn -0.986769 0.000003 0.162132
vn -0.825434 0.547902 0.135879
vn -0.825540 0.547866 0.135378
vn -0.826968 0.547870 0.126342
vn -0.827022 0.547906 0.125832
vn -0.747471 0.547831 0.375723
vn -0.747681 0.547867 0.375252
vn -0.743059 0.547870 0.384321
vn -0.743316 0.547834 0.383875
vn -0.988576 0.000005 -0.150723
vn -0.988577 0.000001 0.150719
vn -0.988577 0.000001 0.150716
vn -0.988577 0.000005 -0.150717
vn -0.827019 0.547911 -0.125833
vn -0.826965 0.547875 -0.126344
vn -0.825536 0.547871 -0.135380
vn -0.825430 0.547907 -0.135882
vn -0.888366 -0.000000 0.459137
vn -0.711181 -0.000052 0.703009
vn -0.711184 -0.000052 0.703006
vn -0.888364 -0.000000 0.459140
vn -0.594752 0.547891 0.588290
vn -0.595096 0.547927 0.587909
vn -0.587902 0.547928 0.595101
vn -0.588283 0.547893 0.594758
vn 0.711377 0.000032 -0.702811
vn 0.888240 -0.000028 -0.459379
vn 0.888244 -0.000028 -0.459372
vn 0.711372 0.000032 -0.702815
vn 0.594320 0.549212 -0.587495
vn 0.594691 0.549252 -0.587082
vn 0.587087 0.549248 -0.594689
vn 0.587504 0.549208 -0.594314
vn 0.000000 1.000000 0.000000
vn 0.000000 1.000000 0.000001
vn 0.000000 1.000000 0.000001
vn 0.000000 1.000000 -0.000000
vn -0.703009 -0.000054 0.711181
vn -0.459139 0.000039 0.888365
vn -0.459141 0.000039 0.888363
vn -0.703007 -0.000054 0.711183
vn -0.383891 0.547796 0.743335
vn -0.384336 0.547833 0.743078
vn -0.375270 0.547831 0.747699
vn -0.375739 0.547795 0.747490
vn 0.459374 -0.000046 -0.888243
vn 0.702812 0.000033 -0.711376
vn 0.702816 0.000033 -0.711371
vn 0.459369 -0.000046 -0.888246
vn 0.383673 0.549240 -0.742381
vn 0.384154 0.549280 -0.742104
vn 0.374573 0.549279 -0.746986
vn 0.375086 0.549239 -0.746758
vn 0.000000 1.000000 0.000001
vn 0.000000 1.000000 0.000000
vn 0.000000 1.000000 0.000000
vn 0.000000 1.000000 0.000001
vn -0.448842 0.000043 0.893611
vn -0.162131 -0.000027 0.986769
vn -0.162135 -0.000027 0.986769
vn -0.448840 0.000043 0.893612
vn -0.135374 0.547886 0.825527
vn -0.135875 0.547921 0.825421
vn -0.125828 0.547922 0.827012
vn -0.126338 0.547886 0.826958
vn 0.162408 0.000038 -0.986724
vn 0.448586 -0.000046 -0.893740
vn 0.448592 -0.000046 -0.893737
vn 0.162402 0.000038 -0.986725
vn 0.135481 0.549229 -0.824617
vn 0.136025 0.549268 -0.824501
vn 0.125409 0.549267 -0.826183
vn 0.125967 0.549227 -0.826125
vn 0.000000 1.000000 0.000000
vn 0.000000 1.000000 0.000000
vn 0.000000 1.000000 0.000000
vn 0.000000 1.000000 0.000000
vn -0.150720 -0.000031 0.988577
vn 0.150719 -0.000037 0.988577
vn 0.150716 -0.000037 0.988577
vn -0.150717 -0.000031 0.988577
vn 0.126336 0.547904 0.826947
vn 0.125825 0.547939 0.827001
vn 0.135873 0.547939 0.825410
vn 0.135371 0.547903 0.825516
vn -0.150448 0.000041 -0.988618
vn 0.150449 0.000041 -0.988618
vn 0.150456 0.000041 -0.988617
vn -0.150455 0.000041 -0.988617
vn -0.125963 0.549160 -0.826170
vn -0.125410 0.549200 -0.826227
vn -0.136034 0.549199 -0.824546
vn -0.135485 0.549159 -0.824663
vn 0.000000 1.000000 -0.000000
vn 0.000000 1.000000 0.000000
vn 0.000000 1.000000 0.000000
vn 0.000000 1.000000 -0.000000
vn 0.162130 -0.000034 0.986769
vn 0.448840 0.000035 0.893612
vn 0.448838 0.000035 0.893613
vn 0.162134 -0.000034 0.986769
vn 0.375739 0.547795 0.747490
vn 0.375270 0.547831 0.747699
vn 0.384336 0.547830 0.743080
vn 0.383891 0.547794 0.743336
vn -0.448590 -0.000045 -0.893738
vn -0.162407 0.000038 -0.986724
vn -0.162401 0.000038 -0.986725
vn -0.448595 -0.000045 -0.893735
vn -0.375082 0.549245 -0.746756
vn -0.374573 0.549284 -0.746982
vn -0.384155 0.549282 -0.742101
vn -0.383669 0.549242 -0.742382
vn 0.000000 1.000000 0.000000
vn 0.000000 1.000000 0.000000
vn 0.000000 1.000000 -0.000000
vn 0.000000 1.000000 0.000000
vn 0.459138 0.000032 0.888365
vn 0.703011 0.000012 0.711179
vn 0.703008 0.000012 0.711182
vn 0.459141 0.000032 0.888363
vn 0.588298 0.547874 0.594760
vn 0.587917 0.547910 0.595104
vn 0.595114 0.547912 0.587905
vn 0.594769 0.547876 0.588287
vn -0.702806 0.000016 -0.711382
vn -0.459378 -0.000045 -0.888241
vn -0.459372 -0.000045 -0.888244
vn -0.702811 0.000016 -0.711377
vn -0.587485 0.549232 -0.594312
vn -0.587072 0.549271 -0.594683
vn -0.594677 0.549271 -0.587079
vn -0.594302 0.549231 -0.587496
vn 0.000000 1.000000 -0.000000
vn 0.000000 1.000000 0.000000
vn 0.000000 1.000000 0.000000
vn 0.000000 1.000000 -0.000000
vn 0.711182 0.000014 0.703008
vn 0.888366 0.000016 0.459137
vn 0.888364 0.000016 0.459140
vn 0.711185 0.000014 0.703005
vn 0.743316 0.547833 0.383874
vn 0.743059 0.547869 0.384320
vn 0.747679 0.547869 0.375255
vn 0.747469 0.547833 0.375726
vn -0.888244 -0.000010 -0.459373
vn -0.711371 0.000016 -0.702817
vn -0.711366 0.000016 -0.702821
vn -0.888247 -0.000010 -0.459366
vn -0.742405 0.549207 -0.383676
vn -0.742125 0.549247 -0.384159
vn -0.747008 0.549243 -0.374581
vn -0.746780 0.549203 -0.375094
vn 0.000000 1.000000 0.000000
vn 0.000000 1.000000 0.000000
vn 0.000000 1.000000 0.000000
vn 0.000000 1.000000 0.000000
vn 0.893612 0.000015 0.448840
vn 0.986768 0.000029 0.162140
vn 0.986767 0.000029 0.162143
vn 0.893614 0.000015 0.448837
vn 0.825592 0.547783 0.135394
vn 0.825486 0.547819 0.135895
vn 0.827079 0.547815 0.125848
vn 0.827025 0.547780 0.126359
vn -0.986723 -0.000026 -0.162413
vn -0.893739 -0.000008 -0.448588
vn -0.893736 -0.000008 -0.448594
vn -0.986724 -0.000026 -0.162406
vn -0.824633 0.549202 -0.135492
vn -0.824517 0.549242 -0.136037
vn -0.826200 0.549241 -0.125414
vn -0.826141 0.549201 -0.125972
vn 0.000000 1.000000 0.000000
vn 0.000000 1.000000 0.000000
vn 0.000000 1.000000 0.000000
vn 0.000000 1.000000 0.000000
vn 0.988575 0.000031 0.150729
vn 0.988575 0.000026 -0.150732
vn 0.988575 0.000026 -0.150729
vn 0.988576 0.000031 0.150726
vn 0.827008 0.547806 -0.126358
vn 0.827062 0.547842 -0.125848
vn 0.825470 0.547843 -0.135895
vn 0.825576 0.547807 -0.135394
vn -0.988617 -0.000009 0.150454
vn -0.988617 -0.000027 -0.150452
vn -0.988616 -0.000027 -0.150459
vn -0.988616 -0.000009 0.150461
vn -0.826151 0.549187 0.125971
vn -0.826209 0.549226 0.125417
vn -0.824528 0.549224 0.136038
vn -0.824645 0.549184 0.135490
vn 0.000000 1.000000 0.000000
vn 0.000000 1.000000 0.000000
vn 0.000000 1.000000 -0.000000
vn 0.000000 1.000000 0.000000
vn 0.986767 0.000025 -0.162144
vn 0.893614 0.000067 -0.448836
vn 0.893617 0.000067 -0.448831
vn 0.986767 0.000025 -0.162146
vn 0.747488 0.547805 -0.375727
vn 0.747698 0.547841 -0.375257
vn 0.743080 0.547843 -0.384318
vn 0.743336 0.547807 -0.383874
vn -0.893738 -0.000012 0.448589
vn -0.986723 -0.000008 0.162414
vn -0.986724 -0.000008 0.162408
vn -0.893735 -0.000012 0.448595
vn -0.746778 0.549207 0.375094
vn -0.747004 0.549246 0.374584
vn -0.742122 0.549246 0.384166
vn -0.742403 0.549206 0.383680
vn 0.000000 1.000000 -0.000000
vn 0.000000 1.000000 0.000000
vn 0.000000 1.000000 0.000000
vn 0.000000 1.000000 -0.000000
vn 0.888369 0.000069 -0.459131
vn 0.711185 0.000078 -0.703005
vn 0.711189 0.000078 -0.703001
vn 0.888368 0.000069 -0.459132
vn 0.594795 0.547806 -0.588326
vn 0.595139 0.547842 -0.587944
vn 0.587944 0.547839 -0.595142
vn 0.588325 0.547804 -0.594798
vn -0.711372 0.000023 0.702815
vn -0.888240 -0.000013 0.459380
vn -0.888243 -0.000013 0.459374
vn -0.711368 0.000023 0.702820
vn -0.594315 0.549208 0.587504
vn -0.594688 0.549247 0.587089
vn -0.587089 0.549245 0.594690
vn -0.587507 0.549205 0.594314
vn 0.000000 1.000000 0.000000
vn 0.000000 1.000000 -0.000000
vn 0.000000 1.000000 -0.000000
vn 0.000000 1.000000 0.000000
vn 0.703016 0.000073 -0.711174
vn 0.459116 -0.000004 -0.888377
vn 0.459118 -0.000004 -0.888375
vn 0.703014 0.000073 -0.711176
vn 0.383860 0.547851 -0.743311
vn 0.384304 0.547886 -0.743055
vn 0.375237 0.547888 -0.747674
vn 0.375706 0.547852 -0.747464
vn -0.459365 -0.000085 0.888248
vn -0.702811 0.000021 0.711377
vn -0.702816 0.000021 0.711372
vn -0.459360 -0.000085 0.888250
vn -0.383666 0.549245 0.742382
vn -0.384148 0.549284 0.742104
vn -0.374559 0.549287 0.746987
vn -0.375072 0.549247 0.746759
vn 0.000000 1.000000 -0.000000
vn 0.000000 1.000000 -0.000000
vn 0.000000 1.000000 -0.000000
vn 0.000000 1.000000 -0.000000
vn 0.448823 0.000001 -0.893621
vn 0.162151 -0.000047 -0.986766
vn 0.162154 -0.000047 -0.986765
vn 0.448820 0.000001 -0.893622
vn 0.135389 0.547860 -0.825542
vn 0.135892 0.547896 -0.825436
vn 0.125842 0.547900 -0.827025
vn 0.126352 0.547864 -0.826971
vn -0.162416 -0.000045 0.986722
vn -0.448578 -0.000086 0.893744
vn -0.448584 -0.000086 0.893741
vn -0.162410 -0.000045 0.986723
vn -0.135486 0.549283 0.824579
vn -0.136030 0.549323 0.824464
vn -0.125413 0.549317 0.826149
vn -0.125972 0.549278 0.826090
vn 0.000000 1.000000 -0.000000
vn 0.000000 1.000000 0.000000
vn 0.000000 1.000000 0.000000
vn 0.000000 1.000000 -0.000000
vn 0.150732 -0.000055 -0.988575
vn -0.150733 -0.000052 -0.988575
vn -0.150730 -0.000052 -0.988575
vn 0.150728 -0.000055 -0.988575
vn -0.126354 0.547851 -0.826979
vn -0.125844 0.547887 -0.827033
vn -0.135894 0.547882 -0.825444
vn -0.135392 0.547847 -0.825550
vn 0.150460 -0.000049 0.988616
vn -0.150459 -0.000043 0.988616
vn -0.150466 -0.000043 0.988615
vn 0.150467 -0.000049 0.988615
vn 0.125965 0.549254 0.826107
vn 0.125413 0.549293 0.826165
vn 0.136036 0.549295 0.824481
vn 0.135487 0.549255 0.824599
vn 0.000000 1.000000 0.000000
vn 0.000000 1.000000 -0.000000
vn 0.000000 1.000000 -0.000000
vn 0.000000 1.000000 0.000000
vn -0.162152 -0.000044 -0.986766
vn -0.448822 0.000002 -0.893621
vn -0.448820 0.000002 -0.893622
vn -0.162155 -0.000044 -0.986765
vn -0.375703 0.547862 -0.747459
vn -0.375234 0.547898 -0.747668
vn -0.384300 0.547900 -0.743047
vn -0.383855 0.547864 -0.743303
vn 0.448577 -0.000070 0.893744
vn 0.162418 -0.000051 0.986722
vn 0.162411 -0.000051 0.986723
vn 0.448583 -0.000070 0.893741
vn 0.375042 0.549361 0.746690
vn 0.374533 0.549401 0.746916
vn 0.384108 0.549396 0.742042
vn 0.383623 0.549357 0.742321
vn 0.000000 1.000000 -0.000000
vn 0.000000 1.000000 0.000000
vn 0.000000 1.000000 0.000000
vn 0.000000 1.000000 -0.000000
vn -0.459115 -0.000004 -0.888377
vn -0.703016 0.000034 -0.711174
vn -0.703014 0.000033 -0.711176
vn -0.459117 -0.000004 -0.888376
vn -0.588323 0.547807 -0.594797
vn -0.587943 0.547843 -0.595140
vn -0.595136 0.547843 -0.587946
vn -0.594792 0.547807 -0.588328
vn 0.702814 0.000014 0.711374
vn 0.459362 -0.000069 0.888249
vn 0.459358 -0.000069 0.888251
vn 0.702819 0.000014 0.711369
vn 0.587492 0.549231 0.594305
vn 0.587079 0.549271 0.594677
vn 0.594683 0.549267 0.587076
vn 0.594308 0.549227 0.587493
vn 0.000000 1.000000 0.000000
vn 0.000000 1.000000 -0.000000
vn 0.000000 1.000000 -0.000000
vn 0.000000 1.000000 0.000000
vn -0.711185 0.000040 -0.703005
vn -0.888369 0.000053 -0.459130
vn -0.888368 0.000053 -0.459131
vn -0.711189 0.000040 -0.703001
vn -0.743334 0.547808 -0.383877
vn -0.743077 0.547844 -0.384322
vn -0.747699 0.547840 -0.375257
vn -0.747489 0.547804 -0.375727
vn 0.888238 0.000029 0.459383
vn 0.711377 0.000016 0.702811
vn 0.711372 0.000016 0.702816
vn 0.888241 0.000029 0.459377
vn 0.742399 0.549207 0.383686
vn 0.742121 0.549246 0.384167
vn 0.747006 0.549243 0.374586
vn 0.746777 0.549203 0.375099
vn 0.000000 1.000000 -0.000001
vn 0.000000 1.000000 -0.000000
vn 0.000000 1.000000 0.000000
vn 0.000000 1.000000 -0.000001
vn -0.893615 0.000051 -0.448835
vn -0.986769 0.000008 -0.162133
vn -0.986769 0.000008 -0.162135
vn -0.893617 0.000051 -0.448830
vn 0.986723 0.000045 0.162410
vn 0.893736 0.000031 0.448593
vn 0.893733 0.000031 0.448600
vn 0.986724 0.000045 0.162404
vn 0.000000 1.000000 0.000000
vn 0.000000 1.000000 -0.000000
vn 0.000000 1.000000 -0.000000
vn 0.000000 1.000000 0.000000
vn -0.986488 0.000027 0.163834
vn -0.894385 0.000023 0.447297
vn -0.894387 0.000023 0.447293
vn -0.986486 0.000027 0.163843
vn -0.825168 0.547931 0.137370
vn -0.825305 0.547885 0.136726
vn -0.827160 0.547886 0.125008
vn -0.827229 0.547932 0.124354
vn -0.748030 0.547914 0.374487
vn -0.748298 0.547960 0.373884
vn -0.742316 0.547962 0.385622
vn -0.742647 0.547916 0.385050
vn -0.887582 0.000024 0.460650
vn -0.712382 -0.000013 0.701791
vn -0.712387 -0.000013 0.701787
vn -0.887580 0.000024 0.460653
vn -0.595666 0.547972 0.587289
vn -0.596106 0.548018 0.586800
vn -0.586786 0.548019 0.596118
vn -0.587275 0.547974 0.595678
vn 0.894580 0.000021 -0.446908
vn 0.986419 -0.000003 -0.164250
vn 0.986420 -0.000003 -0.164241
vn 0.894576 0.000021 -0.446916
vn 0.747405 0.549293 -0.373716
vn 0.747697 0.549343 -0.373057
vn 0.741305 0.549342 -0.385603
vn 0.741670 0.549291 -0.384974
vn 0.824183 0.549337 -0.137660
vn 0.824336 0.549286 -0.136948
vn 0.826311 0.549285 -0.124482
vn 0.826385 0.549336 -0.123765
vn 0.712682 -0.000063 -0.701488
vn 0.887389 0.000019 -0.461021
vn 0.887394 0.000019 -0.461012
vn 0.712676 -0.000063 -0.701494
vn 0.595313 0.549320 -0.586388
vn 0.595793 0.549370 -0.585852
vn 0.585846 0.549366 -0.595803
vn 0.586386 0.549315 -0.595318
vn 0.988896 -0.000004 -0.148608
vn 0.988896 -0.000007 0.148608
vn 0.988895 -0.000007 0.148616
vn 0.988895 -0.000004 -0.148617
vn 0.826408 0.549301 0.123765
vn 0.826333 0.549250 0.124487
vn 0.824355 0.549254 0.136962
vn 0.824204 0.549304 0.137666
vn -0.988832 0.000042 -0.149034
vn -0.988833 0.000027 0.149031
vn -0.988833 0.000027 0.149027
vn -0.988833 0.000042 -0.149025
vn -0.827208 0.547964 -0.124352
vn -0.827139 0.547918 -0.125006
vn -0.825284 0.547916 -0.136724
vn -0.825148 0.547961 -0.137367
vn -0.701780 -0.000017 0.712394
vn -0.460676 -0.000085 0.887568
vn -0.460679 -0.000085 0.887567
vn -0.701777 -0.000017 0.712397
vn -0.385056 0.547942 0.742624
vn -0.385626 0.547988 0.742295
vn -0.373891 0.547982 0.748279
vn -0.374492 0.547937 0.748011
vn 0.461042 -0.000000 -0.887378
vn 0.701483 -0.000064 -0.712687
vn 0.701489 -0.000064 -0.712681
vn 0.461034 -0.000000 -0.887382
vn 0.385004 0.549241 -0.741692
vn 0.385628 0.549292 -0.741330
vn 0.373086 0.549289 -0.747722
vn 0.373749 0.549237 -0.747429
vn -0.447314 -0.000080 0.894377
vn -0.163831 0.000072 0.986488
vn -0.163835 0.000072 0.986488
vn -0.447310 -0.000080 0.894379
vn -0.136725 0.547847 0.825330
vn -0.137367 0.547893 0.825193
vn -0.124349 0.547890 0.827257
vn -0.125003 0.547845 0.827188
vn 0.164237 -0.000003 -0.986421
vn 0.446933 0.000003 -0.894568
vn 0.446940 0.000003 -0.894564
vn 0.164229 -0.000003 -0.986422
vn 0.136938 0.549366 -0.824284
vn 0.137641 0.549416 -0.824134
vn 0.123751 0.549415 -0.826334
vn 0.124472 0.549365 -0.826260
vn -0.149024 0.000073 0.988834
vn 0.149024 0.000068 0.988834
vn 0.149020 0.000068 0.988834
vn -0.149020 0.000073 0.988834
vn 0.125003 0.547852 0.827184
vn 0.124349 0.547897 0.827252
vn 0.137367 0.547902 0.825187
vn 0.136723 0.547856 0.825325
vn -0.148590 -0.000001 -0.988899
vn 0.148591 -0.000006 -0.988899
vn 0.148600 -0.000006 -0.988898
vn -0.148599 -0.000001 -0.988898
vn -0.124465 0.549262 -0.826329
vn -0.123750 0.549312 -0.826403
vn -0.137654 0.549307 -0.824204
vn -0.136944 0.549256 -0.824357
vn 0.163831 0.000068 0.986489
vn 0.447309 -0.000090 0.894380
vn 0.447305 -0.000090 0.894382
vn 0.163835 0.000068 0.986488
vn 0.374495 0.547942 0.748006
vn 0.373894 0.547988 0.748273
vn 0.385627 0.547989 0.742293
vn 0.385058 0.547944 0.742622
vn -0.446933 0.000007 -0.894568
vn -0.164236 0.000003 -0.986421
vn -0.164227 0.000003 -0.986423
vn -0.446940 0.000007 -0.894564
vn -0.373727 0.549315 -0.747383
vn -0.373069 0.549365 -0.747675
vn -0.385606 0.549364 -0.741287
vn -0.384977 0.549313 -0.741652
vn 0.460673 -0.000095 0.887570
vn 0.701786 0.000012 0.712388
vn 0.701782 0.000012 0.712392
vn 0.460676 -0.000095 0.887568
vn 0.587276 0.547973 0.595678
vn 0.586787 0.548018 0.596118
vn 0.596111 0.548018 0.586795
vn 0.595671 0.547972 0.587284
vn -0.701481 -0.000012 -0.712688
vn -0.461044 0.000004 -0.887377
vn -0.461036 0.000004 -0.887381
vn -0.701487 -0.000012 -0.712682
vn -0.586392 0.549290 -0.595335
vn -0.585857 0.549341 -0.595816
vn -0.595812 0.549340 -0.585861
vn -0.595327 0.549289 -0.586402
vn 0.712389 0.000018 0.701785
vn 0.887580 0.000030 0.460653
vn 0.887578 0.000030 0.460657
vn 0.712392 0.000018 0.701782
vn 0.742652 0.547915 0.385042
vn 0.742321 0.547961 0.385614
vn 0.748300 0.547961 0.373878
vn 0.748033 0.547916 0.374480
vn -0.887385 0.000018 -0.461029
vn -0.712681 -0.000012 -0.701488
vn -0.712676 -0.000012 -0.701494
vn -0.887390 0.000018 -0.461020
vn -0.741632 0.549348 -0.384966
vn -0.741270 0.549398 -0.385590
vn -0.747658 0.549395 -0.373058
vn -0.747365 0.549344 -0.373720
vn 0.894385 0.000026 0.447298
vn 0.986488 0.000014 0.163832
vn 0.986488 0.000014 0.163836
vn 0.894387 0.000026 0.447294
vn 0.825270 0.547940 0.136715
vn 0.825133 0.547986 0.137359
vn 0.827193 0.547987 0.124347
vn 0.827125 0.547941 0.125001
vn -0.986419 -0.000027 -0.164247
vn -0.894574 0.000018 -0.446920
vn -0.894570 0.000018 -0.446928
vn -0.986421 -0.000027 -0.164238
vn -0.824352 0.549259 -0.136960
vn -0.824201 0.549309 -0.137665
vn -0.826407 0.549304 -0.123763
vn -0.826332 0.549253 -0.124485
vn 0.988834 0.000016 0.149024
vn 0.988833 0.000039 -0.149026
vn 0.988834 0.000039 -0.149023
vn 0.988834 0.000016 0.149021
vn 0.827122 0.547946 -0.125000
vn 0.827190 0.547991 -0.124347
vn 0.825131 0.547989 -0.137359
vn 0.825267 0.547944 -0.136716
vn -0.988897 0.000002 0.148604
vn -0.988897 -0.000027 -0.148605
vn -0.988895 -0.000027 -0.148613
vn -0.988895 0.000002 0.148613
vn -0.826313 0.549285 0.124474
vn -0.826387 0.549335 0.123757
vn -0.824185 0.549336 0.137658
vn -0.824337 0.549285 0.136946
vn 0.986488 0.000038 -0.163835
vn 0.894386 0.000069 -0.447295
vn 0.894389 0.000069 -0.447290
vn 0.986487 0.000038 -0.163839
vn 0.748082 0.547831 -0.374505
vn 0.748350 0.547877 -0.373902
vn 0.742371 0.547876 -0.385640
vn 0.742699 0.547830 -0.385072
vn -0.894573 -0.000010 0.446921
vn -0.986419 0.000001 0.164247
vn -0.986421 0.000001 0.164238
vn -0.894569 -0.000010 0.446930
vn -0.747384 0.549318 0.373721
vn -0.747675 0.549368 0.373064
vn -0.741289 0.549366 0.385601
vn -0.741653 0.549315 0.384972
vn 0.887581 0.000070 -0.460652
vn 0.712394 -0.000030 -0.701780
vn 0.712397 -0.000030 -0.701777
vn 0.887579 0.000070 -0.460655
vn 0.595679 0.547965 -0.587283
vn 0.596119 0.548010 -0.586794
vn 0.586797 0.548012 -0.596114
vn 0.587286 0.547967 -0.595674
vn -0.712680 0.000004 0.701490
vn -0.887383 -0.000009 0.461033
vn -0.887387 -0.000009 0.461025
vn -0.712673 0.000004 0.701496
vn -0.595313 0.549307 0.586400
vn -0.595795 0.549357 0.585862
vn -0.585846 0.549356 0.595812
vn -0.586388 0.549305 0.595327
vn 0.701792 -0.000036 -0.712382
vn 0.460627 -0.000062 -0.887594
vn 0.460630 -0.000062 -0.887592
vn 0.701788 -0.000036 -0.712386
vn 0.385014 0.547979 -0.742619
vn 0.385583 0.548024 -0.742290
vn 0.373843 0.548027 -0.748270
vn 0.374443 0.547982 -0.748003
vn -0.461029 -0.000080 0.887385
vn -0.701479 0.000001 0.712691
vn -0.701485 0.000001 0.712684
vn -0.461023 -0.000080 0.887388
vn -0.384986 0.549325 0.741638
vn -0.385609 0.549376 0.741278
vn -0.373066 0.549373 0.747671
vn -0.373729 0.549322 0.747377
vn 0.447266 -0.000060 -0.894401
vn 0.163843 -0.000049 -0.986487
vn 0.163846 -0.000049 -0.986486
vn 0.447263 -0.000060 -0.894403
vn 0.136719 0.547957 -0.825258
vn 0.137362 0.548002 -0.825121
vn 0.124351 0.548000 -0.827183
vn 0.125005 0.547955 -0.827115
vn -0.164239 0.000000 0.986421
vn -0.446925 -0.000078 0.894572
vn -0.446933 -0.000078 0.894567
vn -0.164230 0.000000 0.986422
vn -0.136938 0.549344 0.824299
vn -0.137641 0.549395 0.824148
vn -0.123741 0.549397 0.826348
vn -0.124464 0.549346 0.826273
vn 0.149036 -0.000050 -0.988832
vn -0.149037 -0.000043 -0.988832
vn -0.149033 -0.000043 -0.988832
vn 0.149031 -0.000050 -0.988832
vn -0.125007 0.547941 -0.827124
vn -0.124352 0.547987 -0.827192
vn -0.137362 0.547987 -0.825132
vn -0.136721 0.547942 -0.825268
vn 0.148595 -0.000000 0.988898
vn -0.148594 0.000000 0.988898
vn -0.148603 0.000000 0.988897
vn 0.148603 -0.000000 0.988897
vn 0.124454 0.549450 0.826206
vn 0.123740 0.549500 0.826280
vn 0.137628 0.549498 0.824082
vn 0.136919 0.549447 0.824234
vn -0.163845 -0.000040 -0.986486
vn -0.447268 -0.000032 -0.894400
vn -0.447264 -0.000032 -0.894402
vn -0.163848 -0.000040 -0.986486
vn -0.374447 0.547966 -0.748012
vn -0.373846 0.548012 -0.748280
vn -0.385587 0.548014 -0.742296
vn -0.385017 0.547969 -0.742625
vn 0.446927 -0.000094 0.894571
vn 0.164240 0.000000 0.986420
vn 0.164232 0.000000 0.986422
vn 0.446934 -0.000094 0.894567
vn 0.373705 0.549353 0.747366
vn 0.373046 0.549404 0.747658
vn 0.385592 0.549401 0.741268
vn 0.384964 0.549350 0.741632
vn -0.460626 -0.000037 -0.887594
vn -0.701787 -0.000055 -0.712387
vn -0.701784 -0.000055 -0.712390
vn -0.460629 -0.000037 -0.887593
vn -0.587286 0.547970 -0.595671
vn -0.586797 0.548015 -0.596111
vn -0.596116 0.548010 -0.586796
vn -0.595676 0.547965 -0.587286
vn 0.701479 -0.000042 0.712690
vn 0.461029 -0.000098 0.887385
vn 0.461022 -0.000098 0.887389
vn 0.701485 -0.000042 0.712684
vn 0.586363 0.549355 0.595304
vn 0.585827 0.549406 0.595785
vn 0.595776 0.549401 0.585842
vn 0.595291 0.549350 0.586382
vn -0.712388 -0.000049 -0.701785
vn -0.887580 0.000028 -0.460654
vn -0.887578 0.000028 -0.460657
vn -0.712392 -0.000049 -0.701782
vn -0.742663 0.547885 -0.385064
vn -0.742335 0.547930 -0.385631
vn -0.748316 0.547930 -0.373892
vn -0.748048 0.547884 -0.374495
vn 0.887386 0.000001 0.461027
vn 0.712677 -0.000040 0.701492
vn 0.712670 -0.000040 0.701499
vn 0.887390 0.000001 0.461019
vn 0.741628 0.549352 0.384968
vn 0.741266 0.549403 0.385592
vn 0.747661 0.549395 0.373053
vn 0.747366 0.549344 0.373717
vn -0.894387 0.000028 -0.447294
vn -0.986487 0.000043 -0.163839
vn -0.986487 0.000043 -0.163843
vn -0.894390 0.000028 -0.447288
vn 0.986419 -0.000006 0.164250
vn 0.894579 0.000004 0.446910
vn 0.894575 0.000004 0.446919
vn 0.986420 -0.000006 0.164241
vn -0.766503 -0.591950 -0.249136
vn -0.766503 -0.591950 -0.249136
vn -0.766503 -0.591950 -0.249136
vn -0.766503 -0.591950 -0.249136
vn -0.130854 -0.548111 0.826106
vn -0.130854 -0.548111 0.826106
vn -0.127086 -0.548398 0.826504
vn -0.126646 -0.548431 0.826550
vn 0.129191 -0.532185 0.836713
vn 0.129608 -0.532100 0.836703
vn 0.133319 -0.531347 0.836598
vn 0.133319 -0.531347 0.836598
vn 0.000000 -1.000000 -0.000000
vn 0.000000 -1.000000 -0.000000
vn -0.000242 -0.999998 -0.001853
vn -0.000348 -0.999996 -0.002672
vn 0.775299 -0.579229 -0.251805
vn 0.775299 -0.579229 -0.251805
vn 0.775299 -0.579229 -0.251805
vn 0.775299 -0.579229 -0.251805
vn -0.746906 0.548822 0.375401
vn -0.747120 0.548859 0.374922
vn -0.742461 0.548856 0.384069
vn -0.742726 0.548819 0.383610
vn 0.000000 1.000000 0.000001
vn 0.000000 1.000000 -0.000001
vn 0.000000 1.000000 -0.000002
vn 0.000000 1.000000 0.000000
vn -0.824690 0.549035 0.135823
vn -0.824800 0.548998 0.135301
vn -0.826239 0.548999 0.126211
vn -0.826296 0.549036 0.125677
vn 0.747561 0.547844 -0.375526
vn 0.747779 0.547882 -0.375036
vn 0.742945 0.547882 -0.384524
vn 0.743212 0.547845 -0.384059
vn 0.825409 0.547878 -0.136121
vn 0.825520 0.547841 -0.135598
vn 0.827018 0.547843 -0.126132
vn 0.827074 0.547881 -0.125599
vn 0.827101 0.547839 0.125604
vn 0.827045 0.547802 0.126137
vn 0.825547 0.547800 0.135602
vn 0.825436 0.547837 0.136127
vn 0.000000 1.000000 0.000000
vn 0.000000 1.000000 0.000001
vn 0.000000 1.000000 0.000001
vn 0.000000 1.000000 0.000000
vn -0.826578 0.548597 -0.125739
vn -0.826524 0.548560 -0.126258
vn -0.825082 0.548561 -0.135353
vn -0.824972 0.548599 -0.135868
vn -0.594368 0.548773 0.587857
vn -0.594722 0.548810 0.587463
vn -0.587460 0.548812 0.594724
vn -0.587855 0.548774 0.594368
vn 0.000000 1.000000 -0.000002
vn 0.000000 1.000000 -0.000004
vn 0.000000 1.000000 -0.000004
vn 0.000000 1.000000 -0.000002
vn 0.594944 0.547829 -0.588154
vn 0.595303 0.547867 -0.587756
vn 0.587762 0.547864 -0.595299
vn 0.588161 0.547827 -0.594939
vn -0.383629 0.548772 0.742750
vn -0.384086 0.548810 0.742486
vn -0.374941 0.548805 0.747150
vn -0.375427 0.548767 0.746933
vn 0.000000 1.000000 -0.000004
vn 0.000000 1.000000 0.000000
vn 0.000000 1.000000 0.000000
vn 0.000000 1.000000 -0.000004
vn 0.384059 0.547880 -0.743187
vn 0.384523 0.547917 -0.742919
vn 0.375030 0.547922 -0.747752
vn 0.375520 0.547885 -0.747534
vn -0.135316 0.548803 0.824928
vn -0.135832 0.548840 0.824818
vn -0.125692 0.548841 0.826423
vn -0.126221 0.548803 0.826368
vn 0.000000 1.000000 -0.000000
vn 0.000000 1.000000 -0.000000
vn 0.000000 1.000000 -0.000000
vn 0.000000 1.000000 -0.000000
vn 0.135598 0.547806 -0.825544
vn 0.136123 0.547844 -0.825432
vn 0.125601 0.547838 -0.827102
vn 0.126135 0.547800 -0.827046
vn 0.126217 0.548727 0.826419
vn 0.125693 0.548765 0.826473
vn 0.135842 0.548758 0.824871
vn 0.135321 0.548720 0.824982
vn 0.000000 1.000000 0.000000
vn 0.000000 1.000000 0.000000
vn 0.000000 1.000000 0.000000
vn 0.000000 1.000000 0.000000
vn -0.126135 0.547804 -0.827043
vn -0.125602 0.547841 -0.827100
vn -0.136123 0.547848 -0.825429
vn -0.135599 0.547810 -0.825541
vn 0.375423 0.548749 0.746948
vn 0.374941 0.548786 0.747163
vn 0.384086 0.548787 0.742503
vn 0.383625 0.548750 0.742769
vn 0.000000 1.000000 -0.000000
vn 0.000000 1.000000 0.000004
vn 0.000000 1.000000 0.000004
vn 0.000000 1.000000 -0.000000
vn -0.375516 0.547879 -0.747540
vn -0.375026 0.547916 -0.747759
vn -0.384519 0.547913 -0.742925
vn -0.384053 0.547875 -0.743193
vn 0.587866 0.548758 0.594372
vn 0.587474 0.548795 0.594725
vn 0.594737 0.548791 0.587466
vn 0.594379 0.548754 0.587863
vn 0.000000 1.000000 0.000004
vn 0.000000 1.000000 0.000004
vn 0.000000 1.000000 0.000004
vn 0.000000 1.000000 0.000004
vn -0.588157 0.547826 -0.594943
vn -0.587759 0.547864 -0.595303
vn -0.595300 0.547863 -0.587763
vn -0.594940 0.547825 -0.588161
vn 0.742744 0.548781 0.383628
vn 0.742481 0.548818 0.384085
vn 0.747142 0.548821 0.374932
vn 0.746926 0.548783 0.375418
vn 0.000000 1.000000 0.000004
vn 0.000000 1.000000 -0.000003
vn 0.000000 1.000000 -0.000003
vn 0.000000 1.000000 0.000004
vn -0.743199 0.547866 -0.384054
vn -0.742932 0.547903 -0.384519
vn -0.747766 0.547905 -0.375027
vn -0.747548 0.547868 -0.375517
vn 0.824930 0.548798 0.135320
vn 0.824820 0.548836 0.135836
vn 0.826428 0.548833 0.125697
vn 0.826372 0.548795 0.126225
vn 0.000000 1.000000 -0.000002
vn 0.000000 1.000000 0.000001
vn 0.000000 1.000000 0.000001
vn 0.000000 1.000000 -0.000002
vn -0.825504 0.547864 -0.135600
vn -0.825394 0.547902 -0.136122
vn -0.827059 0.547903 -0.125602
vn -0.827003 0.547865 -0.126136
vn 0.826382 0.548781 -0.126225
vn 0.826437 0.548819 -0.125701
vn 0.824832 0.548815 -0.135841
vn 0.824943 0.548778 -0.135322
vn 0.000000 1.000000 0.000000
vn 0.000000 1.000000 -0.000001
vn 0.000000 1.000000 -0.000000
vn 0.000000 1.000000 0.000001
vn -0.826986 0.547890 0.126136
vn -0.827043 0.547928 0.125603
vn -0.825376 0.547927 0.136124
vn -0.825487 0.547890 0.135600
vn 0.746971 0.548712 -0.375433
vn 0.747187 0.548750 -0.374948
vn 0.742527 0.548746 -0.384097
vn 0.742793 0.548708 -0.383638
vn 0.000000 1.000000 0.000001
vn 0.000000 1.000000 0.000001
vn 0.000000 1.000000 0.000000
vn 0.000000 1.000000 0.000000
vn -0.747544 0.547871 0.375519
vn -0.747762 0.547908 0.375030
vn -0.742927 0.547904 0.384526
vn -0.743195 0.547867 0.384061
vn 0.594401 0.548706 -0.587885
vn 0.594756 0.548743 -0.587491
vn 0.587492 0.548749 -0.594751
vn 0.587888 0.548710 -0.594394
vn 0.000000 1.000000 0.000000
vn 0.000000 1.000000 0.000004
vn 0.000000 1.000000 0.000004
vn 0.000000 1.000000 0.000000
vn -0.594932 0.547842 0.588154
vn -0.595292 0.547879 0.587755
vn -0.587754 0.547885 0.595287
vn -0.588153 0.547848 0.594928
vn 0.383602 0.548811 -0.742735
vn 0.384058 0.548849 -0.742472
vn 0.374915 0.548840 -0.747137
vn 0.375400 0.548803 -0.746920
vn 0.000000 1.000000 0.000004
vn 0.000000 1.000000 -0.000004
vn 0.000000 1.000000 -0.000004
vn 0.000000 1.000000 0.000004
vn -0.384032 0.547918 0.743173
vn -0.384496 0.547955 0.742905
vn -0.375005 0.547955 0.747741
vn -0.375495 0.547917 0.747523
vn 0.135321 0.548884 -0.824872
vn 0.135837 0.548921 -0.824763
vn 0.125693 0.548929 -0.826365
vn 0.126224 0.548891 -0.826309
vn 0.000000 1.000000 -0.000004
vn 0.000000 1.000000 -0.000000
vn 0.000000 1.000000 -0.000000
vn 0.000000 1.000000 -0.000004
vn -0.135603 0.547869 0.825501
vn -0.136127 0.547906 0.825390
vn -0.125607 0.547905 0.827057
vn -0.126140 0.547868 0.827000
vn -0.126216 0.548897 -0.826306
vn -0.125693 0.548934 -0.826361
vn -0.135837 0.548923 -0.824762
vn -0.135316 0.548886 -0.824872
vn 0.000000 1.000000 -0.000000
vn 0.000000 1.000000 -0.000000
vn 0.000000 1.000000 -0.000000
vn 0.000000 1.000000 -0.000000
vn 0.126141 0.547857 0.827008
vn 0.125608 0.547894 0.827064
vn 0.136128 0.547896 0.825397
vn 0.135604 0.547858 0.825508
vn -0.375400 0.548745 -0.746963
vn -0.374919 0.548782 -0.747177
vn -0.384067 0.548784 -0.742515
vn -0.383607 0.548746 -0.742781
vn 0.000000 1.000000 0.000000
vn 0.000000 1.000000 0.000000
vn 0.000000 1.000000 0.000000
vn 0.000000 1.000000 0.000000
vn 0.375501 0.547895 0.747536
vn 0.375010 0.547933 0.747755
vn 0.384503 0.547931 0.742920
vn 0.384040 0.547894 0.743186
vn -0.587862 0.548773 -0.594362
vn -0.587470 0.548811 -0.594715
vn -0.594730 0.548806 -0.587459
vn -0.594373 0.548769 -0.587855
vn 0.000000 1.000000 0.000000
vn 0.000000 1.000000 0.000000
vn 0.000000 1.000000 0.000000
vn 0.000000 1.000000 0.000000
vn 0.588165 0.547823 0.594939
vn 0.587765 0.547861 0.595299
vn 0.595302 0.547858 0.587764
vn 0.594943 0.547821 0.588162
vn -0.742776 0.548732 -0.383637
vn -0.742513 0.548769 -0.384093
vn -0.747176 0.548768 -0.374943
vn -0.746958 0.548730 -0.375431
vn 0.000000 1.000000 0.000001
vn 0.000000 1.000000 0.000001
vn 0.000000 1.000000 0.000000
vn 0.000000 1.000000 0.000000
vn 0.743221 0.547824 0.384073
vn 0.742953 0.547861 0.384538
vn 0.747789 0.547862 0.375045
vn 0.747571 0.547825 0.375533
vn 0.000000 1.000000 0.000000
vn 0.000000 1.000000 0.000001
vn 0.000000 1.000000 0.000001
vn 0.000000 1.000000 0.000000
vn 0.825049 0.548023 -0.137713
vn 0.825193 0.547976 -0.137037
vn 0.827148 0.547982 -0.124668
vn 0.827220 0.548030 -0.123979
vn 0.000000 1.000000 0.000000
vn 0.000000 1.000000 0.000000
vn 0.000000 1.000000 0.000000
vn 0.000000 1.000000 0.000000
vn 0.748181 0.547922 -0.374174
vn 0.748464 0.547970 -0.373538
vn 0.742145 0.547976 -0.385931
vn 0.742492 0.547928 -0.385331
vn -0.824500 0.548945 0.137329
vn -0.824640 0.548898 0.136674
vn -0.826513 0.548896 0.124856
vn -0.826585 0.548944 0.124170
vn -0.747385 0.549049 0.374114
vn -0.747665 0.549096 0.373483
vn -0.741613 0.549094 0.385366
vn -0.741955 0.549047 0.384773
vn -0.595268 0.548922 0.586806
vn -0.595721 0.548969 0.586301
vn -0.586298 0.548970 0.595724
vn -0.586806 0.548922 0.595268
vn 0.000000 1.000000 0.000000
vn 0.000000 1.000000 0.000000
vn 0.000000 1.000000 0.000000
vn 0.000000 1.000000 0.000000
vn 0.595882 0.548012 -0.587032
vn 0.596345 0.548060 -0.586517
vn 0.586510 0.548058 -0.596354
vn 0.587026 0.548011 -0.595890
vn 0.827220 0.548029 0.123981
vn 0.827148 0.547981 0.124669
vn 0.825193 0.547976 0.137039
vn 0.825049 0.548023 0.137713
vn 0.000000 1.000000 0.000000
vn 0.000000 1.000000 0.000001
vn 0.000000 1.000000 0.000001
vn 0.000000 1.000000 0.000000
vn -0.826728 0.548715 -0.124230
vn -0.826659 0.548667 -0.124897
vn -0.824782 0.548675 -0.136716
vn -0.824639 0.548723 -0.137380
vn -0.384811 0.548955 0.742003
vn -0.385397 0.549003 0.741664
vn -0.373517 0.548995 0.747723
vn -0.374141 0.548948 0.747445
vn 0.000000 1.000000 0.000000
vn 0.000000 1.000000 0.000000
vn 0.000000 1.000000 0.000000
vn 0.000000 1.000000 0.000000
vn 0.385351 0.547922 -0.742487
vn 0.385950 0.547969 -0.742140
vn 0.373563 0.547965 -0.748455
vn 0.374196 0.547918 -0.748174
vn -0.136672 0.548860 0.824666
vn -0.137334 0.548907 0.824525
vn -0.124175 0.548909 0.826608
vn -0.124854 0.548860 0.826537
vn 0.000000 1.000000 -0.000001
vn 0.000000 1.000000 -0.000001
vn 0.000000 1.000000 -0.000001
vn 0.000000 1.000000 -0.000001
vn 0.137034 0.547927 -0.825226
vn 0.137710 0.547975 -0.825082
vn 0.123971 0.547978 -0.827255
vn 0.124659 0.547930 -0.827183
vn 0.124846 0.548871 0.826531
vn 0.124173 0.548919 0.826601
vn 0.137333 0.548917 0.824518
vn 0.136665 0.548869 0.824661
vn 0.000000 1.000000 0.000000
vn 0.000000 1.000000 0.000000
vn 0.000000 1.000000 0.000000
vn 0.000000 1.000000 0.000000
vn -0.124658 0.547929 -0.827184
vn -0.123969 0.547977 -0.827256
vn -0.137709 0.547974 -0.825082
vn -0.137031 0.547926 -0.825227
vn 0.374128 0.548950 0.747451
vn 0.373508 0.548997 0.747726
vn 0.385391 0.548991 0.741675
vn 0.384799 0.548944 0.742018
vn 0.000000 1.000000 0.000000
vn 0.000000 1.000000 0.000000
vn 0.000000 1.000000 0.000000
vn 0.000000 1.000000 0.000000
vn -0.374191 0.547933 -0.748165
vn -0.373559 0.547980 -0.748446
vn -0.385945 0.547984 -0.742132
vn -0.385346 0.547937 -0.742478
vn 0.586832 0.548865 0.595295
vn 0.586328 0.548912 0.595748
vn 0.595751 0.548910 0.586326
vn 0.595293 0.548862 0.586836
vn 0.000000 1.000000 0.000000
vn 0.000000 1.000000 0.000000
vn 0.000000 1.000000 0.000000
vn 0.000000 1.000000 0.000000
vn -0.587045 0.547968 -0.595911
vn -0.586529 0.548015 -0.596375
vn -0.596364 0.548017 -0.586539
vn -0.595902 0.547969 -0.587053
vn 0.742078 0.548839 0.384832
vn 0.741739 0.548887 0.385418
vn 0.747791 0.548886 0.373542
vn 0.747513 0.548838 0.374168
vn 0.000000 1.000000 0.000000
vn 0.000000 1.000000 0.000000
vn 0.000000 1.000000 0.000000
vn 0.000000 1.000000 0.000000
vn -0.742457 0.547986 -0.385318
vn -0.742109 0.548034 -0.385919
vn -0.748425 0.548032 -0.373525
vn -0.748144 0.547985 -0.374157
vn 0.824661 0.548866 0.136678
vn 0.824519 0.548913 0.137339
vn 0.826606 0.548910 0.124176
vn 0.826536 0.548863 0.124854
vn 0.000000 1.000000 0.000000
vn 0.000000 1.000000 0.000000
vn 0.000000 1.000000 0.000000
vn 0.000000 1.000000 0.000000
vn -0.825191 0.547980 -0.137034
vn -0.825046 0.548028 -0.137710
vn -0.827221 0.548028 -0.123977
vn -0.827150 0.547980 -0.124665
vn 0.826532 0.548871 -0.124846
vn 0.826602 0.548918 -0.124173
vn 0.824517 0.548917 -0.137339
vn 0.824659 0.548869 -0.136673
vn 0.000000 1.000000 0.000000
vn 0.000000 1.000000 0.000001
vn 0.000000 1.000000 0.000001
vn 0.000000 1.000000 0.000000
vn -0.827150 0.547980 0.124665
vn -0.827222 0.548027 0.123977
vn -0.825048 0.548025 0.137710
vn -0.825192 0.547978 0.137036
vn 0.747536 0.548810 -0.374164
vn 0.747812 0.548858 -0.373541
vn 0.741763 0.548853 -0.385419
vn 0.742106 0.548805 -0.384827
vn 0.000000 1.000000 0.000001
vn 0.000000 1.000000 0.000000
vn 0.000000 1.000000 0.000000
vn 0.000000 1.000000 0.000001
vn -0.748177 0.547921 0.374184
vn -0.748460 0.547969 0.373547
vn -0.742145 0.547969 0.385941
vn -0.742492 0.547921 0.385343
vn 0.595268 0.548932 -0.586796
vn 0.595722 0.548979 -0.586291
vn 0.586292 0.548987 -0.595714
vn 0.586802 0.548938 -0.595256
vn 0.000000 1.000000 0.000000
vn 0.000000 1.000000 0.000003
vn 0.000000 1.000000 0.000003
vn 0.000000 1.000000 0.000000
vn -0.595921 0.547926 0.587073
vn -0.596384 0.547974 0.586558
vn -0.586549 0.547977 0.596390
vn -0.587063 0.547929 0.595928
vn 0.384751 0.549005 -0.741997
vn 0.385336 0.549052 -0.741659
vn 0.373464 0.549047 -0.747711
vn 0.374087 0.549000 -0.747434
vn 0.000000 1.000000 0.000004
vn 0.000000 1.000000 0.000000
vn 0.000000 1.000000 0.000000
vn 0.000000 1.000000 0.000004
vn -0.385319 0.548029 0.742424
vn -0.385916 0.548076 0.742079
vn -0.373527 0.548072 0.748395
vn -0.374159 0.548025 0.748113
vn 0.136675 0.548979 -0.824586
vn 0.137335 0.549026 -0.824445
vn 0.124173 0.549024 -0.826531
vn 0.124854 0.548976 -0.826460
vn 0.000000 1.000000 0.000000
vn 0.000000 1.000000 0.000000
vn 0.000000 1.000000 0.000000
vn 0.000000 1.000000 0.000000
vn -0.137039 0.547870 0.825263
vn -0.137718 0.547918 0.825118
vn -0.123983 0.547922 0.827290
vn -0.124671 0.547874 0.827219
vn -0.124847 0.548936 -0.826488
vn -0.124174 0.548984 -0.826558
vn -0.137340 0.548976 -0.824477
vn -0.136670 0.548929 -0.824620
vn 0.000000 1.000000 -0.000000
vn 0.000000 1.000000 -0.000000
vn 0.000000 1.000000 -0.000000
vn 0.000000 1.000000 -0.000000
vn 0.124673 0.547872 0.827220
vn 0.123984 0.547920 0.827292
vn 0.137719 0.547915 0.825120
vn 0.137043 0.547867 0.825264
vn -0.374117 0.548876 -0.747510
vn -0.373500 0.548923 -0.747785
vn -0.385374 0.548926 -0.741733
vn -0.384784 0.548878 -0.742075
vn 0.000000 1.000000 0.000000
vn 0.000000 1.000000 0.000000
vn 0.000000 1.000000 0.000000
vn 0.000000 1.000000 0.000000
vn 0.374138 0.548079 0.748084
vn 0.373506 0.548125 0.748366
vn 0.385895 0.548132 0.742049
vn 0.385299 0.548085 0.742393
vn -0.586809 0.548921 -0.595266
vn -0.586303 0.548969 -0.595720
vn -0.595729 0.548963 -0.586299
vn -0.595272 0.548916 -0.586807
vn 0.000000 1.000000 0.000000
vn 0.000000 1.000000 0.000000
vn 0.000000 1.000000 0.000000
vn 0.000000 1.000000 0.000000
vn 0.587076 0.547897 0.595945
vn 0.586561 0.547945 0.596408
vn 0.596391 0.547944 0.586579
vn 0.595927 0.547896 0.587095
vn -0.742083 0.548837 -0.384825
vn -0.741744 0.548884 -0.385412
vn -0.747797 0.548885 -0.373530
vn -0.747519 0.548836 -0.374158
vn 0.000000 1.000000 0.000000
vn 0.000000 1.000000 0.000003
vn 0.000000 1.000000 0.000003
vn 0.000000 1.000000 0.000000
vn 0.742488 0.547924 0.385346
vn 0.742142 0.547972 0.385944
vn 0.748462 0.547967 0.373546
vn 0.748179 0.547919 0.374184
vn 0.000000 1.000000 0.000002
vn 0.000000 1.000000 -0.000000
vn 0.000000 1.000000 0.000000
vn 0.000000 1.000000 0.000002
vn 0.000000 -1.000000 -0.000000
vn 0.000000 -1.000000 -0.000000
vn 0.000000 -1.000000 0.000000
vn 0.000000 -1.000000 -0.000001
vn -0.156434 -0.000036 0.987688
vn -0.951056 -0.000018 -0.309018
vn -0.951056 -0.000018 -0.309018
vn -0.951056 -0.000018 -0.309018
vn -0.951056 -0.000018 -0.309018
vn 0.156433 0.000000 0.987689
vn 0.951057 -0.000009 -0.309016
vn 0.951057 -0.000009 -0.309016
vn 0.951057 -0.000009 -0.309016
vn 0.951057 -0.000009 -0.309016
vn -0.655837 -0.261964 0.707992
vn 0.651700 -0.262357 0.711657
vn 0.004650 -0.997471 -0.070924
vn 0.004650 -0.997471 -0.070924
vn -0.759630 -0.454271 0.465404
vn -0.759630 -0.454271 0.465404
vn -0.759630 -0.454271 0.465404
vn -0.042565 -0.944269 -0.326412
vn -0.042565 -0.944269 -0.326412
vn 0.723596 -0.422912 0.545486
vn 0.723596 -0.422912 0.545486
vn 0.723596 -0.422912 0.545486
s 1
g Island Stovetop Stovetop_1
usemtl openPBRSurface2SG
f 2328/2707/4650 2331/3496/4651 2504/2804/4652 2503/2716/4653
s 2
f 2329/2709/4654 2328/2708/4655 2335/3783/4656 2334/3474/4657
s 3
f 2330/3781/4658 2329/2709/4659 2412/2810/4660 2411/2710/4661
s 2
f 2331/2711/4662 2330/2712/4663 2407/2805/4664 2406/2713/4665
s 1
f 2332/2714/4666 2335/2715/4667 2503/2716/4653 2502/2721/4668
s 2
f 2333/2718/4669 2332/2717/4670 2339/3784/4671 2338/3475/4672
s 3
f 2334/3474/4673 2333/2718/4674 2416/2814/4675 2415/2811/4676
s 1
f 2336/2719/4677 2339/2720/4678 2502/2721/4668 2501/2726/4679
s 2
f 2337/2723/4680 2336/2722/4681 2343/3785/4682 2342/3476/4683
s 3
f 2338/3475/4684 2337/2723/4685 2420/2818/4686 2419/2815/4687
s 1
f 2340/2724/4688 2343/2725/4689 2501/2726/4679 2500/2731/4690
s 2
f 2341/2728/4691 2340/2727/4692 2347/3786/4693 2346/3477/4694
s 3
f 2342/3476/4695 2341/2728/4696 2424/2822/4697 2423/2819/4698
s 1
f 2344/2729/4699 2347/2730/4700 2500/2731/4690 2499/2736/4701
s 2
f 2345/2733/4702 2344/2732/4703 2351/3787/4704 2350/3478/4705
s 3
f 2346/3477/4706 2345/2733/4707 2428/2826/4708 2427/2823/4709
s 1
f 2348/2734/4710 2351/2735/4711 2499/2736/4701 2498/2741/4712
s 2
f 2349/2738/4713 2348/2737/4714 2355/3788/4715 2354/3479/4716
s 3
f 2350/3478/4717 2349/2738/4718 2432/2830/4719 2431/2827/4720
s 1
f 2352/2739/4721 2355/2740/4722 2498/2741/4712 2497/2746/4723
s 2
f 2353/2743/4724 2352/2742/4725 2359/3789/4726 2358/3480/4727
s 3
f 2354/3479/4728 2353/2743/4729 2436/2834/4730 2435/2831/4731
s 1
f 2356/2744/4732 2359/2745/4733 2497/2746/4723 2496/2751/4734
s 2
f 2357/2748/4735 2356/2747/4736 2363/3790/4737 2362/3481/4738
s 3
f 2358/3480/4739 2357/2748/4740 2440/2838/4741 2439/2835/4742
s 1
f 2360/2749/4743 2363/2750/4744 2496/2751/4734 2495/2756/4745
s 2
f 2361/2753/4746 2360/2752/4747 2367/3791/4748 2366/3482/4749
s 3
f 2362/3481/4750 2361/2753/4751 2444/2842/4752 2443/2839/4753
s 1
f 2364/2754/4754 2367/2755/4755 2495/2756/4745 2494/2761/4756
s 2
f 2365/2758/4757 2364/2757/4758 2371/3792/4759 2370/3483/4760
s 3
f 2366/3482/4761 2365/2758/4762 2448/2846/4763 2447/2843/4764
s 1
f 2368/2759/4765 2371/2760/4766 2494/2761/4756 2493/2766/4767
s 2
f 2369/2763/4768 2368/2762/4769 2375/3793/4770 2374/3484/4771
s 3
f 2370/3483/4772 2369/2763/4773 2452/2850/4774 2451/2847/4775
s 1
f 2372/2764/4776 2375/2765/4777 2493/2766/4767 2492/2771/4778
s 2
f 2373/2768/4779 2372/2767/4780 2379/3794/4781 2378/3485/4782
s 3
f 2374/3484/4783 2373/2768/4784 2456/2854/4785 2455/2851/4786
s 1
f 2376/2769/4787 2379/2770/4788 2492/2771/4778 2491/2778/4789
s 2
f 2377/2773/4790 2376/2772/4791 2383/3795/4792 2382/3486/4793
s 3
f 2378/3485/4794 2377/2773/4795 2460/2858/4796 2459/2855/4797
s 2
f 2380/2774/4798 2384/3658/4799 3012/3224/4800 3011/3657/4801
s 3
f 2381/2776/4802 2380/2775/4803 2388/3797/4804 2387/3487/4805
f 2382/3486/4806 2381/2776/4802 2464/2862/4807 2463/2859/4808
s off
f 2384/3658/4809 2383/2777/4810 2491/2778/4811 2490/3659/4812
s 3
f 2385/2779/4813 2388/2780/4804 3014/3227/4814 3013/3660/4815
f 2386/2782/4816 2385/2781/4813 2393/3799/4817 2392/3488/4818
f 2387/3487/4805 2386/2782/4816 2468/2866/4819 2467/2863/4820
s 2
f 2389/2785/4821 2393/2783/4822 3022/3228/4823 3021/3232/4824
s off
f 2390/2784/4825 2389/2785/4826 2509/2886/4827 2508/2790/4828
s 2
f 2391/2787/4829 2390/2786/4830 2397/3800/4831 2396/3489/4832
s 3
f 2392/3488/4818 2391/2787/4833 2472/2870/4834 2471/2867/4835
s 1
f 2394/2788/4836 2397/2789/4837 2508/2790/4838 2507/2795/4839
s 2
f 2395/2792/4840 2394/2791/4841 2401/3801/4842 2400/3490/4843
s 3
f 2396/3489/4844 2395/2792/4845 2476/2874/4846 2475/2871/4847
s 1
f 2398/2793/4848 2401/2794/4849 2507/2795/4839 2506/2799/4850
s 2
f 2399/2796/4851 2398/2793/4852 2405/2798/4853 2404/3491/4854
s 3
f 2400/3490/4855 2399/2796/4856 2480/2878/4857 2479/2875/4858
s 1
f 2402/2797/4859 2405/2798/4860 2506/2799/4850 2505/2803/4861
s 2
f 2403/2801/4862 2402/2800/4863 2409/3802/4864 2408/3492/4865
s 3
f 2404/3491/4866 2403/2801/4867 2484/2882/4868 2483/2879/4869
s 1
f 2406/3497/4870 2409/2802/4871 2505/2803/4861 2504/2804/4652
s 3
f 2408/3492/4872 2407/2805/4873 2488/2809/4874 2487/2883/4875
s 23
f 2410/2806/4876 2413/3559/4877 2700/3031/4878 2699/3596/4879
s 24
f 2411/3493/4880 2410/2807/4881 2489/2808/4882 2488/2809/4883
f 2413/3804/4884 2412/2810/4885 2415/2811/4886 2414/2812/4887
s 23
f 2414/3560/4888 2417/3561/4889 2708/3036/4890 2707/3032/4891
s 24
f 2417/2813/4892 2416/2814/4893 2419/2815/4894 2418/2816/4895
s 23
f 2418/3562/4896 2421/3563/4897 2716/3041/4898 2715/3037/4899
s 24
f 2421/2817/4900 2420/2818/4901 2423/2819/4902 2422/2820/4903
s 23
f 2422/3564/4904 2425/3565/4905 2724/3046/4906 2723/3042/4907
s 24
f 2425/2821/4908 2424/2822/4909 2427/2823/4910 2426/2824/4911
s 23
f 2426/3566/4912 2429/3567/4913 2732/3051/4914 2731/3047/4915
s 24
f 2429/2825/4916 2428/2826/4917 2431/2827/4918 2430/2828/4919
s 23
f 2430/3568/4920 2433/3569/4921 2740/3056/4922 2739/3052/4923
s 24
f 2433/2829/4924 2432/2830/4925 2435/2831/4926 2434/2832/4927
s 23
f 2434/3570/4928 2437/3571/4929 2748/3061/4930 2747/3057/4931
s 24
f 2437/2833/4932 2436/2834/4933 2439/2835/4934 2438/2836/4935
s 23
f 2438/3572/4936 2441/3573/4937 2756/3066/4938 2755/3062/4939
s 24
f 2441/2837/4940 2440/2838/4941 2443/2839/4942 2442/2840/4943
s 23
f 2442/3574/4944 2445/3575/4945 2764/3071/4946 2763/3067/4947
s 24
f 2445/2841/4948 2444/2842/4949 2447/2843/4950 2446/2844/4951
s 23
f 2446/3576/4952 2449/3577/4953 2772/3076/4954 2771/3072/4955
s 24
f 2449/2845/4956 2448/2846/4957 2451/2847/4958 2450/2848/4959
s 23
f 2450/3578/4960 2453/2849/4961 2780/3081/4962 2779/3077/4963
s 24
f 2453/2849/4964 2452/2850/4965 2455/2851/4966 2454/2852/4967
s 23
f 2454/2852/4968 2457/3579/4969 2788/3086/4970 2787/3082/4971
s 24
f 2457/2853/4972 2456/2854/4973 2459/2855/4974 2458/2856/4975
s 23
f 2458/3580/4976 2461/3581/4977 2796/3091/4978 2795/3087/4979
s 24
f 2461/2857/4980 2460/2858/4981 2463/2859/4982 2462/2860/4983
s 23
f 2462/3582/4984 2465/3583/4985 2804/3096/4986 2803/3092/4987
s 24
f 2465/2861/4988 2464/2862/4989 2467/2863/4990 2466/2864/4991
s 23
f 2466/3584/4992 2469/3585/4993 2812/3101/4994 2811/3097/4995
s 24
f 2469/2865/4996 2468/2866/4997 2471/2867/4998 2470/2868/4999
s 23
f 2470/3586/5000 2473/3587/5001 2820/3106/5002 2819/3102/5003
s 24
f 2473/2869/5004 2472/2870/5005 2475/2871/5006 2474/2872/5007
s 23
f 2474/3588/5008 2477/3589/5009 2828/3111/5010 2827/3107/5011
s 24
f 2477/2873/5012 2476/2874/5013 2479/2875/5014 2478/2876/5015
s 23
f 2478/3590/5016 2481/3591/5017 2836/3116/5018 2835/3112/5019
s 24
f 2481/2877/5020 2480/2878/5021 2483/2879/5022 2482/2880/5023
s 23
f 2482/3592/5024 2485/3593/5025 2844/3035/5026 2843/3117/5027
s 24
f 2485/2881/5028 2484/2882/5029 2487/2883/5030 2486/2884/5031
s 23
f 2486/3594/5032 2489/2885/5033 2704/3030/5034 2703/3595/5035
s off
f 2490/3659/5036 2509/2886/5037 3020/3231/5038 3019/3225/5039
s 43
f 2510/2887/5040 2513/3635/5041 2860/3132/5042 2859/3617/5043
s 44
f 2511/2888/5044 2510/2887/5045 2517/2890/5046 2516/3519/5047
s 45
f 2512/2889/5048 2511/2888/5049 2591/2947/5050 2590/3538/5051
s 44
f 2513/3635/5052 2512/2889/5053 2587/2945/5054 2586/3636/5055
s 43
f 2514/2891/5056 2517/2890/5057 2864/3131/5058 2863/3618/5059
s 44
f 2515/2892/5060 2514/2891/5061 2521/2893/5062 2520/3520/5063
s 45
f 2516/3519/5064 2515/2892/5065 2597/2950/5066 2596/2948/5067
s 43
f 2518/2894/5068 2521/2893/5069 2880/3136/5070 2879/3619/5071
s 44
f 2519/2895/5072 2518/2894/5073 2525/2896/5074 2524/3521/5075
s 45
f 2520/3520/5076 2519/2895/5077 2621/2973/5078 2620/2951/5079
s 43
f 2522/2897/5080 2525/2896/5081 2888/3146/5082 2887/3620/5083
s 44
f 2523/2898/5084 2522/2897/5085 2529/2899/5086 2528/3522/5087
s 45
f 2524/3521/5088 2523/2898/5089 2625/2976/5090 2624/2974/5091
s 43
f 2526/2900/5092 2529/2899/5093 2896/3151/5094 2895/3621/5095
s 44
f 2527/2901/5096 2526/2900/5097 2533/2902/5098 2532/3523/5099
s 45
f 2528/3522/5100 2527/2901/5101 2629/2979/5102 2628/2977/5103
s 43
f 2530/2903/5104 2533/2902/5105 2904/3156/5106 2903/3622/5107
s 44
f 2531/2904/5108 2530/2903/5109 2537/2905/5110 2536/3524/5111
s 45
f 2532/3523/5112 2531/2904/5113 2633/2982/5114 2632/2980/5115
s 43
f 2534/2906/5116 2537/2905/5117 2912/3161/5118 2911/3623/5119
s 44
f 2535/2907/5120 2534/2906/5121 2541/2908/5122 2540/3525/5123
s 45
f 2536/3524/5124 2535/2907/5125 2637/2985/5126 2636/2983/5127
s 43
f 2538/2909/5128 2541/2908/5129 2920/3166/5130 2919/3624/5131
s 44
f 2539/2910/5132 2538/2909/5133 2545/2911/5134 2544/3526/5135
s 45
f 2540/3525/5136 2539/2910/5137 2641/2988/5138 2640/2986/5139
s 43
f 2542/2912/5140 2545/2911/5141 2928/3171/5142 2927/3625/5143
s 44
f 2543/2913/5144 2542/2912/5145 2549/2914/5146 2548/3527/5147
s 45
f 2544/3526/5148 2543/2913/5149 2645/2991/5150 2644/2989/5151
s 43
f 2546/2915/5152 2549/2914/5153 2936/3176/5154 2935/3626/5155
s 44
f 2547/2916/5156 2546/2915/5157 2553/2917/5158 2552/3528/5159
s 45
f 2548/3527/5160 2547/2916/5161 2649/2994/5162 2648/2992/5163
s 43
f 2550/2918/5164 2553/2917/5165 2944/3181/5166 2943/3627/5167
s 44
f 2551/2919/5168 2550/2918/5169 2557/2920/5170 2556/3529/5171
s 45
f 2552/3528/5172 2551/2919/5173 2653/2997/5174 2652/2995/5175
s 43
f 2554/2921/5176 2557/2920/5177 2952/3186/5178 2951/3628/5179
s 44
f 2555/2922/5180 2554/2921/5181 2561/2923/5182 2560/3530/5183
s 45
f 2556/3529/5184 2555/2922/5185 2657/3000/5186 2656/2998/5187
s 43
f 2558/2924/5188 2561/2923/5189 2960/3191/5190 2959/3629/5191
s 44
f 2559/2925/5192 2558/2924/5193 2565/2926/5194 2564/3531/5195
s 45
f 2560/3530/5196 2559/2925/5197 2661/3003/5198 2660/3001/5199
s 43
f 2562/2927/5200 2565/2926/5201 2968/3196/5202 2967/3630/5203
s 44
f 2563/2928/5204 2562/2927/5205 2569/2929/5206 2568/3532/5207
s 45
f 2564/3531/5208 2563/2928/5209 2665/3006/5210 2664/3004/5211
s 43
f 2566/2930/5212 2569/2929/5213 2976/3201/5214 2975/3631/5215
s 44
f 2567/2931/5216 2566/2930/5217 2573/2932/5218 2572/3533/5219
s 45
f 2568/3532/5220 2567/2931/5221 2669/3009/5222 2668/3007/5223
s 43
f 2570/2933/5224 2573/2932/5225 2984/3206/5226 2983/3632/5227
s 44
f 2571/2934/5228 2570/2933/5229 2577/2935/5230 2576/3534/5231
s 45
f 2572/3533/5232 2571/2934/5233 2673/3012/5234 2672/3010/5235
s 43
f 2574/2936/5236 2577/2935/5237 2992/3211/5238 2991/3633/5239
s 44
f 2575/2937/5240 2574/2936/5241 2581/2938/5242 2580/3535/5243
s 45
f 2576/3534/5244 2575/2937/5245 2677/3015/5246 2676/3013/5247
s 43
f 2578/2939/5248 2581/2938/5249 3000/3216/5250 2999/3634/5251
s 44
f 2579/2940/5252 2578/2939/5253 2585/2941/5254 2584/3536/5255
s 45
f 2580/3535/5256 2579/2940/5257 2681/3018/5258 2680/3016/5259
s 43
f 2582/2942/5260 2585/2941/5261 3008/3221/5262 3007/3138/5263
s 44
f 2583/2943/5264 2582/2942/5265 2589/2944/5266 2588/3537/5267
s 45
f 2584/3536/5268 2583/2943/5269 2685/3021/5270 2684/3019/5271
s 43
f 2586/3636/5272 2589/2944/5273 2868/3137/5274 2867/3133/5275
s 45
f 2588/3537/5276 2587/2945/5277 2689/2946/5278 2688/3022/5279
s 64
f 2590/3538/5280 2593/3517/5281 2686/2954/5282 2689/2946/5283
f 2592/2949/5284 2591/2947/5285 2596/2948/5286 2595/3498/5287
s 65
f 2593/3517/5288 2592/2949/5289 2599/2953/5290 2598/3518/5291
s 64
f 2594/2952/5292 2597/2950/5293 2620/2951/5294 2619/2956/5295
s 65
f 2595/3498/5296 2594/2952/5297 2600/2955/5298 2599/2953/5290
f 2598/3518/5291 2617/3516/5299 2687/3023/5300 2686/2954/5301
f 2601/2957/5302 2600/2955/5298 2619/2956/5303 2618/3499/5304
f 2602/2958/5305 2601/2957/5302 2623/2975/5306 2622/3500/5307
f 2603/2959/5308 2602/2958/5305 2627/2978/5309 2626/3501/5310
f 2604/2960/5311 2603/2959/5308 2631/2981/5312 2630/3502/5313
f 2605/2961/5314 2604/2960/5311 2635/2984/5315 2634/3503/5316
f 2606/2962/5317 2605/2961/5314 2639/2987/5318 2638/3504/5319
f 2607/2963/5320 2606/2962/5317 2643/2990/5321 2642/3505/5322
f 2608/2964/5323 2607/2963/5320 2647/2993/5324 2646/3506/5325
f 2609/2965/5326 2608/2964/5323 2651/2996/5327 2650/3507/5328
f 2610/2966/5329 2609/2965/5326 2655/2999/5330 2654/3508/5331
f 2611/2967/5332 2610/2966/5329 2659/3002/5333 2658/3509/5334
f 2612/2968/5335 2611/2967/5332 2663/3005/5336 2662/3510/5337
f 2613/2969/5338 2612/2968/5335 2667/3008/5339 2666/3511/5340
f 2614/2970/5341 2613/2969/5338 2671/3011/5342 2670/3512/5343
f 2615/2971/5344 2614/2970/5341 2675/3014/5345 2674/3513/5346
f 2616/2972/5347 2615/2971/5344 2679/3017/5348 2678/3514/5349
f 2617/3516/5299 2616/2972/5347 2683/3020/5350 2682/3515/5351
s 64
f 2618/3499/5352 2621/2973/5353 2624/2974/5354 2623/2975/5355
f 2622/3500/5356 2625/2976/5357 2628/2977/5358 2627/2978/5359
f 2626/3501/5360 2629/2979/5361 2632/2980/5362 2631/2981/5363
f 2630/3502/5364 2633/2982/5365 2636/2983/5366 2635/2984/5367
f 2634/3503/5368 2637/2985/5369 2640/2986/5370 2639/2987/5371
f 2638/3504/5372 2641/2988/5373 2644/2989/5374 2643/2990/5375
f 2642/3505/5376 2645/2991/5377 2648/2992/5378 2647/2993/5379
f 2646/3506/5380 2649/2994/5381 2652/2995/5382 2651/2996/5383
f 2650/3507/5384 2653/2997/5385 2656/2998/5386 2655/2999/5387
f 2654/3508/5388 2657/3000/5389 2660/3001/5390 2659/3002/5391
f 2658/3509/5392 2661/3003/5393 2664/3004/5394 2663/3005/5395
f 2662/3510/5396 2665/3006/5397 2668/3007/5398 2667/3008/5399
f 2666/3511/5400 2669/3009/5401 2672/3010/5402 2671/3011/5403
f 2670/3512/5404 2673/3012/5405 2676/3013/5406 2675/3014/5407
f 2674/3513/5408 2677/3015/5409 2680/3016/5410 2679/3017/5411
f 2678/3514/5412 2681/3018/5413 2684/3019/5414 2683/3020/5415
f 2682/3515/5416 2685/3021/5417 2688/3022/5418 2687/3023/5419
s 67
f 2690/3024/5420 2693/3661/5421 3029/3241/5422 3028/3666/5423
s 68
f 2691/3025/5424 2690/3024/5425 2713/3038/5426 2712/3637/5427
s 69
f 2692/3026/5428 2691/3025/5429 2852/3126/5430 2851/3656/5431
s 68
f 2693/3661/5432 2692/3026/5433 2695/3027/5434 2694/3662/5435
s 67
f 2694/3662/5436 2697/3719/5437 3035/3243/5438 3034/3242/5439
s 69
f 2696/3028/5440 2695/3027/5441 2872/3125/5442 2871/3655/5443
s 68
f 2697/3719/5444 2696/3028/5445 2847/3123/5446 2846/3720/5447
s 71
f 2698/3029/5448 2701/3664/5449 3027/3234/5450 3026/3663/5451
s 72
f 2699/3596/5452 2698/3029/5453 2705/3033/5454 2704/3030/5455
f 2701/3664/5456 2700/3031/5457 2707/3032/5458 2706/3665/5459
s 71
f 2702/3034/5460 2705/3033/5461 3037/3238/5462 3036/3718/5463
s 72
f 2703/3595/5464 2702/3034/5465 2845/3121/5466 2844/3035/5467
s 71
f 2706/3665/5468 2709/3667/5469 3043/3249/5470 3042/3235/5471
s 72
f 2709/3667/5472 2708/3036/5473 2715/3037/5474 2714/3668/5475
s 67
f 2710/3039/5476 2713/3038/5477 3045/3240/5478 3044/3669/5479
s 68
f 2711/3040/5480 2710/3039/5481 2721/3043/5482 2720/3638/5483
s 69
f 2712/3637/5484 2711/3040/5485 2856/3128/5486 2855/3127/5487
s 71
f 2714/3668/5488 2717/3670/5489 3051/3255/5490 3050/3250/5491
s 72
f 2717/3670/5492 2716/3041/5493 2723/3042/5494 2722/3671/5495
s 67
f 2718/3044/5496 2721/3043/5497 3053/3254/5498 3052/3672/5499
s 68
f 2719/3045/5500 2718/3044/5501 2729/3048/5502 2728/3639/5503
s 69
f 2720/3638/5504 2719/3045/5505 2876/3142/5506 2875/3129/5507
s 71
f 2722/3671/5508 2725/3673/5509 3059/3261/5510 3058/3256/5511
s 72
f 2725/3673/5512 2724/3046/5513 2731/3047/5514 2730/3674/5515
s 67
f 2726/3049/5516 2729/3048/5517 3061/3260/5518 3060/3675/5519
s 68
f 2727/3050/5520 2726/3049/5521 2737/3053/5522 2736/3640/5523
s 69
f 2728/3639/5524 2727/3050/5525 2884/3147/5526 2883/3143/5527
s 71
f 2730/3674/5528 2733/3676/5529 3067/3267/5530 3066/3262/5531
s 72
f 2733/3676/5532 2732/3051/5533 2739/3052/5534 2738/3677/5535
s 67
f 2734/3054/5536 2737/3053/5537 3069/3266/5538 3068/3678/5539
s 68
f 2735/3055/5540 2734/3054/5541 2745/3058/5542 2744/3641/5543
s 69
f 2736/3640/5544 2735/3055/5545 2892/3152/5546 2891/3148/5547
s 71
f 2738/3677/5548 2741/3679/5549 3075/3273/5550 3074/3268/5551
s 72
f 2741/3679/5552 2740/3056/5553 2747/3057/5554 2746/3680/5555
s 67
f 2742/3059/5556 2745/3058/5557 3077/3272/5558 3076/3681/5559
s 68
f 2743/3060/5560 2742/3059/5561 2753/3063/5562 2752/3642/5563
s 69
f 2744/3641/5564 2743/3060/5565 2900/3157/5566 2899/3153/5567
s 71
f 2746/3680/5568 2749/3682/5569 3083/3279/5570 3082/3274/5571
s 72
f 2749/3682/5572 2748/3061/5573 2755/3062/5574 2754/3683/5575
s 67
f 2750/3064/5576 2753/3063/5577 3085/3278/5578 3084/3684/5579
s 68
f 2751/3065/5580 2750/3064/5581 2761/3068/5582 2760/3643/5583
s 69
f 2752/3642/5584 2751/3065/5585 2908/3162/5586 2907/3158/5587
s 71
f 2754/3683/5588 2757/3685/5589 3091/3285/5590 3090/3280/5591
s 72
f 2757/3685/5592 2756/3066/5593 2763/3067/5594 2762/3686/5595
s 67
f 2758/3069/5596 2761/3068/5597 3093/3284/5598 3092/3687/5599
s 68
f 2759/3070/5600 2758/3069/5601 2769/3073/5602 2768/3644/5603
s 69
f 2760/3643/5604 2759/3070/5605 2916/3167/5606 2915/3163/5607
s 71
f 2762/3686/5608 2765/3688/5609 3099/3291/5610 3098/3286/5611
s 72
f 2765/3688/5612 2764/3071/5613 2771/3072/5614 2770/3689/5615
s 67
f 2766/3074/5616 2769/3073/5617 3101/3290/5618 3100/3690/5619
s 68
f 2767/3075/5620 2766/3074/5621 2777/3078/5622 2776/3645/5623
s 69
f 2768/3644/5624 2767/3075/5625 2924/3172/5626 2923/3168/5627
s 71
f 2770/3689/5628 2773/3691/5629 3107/3297/5630 3106/3292/5631
s 72
f 2773/3691/5632 2772/3076/5633 2779/3077/5634 2778/3692/5635
s 67
f 2774/3079/5636 2777/3078/5637 3109/3296/5638 3108/3693/5639
s 68
f 2775/3080/5640 2774/3079/5641 2785/3083/5642 2784/3646/5643
s 69
f 2776/3645/5644 2775/3080/5645 2932/3177/5646 2931/3173/5647
s 71
f 2778/3692/5648 2781/3694/5649 3115/3303/5650 3114/3298/5651
s 72
f 2781/3694/5652 2780/3081/5653 2787/3082/5654 2786/3695/5655
s 67
f 2782/3084/5656 2785/3083/5657 3117/3302/5658 3116/3696/5659
s 68
f 2783/3085/5660 2782/3084/5661 2793/3088/5662 2792/3647/5663
s 69
f 2784/3646/5664 2783/3085/5665 2940/3182/5666 2939/3178/5667
s 71
f 2786/3695/5668 2789/3697/5669 3123/3309/5670 3122/3304/5671
s 72
f 2789/3697/5672 2788/3086/5673 2795/3087/5674 2794/3698/5675
s 67
f 2790/3089/5676 2793/3088/5677 3125/3308/5678 3124/3699/5679
s 68
f 2791/3090/5680 2790/3089/5681 2801/3093/5682 2800/3648/5683
s 69
f 2792/3647/5684 2791/3090/5685 2948/3187/5686 2947/3183/5687
s 71
f 2794/3698/5688 2797/3700/5689 3131/3315/5690 3130/3310/5691
s 72
f 2797/3700/5692 2796/3091/5693 2803/3092/5694 2802/3701/5695
s 67
f 2798/3094/5696 2801/3093/5697 3133/3314/5698 3132/3702/5699
s 68
f 2799/3095/5700 2798/3094/5701 2809/3098/5702 2808/3649/5703
s 69
f 2800/3648/5704 2799/3095/5705 2956/3192/5706 2955/3188/5707
s 71
f 2802/3701/5708 2805/3703/5709 3139/3321/5710 3138/3316/5711
s 72
f 2805/3703/5712 2804/3096/5713 2811/3097/5714 2810/3704/5715
s 67
f 2806/3099/5716 2809/3098/5717 3141/3320/5718 3140/3705/5719
s 68
f 2807/3100/5720 2806/3099/5721 2817/3103/5722 2816/3650/5723
s 69
f 2808/3649/5724 2807/3100/5725 2964/3197/5726 2963/3193/5727
s 71
f 2810/3704/5728 2813/3706/5729 3147/3327/5730 3146/3322/5731
s 72
f 2813/3706/5732 2812/3101/5733 2819/3102/5734 2818/3707/5735
s 67
f 2814/3104/5736 2817/3103/5737 3149/3326/5738 3148/3708/5739
s 68
f 2815/3105/5740 2814/3104/5741 2825/3108/5742 2824/3651/5743
s 69
f 2816/3650/5744 2815/3105/5745 2972/3202/5746 2971/3198/5747
s 71
f 2818/3707/5748 2821/3709/5749 3155/3333/5750 3154/3328/5751
s 72
f 2821/3709/5752 2820/3106/5753 2827/3107/5754 2826/3710/5755
s 67
f 2822/3109/5756 2825/3108/5757 3157/3332/5758 3156/3711/5759
s 68
f 2823/3110/5760 2822/3109/5761 2833/3113/5762 2832/3652/5763
s 69
f 2824/3651/5764 2823/3110/5765 2980/3207/5766 2979/3203/5767
s 71
f 2826/3710/5768 2829/3712/5769 3163/3339/5770 3162/3334/5771
s 72
f 2829/3712/5772 2828/3111/5773 2835/3112/5774 2834/3713/5775
s 67
f 2830/3114/5776 2833/3113/5777 3165/3338/5778 3164/3714/5779
s 68
f 2831/3115/5780 2830/3114/5781 2841/3118/5782 2840/3653/5783
s 69
f 2832/3652/5784 2831/3115/5785 2988/3212/5786 2987/3208/5787
s 71
f 2834/3713/5788 2837/3715/5789 3171/3345/5790 3170/3340/5791
s 72
f 2837/3715/5792 2836/3116/5793 2843/3117/5794 2842/3716/5795
s 67
f 2838/3119/5796 2841/3118/5797 3173/3344/5798 3172/3717/5799
s 68
f 2839/3120/5800 2838/3119/5801 2849/3122/5802 2848/3654/5803
s 69
f 2840/3653/5804 2839/3120/5805 2996/3217/5806 2995/3213/5807
s 71
f 2842/3716/5808 2845/3121/5809 3179/3248/5810 3178/3346/5811
s 67
f 2846/3720/5812 2849/3122/5813 3181/3350/5814 3180/3244/5815
s 69
f 2848/3654/5816 2847/3123/5817 3004/3141/5818 3003/3218/5819
s 107
f 2850/3124/5820 2853/3721/5821 3189/3361/5822 3188/3726/5823
s 108
f 2851/3656/5824 2850/3124/5825 2873/3139/5826 2872/3125/5827
f 2853/3721/5828 2852/3126/5829 2855/3127/5830 2854/3722/5831
s 107
f 2854/3722/5832 2857/3727/5833 3195/3363/5834 3194/3362/5835
s 108
f 2857/3727/5836 2856/3128/5837 2875/3129/5838 2874/3728/5839
s 110
f 2858/3130/5840 2861/3724/5841 3187/3354/5842 3186/3723/5843
s 111
f 2859/3617/5844 2858/3130/5845 2865/3134/5846 2864/3131/5847
f 2861/3724/5848 2860/3132/5849 2867/3133/5850 2866/3725/5851
s 110
f 2862/3135/5852 2865/3134/5853 3197/3358/5854 3196/3729/5855
s 111
f 2863/3618/5856 2862/3135/5857 2881/3144/5858 2880/3136/5859
s 110
f 2866/3725/5860 2869/3779/5861 3203/3369/5862 3202/3355/5863
s 111
f 2869/3779/5864 2868/3137/5865 3007/3138/5866 3006/3780/5867
s 107
f 2870/3140/5868 2873/3139/5869 3205/3360/5870 3204/3778/5871
s 108
f 2871/3655/5872 2870/3140/5873 3005/3222/5874 3004/3141/5875
s 107
f 2874/3728/5876 2877/3730/5877 3211/3375/5878 3210/3364/5879
s 108
f 2877/3730/5880 2876/3142/5881 2883/3143/5882 2882/3731/5883
s 110
f 2878/3145/5884 2881/3144/5885 3213/3368/5886 3212/3732/5887
s 111
f 2879/3619/5888 2878/3145/5889 2889/3149/5890 2888/3146/5891
s 107
f 2882/3731/5892 2885/3733/5893 3219/3381/5894 3218/3376/5895
s 108
f 2885/3733/5896 2884/3147/5897 2891/3148/5898 2890/3734/5899
s 110
f 2886/3150/5900 2889/3149/5901 3221/3380/5902 3220/3735/5903
s 111
f 2887/3620/5904 2886/3150/5905 2897/3154/5906 2896/3151/5907
s 107
f 2890/3734/5908 2893/3736/5909 3227/3387/5910 3226/3382/5911
s 108
f 2893/3736/5912 2892/3152/5913 2899/3153/5914 2898/3737/5915
s 110
f 2894/3155/5916 2897/3154/5917 3229/3386/5918 3228/3738/5919
s 111
f 2895/3621/5920 2894/3155/5921 2905/3159/5922 2904/3156/5923
s 107
f 2898/3737/5924 2901/3739/5925 3235/3393/5926 3234/3388/5927
s 108
f 2901/3739/5928 2900/3157/5929 2907/3158/5930 2906/3740/5931
s 110
f 2902/3160/5932 2905/3159/5933 3237/3392/5934 3236/3741/5935
s 111
f 2903/3622/5936 2902/3160/5937 2913/3164/5938 2912/3161/5939
s 107
f 2906/3740/5940 2909/3742/5941 3243/3399/5942 3242/3394/5943
s 108
f 2909/3742/5944 2908/3162/5945 2915/3163/5946 2914/3743/5947
s 110
f 2910/3165/5948 2913/3164/5949 3245/3398/5950 3244/3744/5951
s 111
f 2911/3623/5952 2910/3165/5953 2921/3169/5954 2920/3166/5955
s 107
f 2914/3743/5956 2917/3745/5957 3251/3405/5958 3250/3400/5959
s 108
f 2917/3745/5960 2916/3167/5961 2923/3168/5962 2922/3746/5963
s 110
f 2918/3170/5964 2921/3169/5965 3253/3404/5966 3252/3747/5967
s 111
f 2919/3624/5968 2918/3170/5969 2929/3174/5970 2928/3171/5971
s 107
f 2922/3746/5972 2925/3748/5973 3259/3411/5974 3258/3406/5975
s 108
f 2925/3748/5976 2924/3172/5977 2931/3173/5978 2930/3749/5979
s 110
f 2926/3175/5980 2929/3174/5981 3261/3410/5982 3260/3750/5983
s 111
f 2927/3625/5984 2926/3175/5985 2937/3179/5986 2936/3176/5987
s 107
f 2930/3749/5988 2933/3751/5989 3267/3417/5990 3266/3412/5991
s 108
f 2933/3751/5992 2932/3177/5993 2939/3178/5994 2938/3752/5995
s 110
f 2934/3180/5996 2937/3179/5997 3269/3416/5998 3268/3753/5999
s 111
f 2935/3626/6000 2934/3180/6001 2945/3184/6002 2944/3181/6003
s 107
f 2938/3752/6004 2941/3754/6005 3275/3423/6006 3274/3418/6007
s 108
f 2941/3754/6008 2940/3182/6009 2947/3183/6010 2946/3755/6011
s 110
f 2942/3185/6012 2945/3184/6013 3277/3422/6014 3276/3756/6015
s 111
f 2943/3627/6016 2942/3185/6017 2953/3189/6018 2952/3186/6019
s 107
f 2946/3755/6020 2949/3757/6021 3283/3429/6022 3282/3424/6023
s 108
f 2949/3757/6024 2948/3187/6025 2955/3188/6026 2954/3758/6027
s 110
f 2950/3190/6028 2953/3189/6029 3285/3428/6030 3284/3759/6031
s 111
f 2951/3628/6032 2950/3190/6033 2961/3194/6034 2960/3191/6035
s 107
f 2954/3758/6036 2957/3760/6037 3291/3435/6038 3290/3430/6039
s 108
f 2957/3760/6040 2956/3192/6041 2963/3193/6042 2962/3761/6043
s 110
f 2958/3195/6044 2961/3194/6045 3293/3434/6046 3292/3762/6047
s 111
f 2959/3629/6048 2958/3195/6049 2969/3199/6050 2968/3196/6051
s 107
f 2962/3761/6052 2965/3763/6053 3299/3441/6054 3298/3436/6055
s 108
f 2965/3763/6056 2964/3197/6057 2971/3198/6058 2970/3764/6059
s 110
f 2966/3200/6060 2969/3199/6061 3301/3440/6062 3300/3765/6063
s 111
f 2967/3630/6064 2966/3200/6065 2977/3204/6066 2976/3201/6067
s 107
f 2970/3764/6068 2973/3766/6069 3307/3447/6070 3306/3442/6071
s 108
f 2973/3766/6072 2972/3202/6073 2979/3203/6074 2978/3767/6075
s 110
f 2974/3205/6076 2977/3204/6077 3309/3446/6078 3308/3768/6079
s 111
f 2975/3631/6080 2974/3205/6081 2985/3209/6082 2984/3206/6083
s 107
f 2978/3767/6084 2981/3769/6085 3315/3453/6086 3314/3448/6087
s 108
f 2981/3769/6088 2980/3207/6089 2987/3208/6090 2986/3770/6091
s 110
f 2982/3210/6092 2985/3209/6093 3317/3452/6094 3316/3771/6095
s 111
f 2983/3632/6096 2982/3210/6097 2993/3214/6098 2992/3211/6099
s 107
f 2986/3770/6100 2989/3772/6101 3323/3459/6102 3322/3454/6103
s 108
f 2989/3772/6104 2988/3212/6105 2995/3213/6106 2994/3773/6107
s 110
f 2990/3215/6108 2993/3214/6109 3325/3458/6110 3324/3774/6111
s 111
f 2991/3633/6112 2990/3215/6113 3001/3219/6114 3000/3216/6115
s 107
f 2994/3773/6116 2997/3775/6117 3331/3465/6118 3330/3460/6119
s 108
f 2997/3775/6120 2996/3217/6121 3003/3218/6122 3002/3776/6123
s 110
f 2998/3220/6124 3001/3219/6125 3333/3464/6126 3332/3777/6127
s 111
f 2999/3634/6128 2998/3220/6129 3009/3223/6130 3008/3221/6131
s 107
f 3002/3776/6132 3005/3222/6133 3339/3374/6134 3338/3466/6135
s 110
f 3006/3780/6136 3009/3223/6137 3341/3470/6138 3340/3370/6139
s off
f 3010/3226/6140 3012/3224/6141 3019/3225/6142 3018/3230/6143
s 129
f 3011/3657/6144 3010/3226/6145 3015/3229/6146 3014/3227/6147
f 3013/3660/6148 3016/3494/6149 3023/3233/6150 3022/3228/6151
s 130
f 3016/3494/6152 3015/3229/6153 3018/3230/6154 3017/3495/6155
s off
f 3017/3495/6156 3020/3231/6157 3021/3232/6158 3023/3233/6159
s 131
f 3024/3236/6160 3027/3234/6161 3042/3235/6162 3041/3541/6163
s 132
f 3025/3237/6164 3024/3236/6165 3031/3239/6166 3030/3539/6167
s 131
f 3026/3663/6168 3025/3237/6169 3038/3246/6170 3037/3238/6171
s 133
f 3028/3666/6172 3031/3239/6173 3046/3252/6174 3045/3240/6175
f 3030/3539/6176 3029/3241/6177 3034/3242/6178 3033/3540/6179
f 3032/3245/6180 3035/3243/6181 3180/3244/6182 3183/3352/6183
s 132
f 3033/3540/6184 3032/3245/6185 3039/3247/6186 3038/3246/6187
s 131
f 3036/3718/6188 3039/3247/6189 3176/3351/6190 3179/3248/6191
f 3040/3251/6192 3043/3249/6193 3050/3250/6194 3049/3542/6195
s 132
f 3041/3541/6196 3040/3251/6197 3047/3253/6198 3046/3252/6199
s 133
f 3044/3669/6200 3047/3253/6201 3054/3258/6202 3053/3254/6203
s 131
f 3048/3257/6204 3051/3255/6205 3058/3256/6206 3057/3543/6207
s 132
f 3049/3542/6208 3048/3257/6209 3055/3259/6210 3054/3258/6211
s 133
f 3052/3672/6212 3055/3259/6213 3062/3264/6214 3061/3260/6215
s 131
f 3056/3263/6216 3059/3261/6217 3066/3262/6218 3065/3544/6219
s 132
f 3057/3543/6220 3056/3263/6221 3063/3265/6222 3062/3264/6223
s 133
f 3060/3675/6224 3063/3265/6225 3070/3270/6226 3069/3266/6227
s 131
f 3064/3269/6228 3067/3267/6229 3074/3268/6230 3073/3545/6231
s 132
f 3065/3544/6232 3064/3269/6233 3071/3271/6234 3070/3270/6235
s 133
f 3068/3678/6236 3071/3271/6237 3078/3276/6238 3077/3272/6239
s 131
f 3072/3275/6240 3075/3273/6241 3082/3274/6242 3081/3546/6243
s 132
f 3073/3545/6244 3072/3275/6245 3079/3277/6246 3078/3276/6247
s 133
f 3076/3681/6248 3079/3277/6249 3086/3282/6250 3085/3278/6251
s 131
f 3080/3281/6252 3083/3279/6253 3090/3280/6254 3089/3547/6255
s 132
f 3081/3546/6256 3080/3281/6257 3087/3283/6258 3086/3282/6259
s 133
f 3084/3684/6260 3087/3283/6261 3094/3288/6262 3093/3284/6263
s 131
f 3088/3287/6264 3091/3285/6265 3098/3286/6266 3097/3548/6267
s 132
f 3089/3547/6268 3088/3287/6269 3095/3289/6270 3094/3288/6271
s 133
f 3092/3687/6272 3095/3289/6273 3102/3294/6274 3101/3290/6275
s 131
f 3096/3293/6276 3099/3291/6277 3106/3292/6278 3105/3549/6279
s 132
f 3097/3548/6280 3096/3293/6281 3103/3295/6282 3102/3294/6283
s 133
f 3100/3690/6284 3103/3295/6285 3110/3300/6286 3109/3296/6287
s 131
f 3104/3299/6288 3107/3297/6289 3114/3298/6290 3113/3550/6291
s 132
f 3105/3549/6292 3104/3299/6293 3111/3301/6294 3110/3300/6295
s 133
f 3108/3693/6296 3111/3301/6297 3118/3306/6298 3117/3302/6299
s 131
f 3112/3305/6300 3115/3303/6301 3122/3304/6302 3121/3551/6303
s 132
f 3113/3550/6304 3112/3305/6305 3119/3307/6306 3118/3306/6307
s 133
f 3116/3696/6308 3119/3307/6309 3126/3312/6310 3125/3308/6311
s 131
f 3120/3311/6312 3123/3309/6313 3130/3310/6314 3129/3552/6315
s 132
f 3121/3551/6316 3120/3311/6317 3127/3313/6318 3126/3312/6319
s 133
f 3124/3699/6320 3127/3313/6321 3134/3318/6322 3133/3314/6323
s 131
f 3128/3317/6324 3131/3315/6325 3138/3316/6326 3137/3553/6327
s 132
f 3129/3552/6328 3128/3317/6329 3135/3319/6330 3134/3318/6331
s 133
f 3132/3702/6332 3135/3319/6333 3142/3324/6334 3141/3320/6335
s 131
f 3136/3323/6336 3139/3321/6337 3146/3322/6338 3145/3554/6339
s 132
f 3137/3553/6340 3136/3323/6341 3143/3325/6342 3142/3324/6343
s 133
f 3140/3705/6344 3143/3325/6345 3150/3330/6346 3149/3326/6347
s 131
f 3144/3329/6348 3147/3327/6349 3154/3328/6350 3153/3555/6351
s 132
f 3145/3554/6352 3144/3329/6353 3151/3331/6354 3150/3330/6355
s 133
f 3148/3708/6356 3151/3331/6357 3158/3336/6358 3157/3332/6359
s 131
f 3152/3335/6360 3155/3333/6361 3162/3334/6362 3161/3556/6363
s 132
f 3153/3555/6364 3152/3335/6365 3159/3337/6366 3158/3336/6367
s 133
f 3156/3711/6368 3159/3337/6369 3166/3342/6370 3165/3338/6371
s 131
f 3160/3341/6372 3163/3339/6373 3170/3340/6374 3169/3557/6375
s 132
f 3161/3556/6376 3160/3341/6377 3167/3343/6378 3166/3342/6379
s 133
f 3164/3714/6380 3167/3343/6381 3174/3348/6382 3173/3344/6383
s 131
f 3168/3347/6384 3171/3345/6385 3178/3346/6386 3177/3558/6387
s 132
f 3169/3557/6388 3168/3347/6389 3175/3349/6390 3174/3348/6391
s 133
f 3172/3717/6392 3175/3349/6393 3182/3353/6394 3181/3350/6395
s 132
f 3177/3558/6396 3176/3351/6397 3183/3352/6398 3182/3353/6399
s 152
f 3184/3356/6400 3187/3354/6401 3202/3355/6402 3201/3599/6403
s 153
f 3185/3357/6404 3184/3356/6405 3191/3359/6406 3190/3597/6407
s 152
f 3186/3723/6408 3185/3357/6409 3198/3366/6410 3197/3358/6411
s 154
f 3188/3726/6412 3191/3359/6413 3206/3372/6414 3205/3360/6415
f 3190/3597/6416 3189/3361/6417 3194/3362/6418 3193/3598/6419
f 3192/3365/6420 3195/3363/6421 3210/3364/6422 3209/3600/6423
s 153
f 3193/3598/6424 3192/3365/6425 3199/3367/6426 3198/3366/6427
s 152
f 3196/3729/6428 3199/3367/6429 3214/3378/6430 3213/3368/6431
f 3200/3371/6432 3203/3369/6433 3340/3370/6434 3343/3472/6435
s 153
f 3201/3599/6436 3200/3371/6437 3207/3373/6438 3206/3372/6439
s 154
f 3204/3778/6440 3207/3373/6441 3336/3471/6442 3339/3374/6443
f 3208/3377/6444 3211/3375/6445 3218/3376/6446 3217/3601/6447
s 153
f 3209/3600/6448 3208/3377/6449 3215/3379/6450 3214/3378/6451
s 152
f 3212/3732/6452 3215/3379/6453 3222/3384/6454 3221/3380/6455
s 154
f 3216/3383/6456 3219/3381/6457 3226/3382/6458 3225/3602/6459
s 153
f 3217/3601/6460 3216/3383/6461 3223/3385/6462 3222/3384/6463
s 152
f 3220/3735/6464 3223/3385/6465 3230/3390/6466 3229/3386/6467
s 154
f 3224/3389/6468 3227/3387/6469 3234/3388/6470 3233/3603/6471
s 153
f 3225/3602/6472 3224/3389/6473 3231/3391/6474 3230/3390/6475
s 152
f 3228/3738/6476 3231/3391/6477 3238/3396/6478 3237/3392/6479
s 154
f 3232/3395/6480 3235/3393/6481 3242/3394/6482 3241/3604/6483
s 153
f 3233/3603/6484 3232/3395/6485 3239/3397/6486 3238/3396/6487
s 152
f 3236/3741/6488 3239/3397/6489 3246/3402/6490 3245/3398/6491
s 154
f 3240/3401/6492 3243/3399/6493 3250/3400/6494 3249/3605/6495
s 153
f 3241/3604/6496 3240/3401/6497 3247/3403/6498 3246/3402/6499
s 152
f 3244/3744/6500 3247/3403/6501 3254/3408/6502 3253/3404/6503
s 154
f 3248/3407/6504 3251/3405/6505 3258/3406/6506 3257/3606/6507
s 153
f 3249/3605/6508 3248/3407/6509 3255/3409/6510 3254/3408/6511
s 152
f 3252/3747/6512 3255/3409/6513 3262/3414/6514 3261/3410/6515
s 154
f 3256/3413/6516 3259/3411/6517 3266/3412/6518 3265/3607/6519
s 153
f 3257/3606/6520 3256/3413/6521 3263/3415/6522 3262/3414/6523
s 152
f 3260/3750/6524 3263/3415/6525 3270/3420/6526 3269/3416/6527
s 154
f 3264/3419/6528 3267/3417/6529 3274/3418/6530 3273/3608/6531
s 153
f 3265/3607/6532 3264/3419/6533 3271/3421/6534 3270/3420/6535
s 152
f 3268/3753/6536 3271/3421/6537 3278/3426/6538 3277/3422/6539
s 154
f 3272/3425/6540 3275/3423/6541 3282/3424/6542 3281/3609/6543
s 153
f 3273/3608/6544 3272/3425/6545 3279/3427/6546 3278/3426/6547
s 152
f 3276/3756/6548 3279/3427/6549 3286/3432/6550 3285/3428/6551
s 154
f 3280/3431/6552 3283/3429/6553 3290/3430/6554 3289/3610/6555
s 153
f 3281/3609/6556 3280/3431/6557 3287/3433/6558 3286/3432/6559
s 152
f 3284/3759/6560 3287/3433/6561 3294/3438/6562 3293/3434/6563
s 154
f 3288/3437/6564 3291/3435/6565 3298/3436/6566 3297/3611/6567
s 153
f 3289/3610/6568 3288/3437/6569 3295/3439/6570 3294/3438/6571
s 152
f 3292/3762/6572 3295/3439/6573 3302/3444/6574 3301/3440/6575
s 154
f 3296/3443/6576 3299/3441/6577 3306/3442/6578 3305/3612/6579
s 153
f 3297/3611/6580 3296/3443/6581 3303/3445/6582 3302/3444/6583
s 152
f 3300/3765/6584 3303/3445/6585 3310/3450/6586 3309/3446/6587
s 154
f 3304/3449/6588 3307/3447/6589 3314/3448/6590 3313/3613/6591
s 153
f 3305/3612/6592 3304/3449/6593 3311/3451/6594 3310/3450/6595
s 152
f 3308/3768/6596 3311/3451/6597 3318/3456/6598 3317/3452/6599
s 154
f 3312/3455/6600 3315/3453/6601 3322/3454/6602 3321/3614/6603
s 153
f 3313/3613/6604 3312/3455/6605 3319/3457/6606 3318/3456/6607
s 152
f 3316/3771/6608 3319/3457/6609 3326/3462/6610 3325/3458/6611
s 154
f 3320/3461/6612 3323/3459/6613 3330/3460/6614 3329/3615/6615
s 153
f 3321/3614/6616 3320/3461/6617 3327/3463/6618 3326/3462/6619
s 152
f 3324/3774/6620 3327/3463/6621 3334/3468/6622 3333/3464/6623
s 154
f 3328/3467/6624 3331/3465/6625 3338/3466/6626 3337/3616/6627
s 153
f 3329/3615/6628 3328/3467/6629 3335/3469/6630 3334/3468/6631
s 152
f 3332/3777/6632 3335/3469/6633 3342/3473/6634 3341/3470/6635
s 153
f 3337/3616/6636 3336/3471/6637 3343/3472/6638 3342/3473/6639
s 3
f 2329/2709/4659 2334/3474/4673 2415/2811/4676 2412/2810/4660
f 2333/2718/4674 2338/3475/4684 2419/2815/4687 2416/2814/4675
f 2337/2723/4685 2342/3476/4695 2423/2819/4698 2420/2818/4686
f 2341/2728/4696 2346/3477/4706 2427/2823/4709 2424/2822/4697
f 2345/2733/4707 2350/3478/4717 2431/2827/4720 2428/2826/4708
f 2349/2738/4718 2354/3479/4728 2435/2831/4731 2432/2830/4719
f 2353/2743/4729 2358/3480/4739 2439/2835/4742 2436/2834/4730
f 2357/2748/4740 2362/3481/4750 2443/2839/4753 2440/2838/4741
f 2361/2753/4751 2366/3482/4761 2447/2843/4764 2444/2842/4752
f 2365/2758/4762 2370/3483/4772 2451/2847/4775 2448/2846/4763
f 2369/2763/4773 2374/3484/4783 2455/2851/4786 2452/2850/4774
f 2373/2768/4784 2378/3485/4794 2459/2855/4797 2456/2854/4785
f 2377/2773/4795 2382/3486/4806 2463/2859/4808 2460/2858/4796
f 2381/2776/4802 2387/3487/4805 2467/2863/4820 2464/2862/4807
f 2386/2782/4816 2392/3488/4818 2471/2867/4835 2468/2866/4819
f 2391/2787/4833 2396/3489/4844 2475/2871/4847 2472/2870/4834
f 2395/2792/4845 2400/3490/4855 2479/2875/4858 2476/2874/4846
f 2399/2796/4856 2404/3491/4866 2483/2879/4869 2480/2878/4857
f 2403/2801/4867 2408/3492/4872 2487/2883/4875 2484/2882/4868
f 2407/2805/4873 2330/2712/4658 2411/3493/4661 2488/2809/4874
s 1
f 2335/2715/4667 2328/2707/4650 2503/2716/4653
f 2339/2720/4678 2332/2714/4666 2502/2721/4668
f 2343/2725/4689 2336/2719/4677 2501/2726/4679
f 2347/2730/4700 2340/2724/4688 2500/2731/4690
f 2351/2735/4711 2344/2729/4699 2499/2736/4701
f 2355/2740/4722 2348/2734/4710 2498/2741/4712
f 2359/2745/4733 2352/2739/4721 2497/2746/4723
f 2363/2750/4744 2356/2744/4732 2496/2751/4734
f 2367/2755/4755 2360/2749/4743 2495/2756/4745
f 2371/2760/4766 2364/2754/4754 2494/2761/4756
f 2375/2765/4777 2368/2759/4765 2493/2766/4767
f 2379/2770/4788 2372/2764/4776 2492/2771/4778
f 2383/2777/6640 2376/2769/4787 2491/2778/4789
s 130
f 3015/3229/6153 3010/3226/6641 3018/3230/6154
f 3023/3233/6642 3016/3494/6152 3017/3495/6155
s 1
f 2397/2789/4837 2390/2784/6643 2508/2790/4838
f 2401/2794/4849 2394/2788/4836 2507/2795/4839
f 2405/2798/4860 2398/2793/4848 2506/2799/4850
f 2409/2802/4871 2402/2797/4859 2505/2803/4861
f 2331/3496/4651 2406/3497/4870 2504/2804/4652
s 65
f 2592/2949/5289 2595/3498/5296 2599/2953/5290
f 2594/2952/5297 2619/2956/5303 2600/2955/5298
f 2618/3499/5304 2623/2975/5306 2601/2957/5302
f 2622/3500/5307 2627/2978/5309 2602/2958/5305
f 2626/3501/5310 2631/2981/5312 2603/2959/5308
f 2630/3502/5313 2635/2984/5315 2604/2960/5311
f 2634/3503/5316 2639/2987/5318 2605/2961/5314
f 2638/3504/5319 2643/2990/5321 2606/2962/5317
f 2642/3505/5322 2647/2993/5324 2607/2963/5320
f 2646/3506/5325 2651/2996/5327 2608/2964/5323
f 2650/3507/5328 2655/2999/5330 2609/2965/5326
f 2654/3508/5331 2659/3002/5333 2610/2966/5329
f 2658/3509/5334 2663/3005/5336 2611/2967/5332
f 2662/3510/5337 2667/3008/5339 2612/2968/5335
f 2666/3511/5340 2671/3011/5342 2613/2969/5338
f 2670/3512/5343 2675/3014/5345 2614/2970/5341
f 2674/3513/5346 2679/3017/5348 2615/2971/5344
f 2678/3514/5349 2683/3020/5350 2616/2972/5347
f 2682/3515/5351 2687/3023/5300 2617/3516/5299
f 2686/2954/5301 2593/3517/5288 2598/3518/5291
s 45
f 2511/2888/5049 2516/3519/5064 2596/2948/5067 2591/2947/5050
f 2515/2892/5065 2520/3520/5076 2620/2951/5079 2597/2950/5066
f 2519/2895/5077 2524/3521/5088 2624/2974/5091 2621/2973/5078
f 2523/2898/5089 2528/3522/5100 2628/2977/5103 2625/2976/5090
f 2527/2901/5101 2532/3523/5112 2632/2980/5115 2629/2979/5102
f 2531/2904/5113 2536/3524/5124 2636/2983/5127 2633/2982/5114
f 2535/2907/5125 2540/3525/5136 2640/2986/5139 2637/2985/5126
f 2539/2910/5137 2544/3526/5148 2644/2989/5151 2641/2988/5138
f 2543/2913/5149 2548/3527/5160 2648/2992/5163 2645/2991/5150
f 2547/2916/5161 2552/3528/5172 2652/2995/5175 2649/2994/5162
f 2551/2919/5173 2556/3529/5184 2656/2998/5187 2653/2997/5174
f 2555/2922/5185 2560/3530/5196 2660/3001/5199 2657/3000/5186
f 2559/2925/5197 2564/3531/5208 2664/3004/5211 2661/3003/5198
f 2563/2928/5209 2568/3532/5220 2668/3007/5223 2665/3006/5210
f 2567/2931/5221 2572/3533/5232 2672/3010/5235 2669/3009/5222
f 2571/2934/5233 2576/3534/5244 2676/3013/5247 2673/3012/5234
f 2575/2937/5245 2580/3535/5256 2680/3016/5259 2677/3015/5246
f 2579/2940/5257 2584/3536/5268 2684/3019/5271 2681/3018/5258
f 2583/2943/5269 2588/3537/5276 2688/3022/5279 2685/3021/5270
f 2587/2945/5277 2512/2889/5048 2590/3538/5051 2689/2946/5278
s 132
f 3025/3237/6164 3030/3539/6167 3033/3540/6184 3038/3246/6187
f 3031/3239/6166 3024/3236/6165 3041/3541/6196 3046/3252/6199
f 3047/3253/6198 3040/3251/6197 3049/3542/6208 3054/3258/6211
f 3055/3259/6210 3048/3257/6209 3057/3543/6220 3062/3264/6223
f 3063/3265/6222 3056/3263/6221 3065/3544/6232 3070/3270/6235
f 3071/3271/6234 3064/3269/6233 3073/3545/6244 3078/3276/6247
f 3079/3277/6246 3072/3275/6245 3081/3546/6256 3086/3282/6259
f 3087/3283/6258 3080/3281/6257 3089/3547/6268 3094/3288/6271
f 3095/3289/6270 3088/3287/6269 3097/3548/6280 3102/3294/6283
f 3103/3295/6282 3096/3293/6281 3105/3549/6292 3110/3300/6295
f 3111/3301/6294 3104/3299/6293 3113/3550/6304 3118/3306/6307
f 3119/3307/6306 3112/3305/6305 3121/3551/6316 3126/3312/6319
f 3127/3313/6318 3120/3311/6317 3129/3552/6328 3134/3318/6331
f 3135/3319/6330 3128/3317/6329 3137/3553/6340 3142/3324/6343
f 3143/3325/6342 3136/3323/6341 3145/3554/6352 3150/3330/6355
f 3151/3331/6354 3144/3329/6353 3153/3555/6364 3158/3336/6367
f 3159/3337/6366 3152/3335/6365 3161/3556/6376 3166/3342/6379
f 3167/3343/6378 3160/3341/6377 3169/3557/6388 3174/3348/6391
f 3175/3349/6390 3168/3347/6389 3177/3558/6396 3182/3353/6399
f 3183/3352/6398 3176/3351/6397 3039/3247/6186 3032/3245/6185
s 23
f 2413/3559/4877 2414/3560/4888 2707/3032/4891 2700/3031/4878
f 2417/3561/4889 2418/3562/4896 2715/3037/4899 2708/3036/4890
f 2421/3563/4897 2422/3564/4904 2723/3042/4907 2716/3041/4898
f 2425/3565/4905 2426/3566/4912 2731/3047/4915 2724/3046/4906
f 2429/3567/4913 2430/3568/4920 2739/3052/4923 2732/3051/4914
f 2433/3569/4921 2434/3570/4928 2747/3057/4931 2740/3056/4922
f 2437/3571/4929 2438/3572/4936 2755/3062/4939 2748/3061/4930
f 2441/3573/4937 2442/3574/4944 2763/3067/4947 2756/3066/4938
f 2445/3575/4945 2446/3576/4952 2771/3072/4955 2764/3071/4946
f 2449/3577/4953 2450/3578/4960 2779/3077/4963 2772/3076/4954
f 2453/2849/4961 2454/2852/4968 2787/3082/4971 2780/3081/4962
f 2457/3579/4969 2458/3580/4976 2795/3087/4979 2788/3086/4970
f 2461/3581/4977 2462/3582/4984 2803/3092/4987 2796/3091/4978
f 2465/3583/4985 2466/3584/4992 2811/3097/4995 2804/3096/4986
f 2469/3585/4993 2470/3586/5000 2819/3102/5003 2812/3101/4994
f 2473/3587/5001 2474/3588/5008 2827/3107/5011 2820/3106/5002
f 2477/3589/5009 2478/3590/5016 2835/3112/5019 2828/3111/5010
f 2481/3591/5017 2482/3592/5024 2843/3117/5027 2836/3116/5018
f 2485/3593/5025 2486/3594/5032 2703/3595/5035 2844/3035/5026
f 2489/2885/5033 2410/2806/4876 2699/3596/4879 2704/3030/5034
s 153
f 3185/3357/6404 3190/3597/6407 3193/3598/6424 3198/3366/6427
f 3191/3359/6406 3184/3356/6405 3201/3599/6436 3206/3372/6439
f 3199/3367/6426 3192/3365/6425 3209/3600/6448 3214/3378/6451
f 3215/3379/6450 3208/3377/6449 3217/3601/6460 3222/3384/6463
f 3223/3385/6462 3216/3383/6461 3225/3602/6472 3230/3390/6475
f 3231/3391/6474 3224/3389/6473 3233/3603/6484 3238/3396/6487
f 3239/3397/6486 3232/3395/6485 3241/3604/6496 3246/3402/6499
f 3247/3403/6498 3240/3401/6497 3249/3605/6508 3254/3408/6511
f 3255/3409/6510 3248/3407/6509 3257/3606/6520 3262/3414/6523
f 3263/3415/6522 3256/3413/6521 3265/3607/6532 3270/3420/6535
f 3271/3421/6534 3264/3419/6533 3273/3608/6544 3278/3426/6547
f 3279/3427/6546 3272/3425/6545 3281/3609/6556 3286/3432/6559
f 3287/3433/6558 3280/3431/6557 3289/3610/6568 3294/3438/6571
f 3295/3439/6570 3288/3437/6569 3297/3611/6580 3302/3444/6583
f 3303/3445/6582 3296/3443/6581 3305/3612/6592 3310/3450/6595
f 3311/3451/6594 3304/3449/6593 3313/3613/6604 3318/3456/6607
f 3319/3457/6606 3312/3455/6605 3321/3614/6616 3326/3462/6619
f 3327/3463/6618 3320/3461/6617 3329/3615/6628 3334/3468/6631
f 3335/3469/6630 3328/3467/6629 3337/3616/6636 3342/3473/6639
f 3343/3472/6638 3336/3471/6637 3207/3373/6438 3200/3371/6437
s 43
f 2859/3617/5043 2864/3131/5058 2517/2890/5057 2510/2887/5040
f 2863/3618/5059 2880/3136/5070 2521/2893/5069 2514/2891/5056
f 2879/3619/5071 2888/3146/5082 2525/2896/5081 2518/2894/5068
f 2887/3620/5083 2896/3151/5094 2529/2899/5093 2522/2897/5080
f 2895/3621/5095 2904/3156/5106 2533/2902/5105 2526/2900/5092
f 2903/3622/5107 2912/3161/5118 2537/2905/5117 2530/2903/5104
f 2911/3623/5119 2920/3166/5130 2541/2908/5129 2534/2906/5116
f 2919/3624/5131 2928/3171/5142 2545/2911/5141 2538/2909/5128
f 2927/3625/5143 2936/3176/5154 2549/2914/5153 2542/2912/5140
f 2935/3626/5155 2944/3181/5166 2553/2917/5165 2546/2915/5152
f 2943/3627/5167 2952/3186/5178 2557/2920/5177 2550/2918/5164
f 2951/3628/5179 2960/3191/5190 2561/2923/5189 2554/2921/5176
f 2959/3629/5191 2968/3196/5202 2565/2926/5201 2558/2924/5188
f 2967/3630/5203 2976/3201/5214 2569/2929/5213 2562/2927/5200
f 2975/3631/5215 2984/3206/5226 2573/2932/5225 2566/2930/5212
f 2983/3632/5227 2992/3211/5238 2577/2935/5237 2570/2933/5224
f 2991/3633/5239 3000/3216/5250 2581/2938/5249 2574/2936/5236
f 2999/3634/5251 3008/3221/5262 2585/2941/5261 2578/2939/5248
f 3007/3138/5263 2868/3137/5274 2589/2944/5273 2582/2942/5260
f 2867/3133/5275 2860/3132/5042 2513/3635/5041 2586/3636/5272
s 69
f 2691/3025/5429 2712/3637/5484 2855/3127/5487 2852/3126/5430
f 2711/3040/5485 2720/3638/5504 2875/3129/5507 2856/3128/5486
f 2719/3045/5505 2728/3639/5524 2883/3143/5527 2876/3142/5506
f 2727/3050/5525 2736/3640/5544 2891/3148/5547 2884/3147/5526
f 2735/3055/5545 2744/3641/5564 2899/3153/5567 2892/3152/5546
f 2743/3060/5565 2752/3642/5584 2907/3158/5587 2900/3157/5566
f 2751/3065/5585 2760/3643/5604 2915/3163/5607 2908/3162/5586
f 2759/3070/5605 2768/3644/5624 2923/3168/5627 2916/3167/5606
f 2767/3075/5625 2776/3645/5644 2931/3173/5647 2924/3172/5626
f 2775/3080/5645 2784/3646/5664 2939/3178/5667 2932/3177/5646
f 2783/3085/5665 2792/3647/5684 2947/3183/5687 2940/3182/5666
f 2791/3090/5685 2800/3648/5704 2955/3188/5707 2948/3187/5686
f 2799/3095/5705 2808/3649/5724 2963/3193/5727 2956/3192/5706
f 2807/3100/5725 2816/3650/5744 2971/3198/5747 2964/3197/5726
f 2815/3105/5745 2824/3651/5764 2979/3203/5767 2972/3202/5746
f 2823/3110/5765 2832/3652/5784 2987/3208/5787 2980/3207/5766
f 2831/3115/5785 2840/3653/5804 2995/3213/5807 2988/3212/5786
f 2839/3120/5805 2848/3654/5816 3003/3218/5819 2996/3217/5806
f 2847/3123/5817 2696/3028/5440 2871/3655/5443 3004/3141/5818
f 2695/3027/5441 2692/3026/5428 2851/3656/5431 2872/3125/5442
s 3
f 2388/2780/4804 2380/2774/4803 3011/3657/6644 3014/3227/4814
s off
f 2384/3658/6645 2490/3659/6646 3019/3225/6647 3012/3224/6648
s 3
f 2393/2783/4817 2385/2779/4813 3013/3660/4815 3022/3228/6649
s off
f 2509/2886/6650 2389/2785/6651 3021/3232/6652 3020/3231/6653
s 67
f 2693/3661/5421 2694/3662/5436 3034/3242/5439 3029/3241/5422
s 71
f 2705/3033/5461 2698/3029/5448 3026/3663/5451 3037/3238/5462
f 2701/3664/5449 2706/3665/5468 3042/3235/5471 3027/3234/5450
s 67
f 2713/3038/5477 2690/3024/5420 3028/3666/5423 3045/3240/5478
s 71
f 2709/3667/5469 2714/3668/5488 3050/3250/5491 3043/3249/5470
s 67
f 2721/3043/5497 2710/3039/5476 3044/3669/5479 3053/3254/5498
s 71
f 2717/3670/5489 2722/3671/5508 3058/3256/5511 3051/3255/5490
s 67
f 2729/3048/5517 2718/3044/5496 3052/3672/5499 3061/3260/5518
s 71
f 2725/3673/5509 2730/3674/5528 3066/3262/5531 3059/3261/5510
s 67
f 2737/3053/5537 2726/3049/5516 3060/3675/5519 3069/3266/5538
s 71
f 2733/3676/5529 2738/3677/5548 3074/3268/5551 3067/3267/5530
s 67
f 2745/3058/5557 2734/3054/5536 3068/3678/5539 3077/3272/5558
s 71
f 2741/3679/5549 2746/3680/5568 3082/3274/5571 3075/3273/5550
s 67
f 2753/3063/5577 2742/3059/5556 3076/3681/5559 3085/3278/5578
s 71
f 2749/3682/5569 2754/3683/5588 3090/3280/5591 3083/3279/5570
s 67
f 2761/3068/5597 2750/3064/5576 3084/3684/5579 3093/3284/5598
s 71
f 2757/3685/5589 2762/3686/5608 3098/3286/5611 3091/3285/5590
s 67
f 2769/3073/5617 2758/3069/5596 3092/3687/5599 3101/3290/5618
s 71
f 2765/3688/5609 2770/3689/5628 3106/3292/5631 3099/3291/5610
s 67
f 2777/3078/5637 2766/3074/5616 3100/3690/5619 3109/3296/5638
s 71
f 2773/3691/5629 2778/3692/5648 3114/3298/5651 3107/3297/5630
s 67
f 2785/3083/5657 2774/3079/5636 3108/3693/5639 3117/3302/5658
s 71
f 2781/3694/5649 2786/3695/5668 3122/3304/5671 3115/3303/5650
s 67
f 2793/3088/5677 2782/3084/5656 3116/3696/5659 3125/3308/5678
s 71
f 2789/3697/5669 2794/3698/5688 3130/3310/5691 3123/3309/5670
s 67
f 2801/3093/5697 2790/3089/5676 3124/3699/5679 3133/3314/5698
s 71
f 2797/3700/5689 2802/3701/5708 3138/3316/5711 3131/3315/5690
s 67
f 2809/3098/5717 2798/3094/5696 3132/3702/5699 3141/3320/5718
s 71
f 2805/3703/5709 2810/3704/5728 3146/3322/5731 3139/3321/5710
s 67
f 2817/3103/5737 2806/3099/5716 3140/3705/5719 3149/3326/5738
s 71
f 2813/3706/5729 2818/3707/5748 3154/3328/5751 3147/3327/5730
s 67
f 2825/3108/5757 2814/3104/5736 3148/3708/5739 3157/3332/5758
s 71
f 2821/3709/5749 2826/3710/5768 3162/3334/5771 3155/3333/5750
s 67
f 2833/3113/5777 2822/3109/5756 3156/3711/5759 3165/3338/5778
s 71
f 2829/3712/5769 2834/3713/5788 3170/3340/5791 3163/3339/5770
s 67
f 2841/3118/5797 2830/3114/5776 3164/3714/5779 3173/3344/5798
s 71
f 2837/3715/5789 2842/3716/5808 3178/3346/5811 3171/3345/5790
s 67
f 2849/3122/5813 2838/3119/5796 3172/3717/5799 3181/3350/5814
s 71
f 2845/3121/5809 2702/3034/5460 3036/3718/5463 3179/3248/5810
s 67
f 2697/3719/5437 2846/3720/5812 3180/3244/5815 3035/3243/5438
s 107
f 2853/3721/5821 2854/3722/5832 3194/3362/5835 3189/3361/5822
s 110
f 2865/3134/5853 2858/3130/5840 3186/3723/5843 3197/3358/5854
f 2861/3724/5841 2866/3725/5860 3202/3355/5863 3187/3354/5842
s 107
f 2873/3139/5869 2850/3124/5820 3188/3726/5823 3205/3360/5870
f 2857/3727/5833 2874/3728/5876 3210/3364/5879 3195/3363/5834
s 110
f 2881/3144/5885 2862/3135/5852 3196/3729/5855 3213/3368/5886
s 107
f 2877/3730/5877 2882/3731/5892 3218/3376/5895 3211/3375/5878
s 110
f 2889/3149/5901 2878/3145/5884 3212/3732/5887 3221/3380/5902
s 107
f 2885/3733/5893 2890/3734/5908 3226/3382/5911 3219/3381/5894
s 110
f 2897/3154/5917 2886/3150/5900 3220/3735/5903 3229/3386/5918
s 107
f 2893/3736/5909 2898/3737/5924 3234/3388/5927 3227/3387/5910
s 110
f 2905/3159/5933 2894/3155/5916 3228/3738/5919 3237/3392/5934
s 107
f 2901/3739/5925 2906/3740/5940 3242/3394/5943 3235/3393/5926
s 110
f 2913/3164/5949 2902/3160/5932 3236/3741/5935 3245/3398/5950
s 107
f 2909/3742/5941 2914/3743/5956 3250/3400/5959 3243/3399/5942
s 110
f 2921/3169/5965 2910/3165/5948 3244/3744/5951 3253/3404/5966
s 107
f 2917/3745/5957 2922/3746/5972 3258/3406/5975 3251/3405/5958
s 110
f 2929/3174/5981 2918/3170/5964 3252/3747/5967 3261/3410/5982
s 107
f 2925/3748/5973 2930/3749/5988 3266/3412/5991 3259/3411/5974
s 110
f 2937/3179/5997 2926/3175/5980 3260/3750/5983 3269/3416/5998
s 107
f 2933/3751/5989 2938/3752/6004 3274/3418/6007 3267/3417/5990
s 110
f 2945/3184/6013 2934/3180/5996 3268/3753/5999 3277/3422/6014
s 107
f 2941/3754/6005 2946/3755/6020 3282/3424/6023 3275/3423/6006
s 110
f 2953/3189/6029 2942/3185/6012 3276/3756/6015 3285/3428/6030
s 107
f 2949/3757/6021 2954/3758/6036 3290/3430/6039 3283/3429/6022
s 110
f 2961/3194/6045 2950/3190/6028 3284/3759/6031 3293/3434/6046
s 107
f 2957/3760/6037 2962/3761/6052 3298/3436/6055 3291/3435/6038
s 110
f 2969/3199/6061 2958/3195/6044 3292/3762/6047 3301/3440/6062
s 107
f 2965/3763/6053 2970/3764/6068 3306/3442/6071 3299/3441/6054
s 110
f 2977/3204/6077 2966/3200/6060 3300/3765/6063 3309/3446/6078
s 107
f 2973/3766/6069 2978/3767/6084 3314/3448/6087 3307/3447/6070
s 110
f 2985/3209/6093 2974/3205/6076 3308/3768/6079 3317/3452/6094
s 107
f 2981/3769/6085 2986/3770/6100 3322/3454/6103 3315/3453/6086
s 110
f 2993/3214/6109 2982/3210/6092 3316/3771/6095 3325/3458/6110
s 107
f 2989/3772/6101 2994/3773/6116 3330/3460/6119 3323/3459/6102
s 110
f 3001/3219/6125 2990/3215/6108 3324/3774/6111 3333/3464/6126
s 107
f 2997/3775/6117 3002/3776/6132 3338/3466/6135 3331/3465/6118
s 110
f 3009/3223/6137 2998/3220/6124 3332/3777/6127 3341/3470/6138
s 107
f 3005/3222/6133 2870/3140/5868 3204/3778/5871 3339/3374/6134
s 110
f 2869/3779/5861 3006/3780/6136 3340/3370/6139 3203/3369/5862
s 2
f 2328/2708/4655 2329/2709/4654 2330/3781/4663 2331/3782/4662
f 2332/2717/4670 2333/2718/4669 2334/3474/4657 2335/3783/4656
f 2336/2722/4681 2337/2723/4680 2338/3475/4672 2339/3784/4671
f 2340/2727/4692 2341/2728/4691 2342/3476/4683 2343/3785/4682
f 2344/2732/4703 2345/2733/4702 2346/3477/4694 2347/3786/4693
f 2348/2737/4714 2349/2738/4713 2350/3478/4705 2351/3787/4704
f 2352/2742/4725 2353/2743/4724 2354/3479/4716 2355/3788/4715
f 2356/2747/4736 2357/2748/4735 2358/3480/4727 2359/3789/4726
f 2360/2752/4747 2361/2753/4746 2362/3481/4738 2363/3790/4737
f 2364/2757/4758 2365/2758/4757 2366/3482/4749 2367/3791/4748
f 2368/2762/4769 2369/2763/4768 2370/3483/4760 2371/3792/4759
f 2372/2767/4780 2373/2768/4779 2374/3484/4771 2375/3793/4770
f 2376/2772/4791 2377/2773/4790 2378/3485/4782 2379/3794/4781
f 2380/2775/4798 2381/2776/6654 2382/3486/4793 2383/3795/4792 2384/3796/4799
s 3
f 2385/2781/4813 2386/2782/4816 2387/3487/4805 2388/3797/4804
s 2
f 2389/3798/4821 2390/2786/4830 2391/2787/4829 2392/3488/6655 2393/3799/4822
f 2394/2791/4841 2395/2792/4840 2396/3489/4832 2397/3800/4831
f 2398/2793/4852 2399/2796/4851 2400/3490/4843 2401/3801/4842
f 2402/2800/4863 2403/2801/4862 2404/3491/4854 2405/2798/4853
f 2406/2713/4665 2407/2805/4664 2408/3492/4865 2409/3802/4864
s 24
f 2410/3803/4881 2411/2710/4880 2412/2810/4885 2413/3804/4884
f 2414/2812/4887 2415/2811/4886 2416/2814/4893 2417/2813/4892
f 2418/2816/4895 2419/2815/4894 2420/2818/4901 2421/2817/4900
f 2422/2820/4903 2423/2819/4902 2424/2822/4909 2425/2821/4908
f 2426/2824/4911 2427/2823/4910 2428/2826/4917 2429/2825/4916
f 2430/2828/4919 2431/2827/4918 2432/2830/4925 2433/2829/4924
f 2434/2832/4927 2435/2831/4926 2436/2834/4933 2437/2833/4932
f 2438/2836/4935 2439/2835/4934 2440/2838/4941 2441/2837/4940
f 2442/2840/4943 2443/2839/4942 2444/2842/4949 2445/2841/4948
f 2446/2844/4951 2447/2843/4950 2448/2846/4957 2449/2845/4956
f 2450/2848/4959 2451/2847/4958 2452/2850/4965 2453/2849/4964
f 2454/2852/4967 2455/2851/4966 2456/2854/4973 2457/2853/4972
f 2458/2856/4975 2459/2855/4974 2460/2858/4981 2461/2857/4980
f 2462/2860/4983 2463/2859/4982 2464/2862/4989 2465/2861/4988
f 2466/2864/4991 2467/2863/4990 2468/2866/4997 2469/2865/4996
f 2470/2868/4999 2471/2867/4998 2472/2870/5005 2473/2869/5004
f 2474/2872/5007 2475/2871/5006 2476/2874/5013 2477/2873/5012
f 2478/2876/5015 2479/2875/5014 2480/2878/5021 2481/2877/5020
f 2482/2880/5023 2483/2879/5022 2484/2882/5029 2485/2881/5028
f 2486/2884/5031 2487/2883/5030 2488/2809/4883 2489/2808/4882
s 1
f 2490/3659/6656 2491/2778/4789 2492/2771/4778 2493/2766/4767 2494/2761/4756 2495/2756/4745 2496/2751/4734 2497/2746/4723 2498/2741/4712 2499/2736/4701 2500/2731/4690 2501/2726/4679 2502/2721/4668 2503/2716/4653 2504/2804/4652 2505/2803/4861 2506/2799/4850 2507/2795/4839 2508/2790/4838 2509/2886/6657
s 44
f 2510/2887/5045 2511/2888/5044 2512/2889/5053 2513/3635/5052
f 2514/2891/5061 2515/2892/5060 2516/3519/5047 2517/2890/5046
f 2518/2894/5073 2519/2895/5072 2520/3520/5063 2521/2893/5062
f 2522/2897/5085 2523/2898/5084 2524/3521/5075 2525/2896/5074
f 2526/2900/5097 2527/2901/5096 2528/3522/5087 2529/2899/5086
f 2530/2903/5109 2531/2904/5108 2532/3523/5099 2533/2902/5098
f 2534/2906/5121 2535/2907/5120 2536/3524/5111 2537/2905/5110
f 2538/2909/5133 2539/2910/5132 2540/3525/5123 2541/2908/5122
f 2542/2912/5145 2543/2913/5144 2544/3526/5135 2545/2911/5134
f 2546/2915/5157 2547/2916/5156 2548/3527/5147 2549/2914/5146
f 2550/2918/5169 2551/2919/5168 2552/3528/5159 2553/2917/5158
f 2554/2921/5181 2555/2922/5180 2556/3529/5171 2557/2920/5170
f 2558/2924/5193 2559/2925/5192 2560/3530/5183 2561/2923/5182
f 2562/2927/5205 2563/2928/5204 2564/3531/5195 2565/2926/5194
f 2566/2930/5217 2567/2931/5216 2568/3532/5207 2569/2929/5206
f 2570/2933/5229 2571/2934/5228 2572/3533/5219 2573/2932/5218
f 2574/2936/5241 2575/2937/5240 2576/3534/5231 2577/2935/5230
f 2578/2939/5253 2579/2940/5252 2580/3535/5243 2581/2938/5242
f 2582/2942/5265 2583/2943/5264 2584/3536/5255 2585/2941/5254
f 2586/3636/5055 2587/2945/5054 2588/3537/5267 2589/2944/5266
s 64
f 2590/3538/5280 2591/2947/5285 2592/2949/5284 2593/3517/5281
f 2594/2952/5292 2595/3498/5287 2596/2948/5286 2597/2950/5293
s 65
f 2598/3518/5291 2599/2953/5290 2600/2955/5298 2601/2957/5302 2602/2958/5305 2603/2959/5308 2604/2960/5311 2605/2961/5314 2606/2962/5317 2607/2963/5320 2608/2964/5323 2609/2965/5326 2610/2966/5329 2611/2967/5332 2612/2968/5335 2613/2969/5338 2614/2970/5341 2615/2971/5344 2616/2972/5347 2617/3516/5299
s 64
f 2618/3499/5352 2619/2956/5295 2620/2951/5294 2621/2973/5353
f 2622/3500/5356 2623/2975/5355 2624/2974/5354 2625/2976/5357
f 2626/3501/5360 2627/2978/5359 2628/2977/5358 2629/2979/5361
f 2630/3502/5364 2631/2981/5363 2632/2980/5362 2633/2982/5365
f 2634/3503/5368 2635/2984/5367 2636/2983/5366 2637/2985/5369
f 2638/3504/5372 2639/2987/5371 2640/2986/5370 2641/2988/5373
f 2642/3505/5376 2643/2990/5375 2644/2989/5374 2645/2991/5377
f 2646/3506/5380 2647/2993/5379 2648/2992/5378 2649/2994/5381
f 2650/3507/5384 2651/2996/5383 2652/2995/5382 2653/2997/5385
f 2654/3508/5388 2655/2999/5387 2656/2998/5386 2657/3000/5389
f 2658/3509/5392 2659/3002/5391 2660/3001/5390 2661/3003/5393
f 2662/3510/5396 2663/3005/5395 2664/3004/5394 2665/3006/5397
f 2666/3511/5400 2667/3008/5399 2668/3007/5398 2669/3009/5401
f 2670/3512/5404 2671/3011/5403 2672/3010/5402 2673/3012/5405
f 2674/3513/5408 2675/3014/5407 2676/3013/5406 2677/3015/5409
f 2678/3514/5412 2679/3017/5411 2680/3016/5410 2681/3018/5413
f 2682/3515/5416 2683/3020/5415 2684/3019/5414 2685/3021/5417
f 2686/2954/5282 2687/3023/5419 2688/3022/5418 2689/2946/5283
s 68
f 2690/3024/5425 2691/3025/5424 2692/3026/5433 2693/3661/5432
f 2694/3662/5435 2695/3027/5434 2696/3028/5445 2697/3719/5444
s 72
f 2698/3029/5453 2699/3596/5452 2700/3031/5457 2701/3664/5456
f 2702/3034/5465 2703/3595/5464 2704/3030/5455 2705/3033/5454
f 2706/3665/5459 2707/3032/5458 2708/3036/5473 2709/3667/5472
s 68
f 2710/3039/5481 2711/3040/5480 2712/3637/5427 2713/3038/5426
s 72
f 2714/3668/5475 2715/3037/5474 2716/3041/5493 2717/3670/5492
s 68
f 2718/3044/5501 2719/3045/5500 2720/3638/5483 2721/3043/5482
s 72
f 2722/3671/5495 2723/3042/5494 2724/3046/5513 2725/3673/5512
s 68
f 2726/3049/5521 2727/3050/5520 2728/3639/5503 2729/3048/5502
s 72
f 2730/3674/5515 2731/3047/5514 2732/3051/5533 2733/3676/5532
s 68
f 2734/3054/5541 2735/3055/5540 2736/3640/5523 2737/3053/5522
s 72
f 2738/3677/5535 2739/3052/5534 2740/3056/5553 2741/3679/5552
s 68
f 2742/3059/5561 2743/3060/5560 2744/3641/5543 2745/3058/5542
s 72
f 2746/3680/5555 2747/3057/5554 2748/3061/5573 2749/3682/5572
s 68
f 2750/3064/5581 2751/3065/5580 2752/3642/5563 2753/3063/5562
s 72
f 2754/3683/5575 2755/3062/5574 2756/3066/5593 2757/3685/5592
s 68
f 2758/3069/5601 2759/3070/5600 2760/3643/5583 2761/3068/5582
s 72
f 2762/3686/5595 2763/3067/5594 2764/3071/5613 2765/3688/5612
s 68
f 2766/3074/5621 2767/3075/5620 2768/3644/5603 2769/3073/5602
s 72
f 2770/3689/5615 2771/3072/5614 2772/3076/5633 2773/3691/5632
s 68
f 2774/3079/5641 2775/3080/5640 2776/3645/5623 2777/3078/5622
s 72
f 2778/3692/5635 2779/3077/5634 2780/3081/5653 2781/3694/5652
s 68
f 2782/3084/5661 2783/3085/5660 2784/3646/5643 2785/3083/5642
s 72
f 2786/3695/5655 2787/3082/5654 2788/3086/5673 2789/3697/5672
s 68
f 2790/3089/5681 2791/3090/5680 2792/3647/5663 2793/3088/5662
s 72
f 2794/3698/5675 2795/3087/5674 2796/3091/5693 2797/3700/5692
s 68
f 2798/3094/5701 2799/3095/5700 2800/3648/5683 2801/3093/5682
s 72
f 2802/3701/5695 2803/3092/5694 2804/3096/5713 2805/3703/5712
s 68
f 2806/3099/5721 2807/3100/5720 2808/3649/5703 2809/3098/5702
s 72
f 2810/3704/5715 2811/3097/5714 2812/3101/5733 2813/3706/5732
s 68
f 2814/3104/5741 2815/3105/5740 2816/3650/5723 2817/3103/5722
s 72
f 2818/3707/5735 2819/3102/5734 2820/3106/5753 2821/3709/5752
s 68
f 2822/3109/5761 2823/3110/5760 2824/3651/5743 2825/3108/5742
s 72
f 2826/3710/5755 2827/3107/5754 2828/3111/5773 2829/3712/5772
s 68
f 2830/3114/5781 2831/3115/5780 2832/3652/5763 2833/3113/5762
s 72
f 2834/3713/5775 2835/3112/5774 2836/3116/5793 2837/3715/5792
s 68
f 2838/3119/5801 2839/3120/5800 2840/3653/5783 2841/3118/5782
s 72
f 2842/3716/5795 2843/3117/5794 2844/3035/5467 2845/3121/5466
s 68
f 2846/3720/5447 2847/3123/5446 2848/3654/5803 2849/3122/5802
s 108
f 2850/3124/5825 2851/3656/5824 2852/3126/5829 2853/3721/5828
f 2854/3722/5831 2855/3127/5830 2856/3128/5837 2857/3727/5836
s 111
f 2858/3130/5845 2859/3617/5844 2860/3132/5849 2861/3724/5848
f 2862/3135/5857 2863/3618/5856 2864/3131/5847 2865/3134/5846
f 2866/3725/5851 2867/3133/5850 2868/3137/5865 2869/3779/5864
s 108
f 2870/3140/5873 2871/3655/5872 2872/3125/5827 2873/3139/5826
f 2874/3728/5839 2875/3129/5838 2876/3142/5881 2877/3730/5880
s 111
f 2878/3145/5889 2879/3619/5888 2880/3136/5859 2881/3144/5858
s 108
f 2882/3731/5883 2883/3143/5882 2884/3147/5897 2885/3733/5896
s 111
f 2886/3150/5905 2887/3620/5904 2888/3146/5891 2889/3149/5890
s 108
f 2890/3734/5899 2891/3148/5898 2892/3152/5913 2893/3736/5912
s 111
f 2894/3155/5921 2895/3621/5920 2896/3151/5907 2897/3154/5906
s 108
f 2898/3737/5915 2899/3153/5914 2900/3157/5929 2901/3739/5928
s 111
f 2902/3160/5937 2903/3622/5936 2904/3156/5923 2905/3159/5922
s 108
f 2906/3740/5931 2907/3158/5930 2908/3162/5945 2909/3742/5944
s 111
f 2910/3165/5953 2911/3623/5952 2912/3161/5939 2913/3164/5938
s 108
f 2914/3743/5947 2915/3163/5946 2916/3167/5961 2917/3745/5960
s 111
f 2918/3170/5969 2919/3624/5968 2920/3166/5955 2921/3169/5954
s 108
f 2922/3746/5963 2923/3168/5962 2924/3172/5977 2925/3748/5976
s 111
f 2926/3175/5985 2927/3625/5984 2928/3171/5971 2929/3174/5970
s 108
f 2930/3749/5979 2931/3173/5978 2932/3177/5993 2933/3751/5992
s 111
f 2934/3180/6001 2935/3626/6000 2936/3176/5987 2937/3179/5986
s 108
f 2938/3752/5995 2939/3178/5994 2940/3182/6009 2941/3754/6008
s 111
f 2942/3185/6017 2943/3627/6016 2944/3181/6003 2945/3184/6002
s 108
f 2946/3755/6011 2947/3183/6010 2948/3187/6025 2949/3757/6024
s 111
f 2950/3190/6033 2951/3628/6032 2952/3186/6019 2953/3189/6018
s 108
f 2954/3758/6027 2955/3188/6026 2956/3192/6041 2957/3760/6040
s 111
f 2958/3195/6049 2959/3629/6048 2960/3191/6035 2961/3194/6034
s 108
f 2962/3761/6043 2963/3193/6042 2964/3197/6057 2965/3763/6056
s 111
f 2966/3200/6065 2967/3630/6064 2968/3196/6051 2969/3199/6050
s 108
f 2970/3764/6059 2971/3198/6058 2972/3202/6073 2973/3766/6072
s 111
f 2974/3205/6081 2975/3631/6080 2976/3201/6067 2977/3204/6066
s 108
f 2978/3767/6075 2979/3203/6074 2980/3207/6089 2981/3769/6088
s 111
f 2982/3210/6097 2983/3632/6096 2984/3206/6083 2985/3209/6082
s 108
f 2986/3770/6091 2987/3208/6090 2988/3212/6105 2989/3772/6104
s 111
f 2990/3215/6113 2991/3633/6112 2992/3211/6099 2993/3214/6098
s 108
f 2994/3773/6107 2995/3213/6106 2996/3217/6121 2997/3775/6120
s 111
f 2998/3220/6129 2999/3634/6128 3000/3216/6115 3001/3219/6114
s 108
f 3002/3776/6123 3003/3218/6122 3004/3141/5875 3005/3222/5874
s 111
f 3006/3780/5867 3007/3138/5866 3008/3221/6131 3009/3223/6130
s off
f 3010/3226/6658 3011/3657/6659 3012/3224/6660
s 129
f 3013/3660/6148 3014/3227/6147 3015/3229/6146 3016/3494/6149
s 130
f 3017/3495/6155 3018/3230/6154 3019/3225/6661 3020/3231/6662
s off
f 3021/3232/6663 3022/3228/6664 3023/3233/6665
s 131
f 3024/3236/6160 3025/3237/6169 3026/3663/6168 3027/3234/6161
s 133
f 3028/3666/6172 3029/3241/6177 3030/3539/6176 3031/3239/6173
f 3032/3245/6180 3033/3540/6179 3034/3242/6178 3035/3243/6181
s 131
f 3036/3718/6188 3037/3238/6171 3038/3246/6170 3039/3247/6189
f 3040/3251/6192 3041/3541/6163 3042/3235/6162 3043/3249/6193
s 133
f 3044/3669/6200 3045/3240/6175 3046/3252/6174 3047/3253/6201
s 131
f 3048/3257/6204 3049/3542/6195 3050/3250/6194 3051/3255/6205
s 133
f 3052/3672/6212 3053/3254/6203 3054/3258/6202 3055/3259/6213
s 131
f 3056/3263/6216 3057/3543/6207 3058/3256/6206 3059/3261/6217
s 133
f 3060/3675/6224 3061/3260/6215 3062/3264/6214 3063/3265/6225
s 131
f 3064/3269/6228 3065/3544/6219 3066/3262/6218 3067/3267/6229
s 133
f 3068/3678/6236 3069/3266/6227 3070/3270/6226 3071/3271/6237
s 131
f 3072/3275/6240 3073/3545/6231 3074/3268/6230 3075/3273/6241
s 133
f 3076/3681/6248 3077/3272/6239 3078/3276/6238 3079/3277/6249
s 131
f 3080/3281/6252 3081/3546/6243 3082/3274/6242 3083/3279/6253
s 133
f 3084/3684/6260 3085/3278/6251 3086/3282/6250 3087/3283/6261
s 131
f 3088/3287/6264 3089/3547/6255 3090/3280/6254 3091/3285/6265
s 133
f 3092/3687/6272 3093/3284/6263 3094/3288/6262 3095/3289/6273
s 131
f 3096/3293/6276 3097/3548/6267 3098/3286/6266 3099/3291/6277
s 133
f 3100/3690/6284 3101/3290/6275 3102/3294/6274 3103/3295/6285
s 131
f 3104/3299/6288 3105/3549/6279 3106/3292/6278 3107/3297/6289
s 133
f 3108/3693/6296 3109/3296/6287 3110/3300/6286 3111/3301/6297
s 131
f 3112/3305/6300 3113/3550/6291 3114/3298/6290 3115/3303/6301
s 133
f 3116/3696/6308 3117/3302/6299 3118/3306/6298 3119/3307/6309
s 131
f 3120/3311/6312 3121/3551/6303 3122/3304/6302 3123/3309/6313
s 133
f 3124/3699/6320 3125/3308/6311 3126/3312/6310 3127/3313/6321
s 131
f 3128/3317/6324 3129/3552/6315 3130/3310/6314 3131/3315/6325
s 133
f 3132/3702/6332 3133/3314/6323 3134/3318/6322 3135/3319/6333
s 131
f 3136/3323/6336 3137/3553/6327 3138/3316/6326 3139/3321/6337
s 133
f 3140/3705/6344 3141/3320/6335 3142/3324/6334 3143/3325/6345
s 131
f 3144/3329/6348 3145/3554/6339 3146/3322/6338 3147/3327/6349
s 133
f 3148/3708/6356 3149/3326/6347 3150/3330/6346 3151/3331/6357
s 131
f 3152/3335/6360 3153/3555/6351 3154/3328/6350 3155/3333/6361
s 133
f 3156/3711/6368 3157/3332/6359 3158/3336/6358 3159/3337/6369
s 131
f 3160/3341/6372 3161/3556/6363 3162/3334/6362 3163/3339/6373
s 133
f 3164/3714/6380 3165/3338/6371 3166/3342/6370 3167/3343/6381
s 131
f 3168/3347/6384 3169/3557/6375 3170/3340/6374 3171/3345/6385
s 133
f 3172/3717/6392 3173/3344/6383 3174/3348/6382 3175/3349/6393
s 131
f 3176/3351/6190 3177/3558/6387 3178/3346/6386 3179/3248/6191
s 133
f 3180/3244/6182 3181/3350/6395 3182/3353/6394 3183/3352/6183
s 152
f 3184/3356/6400 3185/3357/6409 3186/3723/6408 3187/3354/6401
s 154
f 3188/3726/6412 3189/3361/6417 3190/3597/6416 3191/3359/6413
f 3192/3365/6420 3193/3598/6419 3194/3362/6418 3195/3363/6421
s 152
f 3196/3729/6428 3197/3358/6411 3198/3366/6410 3199/3367/6429
f 3200/3371/6432 3201/3599/6403 3202/3355/6402 3203/3369/6433
s 154
f 3204/3778/6440 3205/3360/6415 3206/3372/6414 3207/3373/6441
f 3208/3377/6444 3209/3600/6423 3210/3364/6422 3211/3375/6445
s 152
f 3212/3732/6452 3213/3368/6431 3214/3378/6430 3215/3379/6453
s 154
f 3216/3383/6456 3217/3601/6447 3218/3376/6446 3219/3381/6457
s 152
f 3220/3735/6464 3221/3380/6455 3222/3384/6454 3223/3385/6465
s 154
f 3224/3389/6468 3225/3602/6459 3226/3382/6458 3227/3387/6469
s 152
f 3228/3738/6476 3229/3386/6467 3230/3390/6466 3231/3391/6477
s 154
f 3232/3395/6480 3233/3603/6471 3234/3388/6470 3235/3393/6481
s 152
f 3236/3741/6488 3237/3392/6479 3238/3396/6478 3239/3397/6489
s 154
f 3240/3401/6492 3241/3604/6483 3242/3394/6482 3243/3399/6493
s 152
f 3244/3744/6500 3245/3398/6491 3246/3402/6490 3247/3403/6501
s 154
f 3248/3407/6504 3249/3605/6495 3250/3400/6494 3251/3405/6505
s 152
f 3252/3747/6512 3253/3404/6503 3254/3408/6502 3255/3409/6513
s 154
f 3256/3413/6516 3257/3606/6507 3258/3406/6506 3259/3411/6517
s 152
f 3260/3750/6524 3261/3410/6515 3262/3414/6514 3263/3415/6525
s 154
f 3264/3419/6528 3265/3607/6519 3266/3412/6518 3267/3417/6529
s 152
f 3268/3753/6536 3269/3416/6527 3270/3420/6526 3271/3421/6537
s 154
f 3272/3425/6540 3273/3608/6531 3274/3418/6530 3275/3423/6541
s 152
f 3276/3756/6548 3277/3422/6539 3278/3426/6538 3279/3427/6549
s 154
f 3280/3431/6552 3281/3609/6543 3282/3424/6542 3283/3429/6553
s 152
f 3284/3759/6560 3285/3428/6551 3286/3432/6550 3287/3433/6561
s 154
f 3288/3437/6564 3289/3610/6555 3290/3430/6554 3291/3435/6565
s 152
f 3292/3762/6572 3293/3434/6563 3294/3438/6562 3295/3439/6573
s 154
f 3296/3443/6576 3297/3611/6567 3298/3436/6566 3299/3441/6577
s 152
f 3300/3765/6584 3301/3440/6575 3302/3444/6574 3303/3445/6585
s 154
f 3304/3449/6588 3305/3612/6579 3306/3442/6578 3307/3447/6589
s 152
f 3308/3768/6596 3309/3446/6587 3310/3450/6586 3311/3451/6597
s 154
f 3312/3455/6600 3313/3613/6591 3314/3448/6590 3315/3453/6601
s 152
f 3316/3771/6608 3317/3452/6599 3318/3456/6598 3319/3457/6609
s 154
f 3320/3461/6612 3321/3614/6603 3322/3454/6602 3323/3459/6613
s 152
f 3324/3774/6620 3325/3458/6611 3326/3462/6610 3327/3463/6621
s 154
f 3328/3467/6624 3329/3615/6615 3330/3460/6614 3331/3465/6625
s 152
f 3332/3777/6632 3333/3464/6623 3334/3468/6622 3335/3469/6633
s 154
f 3336/3471/6442 3337/3616/6627 3338/3466/6626 3339/3374/6443
s 152
f 3340/3370/6434 3341/3470/6635 3342/3473/6634 3343/3472/6435
g default
v 97.560585 -45.034195 59.871540
v 97.560585 -45.034195 -369.081573
v 100.195847 -45.890442 -364.895905
v 100.331467 -45.034195 -364.895905
v 100.195847 -44.177948 -364.895905
v 99.802277 -43.405521 -364.895935
v 99.189285 -42.792500 -364.895905
v 98.416840 -42.398941 -364.895905
v 97.560585 -42.263309 -364.895905
v 96.704346 -42.398941 -364.895905
v 95.931915 -42.792500 -364.895905
v 95.318893 -43.405521 -364.895935
v 94.925316 -44.177940 -364.895905
v 94.789703 -45.034195 -364.895905
v 94.925316 -45.890442 -364.895905
v 95.318893 -46.662880 -364.895935
v 95.931915 -47.275887 -364.895905
v 96.704346 -47.669456 -364.895905
v 97.560585 -47.805077 -364.895905
v 98.416840 -47.669456 -364.895905
v 99.189285 -47.275887 -364.895905
v 99.802277 -46.662880 -364.895935
v 94.925316 -44.177940 -364.305206
v 94.789703 -45.034195 -364.305237
v 94.925316 -45.890442 -364.305237
v 95.318893 -46.662880 -364.305237
v 95.931915 -47.275887 -364.305237
v 96.704346 -47.669464 -364.305206
v 97.560585 -47.805077 -364.305206
v 98.416840 -47.669464 -364.305206
v 99.189285 -47.275887 -364.305237
v 99.802277 -46.662880 -364.305237
v 100.195847 -45.890442 -364.305237
v 100.331467 -45.034195 -364.305237
v 100.195847 -44.177948 -364.305206
v 99.802277 -43.405521 -364.305237
v 99.189285 -42.792500 -364.305206
v 98.416840 -42.398941 -364.305237
v 97.560585 -42.263313 -364.305237
v 96.704346 -42.398941 -364.305237
v 95.931915 -42.792500 -364.305206
v 95.318893 -43.405521 -364.305237
v 94.925316 -44.177940 -355.548004
v 94.789703 -45.034191 -355.548004
v 94.925316 -45.890442 -355.548004
v 95.318893 -46.662880 -355.548035
v 95.931915 -47.275887 -355.548004
v 96.704346 -47.669456 -355.548004
v 97.560585 -47.805077 -355.548004
v 98.416840 -47.669456 -355.548004
v 99.189285 -47.275887 -355.548004
v 99.802277 -46.662880 -355.548035
v 100.195847 -45.890442 -355.548004
v 100.331467 -45.034191 -355.548004
v 100.195847 -44.177948 -355.548004
v 99.802277 -43.405521 -355.548035
v 99.189285 -42.792500 -355.548004
v 98.416840 -42.398941 -355.548004
v 97.560585 -42.263313 -355.548004
v 96.704346 -42.398941 -355.548004
v 95.931915 -42.792500 -355.548004
v 95.318893 -43.405521 -355.548035
v 100.195847 -45.890442 -368.260651
v 99.802277 -46.662880 -368.260681
v 99.189285 -47.275887 -368.260651
v 98.416840 -47.669456 -368.260651
v 97.560585 -47.805077 -368.260651
v 96.704346 -47.669456 -368.260651
v 95.931915 -47.275887 -368.260651
v 95.318893 -46.662880 -368.260681
v 94.925316 -45.890442 -368.260651
v 94.789703 -45.034191 -368.260651
v 94.925316 -44.177940 -368.260651
v 95.318893 -43.405521 -368.260681
v 95.931915 -42.792500 -368.260651
v 96.704346 -42.398941 -368.260651
v 97.560585 -42.263313 -368.260651
v 98.416840 -42.398941 -368.260651
v 99.189285 -42.792500 -368.260651
v 99.802277 -43.405521 -368.260681
v 100.195847 -44.177948 -368.260651
v 100.331467 -45.034191 -368.260651
v 94.917259 -43.113716 -365.807404
v 94.906738 -43.106079 -367.270721
v 95.632477 -42.380348 -367.270721
v 95.640106 -42.390865 -365.807373
v 96.546936 -41.914425 -367.270721
v 96.550934 -41.926788 -365.807373
v 97.560585 -41.753868 -367.270721
v 97.560585 -41.766861 -365.807404
v 98.574265 -41.914425 -367.270721
v 98.570259 -41.926788 -365.807373
v 99.488739 -42.380348 -367.270721
v 99.481102 -42.390865 -365.807373
v 100.214447 -43.106079 -367.270721
v 100.203918 -43.113716 -365.807404
v 100.680382 -44.020531 -367.270752
v 100.668030 -44.024548 -365.807404
v 100.840927 -45.034191 -367.270721
v 100.827942 -45.034195 -365.807404
v 100.680382 -46.047874 -367.270752
v 100.668030 -46.043861 -365.807373
v 100.214447 -46.962334 -367.270721
v 100.203918 -46.954697 -365.807404
v 99.488739 -47.688042 -367.270721
v 99.481102 -47.677536 -365.807404
v 98.574265 -48.153984 -367.270721
v 98.570259 -48.141632 -365.807404
v 97.560585 -48.314529 -367.270752
v 97.560585 -48.301529 -365.807404
v 96.546936 -48.153984 -367.270721
v 96.550934 -48.141632 -365.807404
v 95.632477 -47.688042 -367.270721
v 95.640106 -47.677536 -365.807404
v 94.906738 -46.962334 -367.270721
v 94.917259 -46.954697 -365.807404
v 94.440826 -46.047874 -367.270752
v 94.453171 -46.043861 -365.807373
v 94.280258 -45.034191 -367.270721
v 94.293259 -45.034195 -365.807404
v 94.440826 -44.020508 -367.270721
v 94.453171 -44.024536 -365.807404
v 94.474228 -44.031384 -355.548004
v 94.315384 -45.034191 -355.548004
v 93.900803 -43.845062 -364.305237
v 93.712486 -45.034195 -364.305237
v 94.474228 -46.037018 -355.548004
v 93.900803 -46.223328 -364.305237
v 94.935181 -46.941673 -355.548035
v 94.447395 -47.296059 -364.305237
v 95.653130 -47.659615 -355.548004
v 95.298752 -48.147385 -364.305206
v 96.557777 -48.120560 -355.548004
v 96.371475 -48.693970 -364.305237
v 97.560585 -48.279388 -355.548004
v 97.560585 -48.882309 -364.305206
v 98.563408 -48.120560 -355.548004
v 98.749718 -48.693970 -364.305237
v 99.468079 -47.659615 -355.548004
v 99.822479 -48.147385 -364.305206
v 100.186005 -46.941673 -355.548035
v 100.673767 -47.296059 -364.305237
v 100.646942 -46.037018 -355.548004
v 101.220367 -46.223328 -364.305237
v 100.805771 -45.034191 -355.548004
v 101.408691 -45.034195 -364.305237
v 100.646942 -44.031384 -355.548004
v 101.220367 -43.845070 -364.305237
v 100.186005 -43.126736 -355.548035
v 100.673767 -42.772350 -364.305237
v 99.468079 -42.408779 -355.548004
v 99.822479 -41.921005 -364.305237
v 98.563408 -41.947845 -355.548004
v 98.749718 -41.374439 -364.305206
v 97.560585 -41.789005 -355.548004
v 97.560585 -41.186089 -364.305237
v 96.557777 -41.947845 -355.548004
v 96.371475 -41.374439 -364.305206
v 95.653130 -42.408779 -355.548004
v 95.298752 -41.921005 -364.305237
v 94.935181 -43.126736 -355.548035
v 94.447395 -42.772350 -364.305237
v 94.789703 -45.034195 55.493752
v 94.925316 -45.890442 55.493748
v 95.318893 -46.662880 55.493752
v 95.931915 -47.275887 55.493748
v 96.704346 -47.669456 55.493752
v 97.560585 -47.805077 55.493748
v 98.416840 -47.669456 55.493752
v 99.189285 -47.275887 55.493748
v 99.802277 -46.662880 55.493752
v 100.195847 -45.890442 55.493748
v 100.331467 -45.034195 55.493752
v 100.195847 -44.177956 55.493752
v 99.802277 -43.405518 55.493752
v 99.189285 -42.792496 55.493752
v 98.416840 -42.398941 55.493752
v 97.560585 -42.263313 55.493752
v 96.704346 -42.398941 55.493752
v 95.931915 -42.792496 55.493752
v 95.318893 -43.405518 55.493752
v 94.925316 -44.177940 55.493752
v 94.925316 -44.177940 44.025814
v 94.789703 -45.034191 44.025814
v 94.925316 -45.890442 44.025814
v 95.318893 -46.662880 44.025814
v 95.931915 -47.275887 44.025814
v 96.704346 -47.669464 44.025814
v 97.560585 -47.805077 44.025814
v 98.416840 -47.669464 44.025814
v 99.189285 -47.275887 44.025814
v 99.802277 -46.662880 44.025814
v 100.195847 -45.890442 44.025814
v 100.331467 -45.034191 44.025814
v 100.195847 -44.177952 44.025814
v 99.802277 -43.405518 44.025814
v 99.189285 -42.792496 44.025814
v 98.416840 -42.398941 44.025814
v 97.560585 -42.263309 44.025814
v 96.704346 -42.398941 44.025814
v 95.931915 -42.792496 44.025814
v 95.318893 -43.405518 44.025814
v 100.195847 -45.890442 55.027912
v 100.331467 -45.034195 55.027912
v 100.195847 -44.177956 55.027912
v 99.802277 -43.405521 55.027908
v 99.189285 -42.792500 55.027908
v 98.416840 -42.398941 55.027908
v 97.560585 -42.263313 55.027912
v 96.704346 -42.398941 55.027908
v 95.931915 -42.792500 55.027908
v 95.318893 -43.405521 55.027908
v 94.925316 -44.177940 55.027908
v 94.789703 -45.034195 55.027912
v 94.925316 -45.890442 55.027912
v 95.318893 -46.662880 55.027908
v 95.931915 -47.275887 55.027912
v 96.704346 -47.669464 55.027912
v 97.560585 -47.805077 55.027912
v 98.416840 -47.669464 55.027912
v 99.189285 -47.275887 55.027912
v 99.802277 -46.662880 55.027908
v 100.195847 -45.890442 59.324238
v 99.802277 -46.662880 59.324238
v 99.189285 -47.275887 59.324238
v 98.416840 -47.669456 59.324238
v 97.560585 -47.805077 59.324238
v 96.704346 -47.669456 59.324238
v 95.931915 -47.275887 59.324238
v 95.318893 -46.662880 59.324238
v 94.925316 -45.890442 59.324238
v 94.789703 -45.034191 59.324238
v 94.925316 -44.177940 59.324238
v 95.318893 -43.405518 59.324238
v 95.931915 -42.792496 59.324238
v 96.704346 -42.398941 59.324238
v 97.560585 -42.263309 59.324238
v 98.416840 -42.398941 59.324238
v 99.189285 -42.792496 59.324238
v 99.802277 -43.405518 59.324238
v 100.195847 -44.177948 59.324238
v 100.331467 -45.034191 59.324238
v 94.493507 -44.037643 56.896389
v 94.493507 -44.037643 58.016865
v 94.335670 -45.034191 58.016865
v 94.335670 -45.034191 56.896389
v 94.493507 -46.030746 58.016865
v 94.493507 -46.030746 56.896389
v 94.951584 -46.929756 58.016865
v 94.951584 -46.929756 56.896389
v 95.665047 -47.643204 58.016865
v 95.665047 -47.643211 56.896389
v 96.564041 -48.101265 58.016865
v 96.564041 -48.101273 56.896389
v 97.560585 -48.259109 58.016865
v 97.560585 -48.259109 56.896389
v 98.557144 -48.101265 58.016865
v 98.557144 -48.101273 56.896389
v 99.456161 -47.643204 58.016865
v 99.456161 -47.643211 56.896389
v 100.169594 -46.929756 58.016865
v 100.169594 -46.929756 56.896389
v 100.627655 -46.030746 58.016865
v 100.627655 -46.030746 56.896389
v 100.785515 -45.034191 58.016865
v 100.785515 -45.034191 56.896389
v 100.627655 -44.037655 58.016865
v 100.627655 -44.037655 56.896389
v 100.169594 -43.138649 58.016865
v 100.169594 -43.138649 56.896389
v 99.456161 -42.425190 58.016865
v 99.456161 -42.425190 56.896389
v 98.557144 -41.967140 58.016865
v 98.557144 -41.967140 56.896389
v 97.560585 -41.809280 58.016865
v 97.560585 -41.809280 56.896389
v 96.564041 -41.967140 58.016865
v 96.564041 -41.967140 56.896389
v 95.665047 -42.425190 58.016865
v 95.665047 -42.425190 56.896389
v 94.951584 -43.138649 58.016865
v 94.951584 -43.138649 56.896389
v 101.212715 -46.220848 55.027912
v 101.400658 -45.034195 55.027912
v 100.677299 -46.046883 44.025814
v 100.837692 -45.034191 44.025814
v 101.212715 -43.847565 55.027912
v 100.677299 -44.021538 44.025814
v 100.667267 -42.777088 55.027908
v 100.211807 -43.107983 44.025814
v 99.817734 -41.927513 55.027912
v 99.486855 -42.382957 44.025814
v 98.747246 -41.382095 55.027912
v 98.573273 -41.917503 44.025814
v 97.560585 -41.194138 55.027912
v 97.560585 -41.757088 44.025814
v 96.373947 -41.382095 55.027912
v 96.547913 -41.917503 44.025814
v 95.303482 -41.927513 55.027912
v 95.634369 -42.382957 44.025814
v 94.453911 -42.777088 55.027908
v 94.909355 -43.107983 44.025814
v 93.908463 -43.847542 55.027912
v 94.443871 -44.021507 44.025814
v 93.720512 -45.034195 55.027912
v 94.283493 -45.034191 44.025814
v 93.908463 -46.220848 55.027912
v 94.443871 -46.046883 44.025814
v 94.453911 -47.291328 55.027908
v 94.909355 -46.960434 44.025814
v 95.303482 -48.140869 55.027908
v 95.634369 -47.685432 44.025814
v 96.373947 -48.686317 55.027908
v 96.547913 -48.150909 44.025814
v 97.560585 -48.874268 55.027908
v 97.560585 -48.311302 44.025814
v 98.747246 -48.686317 55.027908
v 98.573273 -48.150909 44.025814
v 99.817734 -48.140869 55.027908
v 99.486855 -47.685432 44.025814
v 100.667267 -47.291328 55.027908
v 100.211807 -46.960434 44.025814
v 94.939079 -45.034195 55.493752
v 95.067368 -45.844292 55.493752
v 94.939079 -45.034195 55.027912
v 95.067368 -45.844292 55.027908
v 95.439728 -46.575089 55.493752
v 95.439728 -46.575096 55.027908
v 96.019722 -47.155052 55.493752
v 96.019722 -47.155052 55.027908
v 96.750504 -47.527412 55.493748
v 96.750504 -47.527412 55.027912
v 97.560585 -47.655716 55.493752
v 97.560585 -47.655716 55.027912
v 98.370697 -47.527412 55.493748
v 98.370697 -47.527412 55.027912
v 99.101501 -47.155052 55.493752
v 99.101501 -47.155052 55.027908
v 99.681450 -46.575089 55.493752
v 99.681450 -46.575096 55.027908
v 100.053802 -45.844292 55.493752
v 100.053802 -45.844292 55.027908
v 100.182106 -45.034195 55.493752
v 100.182106 -45.034195 55.027912
v 100.053802 -44.224121 55.493752
v 100.053802 -44.224121 55.027908
v 99.681450 -43.493317 55.493752
v 99.681450 -43.493317 55.027908
v 99.101501 -42.913338 55.493748
v 99.101501 -42.913342 55.027912
v 98.370697 -42.541000 55.493748
v 98.370697 -42.541000 55.027912
v 97.560585 -42.412674 55.493752
v 97.560585 -42.412674 55.027908
v 96.750504 -42.541000 55.493748
v 96.750504 -42.541000 55.027912
v 96.019722 -42.913338 55.493748
v 96.019722 -42.913342 55.027912
v 95.439728 -43.493317 55.493752
v 95.439728 -43.493317 55.027908
v 95.067368 -44.224106 55.493752
v 95.067368 -44.224106 55.027908
v 95.162804 -44.255112 -364.305237
v 95.039413 -45.034195 -364.305237
v 95.162804 -44.255112 -364.895905
v 95.039413 -45.034195 -364.895905
v 95.162804 -45.813286 -364.305206
v 95.162804 -45.813286 -364.895905
v 95.520920 -46.516106 -364.305237
v 95.520920 -46.516106 -364.895905
v 96.078690 -47.073868 -364.305237
v 96.078690 -47.073868 -364.895905
v 96.781509 -47.431969 -364.305237
v 96.781509 -47.431969 -364.895905
v 97.560585 -47.555367 -364.305237
v 97.560585 -47.555367 -364.895905
v 98.339684 -47.431969 -364.305237
v 98.339684 -47.431969 -364.895905
v 99.042503 -47.073868 -364.305237
v 99.042503 -47.073868 -364.895905
v 99.600266 -46.516106 -364.305237
v 99.600266 -46.516106 -364.895905
v 99.958359 -45.813286 -364.305206
v 99.958359 -45.813286 -364.895905
v 100.081757 -45.034195 -364.305237
v 100.081757 -45.034195 -364.895905
v 99.958359 -44.255119 -364.305237
v 99.958359 -44.255119 -364.895905
v 99.600266 -43.552299 -364.305206
v 99.600266 -43.552299 -364.895905
v 99.042503 -42.994530 -364.305206
v 99.042503 -42.994530 -364.895905
v 98.339684 -42.636440 -364.305237
v 98.339684 -42.636440 -364.895935
v 97.560585 -42.513031 -364.305206
v 97.560585 -42.513031 -364.895905
v 96.781509 -42.636440 -364.305237
v 96.781509 -42.636440 -364.895935
v 96.078690 -42.994530 -364.305206
v 96.078690 -42.994530 -364.895905
v 95.520920 -43.552299 -364.305206
v 95.520920 -43.552299 -364.895905
v 99.800568 -45.762009 -368.671112
v 98.846481 -45.452011 -369.081573
v 99.466034 -46.418579 -368.671143
v 98.654434 -45.828911 -369.081573
v 99.915833 -45.034206 -368.671204
v 98.912643 -45.034225 -369.081573
v 98.944984 -46.939636 -368.671173
v 98.355331 -46.128036 -369.081604
v 98.288406 -47.274178 -368.671204
v 97.978409 -46.320076 -369.081604
v 97.560585 -47.389450 -368.671204
v 97.560585 -46.386253 -369.081573
v 96.832787 -47.274170 -368.671204
v 97.142792 -46.320076 -369.081604
v 96.176216 -46.939636 -368.671173
v 96.765884 -46.128036 -369.081604
v 95.655159 -46.418571 -368.671173
v 96.466766 -45.828911 -369.081573
v 95.320618 -45.762009 -368.671204
v 96.274704 -45.451996 -369.081573
v 95.205338 -45.034191 -368.671204
v 96.208527 -45.034195 -369.081573
v 95.320618 -44.306385 -368.671204
v 96.274704 -44.616394 -369.081573
v 95.655159 -43.649834 -368.671204
v 96.466766 -44.239487 -369.081573
v 96.176216 -43.128761 -368.671204
v 96.765884 -43.940361 -369.081604
v 96.832779 -42.794228 -368.671143
v 97.142792 -43.748318 -369.081573
v 97.560585 -42.678947 -368.671204
v 97.560585 -43.682137 -369.081573
v 98.288406 -42.794228 -368.671143
v 97.978409 -43.748318 -369.081573
v 98.944984 -43.128761 -368.671204
v 98.355331 -43.940361 -369.081604
v 99.466034 -43.649811 -368.671143
v 98.654434 -44.239471 -369.081604
v 99.800568 -44.306385 -368.671204
v 98.846466 -44.616386 -369.081573
v 99.932335 -45.804825 59.597916
v 99.296272 -45.598152 59.871536
v 99.578117 -46.500023 59.597916
v 99.037056 -46.106918 59.871540
v 100.054398 -45.034191 59.597916
v 99.385605 -45.034195 59.871540
v 99.026443 -47.051727 59.597916
v 98.633331 -46.510658 59.871540
v 98.331207 -47.405945 59.597912
v 98.124573 -46.769875 59.871536
v 97.560585 -47.528000 59.597912
v 97.560585 -46.859200 59.871540
v 96.789978 -47.405945 59.597912
v 96.996651 -46.769875 59.871536
v 96.094788 -47.051727 59.597916
v 96.487900 -46.510658 59.871540
v 95.543068 -46.500015 59.597912
v 96.084129 -46.106895 59.871540
v 95.188850 -45.804825 59.597916
v 95.824905 -45.598160 59.871536
v 95.066788 -45.034191 59.597916
v 95.735580 -45.034195 59.871540
v 95.188850 -44.263573 59.597912
v 95.824905 -44.470245 59.871536
v 95.543068 -43.568386 59.597916
v 96.084129 -43.961498 59.871540
v 96.094788 -43.016678 59.597912
v 96.487900 -43.557739 59.871536
v 96.789978 -42.662468 59.597916
v 96.996651 -43.298527 59.871536
v 97.560585 -42.540401 59.597912
v 97.560585 -43.209198 59.871540
v 98.331207 -42.662468 59.597916
v 98.124573 -43.298527 59.871536
v 99.026443 -43.016670 59.597916
v 98.633331 -43.557739 59.871536
v 99.578117 -43.568386 59.597916
v 99.037056 -43.961491 59.871540
v 99.932327 -44.263573 59.597912
v 99.296272 -44.470249 59.871540
vt 0.058678 0.975558
vt 0.013392 0.975481
vt 0.013328 0.976841
vt 0.058772 0.976782
vt 0.056775 0.975614
vt 0.056868 0.976969
vt 0.054667 0.975787
vt 0.054805 0.977131
vt 0.052520 0.976016
vt 0.052702 0.977359
vt 0.050450 0.976301
vt 0.050661 0.977648
vt 0.046137 0.976666
vt 0.046185 0.977892
vt 0.044268 0.976576
vt 0.044288 0.977934
vt 0.042206 0.976590
vt 0.042252 0.977943
vt 0.040100 0.976663
vt 0.040171 0.978016
vt 0.038056 0.976799
vt 0.038142 0.978157
vt 0.033948 0.976899
vt 0.033927 0.978128
vt 0.032095 0.976699
vt 0.032033 0.978058
vt 0.030043 0.976592
vt 0.030003 0.977946
vt 0.027936 0.976541
vt 0.027922 0.977896
vt 0.025881 0.976557
vt 0.025885 0.977916
vt 0.021578 0.976405
vt 0.021438 0.977627
vt 0.019724 0.976079
vt 0.019543 0.977426
vt 0.017645 0.975827
vt 0.017499 0.977171
vt 0.015496 0.975621
vt 0.015393 0.976971
vt 0.055550 0.953072
vt 0.017044 0.953246
vt 0.013161 0.972470
vt 0.059658 0.972612
vt 0.053332 0.953353
vt 0.057035 0.972688
vt 0.051211 0.953501
vt 0.054518 0.972864
vt 0.049151 0.953604
vt 0.052057 0.973097
vt 0.047128 0.953683
vt 0.049606 0.973393
vt 0.045143 0.953734
vt 0.047130 0.973812
vt 0.043146 0.953765
vt 0.044665 0.973676
vt 0.041147 0.953789
vt 0.042265 0.973657
vt 0.039151 0.953812
vt 0.039890 0.973711
vt 0.037162 0.953829
vt 0.037503 0.973839
vt 0.035193 0.953827
vt 0.035071 0.974098
vt 0.033205 0.953808
vt 0.032669 0.973822
vt 0.031210 0.953785
vt 0.030298 0.973667
vt 0.029214 0.953760
vt 0.027925 0.973585
vt 0.027221 0.953729
vt 0.025512 0.973575
vt 0.025244 0.953679
vt 0.023020 0.973692
vt 0.023240 0.953606
vt 0.020575 0.973260
vt 0.021214 0.953519
vt 0.018145 0.972940
vt 0.019155 0.953410
vt 0.015689 0.972679
vt 0.015080 0.979799
vt 0.014772 0.982954
vt 0.012597 0.982955
vt 0.012857 0.979677
vt 0.017283 0.980024
vt 0.016921 0.983163
vt 0.019485 0.980352
vt 0.019072 0.983589
vt 0.021705 0.980656
vt 0.023359 0.984376
vt 0.025588 0.980775
vt 0.025546 0.984062
vt 0.027801 0.980740
vt 0.027709 0.983909
vt 0.029998 0.980809
vt 0.029860 0.983966
vt 0.032205 0.980982
vt 0.032031 0.984242
vt 0.034437 0.981132
vt 0.036007 0.984758
vt 0.038016 0.981030
vt 0.038172 0.984314
vt 0.040223 0.980862
vt 0.040322 0.984032
vt 0.042421 0.980801
vt 0.042472 0.983961
vt 0.044635 0.980842
vt 0.044655 0.984106
vt 0.046872 0.980858
vt 0.049052 0.984387
vt 0.050773 0.980521
vt 0.051181 0.983785
vt 0.052973 0.980192
vt 0.053310 0.983345
vt 0.055176 0.979968
vt 0.055457 0.983115
vt 0.057401 0.979844
vt 0.057650 0.983098
vt 0.059638 0.979694
vt 0.010391 0.983115
vt 0.038708 0.986742
vt 0.036875 0.987412
vt 0.031510 0.986682
vt 0.029671 0.986337
vt 0.027807 0.986281
vt 0.025937 0.986517
vt 0.024066 0.987077
vt 0.018378 0.985986
vt 0.016565 0.985513
vt 0.014706 0.985327
vt 0.012821 0.985432
vt 0.010914 0.985860
vt 0.057454 0.985586
vt 0.055583 0.985489
vt 0.053724 0.985682
vt 0.051899 0.986166
vt 0.050119 0.986969
vt 0.044281 0.986572
vt 0.042425 0.986338
vt 0.040561 0.986393
vt 0.015336 0.977524
vt 0.017451 0.977727
vt 0.019522 0.977992
vt 0.021529 0.978177
vt 0.025837 0.978477
vt 0.027902 0.978452
vt 0.029997 0.978504
vt 0.032059 0.978624
vt 0.034066 0.978670
vt 0.038128 0.978720
vt 0.040186 0.978573
vt 0.042280 0.978500
vt 0.044348 0.978498
vt 0.046355 0.978424
vt 0.050696 0.978209
vt 0.052760 0.977912
vt 0.054873 0.977685
vt 0.056961 0.977527
vt 0.058969 0.977302
vt 0.013248 0.977398
vt 0.054825 0.952266
vt 0.017532 0.952317
vt 0.013359 0.974908
vt 0.011298 0.974944
vt 0.052872 0.952402
vt 0.056794 0.975049
vt 0.050914 0.952487
vt 0.054624 0.975227
vt 0.048953 0.952549
vt 0.052431 0.975459
vt 0.046991 0.952600
vt 0.050302 0.975746
vt 0.045027 0.952641
vt 0.048325 0.976195
vt 0.043063 0.952672
vt 0.044315 0.976014
vt 0.041098 0.952695
vt 0.042202 0.976028
vt 0.039132 0.952712
vt 0.040059 0.976100
vt 0.037166 0.952719
vt 0.037962 0.976235
vt 0.035201 0.952718
vt 0.035984 0.976546
vt 0.033235 0.952708
vt 0.032175 0.976140
vt 0.031269 0.952690
vt 0.030074 0.976031
vt 0.029304 0.952664
vt 0.027931 0.975977
vt 0.027339 0.952631
vt 0.025821 0.975989
vt 0.025375 0.952588
vt 0.023817 0.976182
vt 0.023412 0.952536
vt 0.019857 0.975528
vt 0.021450 0.952476
vt 0.017723 0.975271
vt 0.019490 0.952405
vt 0.015529 0.975059
vt 0.059536 0.023025
vt 0.013200 0.023036
vt 0.013219 0.024016
vt 0.059524 0.024101
vt 0.057411 0.022917
vt 0.057351 0.023978
vt 0.055247 0.022735
vt 0.055133 0.023789
vt 0.053141 0.022493
vt 0.052977 0.023554
vt 0.048717 0.021997
vt 0.048785 0.022974
vt 0.046785 0.022034
vt 0.046821 0.023108
vt 0.044688 0.022060
vt 0.044689 0.023123
vt 0.042547 0.022013
vt 0.042507 0.023074
vt 0.040455 0.021900
vt 0.040374 0.022970
vt 0.036190 0.021660
vt 0.036308 0.022632
vt 0.034265 0.021804
vt 0.034361 0.022875
vt 0.032176 0.021946
vt 0.032239 0.023007
vt 0.030036 0.022017
vt 0.030057 0.023078
vt 0.027937 0.022020
vt 0.027916 0.023092
vt 0.023483 0.022019
vt 0.023687 0.022982
vt 0.021561 0.022282
vt 0.021742 0.023344
vt 0.019461 0.022556
vt 0.019598 0.023610
vt 0.017298 0.022763
vt 0.017383 0.023821
vt 0.015175 0.022901
vt 0.015202 0.023974
vt 0.056857 0.052320
vt 0.019543 0.052101
vt 0.054905 0.052185
vt 0.052946 0.052105
vt 0.050985 0.052042
vt 0.049022 0.051988
vt 0.047057 0.051942
vt 0.045092 0.051904
vt 0.043126 0.051874
vt 0.041159 0.051851
vt 0.039192 0.051834
vt 0.037225 0.051825
vt 0.035258 0.051823
vt 0.033291 0.051829
vt 0.031325 0.051843
vt 0.029358 0.051863
vt 0.027392 0.051890
vt 0.025428 0.051925
vt 0.023464 0.051969
vt 0.021502 0.052024
vt 0.037365 0.025363
vt 0.039833 0.025613
vt 0.039227 0.050660
vt 0.037237 0.050644
vt 0.034874 0.025598
vt 0.035262 0.050642
vt 0.032424 0.025714
vt 0.033271 0.050655
vt 0.029986 0.025767
vt 0.031274 0.050675
vt 0.027526 0.025757
vt 0.029272 0.050698
vt 0.025008 0.025643
vt 0.027269 0.050727
vt 0.022482 0.026026
vt 0.025270 0.050774
vt 0.019982 0.026295
vt 0.023235 0.050845
vt 0.017473 0.026506
vt 0.021157 0.050940
vt 0.014922 0.026662
vt 0.019014 0.051081
vt 0.062430 0.026959
vt 0.057676 0.051486
vt 0.059768 0.026870
vt 0.055464 0.051192
vt 0.057208 0.026681
vt 0.053331 0.051033
vt 0.054704 0.026443
vt 0.051255 0.050929
vt 0.052218 0.026150
vt 0.049216 0.050848
vt 0.049717 0.025755
vt 0.047203 0.050782
vt 0.047178 0.025852
vt 0.045216 0.050735
vt 0.044708 0.025834
vt 0.043220 0.050704
vt 0.042271 0.025755
vt 0.041222 0.050681
vt 0.014672 0.019242
vt 0.014538 0.016746
vt 0.016740 0.016753
vt 0.016910 0.019163
vt 0.012434 0.019326
vt 0.062318 0.016748
vt 0.059974 0.019422
vt 0.060128 0.016911
vt 0.057738 0.019332
vt 0.057946 0.016917
vt 0.055516 0.019123
vt 0.055780 0.016722
vt 0.053301 0.018802
vt 0.053616 0.016321
vt 0.051085 0.018483
vt 0.049211 0.015602
vt 0.047029 0.018414
vt 0.047037 0.015898
vt 0.044802 0.018461
vt 0.044866 0.016039
vt 0.042584 0.018390
vt 0.042698 0.015976
vt 0.040363 0.018204
vt 0.040519 0.015709
vt 0.038136 0.018020
vt 0.036329 0.015246
vt 0.034307 0.018175
vt 0.034175 0.015663
vt 0.032087 0.018346
vt 0.032015 0.015924
vt 0.029868 0.018398
vt 0.029848 0.015982
vt 0.027640 0.018336
vt 0.027657 0.015836
vt 0.025406 0.018276
vt 0.023175 0.015608
vt 0.021348 0.018659
vt 0.021050 0.016160
vt 0.019134 0.018970
vt 0.018905 0.016557
vt 0.041118 0.012655
vt 0.042928 0.013016
vt 0.044765 0.013079
vt 0.046613 0.012840
vt 0.048475 0.012277
vt 0.054405 0.013311
vt 0.056192 0.013781
vt 0.058024 0.013957
vt 0.059886 0.013831
vt 0.061780 0.013383
vt 0.014775 0.013643
vt 0.016617 0.013786
vt 0.018452 0.013631
vt 0.020260 0.013173
vt 0.022043 0.012393
vt 0.028085 0.012754
vt 0.029912 0.013013
vt 0.031750 0.012974
vt 0.033581 0.012632
vt 0.035409 0.011967
vt 0.015142 0.022566
vt 0.013114 0.022723
vt 0.059559 0.022688
vt 0.057435 0.022584
vt 0.055278 0.022403
vt 0.053169 0.022157
vt 0.051151 0.021949
vt 0.046792 0.021697
vt 0.044692 0.021726
vt 0.042556 0.021679
vt 0.040458 0.021563
vt 0.038440 0.021477
vt 0.034254 0.021467
vt 0.032161 0.021612
vt 0.030025 0.021683
vt 0.027922 0.021683
vt 0.025900 0.021710
vt 0.021525 0.021947
vt 0.019423 0.022224
vt 0.017268 0.022431
vt 0.036425 0.022939
vt 0.040328 0.023306
vt 0.034416 0.023212
vt 0.032264 0.023343
vt 0.030059 0.023413
vt 0.027889 0.023430
vt 0.023833 0.023281
vt 0.021825 0.023678
vt 0.019647 0.023943
vt 0.017405 0.024154
vt 0.015190 0.024312
vt 0.061618 0.024416
vt 0.059546 0.024444
vt 0.057336 0.024313
vt 0.055092 0.024121
vt 0.052904 0.023885
vt 0.048887 0.023286
vt 0.046857 0.023448
vt 0.044693 0.023459
vt 0.042489 0.023408
vt 0.039123 0.987981
vt 0.040155 0.990219
vt 0.039354 0.990730
vt 0.032552 0.988637
vt 0.040712 0.987627
vt 0.041088 0.989955
vt 0.042331 0.987581
vt 0.042068 0.989935
vt 0.030033 0.990191
vt 0.031081 0.987930
vt 0.043928 0.987844
vt 0.043017 0.990164
vt 0.045439 0.988462
vt 0.052842 0.990096
vt 0.052407 0.987371
vt 0.053603 0.989527
vt 0.053967 0.986901
vt 0.054515 0.989195
vt 0.055580 0.986736
vt 0.055491 0.989103
vt 0.057195 0.986881
vt 0.056455 0.989261
vt 0.058747 0.987385
vt 0.012949 0.989472
vt 0.013074 0.986716
vt 0.013810 0.989069
vt 0.014696 0.986570
vt 0.014770 0.988927
vt 0.016310 0.986734
vt 0.015745 0.989035
vt 0.017862 0.987202
vt 0.016657 0.989383
vt 0.019281 0.988009
vt 0.026343 0.990538
vt 0.026277 0.987779
vt 0.027173 0.990075
vt 0.027884 0.987521
vt 0.028121 0.989867
vt 0.029503 0.987572
vt 0.029100 0.989906
vt 0.028488 0.992890
vt 0.041398 0.011825
vt 0.042043 0.010311
vt 0.043291 0.010666
vt 0.043041 0.012196
vt 0.039847 0.011116
vt 0.033797 0.009647
vt 0.044592 0.010717
vt 0.044720 0.012255
vt 0.033320 0.011805
vt 0.032699 0.010299
vt 0.045862 0.010461
vt 0.046398 0.011999
vt 0.046995 0.009871
vt 0.053231 0.011697
vt 0.055474 0.011028
vt 0.054736 0.012500
vt 0.056698 0.011459
vt 0.056355 0.012970
vt 0.057995 0.011589
vt 0.058030 0.013132
vt 0.059279 0.011411
vt 0.059722 0.012979
vt 0.060446 0.010891
vt 0.013330 0.012266
vt 0.015417 0.011206
vt 0.014955 0.012786
vt 0.016699 0.011410
vt 0.016632 0.012958
vt 0.017998 0.011306
vt 0.018309 0.012818
vt 0.019229 0.010901
vt 0.019946 0.012364
vt 0.020285 0.010180
vt 0.026730 0.011288
vt 0.028878 0.010362
vt 0.028318 0.011910
vt 0.030143 0.010647
vt 0.029979 0.012188
vt 0.031445 0.010625
vt 0.031659 0.012154
vt 0.044105 0.006635
vt 0.014246 0.010662
vt 0.061381 0.012462
vt 0.012960 0.013195
vt 0.057324 0.989679
vt 0.059291 0.985998
vt 0.011514 0.987226
vt 0.011462 0.975481
vt 0.011455 0.976713
vt 0.011268 0.977223
vt 0.058831 0.975038
vt 0.061482 0.023111
vt 0.061522 0.024096
vt 0.013126 0.024331
vt 0.061563 0.022801
vt 0.012286 0.026722
vt 0.016773 0.051346
vt 0.017590 0.052231
vt 0.062242 0.019495
vt 0.012267 0.016572
vt 0.015581 0.952175
vt 0.014860 0.952936
vt 0.010508 0.972360
vt 0.010573 0.979538
vt 0.059943 0.983266
vt 0.017029 0.007311
vt 0.040945 0.009632
vt 0.039370 0.011995
vt 0.034908 0.011099
vt 0.038497 0.021799
vt 0.038435 0.022777
vt 0.038322 0.023079
vt 0.036242 0.021343
vt 0.036564 0.017982
vt 0.038286 0.015266
vt 0.057757 0.007485
vt 0.030732 0.006577
vt 0.027744 0.009745
vt 0.054419 0.010283
vt 0.021486 0.011559
vt 0.026303 0.012191
vt 0.048023 0.011382
vt 0.052700 0.012545
vt 0.025974 0.022028
vt 0.025962 0.023007
vt 0.025864 0.023314
vt 0.023510 0.021699
vt 0.051182 0.022273
vt 0.051037 0.023244
vt 0.050896 0.023538
vt 0.048786 0.021684
vt 0.023592 0.018324
vt 0.049293 0.018347
vt 0.025403 0.015518
vt 0.051413 0.015743
vt 0.030839 0.990722
vt 0.014926 0.991968
vt 0.055282 0.992142
vt 0.041635 0.992950
vt 0.017424 0.989969
vt 0.043853 0.990645
vt 0.020094 0.986760
vt 0.024757 0.988398
vt 0.046081 0.987119
vt 0.050982 0.988187
vt 0.037643 0.988689
vt 0.033274 0.987335
vt 0.023989 0.976701
vt 0.024024 0.977924
vt 0.023862 0.978444
vt 0.021820 0.975922
vt 0.036183 0.977055
vt 0.036287 0.978276
vt 0.036155 0.978805
vt 0.034135 0.976402
vt 0.048581 0.976689
vt 0.048808 0.977900
vt 0.048726 0.978438
vt 0.046299 0.976160
vt 0.048509 0.980846
vt 0.035740 0.981189
vt 0.023305 0.980798
vt 0.046927 0.984444
vt 0.021284 0.984217
vt 0.034278 0.984714
vn -1.000000 -0.000002 0.000000
vn -0.951053 0.309027 0.000000
vn -0.951054 0.309025 0.000000
vn -1.000000 0.000000 0.000000
vn -0.951056 -0.309019 0.000000
vn -0.951056 -0.309019 0.000000
vn -0.809009 -0.587796 0.000000
vn -0.809008 -0.587798 0.000000
vn -0.587791 -0.809013 0.000000
vn -0.587791 -0.809013 0.000000
vn -0.309032 -0.951052 0.000000
vn -0.309032 -0.951052 0.000000
vn -0.000000 -1.000000 0.000000
vn -0.000000 -1.000000 0.000000
vn 0.309028 -0.951053 0.000000
vn 0.309028 -0.951053 0.000000
vn 0.587795 -0.809010 0.000000
vn 0.587795 -0.809010 0.000000
vn 0.809017 -0.587785 0.000000
vn 0.809016 -0.587787 0.000000
vn 0.951058 -0.309012 0.000000
vn 0.951058 -0.309012 0.000000
vn 1.000000 -0.000002 0.000000
vn 1.000000 0.000000 0.000000
vn 0.951056 0.309020 0.000000
vn 0.951056 0.309018 0.000000
vn 0.809014 0.587789 0.000000
vn 0.809016 0.587787 0.000000
vn 0.587786 0.809016 0.000000
vn 0.587783 0.809019 0.000000
vn 0.309019 0.951056 0.000000
vn 0.309019 0.951056 0.000000
vn 0.000000 1.000000 0.000000
vn 0.000000 1.000000 0.000000
vn -0.309025 0.951054 0.000000
vn -0.309025 0.951054 0.000000
vn -0.587784 0.809018 0.000000
vn -0.587781 0.809020 0.000000
vn -0.808993 0.587818 0.000000
vn -0.808994 0.587817 0.000000
vn -0.997638 0.000000 0.068685
vn -0.948810 0.308288 0.068686
vn -0.948810 0.308289 0.068686
vn -0.997638 -0.000000 0.068685
vn -0.948811 -0.308286 0.068686
vn -0.948811 -0.308287 0.068686
vn -0.807102 -0.586402 0.068687
vn -0.807103 -0.586401 0.068687
vn -0.586394 -0.807108 0.068685
vn -0.586396 -0.807108 0.068685
vn -0.308290 -0.948810 0.068685
vn -0.308290 -0.948810 0.068685
vn -0.000001 -0.997638 0.068686
vn -0.000001 -0.997638 0.068686
vn 0.308283 -0.948812 0.068686
vn 0.308283 -0.948812 0.068686
vn 0.586397 -0.807106 0.068686
vn 0.586398 -0.807105 0.068686
vn 0.807111 -0.586391 0.068686
vn 0.807111 -0.586390 0.068686
vn 0.948811 -0.308286 0.068686
vn 0.948811 -0.308287 0.068686
vn 0.997638 0.000000 0.068686
vn 0.997638 -0.000000 0.068686
vn 0.948810 0.308288 0.068686
vn 0.948810 0.308289 0.068686
vn 0.807112 0.586389 0.068686
vn 0.807112 0.586390 0.068686
vn 0.586399 0.807105 0.068686
vn 0.586401 0.807103 0.068686
vn 0.308284 0.948812 0.068685
vn 0.308284 0.948812 0.068685
vn -0.000000 0.997638 0.068685
vn -0.000000 0.997638 0.068685
vn -0.308291 0.948809 0.068685
vn -0.308291 0.948809 0.068685
vn -0.586395 0.807108 0.068685
vn -0.586397 0.807106 0.068685
vn -0.807102 0.586403 0.068687
vn -0.807102 0.586403 0.068687
vn -0.793575 0.576570 0.194439
vn -0.795250 0.577787 -0.183682
vn -0.934875 0.303760 -0.183682
vn -0.932906 0.303118 0.194437
vn -0.576570 0.793574 0.194442
vn -0.577779 0.795256 -0.183683
vn -0.303125 0.932903 0.194442
vn -0.303763 0.934874 -0.183684
vn 0.000003 0.980915 0.194438
vn 0.000000 0.982985 -0.183684
vn 0.303119 0.932904 0.194444
vn 0.303754 0.934877 -0.183683
vn 0.576565 0.793577 0.194445
vn 0.577779 0.795256 -0.183684
vn 0.793577 0.576564 0.194445
vn 0.795258 0.577776 -0.183683
vn 0.932904 0.303119 0.194446
vn 0.934874 0.303756 -0.183694
vn 0.980914 0.000000 0.194443
vn 0.982984 -0.000000 -0.183690
vn 0.932904 -0.303115 0.194451
vn 0.934876 -0.303749 -0.183695
vn 0.793579 -0.576562 0.194446
vn 0.795260 -0.577773 -0.183686
vn 0.576569 -0.793574 0.194445
vn 0.577786 -0.795249 -0.183691
vn 0.303114 -0.932906 0.194444
vn 0.303755 -0.934875 -0.183689
vn -0.000001 -0.980913 0.194446
vn -0.000001 -0.982983 -0.183695
vn -0.303121 -0.932904 0.194443
vn -0.303762 -0.934873 -0.183690
vn -0.576568 -0.793575 0.194441
vn -0.577782 -0.795252 -0.183690
vn -0.793579 -0.576564 0.194439
vn -0.795256 -0.577779 -0.183683
vn -0.932907 -0.303112 0.194442
vn -0.934877 -0.303750 -0.183686
vn -0.980916 0.000001 0.194433
vn -0.982986 0.000000 -0.183679
vn 0.803563 -0.261092 -0.534899
vn 0.844917 -0.000004 -0.534897
vn 0.803569 0.261098 -0.534888
vn 0.683565 0.496627 -0.534884
vn 0.496630 0.683565 -0.534881
vn 0.261090 0.803576 -0.534880
vn 0.000000 0.844927 -0.534882
vn -0.261097 0.803574 -0.534881
vn -0.496626 0.683570 -0.534879
vn -0.683558 0.496643 -0.534878
vn -0.803576 0.261101 -0.534875
vn -0.844930 0.000003 -0.534877
vn -0.803577 -0.261094 -0.534877
vn -0.683554 -0.496641 -0.534884
vn -0.496632 -0.683566 -0.534878
vn -0.261108 -0.803570 -0.534880
vn -0.000002 -0.844927 -0.534881
vn 0.261102 -0.803574 -0.534879
vn 0.496636 -0.683561 -0.534881
vn 0.683558 -0.496624 -0.534896
vn -0.710470 0.516182 0.478317
vn -0.516205 0.710454 0.478317
vn -0.271377 0.835206 0.478315
vn 0.000008 0.878188 0.478315
vn 0.271374 0.835207 0.478316
vn 0.516192 0.710460 0.478322
vn 0.710465 0.516182 0.478326
vn 0.835196 0.271382 0.478331
vn 0.878175 0.000003 0.478339
vn 0.835184 -0.271382 0.478351
vn 0.710454 -0.516188 0.478335
vn 0.516185 -0.710463 0.478325
vn 0.271366 -0.835205 0.478323
vn -0.000000 -0.878185 0.478321
vn -0.271371 -0.835203 0.478324
vn -0.516186 -0.710464 0.478324
vn -0.710456 -0.516192 0.478329
vn -0.835196 -0.271375 0.478334
vn -0.878191 0.000008 0.478311
vn -0.835211 0.271374 0.478309
vn 0.000069 0.000000 1.000000
vn 0.000069 0.000000 1.000000
vn 0.000069 0.000000 1.000000
vn 0.000069 0.000000 1.000000
vn 0.000014 0.000012 -1.000000
vn 0.000014 0.000012 -1.000000
vn 0.000014 0.000012 -1.000000
vn 0.000014 0.000012 -1.000000
vn 0.000009 0.000000 1.000000
vn 0.000009 0.000000 1.000000
vn 0.000009 0.000000 1.000000
vn 0.000009 0.000000 1.000000
vn 0.000000 0.000000 -1.000000
vn 0.000000 0.000000 -1.000000
vn 0.000000 0.000000 -1.000000
vn 0.000000 0.000000 -1.000000
vn 0.000000 -0.000029 1.000000
vn 0.000000 -0.000029 1.000000
vn 0.000000 -0.000029 1.000000
vn 0.000000 -0.000029 1.000000
vn -0.000014 0.000000 -1.000000
vn -0.000014 0.000000 -1.000000
vn -0.000014 0.000000 -1.000000
vn -0.000014 0.000000 -1.000000
vn -0.000035 0.000023 1.000000
vn -0.000035 0.000023 1.000000
vn -0.000035 0.000023 1.000000
vn -0.000035 0.000023 1.000000
vn -0.000028 -0.000021 -1.000000
vn -0.000028 -0.000021 -1.000000
vn -0.000028 -0.000021 -1.000000
vn -0.000028 -0.000021 -1.000000
vn 0.000000 0.000000 1.000000
vn 0.000000 0.000000 1.000000
vn 0.000000 0.000000 1.000000
vn 0.000000 0.000000 1.000000
vn 0.000028 0.000000 -1.000000
vn 0.000028 0.000000 -1.000000
vn 0.000028 0.000000 -1.000000
vn 0.000028 0.000000 -1.000000
vn 0.000035 0.000000 1.000000
vn 0.000035 0.000000 1.000000
vn 0.000035 0.000000 1.000000
vn 0.000035 0.000000 1.000000
vn 0.000055 0.000012 -1.000000
vn 0.000055 0.000012 -1.000000
vn 0.000055 0.000012 -1.000000
vn 0.000055 0.000012 -1.000000
vn -0.000035 0.000000 1.000000
vn -0.000035 0.000000 1.000000
vn -0.000035 0.000000 1.000000
vn -0.000035 0.000000 1.000000
vn -0.000055 0.000012 -1.000000
vn -0.000055 0.000012 -1.000000
vn -0.000055 0.000012 -1.000000
vn -0.000055 0.000012 -1.000000
vn 0.000035 0.000000 1.000000
vn 0.000035 0.000000 1.000000
vn 0.000035 0.000000 1.000000
vn 0.000035 0.000000 1.000000
vn -0.000028 0.000000 -1.000000
vn -0.000028 0.000000 -1.000000
vn -0.000028 0.000000 -1.000000
vn -0.000028 0.000000 -1.000000
vn 0.000035 0.000023 1.000000
vn 0.000035 0.000023 1.000000
vn 0.000035 0.000023 1.000000
vn 0.000035 0.000023 1.000000
vn 0.000000 -0.000021 -1.000000
vn 0.000000 -0.000021 -1.000000
vn 0.000000 -0.000021 -1.000000
vn 0.000000 -0.000021 -1.000000
vn 0.000009 -0.000029 1.000000
vn 0.000009 -0.000029 1.000000
vn 0.000009 -0.000029 1.000000
vn 0.000009 -0.000029 1.000000
vn 0.000014 0.000000 -1.000000
vn 0.000014 0.000000 -1.000000
vn 0.000014 0.000000 -1.000000
vn 0.000014 0.000000 -1.000000
vn 0.000000 0.000000 1.000000
vn 0.000000 0.000000 1.000000
vn 0.000000 0.000000 1.000000
vn 0.000000 0.000000 1.000000
vn -0.000014 0.000000 -1.000000
vn -0.000014 0.000000 -1.000000
vn -0.000014 0.000000 -1.000000
vn -0.000014 0.000000 -1.000000
vn -0.000052 0.000000 1.000000
vn -0.000052 0.000000 1.000000
vn -0.000052 0.000000 1.000000
vn -0.000052 0.000000 1.000000
vn -0.000028 0.000012 -1.000000
vn -0.000028 0.000012 -1.000000
vn -0.000028 0.000012 -1.000000
vn -0.000028 0.000012 -1.000000
vn -0.000017 0.000029 1.000000
vn -0.000017 0.000029 1.000000
vn -0.000017 0.000029 1.000000
vn -0.000017 0.000029 1.000000
vn -0.000014 -0.000020 -1.000000
vn -0.000014 -0.000020 -1.000000
vn -0.000014 -0.000020 -1.000000
vn -0.000014 -0.000020 -1.000000
vn 0.000035 -0.000023 1.000000
vn 0.000035 -0.000023 1.000000
vn 0.000035 -0.000023 1.000000
vn 0.000035 -0.000023 1.000000
vn 0.000000 0.000000 -1.000000
vn 0.000000 0.000000 -1.000000
vn 0.000000 0.000000 -1.000000
vn 0.000000 0.000000 -1.000000
vn -0.000035 0.000000 1.000000
vn -0.000035 0.000000 1.000000
vn -0.000035 0.000000 1.000000
vn -0.000035 0.000000 1.000000
vn 0.000000 0.000000 -1.000000
vn 0.000000 0.000000 -1.000000
vn 0.000000 0.000000 -1.000000
vn 0.000000 0.000000 -1.000000
vn 0.000000 0.000000 1.000000
vn 0.000000 0.000000 1.000000
vn 0.000000 0.000000 1.000000
vn 0.000000 0.000000 1.000000
vn 0.000000 0.000012 -1.000000
vn 0.000000 0.000012 -1.000000
vn 0.000000 0.000012 -1.000000
vn 0.000000 0.000012 -1.000000
vn 0.000000 0.000000 1.000000
vn 0.000000 0.000000 1.000000
vn 0.000000 0.000000 1.000000
vn 0.000000 0.000000 1.000000
vn 0.000000 0.000012 -1.000000
vn 0.000000 0.000012 -1.000000
vn 0.000000 0.000012 -1.000000
vn 0.000000 0.000012 -1.000000
vn 0.000000 0.000000 1.000000
vn 0.000000 0.000000 1.000000
vn 0.000000 0.000000 1.000000
vn 0.000000 0.000000 1.000000
vn 0.000000 0.000000 -1.000000
vn 0.000000 0.000000 -1.000000
vn 0.000000 0.000000 -1.000000
vn 0.000000 0.000000 -1.000000
vn -0.000087 -0.000023 1.000000
vn -0.000087 -0.000023 1.000000
vn -0.000087 -0.000023 1.000000
vn -0.000087 -0.000023 1.000000
vn 0.000000 0.000000 -1.000000
vn 0.000000 0.000000 -1.000000
vn 0.000000 0.000000 -1.000000
vn 0.000000 0.000000 -1.000000
vn 0.000009 0.000029 1.000000
vn 0.000009 0.000029 1.000000
vn 0.000009 0.000029 1.000000
vn 0.000009 0.000029 1.000000
vn 0.000014 -0.000020 -1.000000
vn 0.000014 -0.000020 -1.000000
vn 0.000014 -0.000020 -1.000000
vn 0.000014 -0.000020 -1.000000
vn -0.951060 -0.309007 0.000000
vn -1.000000 0.000000 0.000000
vn -1.000000 0.000000 0.000000
vn -0.951060 -0.309007 0.000000
vn -0.809009 -0.587797 0.000003
vn -0.809007 -0.587799 0.000003
vn -0.587784 -0.809018 0.000003
vn -0.587784 -0.809018 0.000003
vn -0.309025 -0.951054 0.000000
vn -0.309025 -0.951054 0.000000
vn 0.000000 -1.000000 0.000000
vn 0.000000 -1.000000 0.000000
vn 0.309016 -0.951057 0.000000
vn 0.309016 -0.951057 0.000000
vn 0.587790 -0.809014 0.000003
vn 0.587790 -0.809014 0.000003
vn 0.809025 -0.587775 0.000003
vn 0.809023 -0.587777 0.000003
vn 0.951059 -0.309010 0.000000
vn 0.951059 -0.309011 0.000000
vn 1.000000 0.000000 0.000000
vn 1.000000 0.000000 0.000000
vn 0.951057 0.309015 0.000000
vn 0.951057 0.309015 0.000000
vn 0.809028 0.587770 -0.000003
vn 0.809028 0.587770 -0.000003
vn 0.587786 0.809017 -0.000008
vn 0.587786 0.809016 -0.000008
vn 0.309012 0.951058 -0.000005
vn 0.309012 0.951058 -0.000005
vn 0.000000 1.000000 0.000000
vn 0.000000 1.000000 0.000000
vn -0.309018 0.951056 -0.000003
vn -0.309018 0.951056 -0.000003
vn -0.587781 0.809020 -0.000005
vn -0.587782 0.809020 -0.000005
vn -0.809012 0.587792 -0.000003
vn -0.809012 0.587792 -0.000003
vn -0.951059 0.309009 0.000000
vn -0.951059 0.309009 0.000000
vn -1.000000 0.000000 0.000000
vn -0.951057 0.309017 0.000000
vn -0.951056 0.309018 0.000000
vn -1.000000 0.000000 0.000000
vn -0.951058 -0.309014 0.000000
vn -0.951057 -0.309016 0.000000
vn -0.809013 -0.587791 0.000000
vn -0.809013 -0.587791 0.000000
vn -0.587782 -0.809019 -0.000000
vn -0.587783 -0.809018 -0.000000
vn -0.309019 -0.951056 -0.000000
vn -0.309019 -0.951056 -0.000000
vn 0.000000 -1.000000 -0.000000
vn 0.000000 -1.000000 -0.000000
vn 0.309014 -0.951058 -0.000000
vn 0.309014 -0.951058 -0.000000
vn 0.587788 -0.809015 -0.000000
vn 0.587789 -0.809014 -0.000000
vn 0.809024 -0.587776 0.000000
vn 0.809024 -0.587776 0.000000
vn 0.951056 -0.309019 0.000000
vn 0.951055 -0.309020 0.000000
vn 1.000000 -0.000000 0.000000
vn 1.000000 -0.000000 0.000000
vn 0.951055 0.309022 0.000000
vn 0.951055 0.309023 0.000000
vn 0.809025 0.587774 -0.000000
vn 0.809025 0.587774 -0.000000
vn 0.587787 0.809016 -0.000000
vn 0.587788 0.809015 -0.000000
vn 0.309012 0.951058 0.000000
vn 0.309012 0.951058 0.000000
vn 0.000000 1.000000 -0.000000
vn 0.000000 1.000000 -0.000000
vn -0.309017 0.951057 -0.000000
vn -0.309017 0.951057 -0.000000
vn -0.587781 0.809020 -0.000000
vn -0.587783 0.809019 -0.000000
vn -0.809013 0.587791 -0.000000
vn -0.809013 0.587791 -0.000000
vn 0.998693 -0.000000 -0.051102
vn 0.949813 -0.308615 -0.051102
vn 0.949813 -0.308615 -0.051102
vn 0.998693 0.000000 -0.051102
vn 0.949812 0.308619 -0.051102
vn 0.949812 0.308619 -0.051102
vn 0.807971 0.587003 -0.051102
vn 0.807970 0.587003 -0.051102
vn 0.587021 0.807957 -0.051102
vn 0.587021 0.807957 -0.051102
vn 0.308606 0.949816 -0.051101
vn 0.308606 0.949816 -0.051101
vn 0.000000 0.998693 -0.051101
vn -0.000000 0.998694 -0.051101
vn -0.308615 0.949813 -0.051101
vn -0.308615 0.949814 -0.051101
vn -0.587019 0.807959 -0.051101
vn -0.587019 0.807959 -0.051101
vn -0.807952 0.587029 -0.051101
vn -0.807952 0.587029 -0.051101
vn -0.949812 0.308619 -0.051102
vn -0.949812 0.308619 -0.051102
vn -0.998693 -0.000000 -0.051103
vn -0.998693 0.000000 -0.051103
vn -0.949813 -0.308615 -0.051102
vn -0.949813 -0.308615 -0.051102
vn -0.807952 -0.587029 -0.051101
vn -0.807951 -0.587029 -0.051101
vn -0.587018 -0.807960 -0.051101
vn -0.587018 -0.807960 -0.051101
vn -0.308619 -0.949812 -0.051102
vn -0.308619 -0.949812 -0.051102
vn 0.000000 -0.998693 -0.051102
vn 0.000000 -0.998694 -0.051102
vn 0.308610 -0.949815 -0.051101
vn 0.308610 -0.949815 -0.051101
vn 0.587020 -0.807958 -0.051101
vn 0.587020 -0.807958 -0.051101
vn 0.807966 -0.587009 -0.051102
vn 0.807966 -0.587010 -0.051102
vn -0.937357 0.304570 -0.169112
vn -0.936368 0.304249 0.175065
vn -0.796519 0.578715 0.175063
vn -0.797361 0.579325 -0.169110
vn -0.985597 0.000000 -0.169113
vn -0.984557 -0.000000 0.175067
vn -0.937358 -0.304567 -0.169112
vn -0.936369 -0.304246 0.175066
vn -0.797362 -0.579323 -0.169111
vn -0.796519 -0.578713 0.175065
vn -0.579316 -0.797367 -0.169112
vn -0.578704 -0.796526 0.175067
vn -0.304566 -0.937358 -0.169113
vn -0.304247 -0.936368 0.175069
vn 0.000001 -0.985597 -0.169113
vn 0.000000 -0.984556 0.175068
vn 0.304562 -0.937360 -0.169113
vn 0.304242 -0.936370 0.175069
vn 0.579318 -0.797365 -0.169113
vn 0.578707 -0.796523 0.175069
vn 0.797370 -0.579312 -0.169113
vn 0.796529 -0.578699 0.175067
vn 0.937357 -0.304570 -0.169114
vn 0.936368 -0.304248 0.175068
vn 0.985596 0.000003 -0.169116
vn 0.984556 0.000000 0.175070
vn 0.937356 0.304573 -0.169114
vn 0.936367 0.304250 0.175067
vn 0.797374 0.579307 -0.169111
vn 0.796530 0.578698 0.175065
vn 0.579318 0.797366 -0.169110
vn 0.578706 0.796525 0.175063
vn 0.304564 0.937360 -0.169109
vn 0.304244 0.936370 0.175063
vn 0.000000 0.985597 -0.169111
vn 0.000000 0.984557 0.175064
vn -0.304569 0.937358 -0.169110
vn -0.304249 0.936368 0.175063
vn -0.579315 0.797368 -0.169109
vn -0.578704 0.796527 0.175062
vn 0.869982 -0.282674 0.404013
vn 0.740059 -0.537671 0.404009
vn 0.537677 -0.740055 0.404008
vn 0.282672 -0.869984 0.404010
vn 0.000000 -0.914754 0.404012
vn -0.282676 -0.869982 0.404011
vn -0.537675 -0.740054 0.404012
vn -0.740048 -0.537682 0.404013
vn -0.869980 -0.282676 0.404016
vn -0.914751 -0.000000 0.404018
vn -0.869979 0.282678 0.404016
vn -0.740048 0.537682 0.404015
vn -0.537675 0.740053 0.404013
vn -0.282677 0.869981 0.404013
vn -0.000000 0.914753 0.404014
vn 0.282671 0.869984 0.404011
vn 0.537676 0.740055 0.404008
vn 0.740060 0.537670 0.404009
vn 0.869981 0.282677 0.404013
vn 0.914752 0.000001 0.404015
vn -0.904832 0.294003 -0.307964
vn -0.951398 -0.000000 -0.307965
vn -0.904833 -0.294000 -0.307964
vn -0.769696 -0.559219 -0.307965
vn -0.559214 -0.769699 -0.307967
vn -0.293997 -0.904832 -0.307969
vn 0.000001 -0.951396 -0.307969
vn 0.293993 -0.904833 -0.307970
vn 0.559216 -0.769696 -0.307970
vn 0.769701 -0.559212 -0.307966
vn 0.904832 -0.294000 -0.307967
vn 0.951396 0.000005 -0.307971
vn 0.904831 0.294002 -0.307968
vn 0.769708 0.559203 -0.307963
vn 0.559216 0.769700 -0.307961
vn 0.293993 0.904837 -0.307958
vn -0.000000 0.951398 -0.307964
vn -0.293999 0.904835 -0.307959
vn -0.559214 0.769702 -0.307958
vn -0.769695 0.559222 -0.307961
vn 0.000000 0.000000 1.000000
vn 0.000000 0.000000 1.000000
vn 0.000000 0.000000 1.000000
vn 0.000000 0.000000 1.000000
vn 0.000003 0.000000 -1.000000
vn 0.000003 0.000000 -1.000000
vn 0.000003 0.000000 -1.000000
vn 0.000003 0.000000 -1.000000
vn 0.000002 0.000000 1.000000
vn 0.000002 0.000000 1.000000
vn 0.000002 0.000000 1.000000
vn 0.000002 0.000000 1.000000
vn 0.000008 0.000000 -1.000000
vn 0.000008 0.000000 -1.000000
vn 0.000008 0.000000 -1.000000
vn 0.000008 0.000000 -1.000000
vn 0.000000 0.000003 1.000000
vn 0.000000 0.000003 1.000000
vn 0.000000 0.000003 1.000000
vn 0.000000 0.000003 1.000000
vn 0.000004 0.000000 -1.000000
vn 0.000004 0.000000 -1.000000
vn 0.000004 0.000000 -1.000000
vn 0.000004 0.000000 -1.000000
vn 0.000000 -0.000003 1.000000
vn 0.000000 -0.000003 1.000000
vn 0.000000 -0.000003 1.000000
vn 0.000000 -0.000003 1.000000
vn -0.000004 0.000000 -1.000000
vn -0.000004 0.000000 -1.000000
vn -0.000004 0.000000 -1.000000
vn -0.000004 0.000000 -1.000000
vn -0.000003 -0.000003 1.000000
vn -0.000003 -0.000003 1.000000
vn -0.000003 -0.000003 1.000000
vn -0.000003 -0.000003 1.000000
vn 0.000000 0.000000 -1.000000
vn 0.000000 0.000000 -1.000000
vn 0.000000 0.000000 -1.000000
vn 0.000000 0.000000 -1.000000
vn 0.000003 -0.000002 1.000000
vn 0.000003 -0.000002 1.000000
vn 0.000003 -0.000002 1.000000
vn 0.000003 -0.000002 1.000000
vn 0.000000 0.000000 -1.000000
vn 0.000000 0.000000 -1.000000
vn 0.000000 0.000000 -1.000000
vn 0.000000 0.000000 -1.000000
vn -0.000007 -0.000002 1.000000
vn -0.000007 -0.000002 1.000000
vn -0.000007 -0.000002 1.000000
vn -0.000007 -0.000002 1.000000
vn 0.000000 0.000000 -1.000000
vn 0.000000 0.000000 -1.000000
vn 0.000000 0.000000 -1.000000
vn 0.000000 0.000000 -1.000000
vn 0.000000 -0.000003 1.000000
vn 0.000000 -0.000003 1.000000
vn 0.000000 -0.000003 1.000000
vn 0.000000 -0.000003 1.000000
vn 0.000000 0.000000 -1.000000
vn 0.000000 0.000000 -1.000000
vn 0.000000 0.000000 -1.000000
vn 0.000000 0.000000 -1.000000
vn 0.000000 -0.000003 1.000000
vn 0.000000 -0.000003 1.000000
vn 0.000000 -0.000003 1.000000
vn 0.000000 -0.000003 1.000000
vn 0.000004 0.000000 -1.000000
vn 0.000004 0.000000 -1.000000
vn 0.000004 0.000000 -1.000000
vn 0.000004 0.000000 -1.000000
vn -0.000003 0.000001 1.000000
vn -0.000003 0.000001 1.000000
vn -0.000003 0.000001 1.000000
vn -0.000003 0.000001 1.000000
vn 0.000000 0.000000 -1.000000
vn 0.000000 0.000000 -1.000000
vn 0.000000 0.000000 -1.000000
vn 0.000000 0.000000 -1.000000
vn 0.000000 0.000002 1.000000
vn 0.000000 0.000002 1.000000
vn 0.000000 0.000002 1.000000
vn 0.000000 0.000002 1.000000
vn -0.000003 0.000000 -1.000000
vn -0.000003 0.000000 -1.000000
vn -0.000003 0.000000 -1.000000
vn -0.000003 0.000000 -1.000000
vn -0.000002 0.000000 1.000000
vn -0.000002 0.000000 1.000000
vn -0.000002 0.000000 1.000000
vn -0.000002 0.000000 1.000000
vn 0.000000 0.000000 -1.000000
vn 0.000000 0.000000 -1.000000
vn 0.000000 0.000000 -1.000000
vn 0.000000 0.000000 -1.000000
vn 0.000000 -0.000003 1.000000
vn 0.000000 -0.000003 1.000000
vn 0.000000 -0.000003 1.000000
vn 0.000000 -0.000003 1.000000
vn -0.000005 0.000000 -1.000000
vn -0.000005 0.000000 -1.000000
vn -0.000005 0.000000 -1.000000
vn -0.000005 0.000000 -1.000000
vn 0.000000 0.000000 1.000000
vn 0.000000 0.000000 1.000000
vn 0.000000 0.000000 1.000000
vn 0.000000 0.000000 1.000000
vn 0.000004 0.000000 -1.000000
vn 0.000004 0.000000 -1.000000
vn 0.000004 0.000000 -1.000000
vn 0.000004 0.000000 -1.000000
vn -0.000003 -0.000003 1.000000
vn -0.000003 -0.000003 1.000000
vn -0.000003 -0.000003 1.000000
vn -0.000003 -0.000003 1.000000
vn 0.000004 0.000000 -1.000000
vn 0.000004 0.000000 -1.000000
vn 0.000004 0.000000 -1.000000
vn 0.000004 0.000000 -1.000000
vn 0.000000 -0.000004 1.000000
vn 0.000000 -0.000004 1.000000
vn 0.000000 -0.000004 1.000000
vn 0.000000 -0.000004 1.000000
vn -0.000004 0.000000 -1.000000
vn -0.000004 0.000000 -1.000000
vn -0.000004 0.000000 -1.000000
vn -0.000004 0.000000 -1.000000
vn 0.000000 -0.000004 1.000000
vn 0.000000 -0.000004 1.000000
vn 0.000000 -0.000004 1.000000
vn 0.000000 -0.000004 1.000000
vn 0.000000 0.000000 -1.000000
vn 0.000000 0.000000 -1.000000
vn 0.000000 0.000000 -1.000000
vn 0.000000 0.000000 -1.000000
vn 0.000007 -0.000003 1.000000
vn 0.000007 -0.000003 1.000000
vn 0.000007 -0.000003 1.000000
vn 0.000007 -0.000003 1.000000
vn 0.000000 0.000000 -1.000000
vn 0.000000 0.000000 -1.000000
vn 0.000000 0.000000 -1.000000
vn 0.000000 0.000000 -1.000000
vn 0.000003 0.000000 1.000000
vn 0.000003 0.000000 1.000000
vn 0.000003 0.000000 1.000000
vn 0.000003 0.000000 1.000000
vn 0.000000 0.000000 -1.000000
vn 0.000000 0.000000 -1.000000
vn 0.000000 0.000000 -1.000000
vn 0.000000 0.000000 -1.000000
vn 0.000002 -0.000003 1.000000
vn 0.000002 -0.000003 1.000000
vn 0.000002 -0.000003 1.000000
vn 0.000002 -0.000003 1.000000
vn 0.000000 0.000000 -1.000000
vn 0.000000 0.000000 -1.000000
vn 0.000000 0.000000 -1.000000
vn 0.000000 0.000000 -1.000000
vn 0.000011 0.000004 -1.000000
vn 0.000011 0.000004 -1.000000
vn 0.000011 0.000004 -1.000000
vn 0.000011 0.000004 -1.000000
vn 0.000000 -0.000000 1.000000
vn 0.000000 -0.000000 1.000000
vn 0.000000 -0.000000 1.000000
vn 0.000000 -0.000000 1.000000
vn 0.000008 0.000004 -1.000000
vn 0.000008 0.000004 -1.000000
vn 0.000008 0.000004 -1.000000
vn 0.000008 0.000004 -1.000000
vn -0.000011 0.000004 1.000000
vn -0.000011 0.000004 1.000000
vn -0.000011 0.000004 1.000000
vn -0.000011 0.000004 1.000000
vn 0.000004 0.000011 -1.000000
vn 0.000004 0.000011 -1.000000
vn 0.000004 0.000011 -1.000000
vn 0.000004 0.000011 -1.000000
vn 0.000008 0.000011 1.000000
vn 0.000008 0.000011 1.000000
vn 0.000008 0.000011 1.000000
vn 0.000008 0.000011 1.000000
vn -0.000004 0.000000 -1.000000
vn -0.000004 0.000000 -1.000000
vn -0.000004 0.000000 -1.000000
vn -0.000004 0.000000 -1.000000
vn 0.000015 0.000013 1.000000
vn 0.000015 0.000013 1.000000
vn 0.000015 0.000013 1.000000
vn 0.000015 0.000013 1.000000
vn -0.000008 0.000000 -1.000000
vn -0.000008 0.000000 -1.000000
vn -0.000008 0.000000 -1.000000
vn -0.000008 0.000000 -1.000000
vn 0.000004 0.000000 1.000000
vn 0.000004 0.000000 1.000000
vn 0.000004 0.000000 1.000000
vn 0.000004 0.000000 1.000000
vn 0.000004 -0.000000 -1.000000
vn 0.000004 -0.000000 -1.000000
vn 0.000004 -0.000000 -1.000000
vn 0.000004 -0.000000 -1.000000
vn 0.000000 0.000000 1.000000
vn 0.000000 0.000000 1.000000
vn 0.000000 0.000000 1.000000
vn 0.000000 0.000000 1.000000
vn 0.000004 0.000000 -1.000000
vn 0.000004 0.000000 -1.000000
vn 0.000004 0.000000 -1.000000
vn 0.000004 0.000000 -1.000000
vn -0.000019 0.000013 1.000000
vn -0.000019 0.000013 1.000000
vn -0.000019 0.000013 1.000000
vn -0.000019 0.000013 1.000000
vn 0.000008 0.000011 -1.000000
vn 0.000008 0.000011 -1.000000
vn 0.000008 0.000011 -1.000000
vn 0.000008 0.000011 -1.000000
vn 0.000000 0.000011 1.000000
vn 0.000000 0.000011 1.000000
vn 0.000000 0.000011 1.000000
vn 0.000000 0.000011 1.000000
vn 0.000011 0.000004 -1.000000
vn 0.000011 0.000004 -1.000000
vn 0.000011 0.000004 -1.000000
vn 0.000011 0.000004 -1.000000
vn 0.000008 0.000004 1.000000
vn 0.000008 0.000004 1.000000
vn 0.000008 0.000004 1.000000
vn 0.000008 0.000004 1.000000
vn 0.000000 0.000004 -1.000000
vn 0.000000 0.000004 -1.000000
vn 0.000000 0.000004 -1.000000
vn 0.000000 0.000004 -1.000000
vn -0.000011 -0.000000 1.000000
vn -0.000011 -0.000000 1.000000
vn -0.000011 -0.000000 1.000000
vn -0.000011 -0.000000 1.000000
vn -0.000011 0.000000 -1.000000
vn -0.000011 0.000000 -1.000000
vn -0.000011 0.000000 -1.000000
vn -0.000011 0.000000 -1.000000
vn 0.000000 0.000000 1.000000
vn 0.000000 0.000000 1.000000
vn 0.000000 0.000000 1.000000
vn 0.000000 0.000000 1.000000
vn -0.000004 0.000000 -1.000000
vn -0.000004 0.000000 -1.000000
vn -0.000004 0.000000 -1.000000
vn -0.000004 0.000000 -1.000000
vn 0.000008 -0.000004 1.000000
vn 0.000008 -0.000004 1.000000
vn 0.000008 -0.000004 1.000000
vn 0.000008 -0.000004 1.000000
vn 0.000000 0.000008 -1.000000
vn 0.000000 0.000008 -1.000000
vn 0.000000 0.000008 -1.000000
vn 0.000000 0.000008 -1.000000
vn -0.000008 0.000008 1.000000
vn -0.000008 0.000008 1.000000
vn -0.000008 0.000008 1.000000
vn -0.000008 0.000008 1.000000
vn 0.000023 0.000023 -1.000000
vn 0.000023 0.000023 -1.000000
vn 0.000023 0.000023 -1.000000
vn 0.000023 0.000023 -1.000000
vn 0.000004 0.000023 1.000000
vn 0.000004 0.000023 1.000000
vn 0.000004 0.000023 1.000000
vn 0.000004 0.000023 1.000000
vn 0.000000 0.000013 -1.000000
vn 0.000000 0.000013 -1.000000
vn 0.000000 0.000013 -1.000000
vn 0.000000 0.000013 -1.000000
vn 0.000004 0.000000 1.000000
vn 0.000004 0.000000 1.000000
vn 0.000004 0.000000 1.000000
vn 0.000004 0.000000 1.000000
vn -0.000004 0.000013 -1.000000
vn -0.000004 0.000013 -1.000000
vn -0.000004 0.000013 -1.000000
vn -0.000004 0.000013 -1.000000
vn -0.000008 0.000000 1.000000
vn -0.000008 0.000000 1.000000
vn -0.000008 0.000000 1.000000
vn -0.000008 0.000000 1.000000
vn -0.000023 0.000023 -1.000000
vn -0.000023 0.000023 -1.000000
vn -0.000023 0.000023 -1.000000
vn -0.000023 0.000023 -1.000000
vn -0.000008 0.000023 1.000000
vn -0.000008 0.000023 1.000000
vn -0.000008 0.000023 1.000000
vn -0.000008 0.000023 1.000000
vn -0.000004 0.000008 -1.000000
vn -0.000004 0.000008 -1.000000
vn -0.000004 0.000008 -1.000000
vn -0.000004 0.000008 -1.000000
vn -0.000004 0.000008 1.000000
vn -0.000004 0.000008 1.000000
vn -0.000004 0.000008 1.000000
vn -0.000004 0.000008 1.000000
vn -0.000011 0.000000 -1.000000
vn -0.000011 0.000000 -1.000000
vn -0.000011 0.000000 -1.000000
vn -0.000011 0.000000 -1.000000
vn 0.000023 0.000000 1.000000
vn 0.000023 0.000000 1.000000
vn 0.000023 0.000000 1.000000
vn 0.000023 0.000000 1.000000
vn 0.000000 0.000000 -1.000000
vn 0.000000 0.000000 -1.000000
vn 0.000000 0.000000 -1.000000
vn 0.000000 0.000000 -1.000000
vn -0.000023 0.000004 1.000000
vn -0.000023 0.000004 1.000000
vn -0.000023 0.000004 1.000000
vn -0.000023 0.000004 1.000000
vn 0.000000 0.000028 -1.000000
vn 0.000000 0.000028 -1.000000
vn 0.000000 0.000028 -1.000000
vn 0.000000 0.000028 -1.000000
vn 0.000075 0.000000 1.000000
vn 0.000075 0.000000 1.000000
vn 0.000075 0.000000 1.000000
vn 0.000075 0.000000 1.000000
vn 0.000047 -0.000009 -1.000000
vn 0.000047 -0.000009 -1.000000
vn 0.000047 -0.000009 -1.000000
vn 0.000047 -0.000009 -1.000000
vn 0.000000 0.000000 1.000000
vn 0.000000 0.000000 1.000000
vn 0.000000 0.000000 1.000000
vn 0.000000 0.000000 1.000000
vn 0.000000 0.000045 -1.000000
vn 0.000000 0.000045 -1.000000
vn 0.000000 0.000045 -1.000000
vn 0.000000 0.000045 -1.000000
vn -0.000009 -0.000045 1.000000
vn -0.000009 -0.000045 1.000000
vn -0.000009 -0.000045 1.000000
vn -0.000009 -0.000045 1.000000
vn 0.000149 0.000000 -1.000000
vn 0.000149 0.000000 -1.000000
vn 0.000149 0.000000 -1.000000
vn 0.000149 0.000000 -1.000000
vn -0.000149 -0.000031 1.000000
vn -0.000149 -0.000031 1.000000
vn -0.000149 -0.000031 1.000000
vn -0.000149 -0.000031 1.000000
vn 0.000000 -0.000063 -1.000000
vn 0.000000 -0.000063 -1.000000
vn 0.000000 -0.000063 -1.000000
vn 0.000000 -0.000063 -1.000000
vn 0.000037 0.000000 1.000000
vn 0.000037 0.000000 1.000000
vn 0.000037 0.000000 1.000000
vn 0.000037 0.000000 1.000000
vn 0.000037 -0.000122 -1.000000
vn 0.000037 -0.000122 -1.000000
vn 0.000037 -0.000122 -1.000000
vn 0.000037 -0.000122 -1.000000
vn 0.000000 0.000000 1.000000
vn 0.000000 0.000000 1.000000
vn 0.000000 0.000000 1.000000
vn 0.000000 0.000000 1.000000
vn 0.000000 -0.000122 -1.000000
vn 0.000000 -0.000122 -1.000000
vn 0.000000 -0.000122 -1.000000
vn 0.000000 -0.000122 -1.000000
vn 0.000037 0.000000 1.000000
vn 0.000037 0.000000 1.000000
vn 0.000037 0.000000 1.000000
vn 0.000037 0.000000 1.000000
vn 0.000000 -0.000063 -1.000000
vn 0.000000 -0.000063 -1.000000
vn 0.000000 -0.000063 -1.000000
vn 0.000000 -0.000063 -1.000000
vn 0.000000 0.000000 1.000000
vn 0.000000 0.000000 1.000000
vn 0.000000 0.000000 1.000000
vn 0.000000 0.000000 1.000000
vn -0.000075 0.000000 -1.000000
vn -0.000075 0.000000 -1.000000
vn -0.000075 0.000000 -1.000000
vn -0.000075 0.000000 -1.000000
vn 0.000187 -0.000031 1.000000
vn 0.000187 -0.000031 1.000000
vn 0.000187 -0.000031 1.000000
vn 0.000187 -0.000031 1.000000
vn 0.000047 0.000045 -1.000000
vn 0.000047 0.000045 -1.000000
vn 0.000047 0.000045 -1.000000
vn 0.000047 0.000045 -1.000000
vn 0.000000 -0.000045 1.000000
vn 0.000000 -0.000045 1.000000
vn 0.000000 -0.000045 1.000000
vn 0.000000 -0.000045 1.000000
vn 0.000000 -0.000009 -1.000000
vn 0.000000 -0.000009 -1.000000
vn 0.000000 -0.000009 -1.000000
vn 0.000000 -0.000009 -1.000000
vn -0.000009 0.000000 1.000000
vn -0.000009 0.000000 1.000000
vn -0.000009 0.000000 1.000000
vn -0.000009 0.000000 1.000000
vn -0.000019 0.000028 -1.000000
vn -0.000019 0.000028 -1.000000
vn -0.000019 0.000028 -1.000000
vn -0.000019 0.000028 -1.000000
vn 0.000000 0.000000 1.000000
vn 0.000000 0.000000 1.000000
vn 0.000000 0.000000 1.000000
vn 0.000000 0.000000 1.000000
vn 0.000093 0.000000 -1.000000
vn 0.000093 0.000000 -1.000000
vn 0.000093 0.000000 -1.000000
vn 0.000093 0.000000 -1.000000
vn 0.000000 0.000045 1.000000
vn 0.000000 0.000045 1.000000
vn 0.000000 0.000045 1.000000
vn 0.000000 0.000045 1.000000
vn -0.000075 -0.000031 -1.000000
vn -0.000075 -0.000031 -1.000000
vn -0.000075 -0.000031 -1.000000
vn -0.000075 -0.000031 -1.000000
vn 0.000093 0.000031 1.000000
vn 0.000093 0.000031 1.000000
vn 0.000093 0.000031 1.000000
vn 0.000093 0.000031 1.000000
vn 0.000000 -0.000017 -1.000000
vn 0.000000 -0.000017 -1.000000
vn 0.000000 -0.000017 -1.000000
vn 0.000000 -0.000017 -1.000000
vn -0.000149 -0.000047 1.000000
vn -0.000149 -0.000047 1.000000
vn -0.000149 -0.000047 1.000000
vn -0.000149 -0.000047 1.000000
vn 0.000037 -0.000058 -1.000000
vn 0.000037 -0.000058 -1.000000
vn 0.000037 -0.000058 -1.000000
vn 0.000037 -0.000058 -1.000000
vn 0.000037 -0.000064 1.000000
vn 0.000037 -0.000064 1.000000
vn 0.000037 -0.000064 1.000000
vn 0.000037 -0.000064 1.000000
vn 0.000000 -0.000058 -1.000000
vn 0.000000 -0.000058 -1.000000
vn 0.000000 -0.000058 -1.000000
vn 0.000000 -0.000058 -1.000000
vn 0.000000 -0.000064 1.000000
vn 0.000000 -0.000064 1.000000
vn 0.000000 -0.000064 1.000000
vn 0.000000 -0.000064 1.000000
vn 0.000000 -0.000017 -1.000000
vn 0.000000 -0.000017 -1.000000
vn 0.000000 -0.000017 -1.000000
vn 0.000000 -0.000017 -1.000000
vn 0.000149 -0.000047 1.000000
vn 0.000149 -0.000047 1.000000
vn 0.000149 -0.000047 1.000000
vn 0.000149 -0.000047 1.000000
vn 0.000093 -0.000031 -1.000000
vn 0.000093 -0.000031 -1.000000
vn 0.000093 -0.000031 -1.000000
vn 0.000093 -0.000031 -1.000000
vn -0.000149 0.000031 1.000000
vn -0.000149 0.000031 1.000000
vn -0.000149 0.000031 1.000000
vn -0.000149 0.000031 1.000000
vn -0.000093 -0.000000 -1.000000
vn -0.000093 -0.000000 -1.000000
vn -0.000093 -0.000000 -1.000000
vn -0.000093 -0.000000 -1.000000
vn -0.000056 0.000045 1.000000
vn -0.000056 0.000045 1.000000
vn -0.000056 0.000045 1.000000
vn -0.000056 0.000045 1.000000
vn 0.514074 -0.167049 -0.841322
vn 0.265900 -0.086420 -0.960119
vn 0.279558 -0.000029 -0.960129
vn 0.540538 -0.000027 -0.841320
vn 0.437310 -0.317691 -0.841328
vn 0.226226 -0.164311 -0.960117
vn 0.317741 -0.437296 -0.841316
vn 0.164370 -0.226164 -0.960121
vn 0.265886 0.086387 -0.960126
vn 0.514078 0.167040 -0.841321
vn 0.167045 -0.514096 -0.841310
vn 0.086374 -0.265886 -0.960127
vn 0.000009 -0.540553 -0.841310
vn 0.000018 -0.279569 -0.960126
vn -0.167036 -0.514091 -0.841314
vn -0.086360 -0.265885 -0.960129
vn -0.317724 -0.437309 -0.841316
vn -0.164343 -0.226172 -0.960124
vn -0.437291 -0.317722 -0.841326
vn -0.226178 -0.164328 -0.960125
vn -0.514078 -0.167041 -0.841321
vn -0.265864 -0.086401 -0.960131
vn -0.540560 0.000000 -0.841305
vn -0.279574 -0.000000 -0.960124
vn -0.514082 0.167037 -0.841320
vn -0.265883 0.086392 -0.960126
vn -0.437292 0.317717 -0.841327
vn -0.226188 0.164312 -0.960125
vn -0.317676 0.437317 -0.841330
vn -0.164288 0.226185 -0.960130
vn -0.167035 0.514095 -0.841312
vn -0.086354 0.265907 -0.960123
vn 0.000000 0.540530 -0.841325
vn 0.000015 0.279572 -0.960125
vn 0.167043 0.514098 -0.841308
vn 0.086389 0.265909 -0.960119
vn 0.317699 0.437310 -0.841325
vn 0.164306 0.226195 -0.960125
vn 0.437319 0.317718 -0.841313
vn 0.226225 0.164319 -0.960115
vn 0.000018 0.000003 -1.000000
vn 0.504176 -0.163818 0.847921
vn 0.195292 -0.063455 0.978690
vn 0.166129 -0.120693 0.978690
vn 0.428886 -0.311594 0.847919
vn 0.530124 0.000002 0.847920
vn 0.205346 -0.000001 0.978689
vn 0.120700 -0.166131 0.978689
vn 0.311602 -0.428886 0.847916
vn 0.504177 0.163819 0.847920
vn 0.195289 0.063456 0.978691
vn 0.063455 -0.195297 0.978689
vn 0.163812 -0.504178 0.847921
vn -0.000000 -0.205346 0.978689
vn 0.000001 -0.530119 0.847923
vn -0.063458 -0.195296 0.978689
vn -0.163816 -0.504174 0.847923
vn -0.120702 -0.166129 0.978689
vn -0.311595 -0.428875 0.847924
vn -0.166130 -0.120700 0.978689
vn -0.428874 -0.311598 0.847923
vn -0.195296 -0.063459 0.978689
vn -0.504169 -0.163820 0.847925
vn -0.205342 0.000001 0.978690
vn -0.530112 0.000001 0.847928
vn -0.195291 0.063458 0.978690
vn -0.504164 0.163817 0.847928
vn -0.166121 0.120702 0.978691
vn -0.428866 0.311596 0.847928
vn -0.120694 0.166132 0.978690
vn -0.311588 0.428871 0.847928
vn -0.063462 0.195295 0.978689
vn -0.163815 0.504165 0.847928
vn -0.000000 0.205347 0.978689
vn -0.000001 0.530116 0.847925
vn 0.063462 0.195295 0.978689
vn 0.163810 0.504171 0.847926
vn 0.120700 0.166132 0.978689
vn 0.311599 0.428879 0.847921
vn 0.166123 0.120696 0.978691
vn 0.428885 0.311588 0.847921
vn -0.000000 0.000000 1.000000
s 1
g Island Rail
usemtl openPBRSurface2SG
f 3707/4293/6666 3706/3806/6667 3708/3807/6668 3709/4294/6669
f 3710/3809/6670 3707/3805/6666 3709/3808/6669 3711/3810/6671
f 3712/3811/6672 3710/3809/6670 3711/3810/6671 3713/3812/6673
f 3714/3813/6674 3712/3811/6672 3713/3812/6673 3715/3814/6675
f 3716/3815/6676 3714/3813/6674 3715/3814/6675 3717/3816/6677
f 3718/4361/6678 3716/3815/6676 3717/3816/6677 3719/4362/6679
f 3720/3819/6680 3718/3817/6678 3719/3818/6679 3721/3820/6681
f 3722/3821/6682 3720/3819/6680 3721/3820/6681 3723/3822/6683
f 3724/3823/6684 3722/3821/6682 3723/3822/6683 3725/3824/6685
f 3726/3825/6686 3724/3823/6684 3725/3824/6685 3727/3826/6687
f 3728/4357/6688 3726/3825/6686 3727/3826/6687 3729/4358/6689
f 3730/3829/6690 3728/3827/6688 3729/3828/6689 3731/3830/6691
f 3732/3831/6692 3730/3829/6690 3731/3830/6691 3733/3832/6693
f 3734/3833/6694 3732/3831/6692 3733/3832/6693 3735/3834/6695
f 3736/3835/6696 3734/3833/6694 3735/3834/6695 3737/3836/6697
f 3738/4353/6698 3736/3835/6696 3737/3836/6697 3739/4354/6699
f 3740/3839/6700 3738/3837/6698 3739/3838/6699 3741/3840/6701
f 3742/3841/6702 3740/3839/6700 3741/3840/6701 3743/3842/6703
f 3744/3843/6704 3742/3841/6702 3743/3842/6703 3745/3844/6705
f 3706/3806/6667 3744/3843/6704 3745/3844/6705 3708/3807/6668
s 2
f 3467/4307/6706 3466/3846/6707 3468/3847/6708 3469/4308/6709
f 3470/3849/6710 3467/3845/6706 3469/3848/6709 3471/3850/6711
f 3472/3851/6712 3470/3849/6710 3471/3850/6711 3473/3852/6713
f 3474/3853/6714 3472/3851/6712 3473/3852/6713 3475/3854/6715
f 3476/3855/6716 3474/3853/6714 3475/3854/6715 3477/3856/6717
f 3478/3857/6718 3476/3855/6716 3477/3856/6717 3479/3858/6719
f 3480/3859/6720 3478/3857/6718 3479/3858/6719 3481/3860/6721
f 3482/3861/6722 3480/3859/6720 3481/3860/6721 3483/3862/6723
f 3484/3863/6724 3482/3861/6722 3483/3862/6723 3485/3864/6725
f 3486/3865/6726 3484/3863/6724 3485/3864/6725 3487/3866/6727
f 3488/3867/6728 3486/3865/6726 3487/3866/6727 3489/3868/6729
f 3490/3869/6730 3488/3867/6728 3489/3868/6729 3491/3870/6731
f 3492/3871/6732 3490/3869/6730 3491/3870/6731 3493/3872/6733
f 3494/3873/6734 3492/3871/6732 3493/3872/6733 3495/3874/6735
f 3496/3875/6736 3494/3873/6734 3495/3874/6735 3497/3876/6737
f 3498/3877/6738 3496/3875/6736 3497/3876/6737 3499/3878/6739
f 3500/3879/6740 3498/3877/6738 3499/3878/6739 3501/3880/6741
f 3502/3881/6742 3500/3879/6740 3501/3880/6741 3503/3882/6743
f 3504/3883/6744 3502/3881/6742 3503/3882/6743 3505/3884/6745
f 3466/3846/6707 3504/3883/6744 3505/3884/6745 3468/3847/6708
s 3
f 3426/3885/6746 3427/3886/6747 3464/3887/6748 3465/3888/6749
f 3427/3886/6747 3426/3885/6746 3429/3889/6750 3428/3890/6751
f 3428/3890/6751 3429/3889/6750 3431/3891/6752 3430/3892/6753
f 3430/3892/6753 3431/3891/6752 3433/3893/6754 3432/4369/6755
f 3432/3894/6755 3433/4367/6754 3435/3895/6756 3434/3896/6757
f 3434/3896/6757 3435/3895/6756 3437/3897/6758 3436/3898/6759
f 3436/3898/6759 3437/3897/6758 3439/3899/6760 3438/3900/6761
f 3438/3900/6761 3439/3899/6760 3441/3901/6762 3440/3902/6763
f 3440/3902/6763 3441/3901/6762 3443/3903/6764 3442/4370/6765
f 3442/3904/6765 3443/4366/6764 3445/3905/6766 3444/3906/6767
f 3444/3906/6767 3445/3905/6766 3447/3907/6768 3446/3908/6769
f 3446/3908/6769 3447/3907/6768 3449/3909/6770 3448/3910/6771
f 3448/3910/6771 3449/3909/6770 3451/3911/6772 3450/3912/6773
f 3450/3912/6773 3451/3911/6772 3453/3913/6774 3452/4368/6775
f 3452/3914/6775 3453/4365/6774 3455/3915/6776 3454/3916/6777
f 3454/3916/6777 3455/3915/6776 3457/3917/6778 3456/3918/6779
f 3456/3918/6779 3457/3917/6778 3459/3919/6780 3458/3920/6781
f 3458/3920/6781 3459/3919/6780 3461/3921/6782 3460/3922/6783
f 3460/3922/6783 3461/3921/6782 3463/3923/6784 3462/4310/6785
f 3462/3924/6785 3463/4309/6784 3465/3888/6749 3464/3887/6748
f 3442/3904/6765 3444/3906/6767 3406/3925/6786 3425/3926/6787
f 3440/3902/6763 3442/4370/6765 3425/4352/6787 3424/3927/6788
f 3438/3900/6761 3440/3902/6763 3424/3927/6788 3423/3928/6789
f 3436/3898/6759 3438/3900/6761 3423/3928/6789 3422/3929/6790
f 3434/3896/6757 3436/3898/6759 3422/3929/6790 3421/3930/6791
f 3432/3894/6755 3434/3896/6757 3421/3930/6791 3420/3931/6792
f 3430/3892/6753 3432/4369/6755 3420/4347/6792 3419/3932/6793
f 3428/3890/6751 3430/3892/6753 3419/3932/6793 3418/3933/6794
f 3427/3886/6747 3428/3890/6751 3418/3933/6794 3417/3934/6795
f 3464/3887/6748 3427/3886/6747 3417/3934/6795 3416/3935/6796
f 3462/3924/6785 3464/3887/6748 3416/3935/6796 3415/3936/6797
f 3460/3922/6783 3462/4310/6785 3415/4291/6797 3414/3937/6798
f 3458/3920/6781 3460/3922/6783 3414/3937/6798 3413/3938/6799
f 3456/3918/6779 3458/3920/6781 3413/3938/6799 3412/3939/6800
f 3454/3916/6777 3456/3918/6779 3412/3939/6800 3411/3940/6801
f 3452/3914/6775 3454/3916/6777 3411/3940/6801 3410/3941/6802
f 3450/3912/6773 3452/4368/6775 3410/4349/6802 3409/3942/6803
f 3448/3910/6771 3450/3912/6773 3409/3942/6803 3408/3943/6804
f 3446/3908/6769 3448/3910/6771 3408/3943/6804 3407/3944/6805
f 3444/3906/6767 3446/3908/6769 3407/3944/6805 3406/3925/6786
f 3355/3945/6806 3354/3946/6807 3429/3889/6750 3426/3885/6746
f 3354/3946/6807 3353/3947/6808 3431/3891/6752 3429/3889/6750
f 3353/3947/6808 3352/3948/6809 3433/3893/6754 3431/3891/6752
f 3352/4355/6809 3351/3949/6810 3435/3895/6756 3433/4367/6754
f 3351/3949/6810 3350/3950/6811 3437/3897/6758 3435/3895/6756
f 3350/3950/6811 3349/3951/6812 3439/3899/6760 3437/3897/6758
f 3349/3951/6812 3348/3952/6813 3441/3901/6762 3439/3899/6760
f 3348/3952/6813 3347/3953/6814 3443/3903/6764 3441/3901/6762
f 3347/4359/6814 3346/3954/6815 3445/3905/6766 3443/4366/6764
f 3346/3954/6815 3365/3955/6816 3447/3907/6768 3445/3905/6766
f 3365/3955/6816 3364/3956/6817 3449/3909/6770 3447/3907/6768
f 3364/3956/6817 3363/3957/6818 3451/3911/6772 3449/3909/6770
f 3363/3957/6818 3362/3958/6819 3453/3913/6774 3451/3911/6772
f 3362/4363/6819 3361/3959/6820 3455/3915/6776 3453/4365/6774
f 3361/3959/6820 3360/3960/6821 3457/3917/6778 3455/3915/6776
f 3360/3960/6821 3359/3961/6822 3459/3919/6780 3457/3917/6778
f 3359/3961/6822 3358/3962/6823 3461/3921/6782 3459/3919/6780
f 3358/3962/6823 3357/3963/6824 3463/3923/6784 3461/3921/6782
f 3357/4295/6824 3356/3964/6825 3465/3888/6749 3463/4309/6784
f 3356/3964/6825 3355/3945/6806 3426/3885/6746 3465/3888/6749
s off
f 3387/4306/6826 3386/3966/6827 3466/3846/6828 3467/4307/6829
f 3366/3967/6830 3367/3968/6831 3469/4308/6832 3468/3847/6833
f 3388/3969/6834 3387/3965/6835 3467/3845/6836 3470/3849/6837
f 3367/4296/6838 3368/3970/6839 3471/3850/6840 3469/3848/6841
f 3389/3971/6842 3388/3969/6843 3470/3849/6844 3472/3851/6845
f 3368/3970/6846 3369/3972/6847 3473/3852/6848 3471/3850/6849
f 3390/3973/6850 3389/3971/6851 3472/3851/6852 3474/3853/6853
f 3369/3972/6854 3370/3974/6855 3475/3854/6856 3473/3852/6857
f 3391/3975/6858 3390/3973/6859 3474/3853/6860 3476/3855/6861
f 3370/3974/6862 3371/3976/6863 3477/3856/6864 3475/3854/6865
f 3392/3977/6866 3391/3975/6867 3476/3855/6868 3478/3857/6869
f 3371/3976/6870 3372/3978/6871 3479/3858/6872 3477/3856/6873
f 3393/3979/6874 3392/3977/6875 3478/3857/6876 3480/3859/6877
f 3372/4364/6878 3373/3980/6879 3481/3860/6880 3479/3858/6881
f 3394/3981/6882 3393/3979/6883 3480/3859/6884 3482/3861/6885
f 3373/3980/6886 3374/3982/6887 3483/3862/6888 3481/3860/6889
f 3395/3983/6890 3394/3981/6891 3482/3861/6892 3484/3863/6893
f 3374/3982/6894 3375/3984/6895 3485/3864/6896 3483/3862/6897
f 3396/3985/6898 3395/3983/6899 3484/3863/6900 3486/3865/6901
f 3375/3984/6902 3376/3986/6903 3487/3866/6904 3485/3864/6905
f 3397/3987/6906 3396/3985/6907 3486/3865/6908 3488/3867/6909
f 3376/3986/6910 3377/3988/6911 3489/3868/6912 3487/3866/6913
f 3398/3989/6914 3397/3987/6915 3488/3867/6916 3490/3869/6917
f 3377/4360/6918 3378/3990/6919 3491/3870/6920 3489/3868/6921
f 3399/3991/6922 3398/3989/6923 3490/3869/6924 3492/3871/6925
f 3378/3990/6926 3379/3992/6927 3493/3872/6928 3491/3870/6929
f 3400/3993/6930 3399/3991/6931 3492/3871/6932 3494/3873/6933
f 3379/3992/6934 3380/3994/6935 3495/3874/6936 3493/3872/6937
f 3401/3995/6938 3400/3993/6939 3494/3873/6940 3496/3875/6941
f 3380/3994/6942 3381/3996/6943 3497/3876/6944 3495/3874/6945
f 3402/3997/6946 3401/3995/6947 3496/3875/6948 3498/3877/6949
f 3381/3996/6950 3382/3998/6951 3499/3878/6952 3497/3876/6953
f 3403/3999/6954 3402/3997/6955 3498/3877/6956 3500/3879/6957
f 3382/4356/6958 3383/4000/6959 3501/3880/6960 3499/3878/6961
f 3404/4001/6962 3403/3999/6963 3500/3879/6964 3502/3881/6965
f 3383/4000/6966 3384/4002/6967 3503/3882/6968 3501/3880/6969
f 3405/4003/6970 3404/4001/6971 3502/3881/6972 3504/3883/6973
f 3384/4002/6974 3385/4004/6975 3505/3884/6976 3503/3882/6977
f 3386/3966/6978 3405/4003/6979 3504/3883/6980 3466/3846/6981
f 3385/4004/6982 3366/3967/6983 3468/3847/6984 3505/3884/6985
s 4
f 3667/4005/6986 3666/4297/6987 3668/4298/6988 3669/4008/6989
f 3670/4009/6990 3667/4005/6986 3669/4008/6989 3671/4010/6991
f 3672/4011/6992 3670/4009/6990 3671/4010/6991 3673/4012/6993
f 3674/4013/6994 3672/4011/6992 3673/4012/6993 3675/4014/6995
f 3676/4333/6996 3674/4013/6994 3675/4014/6995 3677/4334/6997
f 3678/4017/6998 3676/4015/6996 3677/4016/6997 3679/4018/6999
f 3680/4019/7000 3678/4017/6998 3679/4018/6999 3681/4020/7001
f 3682/4021/7002 3680/4019/7000 3681/4020/7001 3683/4022/7003
f 3684/4023/7004 3682/4021/7002 3683/4022/7003 3685/4024/7005
f 3686/4315/7006 3684/4023/7004 3685/4024/7005 3687/4316/7007
f 3688/4027/7008 3686/4025/7006 3687/4026/7007 3689/4028/7009
f 3690/4029/7010 3688/4027/7008 3689/4028/7009 3691/4030/7011
f 3692/4031/7012 3690/4029/7010 3691/4030/7011 3693/4032/7013
f 3694/4033/7014 3692/4031/7012 3693/4032/7013 3695/4034/7015
f 3696/4329/7016 3694/4033/7014 3695/4034/7015 3697/4330/7017
f 3698/4037/7018 3696/4035/7016 3697/4036/7017 3699/4038/7019
f 3700/4039/7020 3698/4037/7018 3699/4038/7019 3701/4040/7021
f 3702/4041/7022 3700/4039/7020 3701/4040/7021 3703/4042/7023
f 3704/4043/7024 3702/4041/7022 3703/4042/7023 3705/4044/7025
f 3666/4006/6987 3704/4043/7024 3705/4044/7025 3668/4007/6988
s 5
f 3527/4303/7026 3526/4046/7027 3386/3966/7028 3387/4306/7029
f 3528/4047/7030 3527/4045/7026 3387/3965/7029 3388/3969/7031
f 3529/4048/7032 3528/4047/7030 3388/3969/7031 3389/3971/7033
f 3530/4049/7034 3529/4048/7032 3389/3971/7033 3390/3973/7035
f 3531/4050/7036 3530/4049/7034 3390/3973/7035 3391/3975/7037
f 3532/4051/7038 3531/4050/7036 3391/3975/7037 3392/3977/7039
f 3533/4052/7040 3532/4051/7038 3392/3977/7039 3393/3979/7041
f 3534/4053/7042 3533/4052/7040 3393/3979/7041 3394/3981/7043
f 3535/4054/7044 3534/4053/7042 3394/3981/7043 3395/3983/7045
f 3536/4055/7046 3535/4054/7044 3395/3983/7045 3396/3985/7047
f 3537/4056/7048 3536/4055/7046 3396/3985/7047 3397/3987/7049
f 3538/4057/7050 3537/4056/7048 3397/3987/7049 3398/3989/7051
f 3539/4058/7052 3538/4057/7050 3398/3989/7051 3399/3991/7053
f 3540/4059/7054 3539/4058/7052 3399/3991/7053 3400/3993/7055
f 3541/4060/7056 3540/4059/7054 3400/3993/7055 3401/3995/7057
f 3542/4061/7058 3541/4060/7056 3401/3995/7057 3402/3997/7059
f 3543/4062/7060 3542/4061/7058 3402/3997/7059 3403/3999/7061
f 3544/4063/7062 3543/4062/7060 3403/3999/7061 3404/4001/7063
f 3545/4064/7064 3544/4063/7062 3404/4001/7063 3405/4003/7065
f 3526/4046/7027 3545/4064/7064 3405/4003/7065 3386/3966/7028
s 6
f 3627/4065/7066 3626/4066/7067 3628/4067/7068 3629/4068/7069
f 3630/4069/7070 3627/4065/7066 3629/4068/7069 3631/4070/7071
f 3632/4071/7072 3630/4069/7070 3631/4070/7071 3633/4072/7073
f 3634/4073/7074 3632/4071/7072 3633/4072/7073 3635/4074/7075
f 3636/4075/7076 3634/4073/7074 3635/4074/7075 3637/4076/7077
f 3638/4077/7078 3636/4075/7076 3637/4076/7077 3639/4078/7079
f 3640/4079/7080 3638/4077/7078 3639/4078/7079 3641/4080/7081
f 3642/4081/7082 3640/4079/7080 3641/4080/7081 3643/4082/7083
f 3644/4083/7084 3642/4081/7082 3643/4082/7083 3645/4084/7085
f 3646/4085/7086 3644/4083/7084 3645/4084/7085 3647/4086/7087
f 3648/4301/7088 3646/4085/7086 3647/4086/7087 3649/4302/7089
f 3650/4089/7090 3648/4087/7088 3649/4088/7089 3651/4090/7091
f 3652/4091/7092 3650/4089/7090 3651/4090/7091 3653/4092/7093
f 3654/4093/7094 3652/4091/7092 3653/4092/7093 3655/4094/7095
f 3656/4095/7096 3654/4093/7094 3655/4094/7095 3657/4096/7097
f 3658/4097/7098 3656/4095/7096 3657/4096/7097 3659/4098/7099
f 3660/4099/7100 3658/4097/7098 3659/4098/7099 3661/4100/7101
f 3662/4101/7102 3660/4099/7100 3661/4100/7101 3663/4102/7103
f 3664/4103/7104 3662/4101/7102 3663/4102/7103 3665/4104/7105
f 3626/4066/7067 3664/4103/7104 3665/4104/7105 3628/4067/7068
s 7
f 3586/4105/7106 3587/4106/7107 3624/4107/7108 3625/4108/7109
f 3587/4106/7107 3586/4105/7106 3589/4109/7110 3588/4305/7111
f 3588/4110/7111 3589/4304/7110 3591/4111/7112 3590/4112/7113
f 3590/4112/7113 3591/4111/7112 3593/4113/7114 3592/4114/7115
f 3592/4114/7115 3593/4113/7114 3595/4115/7116 3594/4116/7117
f 3594/4116/7117 3595/4115/7116 3597/4117/7118 3596/4118/7119
f 3596/4118/7119 3597/4117/7118 3599/4119/7120 3598/4340/7121
f 3598/4120/7121 3599/4338/7120 3601/4121/7122 3600/4122/7123
f 3600/4122/7123 3601/4121/7122 3603/4123/7124 3602/4124/7125
f 3602/4124/7125 3603/4123/7124 3605/4125/7126 3604/4126/7127
f 3604/4126/7127 3605/4125/7126 3607/4127/7128 3606/4128/7129
f 3606/4128/7129 3607/4127/7128 3609/4129/7130 3608/4320/7131
f 3608/4130/7131 3609/4319/7130 3611/4131/7132 3610/4132/7133
f 3610/4132/7133 3611/4131/7132 3613/4133/7134 3612/4134/7135
f 3612/4134/7135 3613/4133/7134 3615/4135/7136 3614/4136/7137
f 3614/4136/7137 3615/4135/7136 3617/4137/7138 3616/4138/7139
f 3616/4138/7139 3617/4137/7138 3619/4139/7140 3618/4339/7141
f 3618/4140/7141 3619/4337/7140 3621/4141/7142 3620/4142/7143
f 3620/4142/7143 3621/4141/7142 3623/4143/7144 3622/4144/7145
f 3622/4144/7145 3623/4143/7144 3625/4108/7109 3624/4107/7108
f 3566/4145/7146 3567/4146/7147 3604/4126/7127 3606/4128/7129
f 3567/4146/7147 3568/4147/7148 3602/4124/7125 3604/4126/7127
f 3568/4147/7148 3569/4148/7149 3600/4122/7123 3602/4124/7125
f 3569/4148/7149 3570/4149/7150 3598/4120/7121 3600/4122/7123
f 3570/4328/7150 3571/4150/7151 3596/4118/7119 3598/4340/7121
f 3571/4150/7151 3572/4151/7152 3594/4116/7117 3596/4118/7119
f 3572/4151/7152 3573/4152/7153 3592/4114/7115 3594/4116/7117
f 3573/4152/7153 3574/4153/7154 3590/4112/7113 3592/4114/7115
f 3574/4153/7154 3575/4154/7155 3588/4110/7111 3590/4112/7113
f 3575/4289/7155 3576/4155/7156 3587/4106/7107 3588/4305/7111
f 3576/4155/7156 3577/4156/7157 3624/4107/7108 3587/4106/7107
f 3577/4156/7157 3578/4157/7158 3622/4144/7145 3624/4107/7108
f 3578/4157/7158 3579/4158/7159 3620/4142/7143 3622/4144/7145
f 3579/4158/7159 3580/4159/7160 3618/4140/7141 3620/4142/7143
f 3580/4326/7160 3581/4160/7161 3616/4138/7139 3618/4339/7141
f 3581/4160/7161 3582/4161/7162 3614/4136/7137 3616/4138/7139
f 3582/4161/7162 3583/4162/7163 3612/4134/7135 3614/4136/7137
f 3583/4162/7163 3584/4163/7164 3610/4132/7133 3612/4134/7135
f 3584/4163/7164 3585/4164/7165 3608/4130/7131 3610/4132/7133
f 3585/4313/7165 3566/4145/7146 3606/4128/7129 3608/4320/7131
f 3589/4109/7110 3586/4105/7106 3525/4165/7166 3506/4166/7167
f 3591/4111/7112 3589/4304/7110 3506/4300/7167 3507/4167/7168
f 3593/4113/7114 3591/4111/7112 3507/4167/7168 3508/4168/7169
f 3595/4115/7116 3593/4113/7114 3508/4168/7169 3509/4169/7170
f 3597/4117/7118 3595/4115/7116 3509/4169/7170 3510/4170/7171
f 3599/4119/7120 3597/4117/7118 3510/4170/7171 3511/4171/7172
f 3601/4121/7122 3599/4338/7120 3511/4336/7172 3512/4172/7173
f 3603/4123/7124 3601/4121/7122 3512/4172/7173 3513/4173/7174
f 3605/4125/7126 3603/4123/7124 3513/4173/7174 3514/4174/7175
f 3607/4127/7128 3605/4125/7126 3514/4174/7175 3515/4175/7176
f 3609/4129/7130 3607/4127/7128 3515/4175/7176 3516/4176/7177
f 3611/4131/7132 3609/4319/7130 3516/4318/7177 3517/4177/7178
f 3613/4133/7134 3611/4131/7132 3517/4177/7178 3518/4178/7179
f 3615/4135/7136 3613/4133/7134 3518/4178/7179 3519/4179/7180
f 3617/4137/7138 3615/4135/7136 3519/4179/7180 3520/4180/7181
f 3619/4139/7140 3617/4137/7138 3520/4180/7181 3521/4181/7182
f 3621/4141/7142 3619/4337/7140 3521/4332/7182 3522/4182/7183
f 3623/4143/7144 3621/4141/7142 3522/4182/7183 3523/4183/7184
f 3625/4108/7109 3623/4143/7144 3523/4183/7184 3524/4184/7185
f 3586/4105/7106 3625/4108/7109 3524/4184/7185 3525/4165/7166
s off
f 3547/4317/7186 3546/4186/7187 3626/4066/7188 3627/4065/7189
f 3536/4055/7190 3537/4056/7191 3629/4068/7192 3628/4067/7193
f 3548/4187/7194 3547/4185/7195 3627/4065/7196 3630/4069/7197
f 3537/4056/7198 3538/4057/7199 3631/4070/7200 3629/4068/7201
f 3549/4188/7202 3548/4187/7203 3630/4069/7204 3632/4071/7205
f 3538/4057/7206 3539/4058/7207 3633/4072/7208 3631/4070/7209
f 3550/4189/7210 3549/4188/7211 3632/4071/7212 3634/4073/7213
f 3539/4058/7214 3540/4059/7215 3635/4074/7216 3633/4072/7217
f 3551/4190/7218 3550/4189/7219 3634/4073/7220 3636/4075/7221
f 3540/4059/7222 3541/4060/7223 3637/4076/7224 3635/4074/7225
f 3552/4331/7226 3551/4190/7227 3636/4075/7228 3638/4077/7229
f 3541/4060/7230 3542/4061/7231 3639/4078/7232 3637/4076/7233
f 3553/4192/7234 3552/4191/7235 3638/4077/7236 3640/4079/7237
f 3542/4061/7238 3543/4062/7239 3641/4080/7240 3639/4078/7241
f 3554/4193/7242 3553/4192/7243 3640/4079/7244 3642/4081/7245
f 3543/4062/7246 3544/4063/7247 3643/4082/7248 3641/4080/7249
f 3555/4194/7250 3554/4193/7251 3642/4081/7252 3644/4083/7253
f 3544/4063/7254 3545/4064/7255 3645/4084/7256 3643/4082/7257
f 3556/4195/7258 3555/4194/7259 3644/4083/7260 3646/4085/7261
f 3545/4064/7262 3526/4046/7263 3647/4086/7264 3645/4084/7265
f 3557/4299/7266 3556/4195/7267 3646/4085/7268 3648/4301/7269
f 3526/4046/7270 3527/4303/7271 3649/4302/7272 3647/4086/7273
f 3558/4197/7274 3557/4196/7275 3648/4087/7276 3650/4089/7277
f 3527/4045/7278 3528/4047/7279 3651/4090/7280 3649/4088/7281
f 3559/4198/7282 3558/4197/7283 3650/4089/7284 3652/4091/7285
f 3528/4047/7286 3529/4048/7287 3653/4092/7288 3651/4090/7289
f 3560/4199/7290 3559/4198/7291 3652/4091/7292 3654/4093/7293
f 3529/4048/7294 3530/4049/7295 3655/4094/7296 3653/4092/7297
f 3561/4200/7298 3560/4199/7299 3654/4093/7300 3656/4095/7301
f 3530/4049/7302 3531/4050/7303 3657/4096/7304 3655/4094/7305
f 3562/4335/7306 3561/4200/7307 3656/4095/7308 3658/4097/7309
f 3531/4050/7310 3532/4051/7311 3659/4098/7312 3657/4096/7313
f 3563/4202/7314 3562/4201/7315 3658/4097/7316 3660/4099/7317
f 3532/4051/7318 3533/4052/7319 3661/4100/7320 3659/4098/7321
f 3564/4203/7322 3563/4202/7323 3660/4099/7324 3662/4101/7325
f 3533/4052/7326 3534/4053/7327 3663/4102/7328 3661/4100/7329
f 3565/4204/7330 3564/4203/7331 3662/4101/7332 3664/4103/7333
f 3534/4053/7334 3535/4054/7335 3665/4104/7336 3663/4102/7337
f 3546/4186/7338 3565/4204/7339 3664/4103/7340 3626/4066/7341
f 3535/4054/7342 3536/4055/7343 3628/4067/7344 3665/4104/7345
f 3507/4167/7346 3506/4300/7347 3666/4297/7348 3667/4005/7349
f 3557/4196/7350 3558/4197/7351 3669/4008/7352 3668/4298/7353
f 3508/4168/7354 3507/4167/7355 3667/4005/7356 3670/4009/7357
f 3558/4197/7358 3559/4198/7359 3671/4010/7360 3669/4008/7361
f 3509/4169/7362 3508/4168/7363 3670/4009/7364 3672/4011/7365
f 3559/4198/7366 3560/4199/7367 3673/4012/7368 3671/4010/7369
f 3510/4170/7370 3509/4169/7371 3672/4011/7372 3674/4013/7373
f 3560/4199/7374 3561/4200/7375 3675/4014/7376 3673/4012/7377
f 3511/4171/7378 3510/4170/7379 3674/4013/7380 3676/4333/7381
f 3561/4200/7382 3562/4335/7383 3677/4334/7384 3675/4014/7385
f 3512/4172/7386 3511/4336/7387 3676/4015/7388 3678/4017/7389
f 3562/4201/7390 3563/4202/7391 3679/4018/7392 3677/4016/7393
f 3513/4173/7394 3512/4172/7395 3678/4017/7396 3680/4019/7397
f 3563/4202/7398 3564/4203/7399 3681/4020/7400 3679/4018/7401
f 3514/4174/7402 3513/4173/7403 3680/4019/7404 3682/4021/7405
f 3564/4203/7406 3565/4204/7407 3683/4022/7408 3681/4020/7409
f 3515/4175/7410 3514/4174/7411 3682/4021/7412 3684/4023/7413
f 3565/4204/7414 3546/4186/7415 3685/4024/7416 3683/4022/7417
f 3516/4176/7418 3515/4175/7419 3684/4023/7420 3686/4315/7421
f 3546/4186/7422 3547/4317/7423 3687/4316/7424 3685/4024/7425
f 3517/4177/7426 3516/4318/7427 3686/4025/7428 3688/4027/7429
f 3547/4185/7430 3548/4187/7431 3689/4028/7432 3687/4026/7433
f 3518/4178/7434 3517/4177/7435 3688/4027/7436 3690/4029/7437
f 3548/4187/7438 3549/4188/7439 3691/4030/7440 3689/4028/7441
f 3519/4179/7442 3518/4178/7443 3690/4029/7444 3692/4031/7445
f 3549/4188/7446 3550/4189/7447 3693/4032/7448 3691/4030/7449
f 3520/4180/7450 3519/4179/7451 3692/4031/7452 3694/4033/7453
f 3550/4189/7454 3551/4190/7455 3695/4034/7456 3693/4032/7457
f 3521/4181/7458 3520/4180/7459 3694/4033/7460 3696/4329/7461
f 3551/4190/7462 3552/4331/7463 3697/4330/7464 3695/4034/7465
f 3522/4182/7466 3521/4332/7467 3696/4035/7468 3698/4037/7469
f 3552/4191/7470 3553/4192/7471 3699/4038/7472 3697/4036/7473
f 3523/4183/7474 3522/4182/7475 3698/4037/7476 3700/4039/7477
f 3553/4192/7478 3554/4193/7479 3701/4040/7480 3699/4038/7481
f 3524/4184/7482 3523/4183/7483 3700/4039/7484 3702/4041/7485
f 3554/4193/7486 3555/4194/7487 3703/4042/7488 3701/4040/7489
f 3525/4165/7490 3524/4184/7491 3702/4041/7492 3704/4043/7493
f 3555/4194/7494 3556/4195/7495 3705/4044/7496 3703/4042/7497
f 3506/4166/7498 3525/4165/7499 3704/4043/7500 3666/4006/7501
f 3556/4195/7502 3557/4299/7503 3668/4007/7504 3705/4044/7505
f 3367/3968/7506 3366/3967/7507 3706/3806/7508 3707/4293/7509
f 3356/3964/7510 3357/4295/7511 3709/4294/7512 3708/3807/7513
f 3368/3970/7514 3367/4296/7515 3707/3805/7516 3710/3809/7517
f 3357/3963/7518 3358/3962/7519 3711/3810/7520 3709/3808/7521
f 3369/3972/7522 3368/3970/7523 3710/3809/7524 3712/3811/7525
f 3358/3962/7526 3359/3961/7527 3713/3812/7528 3711/3810/7529
f 3370/3974/7530 3369/3972/7531 3712/3811/7532 3714/3813/7533
f 3359/3961/7534 3360/3960/7535 3715/3814/7536 3713/3812/7537
f 3371/3976/7538 3370/3974/7539 3714/3813/7540 3716/3815/7541
f 3360/3960/7542 3361/3959/7543 3717/3816/7544 3715/3814/7545
f 3372/3978/7546 3371/3976/7547 3716/3815/7548 3718/4361/7549
f 3361/3959/7550 3362/4363/7551 3719/4362/7552 3717/3816/7553
f 3373/3980/7554 3372/4364/7555 3718/3817/7556 3720/3819/7557
f 3362/3958/7558 3363/3957/7559 3721/3820/7560 3719/3818/7561
f 3374/3982/7562 3373/3980/7563 3720/3819/7564 3722/3821/7565
f 3363/3957/7566 3364/3956/7567 3723/3822/7568 3721/3820/7569
f 3375/3984/7570 3374/3982/7571 3722/3821/7572 3724/3823/7573
f 3364/3956/7574 3365/3955/7575 3725/3824/7576 3723/3822/7577
f 3376/3986/7578 3375/3984/7579 3724/3823/7580 3726/3825/7581
f 3365/3955/7582 3346/3954/7583 3727/3826/7584 3725/3824/7585
f 3377/3988/7586 3376/3986/7587 3726/3825/7588 3728/4357/7589
f 3346/3954/7590 3347/4359/7591 3729/4358/7592 3727/3826/7593
f 3378/3990/7594 3377/4360/7595 3728/3827/7596 3730/3829/7597
f 3347/3953/7598 3348/3952/7599 3731/3830/7600 3729/3828/7601
f 3379/3992/7602 3378/3990/7603 3730/3829/7604 3732/3831/7605
f 3348/3952/7606 3349/3951/7607 3733/3832/7608 3731/3830/7609
f 3380/3994/7610 3379/3992/7611 3732/3831/7612 3734/3833/7613
f 3349/3951/7614 3350/3950/7615 3735/3834/7616 3733/3832/7617
f 3381/3996/7618 3380/3994/7619 3734/3833/7620 3736/3835/7621
f 3350/3950/7622 3351/3949/7623 3737/3836/7624 3735/3834/7625
f 3382/3998/7626 3381/3996/7627 3736/3835/7628 3738/4353/7629
f 3351/3949/7630 3352/4355/7631 3739/4354/7632 3737/3836/7633
f 3383/4000/7634 3382/4356/7635 3738/3837/7636 3740/3839/7637
f 3352/3948/7638 3353/3947/7639 3741/3840/7640 3739/3838/7641
f 3384/4002/7642 3383/4000/7643 3740/3839/7644 3742/3841/7645
f 3353/3947/7646 3354/3946/7647 3743/3842/7648 3741/3840/7649
f 3385/4004/7650 3384/4002/7651 3742/3841/7652 3744/3843/7653
f 3354/3946/7654 3355/3945/7655 3745/3844/7656 3743/3842/7657
f 3366/3967/7658 3385/4004/7659 3744/3843/7660 3706/3806/7661
f 3355/3945/7662 3356/3964/7663 3708/3807/7664 3745/3844/7665
s 3
f 3746/4205/7666 3747/4206/7667 3751/4207/7668 3750/4351/7669
f 3747/4206/7667 3746/4205/7666 3748/4209/7670 3749/4210/7671
f 3749/4210/7671 3748/4209/7670 3752/4211/7672 3753/4212/7673
f 3750/4208/7669 3751/4341/7668 3785/4213/7674 3784/4214/7675
f 3753/4212/7673 3752/4211/7672 3754/4215/7676 3755/4216/7677
f 3755/4216/7677 3754/4215/7676 3756/4217/7678 3757/4346/7679
f 3757/4218/7679 3756/4350/7678 3758/4219/7680 3759/4220/7681
f 3759/4220/7681 3758/4219/7680 3760/4221/7682 3761/4222/7683
f 3761/4222/7683 3760/4221/7682 3762/4223/7684 3763/4224/7685
f 3763/4224/7685 3762/4223/7684 3764/4225/7686 3765/4226/7687
f 3765/4226/7687 3764/4225/7686 3766/4227/7688 3767/4290/7689
f 3767/4228/7689 3766/4292/7688 3768/4229/7690 3769/4230/7691
f 3769/4230/7691 3768/4229/7690 3770/4231/7692 3771/4232/7693
f 3771/4232/7693 3770/4231/7692 3772/4233/7694 3773/4234/7695
f 3773/4234/7695 3772/4233/7694 3774/4235/7696 3775/4236/7697
f 3775/4236/7697 3774/4235/7696 3776/4237/7698 3777/4345/7699
f 3777/4238/7699 3776/4348/7698 3778/4239/7700 3779/4240/7701
f 3779/4240/7701 3778/4239/7700 3780/4241/7702 3781/4242/7703
f 3781/4242/7703 3780/4241/7702 3782/4243/7704 3783/4244/7705
f 3783/4244/7705 3782/4243/7704 3784/4214/7675 3785/4213/7674
f 3746/4205/7666 3406/3925/6786 3407/3944/6805 3748/4209/7670
f 3406/3925/6786 3746/4205/7666 3750/4351/7669 3425/3926/6787
f 3748/4209/7670 3407/3944/6805 3408/3943/6804 3752/4211/7672
f 3752/4211/7672 3408/3943/6804 3409/3942/6803 3754/4215/7676
f 3754/4215/7676 3409/3942/6803 3410/4349/6802 3756/4217/7678
f 3756/4350/7678 3410/3941/6802 3411/3940/6801 3758/4219/7680
f 3758/4219/7680 3411/3940/6801 3412/3939/6800 3760/4221/7682
f 3760/4221/7682 3412/3939/6800 3413/3938/6799 3762/4223/7684
f 3762/4223/7684 3413/3938/6799 3414/3937/6798 3764/4225/7686
f 3764/4225/7686 3414/3937/6798 3415/4291/6797 3766/4227/7688
f 3766/4292/7688 3415/3936/6797 3416/3935/6796 3768/4229/7690
f 3768/4229/7690 3416/3935/6796 3417/3934/6795 3770/4231/7692
f 3770/4231/7692 3417/3934/6795 3418/3933/6794 3772/4233/7694
f 3772/4233/7694 3418/3933/6794 3419/3932/6793 3774/4235/7696
f 3774/4235/7696 3419/3932/6793 3420/4347/6792 3776/4237/7698
f 3776/4348/7698 3420/3931/6792 3421/3930/6791 3778/4239/7700
f 3778/4239/7700 3421/3930/6791 3422/3929/6790 3780/4241/7702
f 3780/4241/7702 3422/3929/6790 3423/3928/6789 3782/4243/7704
f 3782/4243/7704 3423/3928/6789 3424/3927/6788 3784/4214/7675
f 3784/4214/7675 3424/3927/6788 3425/4352/6787 3750/4208/7669
f 3747/4206/7667 3749/4210/7671 3345/4344/7706
f 3749/4210/7671 3753/4212/7673 3345/4344/7706
f 3753/4212/7673 3755/4216/7677 3345/4344/7706
f 3755/4216/7677 3757/4346/7679 3345/4344/7706
f 3757/4218/7679 3759/4220/7681 3345/4343/7706
f 3759/4220/7681 3761/4222/7683 3345/4343/7706
f 3761/4222/7683 3763/4224/7685 3345/4343/7706
f 3763/4224/7685 3765/4226/7687 3345/4343/7706
f 3765/4226/7687 3767/4290/7689 3345/4343/7706
f 3767/4228/7689 3769/4230/7691 3345/4342/7706
f 3769/4230/7691 3771/4232/7693 3345/4342/7706
f 3771/4232/7693 3773/4234/7695 3345/4342/7706
f 3773/4234/7695 3775/4236/7697 3345/4342/7706
f 3775/4236/7697 3777/4345/7699 3345/4342/7706
f 3777/4238/7699 3779/4240/7701 3345/4245/7706
f 3779/4240/7701 3781/4242/7703 3345/4245/7706
f 3781/4242/7703 3783/4244/7705 3345/4245/7706
f 3783/4244/7705 3785/4213/7674 3345/4245/7706
f 3785/4213/7674 3751/4341/7668 3345/4245/7706
f 3751/4207/7668 3747/4206/7667 3345/4344/7706
s 7
f 3786/4246/7707 3787/4247/7708 3789/4248/7709 3788/4249/7710
f 3787/4247/7708 3786/4246/7707 3790/4250/7711 3791/4312/7712
f 3788/4249/7710 3789/4248/7709 3793/4252/7713 3792/4253/7714
f 3791/4251/7712 3790/4314/7711 3824/4254/7715 3825/4255/7716
f 3792/4253/7714 3793/4252/7713 3795/4256/7717 3794/4257/7718
f 3794/4257/7718 3795/4256/7717 3797/4258/7719 3796/4327/7720
f 3796/4259/7720 3797/4324/7719 3799/4260/7721 3798/4261/7722
f 3798/4261/7722 3799/4260/7721 3801/4262/7723 3800/4263/7724
f 3800/4263/7724 3801/4262/7723 3803/4264/7725 3802/4265/7726
f 3802/4265/7726 3803/4264/7725 3805/4266/7727 3804/4267/7728
f 3804/4267/7728 3805/4266/7727 3807/4268/7729 3806/4288/7730
f 3806/4269/7730 3807/4287/7729 3809/4270/7731 3808/4271/7732
f 3808/4271/7732 3809/4270/7731 3811/4272/7733 3810/4273/7734
f 3810/4273/7734 3811/4272/7733 3813/4274/7735 3812/4275/7736
f 3812/4275/7736 3813/4274/7735 3815/4276/7737 3814/4277/7738
f 3814/4277/7738 3815/4276/7737 3817/4278/7739 3816/4325/7740
f 3816/4279/7740 3817/4323/7739 3819/4280/7741 3818/4281/7742
f 3818/4281/7742 3819/4280/7741 3821/4282/7743 3820/4283/7744
f 3820/4283/7744 3821/4282/7743 3823/4284/7745 3822/4285/7746
f 3822/4285/7746 3823/4284/7745 3825/4255/7716 3824/4254/7715
f 3566/4145/7146 3786/4246/7707 3788/4249/7710 3567/4146/7147
f 3786/4246/7707 3566/4145/7146 3585/4313/7165 3790/4250/7711
f 3567/4146/7147 3788/4249/7710 3792/4253/7714 3568/4147/7148
f 3568/4147/7148 3792/4253/7714 3794/4257/7718 3569/4148/7149
f 3569/4148/7149 3794/4257/7718 3796/4327/7720 3570/4149/7150
f 3570/4328/7150 3796/4259/7720 3798/4261/7722 3571/4150/7151
f 3571/4150/7151 3798/4261/7722 3800/4263/7724 3572/4151/7152
f 3572/4151/7152 3800/4263/7724 3802/4265/7726 3573/4152/7153
f 3573/4152/7153 3802/4265/7726 3804/4267/7728 3574/4153/7154
f 3574/4153/7154 3804/4267/7728 3806/4288/7730 3575/4154/7155
f 3575/4289/7155 3806/4269/7730 3808/4271/7732 3576/4155/7156
f 3576/4155/7156 3808/4271/7732 3810/4273/7734 3577/4156/7157
f 3577/4156/7157 3810/4273/7734 3812/4275/7736 3578/4157/7158
f 3578/4157/7158 3812/4275/7736 3814/4277/7738 3579/4158/7159
f 3579/4158/7159 3814/4277/7738 3816/4325/7740 3580/4159/7160
f 3580/4326/7160 3816/4279/7740 3818/4281/7742 3581/4160/7161
f 3581/4160/7161 3818/4281/7742 3820/4283/7744 3582/4161/7162
f 3582/4161/7162 3820/4283/7744 3822/4285/7746 3583/4162/7163
f 3583/4162/7163 3822/4285/7746 3824/4254/7715 3584/4163/7164
f 3584/4163/7164 3824/4254/7715 3790/4314/7711 3585/4164/7165
f 3789/4248/7709 3787/4247/7708 3344/4286/7747
f 3793/4252/7713 3789/4248/7709 3344/4286/7747
f 3795/4256/7717 3793/4252/7713 3344/4286/7747
f 3797/4258/7719 3795/4256/7717 3344/4286/7747
f 3799/4260/7721 3797/4324/7719 3344/4321/7747
f 3801/4262/7723 3799/4260/7721 3344/4321/7747
f 3803/4264/7725 3801/4262/7723 3344/4321/7747
f 3805/4266/7727 3803/4264/7725 3344/4321/7747
f 3807/4268/7729 3805/4266/7727 3344/4321/7747
f 3809/4270/7731 3807/4287/7729 3344/4311/7747
f 3811/4272/7733 3809/4270/7731 3344/4311/7747
f 3813/4274/7735 3811/4272/7733 3344/4311/7747
f 3815/4276/7737 3813/4274/7735 3344/4311/7747
f 3817/4278/7739 3815/4276/7737 3344/4311/7747
f 3819/4280/7741 3817/4323/7739 3344/4322/7747
f 3821/4282/7743 3819/4280/7741 3344/4322/7747
f 3823/4284/7745 3821/4282/7743 3344/4322/7747
f 3825/4255/7716 3823/4284/7745 3344/4322/7747
f 3791/4251/7712 3825/4255/7716 3344/4322/7747
f 3787/4247/7708 3791/4312/7712 3344/4286/7747
g default
v 110.800240 -43.177086 30.344730
v 110.800232 -43.386696 29.933353
v 110.800247 -43.713173 29.606888
v 110.800232 -44.124557 29.397247
v 110.800240 -44.580585 29.325012
v 110.800232 -45.036613 29.397247
v 110.800240 -45.447998 29.606888
v 110.800240 -45.774475 29.933353
v 110.800240 -45.984085 30.344730
v 110.800240 -46.056313 30.800762
v 110.800240 -45.984085 31.256771
v 110.800240 -45.774475 31.668148
v 110.800240 -45.447998 31.994637
v 110.800232 -45.036613 32.204254
v 110.800240 -44.580585 32.276489
v 110.800232 -44.124557 32.204254
v 110.800247 -43.713173 31.994637
v 110.800232 -43.386696 31.668148
v 110.800240 -43.177086 31.256771
v 110.800240 -43.104858 30.800762
v 97.878723 -43.177086 30.344730
v 97.878723 -43.386696 29.933353
v 97.878716 -43.713173 29.606888
v 97.878723 -44.124557 29.397247
v 97.878723 -44.580589 29.325012
v 97.878723 -45.036613 29.397247
v 97.878723 -45.447998 29.606888
v 97.878723 -45.774475 29.933353
v 97.878723 -45.984085 30.344730
v 97.878723 -46.056313 30.800762
v 97.878723 -45.984085 31.256771
v 97.878723 -45.774475 31.668148
v 97.878723 -45.447998 31.994637
v 97.878723 -45.036613 32.204254
v 97.878723 -44.580589 32.276489
v 97.878723 -44.124557 32.204254
v 97.878716 -43.713173 31.994637
v 97.878723 -43.386696 31.668148
v 97.878723 -43.177086 31.256771
v 97.878723 -43.104858 30.800762
v 110.800240 -44.580585 30.800762
v 97.878723 -44.580589 30.800762
v 108.243637 -44.580585 32.276489
v 108.243637 -45.036613 32.204254
v 108.243645 -45.447998 31.994637
v 108.243645 -45.774475 31.668148
v 108.243629 -45.984085 31.256771
v 108.243637 -46.056313 30.800762
v 108.243629 -45.984085 30.344730
v 108.243637 -45.774475 29.933353
v 108.243645 -45.447998 29.606888
v 108.243637 -45.036613 29.397247
v 108.243637 -44.580585 29.325012
v 108.243637 -44.124557 29.397247
v 108.243637 -43.713173 29.606888
v 108.243637 -43.386696 29.933353
v 108.243637 -43.177086 30.344730
v 108.243637 -43.104858 30.800762
v 108.243637 -43.177086 31.256771
v 108.243637 -43.386696 31.668148
v 108.243637 -43.713173 31.994637
v 108.243637 -44.124557 32.204254
v 110.800240 -42.481609 30.118755
v 110.800247 -42.795090 29.503529
v 108.243637 -42.795090 29.503529
v 108.243637 -42.481609 30.118755
v 110.800247 -43.283348 29.015289
v 108.243645 -43.283348 29.015289
v 110.800247 -43.898586 28.701767
v 108.243637 -43.898586 28.701767
v 110.800240 -44.580585 28.593735
v 108.243637 -44.580585 28.593735
v 110.800232 -45.262581 28.701767
v 108.243637 -45.262581 28.701767
v 110.800240 -45.877823 29.015289
v 108.243637 -45.877823 29.015289
v 110.800247 -46.366074 29.503529
v 108.243637 -46.366081 29.503529
v 110.800240 -46.679565 30.118755
v 108.243629 -46.679558 30.118755
v 110.800240 -46.787575 30.800762
v 108.243637 -46.787575 30.800762
v 110.800240 -46.679565 31.482738
v 108.243629 -46.679558 31.482738
v 110.800247 -46.366074 32.097961
v 108.243645 -46.366074 32.097961
v 110.800240 -45.877823 32.586235
v 108.243637 -45.877823 32.586235
v 110.800232 -45.262581 32.899723
v 108.243637 -45.262581 32.899723
v 110.800240 -44.580585 33.007755
v 108.243637 -44.580585 33.007755
v 110.800247 -43.898586 32.899723
v 108.243637 -43.898586 32.899723
v 110.800247 -43.283348 32.586235
v 108.243645 -43.283348 32.586235
v 110.800247 -42.795090 32.097961
v 108.243637 -42.795090 32.097961
v 110.800240 -42.481609 31.482738
v 108.243637 -42.481609 31.482738
v 110.800240 -42.373592 30.800762
v 108.243637 -42.373592 30.800762
vt 0.184427 0.117412
vt 0.180311 0.118797
vt 0.176824 0.121386
vt 0.174308 0.124926
vt 0.173009 0.129070
vt 0.173054 0.133413
vt 0.174439 0.137529
vt 0.177028 0.141016
vt 0.180568 0.143532
vt 0.184712 0.144827
vt 0.189055 0.144790
vt 0.193171 0.143401
vt 0.196658 0.140812
vt 0.199174 0.137272
vt 0.200473 0.133127
vt 0.200428 0.128785
vt 0.199043 0.124668
vt 0.196454 0.121182
vt 0.192914 0.118666
vt 0.188769 0.117367
vt 0.146116 0.142057
vt 0.149828 0.143390
vt 0.154043 0.144070
vt 0.158421 0.144438
vt 0.162839 0.144643
vt 0.167252 0.144756
vt 0.171645 0.144813
vt 0.176015 0.144837
vt 0.180368 0.144837
vt 0.193406 0.144757
vt 0.197775 0.144708
vt 0.202170 0.144646
vt 0.206602 0.144568
vt 0.211077 0.144465
vt 0.215595 0.144322
vt 0.220143 0.144112
vt 0.224673 0.143776
vt 0.229068 0.143182
vt 0.233051 0.142014
vt 0.150279 0.264871
vt 0.154146 0.264821
vt 0.158021 0.264776
vt 0.161906 0.264735
vt 0.165800 0.264699
vt 0.169704 0.264668
vt 0.173615 0.264639
vt 0.177533 0.264613
vt 0.181455 0.264589
vt 0.185380 0.264562
vt 0.189306 0.264552
vt 0.193233 0.264529
vt 0.197157 0.264512
vt 0.201078 0.264498
vt 0.204993 0.264486
vt 0.208902 0.264478
vt 0.212803 0.264473
vt 0.216695 0.264473
vt 0.220579 0.264476
vt 0.224455 0.264483
vt 0.228332 0.264490
vt 0.193044 0.288133
vt 0.196220 0.285825
vt 0.198528 0.282648
vt 0.199741 0.278914
vt 0.199740 0.274987
vt 0.198526 0.271253
vt 0.196218 0.268077
vt 0.193041 0.265769
vt 0.181646 0.265771
vt 0.178470 0.268079
vt 0.176162 0.271256
vt 0.174949 0.274991
vt 0.174950 0.278917
vt 0.176164 0.282651
vt 0.178472 0.285828
vt 0.181649 0.288135
vt 0.185384 0.289348
vt 0.189310 0.289347
vt 0.186741 0.131099
vt 0.187345 0.276952
vt 0.206205 0.177650
vt 0.201897 0.177710
vt 0.197577 0.177761
vt 0.193249 0.177800
vt 0.188917 0.177827
vt 0.184584 0.177839
vt 0.180251 0.177838
vt 0.175923 0.177822
vt 0.171602 0.177794
vt 0.167296 0.177754
vt 0.163013 0.177709
vt 0.158768 0.177671
vt 0.154582 0.177663
vt 0.150488 0.177736
vt 0.231162 0.177735
vt 0.146536 0.177981
vt 0.227226 0.177491
vt 0.223151 0.177433
vt 0.218985 0.177457
vt 0.214761 0.177514
vt 0.210496 0.177582
vt 0.142488 0.147681
vt 0.147737 0.149082
vt 0.147990 0.171238
vt 0.142385 0.171274
vt 0.152773 0.149904
vt 0.153108 0.171406
vt 0.157614 0.150367
vt 0.157923 0.171588
vt 0.162298 0.150623
vt 0.162554 0.171733
vt 0.166867 0.150759
vt 0.167076 0.171835
vt 0.171356 0.150826
vt 0.171532 0.171902
vt 0.175791 0.150854
vt 0.175948 0.171941
vt 0.180192 0.150856
vt 0.180341 0.171957
vt 0.184574 0.150842
vt 0.184721 0.171955
vt 0.188951 0.150815
vt 0.189095 0.171937
vt 0.193336 0.150778
vt 0.193469 0.171904
vt 0.197739 0.150729
vt 0.197848 0.171856
vt 0.202177 0.150667
vt 0.202238 0.171792
vt 0.206664 0.150587
vt 0.206649 0.171711
vt 0.211222 0.150480
vt 0.211093 0.171611
vt 0.215880 0.150331
vt 0.215594 0.171495
vt 0.220673 0.150109
vt 0.220189 0.171373
vt 0.225652 0.149759
vt 0.224940 0.171282
vt 0.230880 0.149175
vt 0.229939 0.171319
vt 0.236437 0.148172
vt 0.235305 0.171706
vn 0.000000 0.951056 -0.309019
vn 0.000000 0.809009 -0.587797
vn 0.000000 0.809009 -0.587796
vn 0.000000 0.951056 -0.309019
vn 0.000000 0.587799 -0.809007
vn 0.000000 0.587799 -0.809007
vn 0.000000 0.309056 -0.951044
vn 0.000000 0.309055 -0.951044
vn 0.000000 0.000002 -1.000000
vn 0.000000 0.000001 -1.000000
vn 0.000000 -0.309054 -0.951045
vn 0.000000 -0.309054 -0.951045
vn 0.000001 -0.587797 -0.809008
vn 0.000001 -0.587797 -0.809009
vn 0.000001 -0.809009 -0.587796
vn 0.000001 -0.809010 -0.587796
vn -0.000001 -0.951056 -0.309019
vn -0.000001 -0.951056 -0.309019
vn -0.000001 -1.000000 0.000000
vn -0.000001 -1.000000 0.000000
vn -0.000001 -0.951052 0.309030
vn -0.000001 -0.951053 0.309029
vn -0.000001 -0.809017 0.587785
vn -0.000001 -0.809017 0.587785
vn 0.000000 -0.587800 0.809007
vn 0.000000 -0.587798 0.809008
vn 0.000000 -0.309031 0.951052
vn 0.000000 -0.309031 0.951052
vn 0.000000 0.000002 1.000000
vn 0.000000 0.000001 1.000000
vn 0.000000 0.309034 0.951051
vn 0.000000 0.309033 0.951051
vn 0.000000 0.587799 0.809007
vn 0.000000 0.587799 0.809007
vn 0.000000 0.809017 0.587786
vn 0.000000 0.809017 0.587785
vn 0.000000 0.951054 0.309026
vn 0.000000 0.951054 0.309026
vn 0.000000 1.000000 -0.000000
vn 0.000000 1.000000 -0.000000
vn 1.000000 0.000023 0.000004
vn 1.000000 0.000000 -0.000008
vn 1.000000 -0.000001 -0.000000
vn 1.000000 -0.000023 0.000004
vn 1.000000 -0.000023 -0.000008
vn 1.000000 0.000000 0.000000
vn 1.000000 -0.000000 -0.000005
vn 1.000000 0.000023 -0.000005
vn 1.000000 -0.000006 0.000000
vn 1.000000 -0.000006 0.000000
vn 1.000000 0.000000 0.000000
vn 1.000000 0.000011 0.000000
vn 1.000000 -0.000011 0.000000
vn 1.000000 0.000000 0.000005
vn 1.000000 -0.000000 0.000005
vn 1.000000 0.000000 0.000000
vn 1.000000 0.000000 0.000008
vn 1.000000 -0.000000 -0.000004
vn 1.000000 0.000011 -0.000004
vn 1.000000 -0.000011 0.000008
vn 1.000000 0.000000 0.000000
vn -1.000000 0.000000 0.000000
vn -1.000000 0.000000 0.000007
vn -1.000000 0.000001 -0.000000
vn -1.000000 0.000011 0.000004
vn -1.000000 0.000011 -0.000003
vn -1.000000 0.000000 0.000000
vn -1.000000 0.000000 0.000000
vn -1.000000 -0.000011 0.000000
vn -1.000000 -0.000011 0.000000
vn -1.000000 0.000000 0.000000
vn -1.000000 0.000000 0.000000
vn -1.000000 -0.000006 0.000000
vn -1.000000 -0.000006 0.000000
vn -1.000000 0.000011 0.000000
vn -1.000000 -0.000011 0.000000
vn -1.000000 0.000000 0.000000
vn -1.000000 0.000023 0.000003
vn -1.000000 0.000000 -0.000004
vn -1.000000 0.000000 -0.000007
vn -1.000000 0.000000 0.000000
vn -1.000000 0.000000 0.000000
vn 0.000000 -0.309032 0.951052
vn -0.000000 0.000000 1.000000
vn -0.000000 -0.000000 1.000000
vn 0.000000 -0.309031 0.951052
vn 0.000000 -0.587798 0.809008
vn 0.000000 -0.587798 0.809008
vn 0.000000 -0.809018 0.587783
vn 0.000000 -0.809019 0.587782
vn 0.000000 -0.951055 0.309023
vn 0.000000 -0.951055 0.309022
vn 0.000000 -1.000000 -0.000000
vn 0.000000 -1.000000 -0.000000
vn 0.000000 -0.951057 -0.309015
vn 0.000000 -0.951057 -0.309015
vn 0.000000 -0.809011 -0.587793
vn 0.000000 -0.809012 -0.587792
vn 0.000000 -0.587799 -0.809007
vn 0.000000 -0.587799 -0.809007
vn -0.000000 -0.309055 -0.951044
vn -0.000000 -0.309054 -0.951045
vn -0.000000 0.000000 -1.000000
vn -0.000000 -0.000000 -1.000000
vn 0.000000 0.309052 -0.951045
vn 0.000000 0.309053 -0.951045
vn 0.000000 0.587799 -0.809007
vn 0.000000 0.587799 -0.809007
vn 0.000000 0.809011 -0.587794
vn 0.000000 0.809010 -0.587795
vn 0.000000 0.951056 -0.309018
vn 0.000000 0.951056 -0.309018
vn 0.000000 1.000000 0.000000
vn 0.000000 1.000000 0.000000
vn 0.000000 0.951054 0.309025
vn 0.000000 0.951054 0.309025
vn 0.000000 0.809019 0.587782
vn 0.000000 0.809019 0.587783
vn 0.000000 0.587799 0.809007
vn 0.000000 0.587799 0.809007
vn -0.000000 0.309029 0.951053
vn -0.000000 0.309030 0.951052
vn 1.000000 -0.000023 0.000005
vn 1.000000 -0.000023 0.000005
vn 1.000000 -0.000023 0.000005
vn 1.000000 -0.000023 0.000005
vn -1.000000 0.000000 0.000000
vn -1.000000 0.000000 0.000000
vn -1.000000 0.000000 0.000000
vn -1.000000 0.000000 0.000000
vn 1.000000 -0.000009 0.000017
vn 1.000000 -0.000009 0.000017
vn 1.000000 -0.000009 0.000017
vn 1.000000 -0.000009 0.000017
vn -1.000000 0.000000 -0.000008
vn -1.000000 0.000000 -0.000008
vn -1.000000 0.000000 -0.000008
vn -1.000000 0.000000 -0.000008
vn 1.000000 -0.000018 0.000003
vn 1.000000 -0.000018 0.000003
vn 1.000000 -0.000018 0.000003
vn 1.000000 -0.000018 0.000003
vn -1.000000 0.000000 -0.000002
vn -1.000000 0.000000 -0.000002
vn -1.000000 0.000000 -0.000002
vn -1.000000 0.000000 -0.000002
vn 1.000000 0.000000 0.000010
vn 1.000000 0.000000 0.000010
vn 1.000000 0.000000 0.000010
vn 1.000000 0.000000 0.000010
vn -1.000000 -0.000018 0.000000
vn -1.000000 -0.000018 0.000000
vn -1.000000 -0.000018 0.000000
vn -1.000000 -0.000018 0.000000
vn 1.000000 -0.000018 0.000002
vn 1.000000 -0.000018 0.000002
vn 1.000000 -0.000018 0.000002
vn 1.000000 -0.000018 0.000002
vn -1.000000 0.000018 0.000000
vn -1.000000 0.000018 0.000000
vn -1.000000 0.000018 0.000000
vn -1.000000 0.000018 0.000000
vn 1.000000 0.000000 -0.000006
vn 1.000000 0.000000 -0.000006
vn 1.000000 0.000000 -0.000006
vn 1.000000 0.000000 -0.000006
vn -1.000000 0.000000 0.000008
vn -1.000000 0.000000 0.000008
vn -1.000000 0.000000 0.000008
vn -1.000000 0.000000 0.000008
vn 1.000000 0.000037 -0.000001
vn 1.000000 0.000037 -0.000001
vn 1.000000 0.000037 -0.000001
vn 1.000000 0.000037 -0.000001
vn -1.000000 0.000009 -0.000001
vn -1.000000 0.000009 -0.000001
vn -1.000000 0.000009 -0.000001
vn -1.000000 0.000009 -0.000001
vn 1.000000 -0.000009 0.000008
vn 1.000000 -0.000009 0.000008
vn 1.000000 -0.000009 0.000008
vn 1.000000 -0.000009 0.000008
vn -1.000000 0.000000 -0.000012
vn -1.000000 0.000000 -0.000012
vn -1.000000 0.000000 -0.000012
vn -1.000000 0.000000 -0.000012
vn 1.000000 0.000005 0.000000
vn 1.000000 0.000005 0.000000
vn 1.000000 0.000005 0.000000
vn 1.000000 0.000005 0.000000
vn -1.000000 0.000000 0.000013
vn -1.000000 0.000000 0.000013
vn -1.000000 0.000000 0.000013
vn -1.000000 0.000000 0.000013
vn 1.000000 0.000000 0.000000
vn 1.000000 0.000000 0.000000
vn 1.000000 0.000000 0.000000
vn 1.000000 0.000000 0.000000
vn -1.000000 -0.000005 -0.000013
vn -1.000000 -0.000005 -0.000013
vn -1.000000 -0.000005 -0.000013
vn -1.000000 -0.000005 -0.000013
vn 1.000000 0.000009 -0.000008
vn 1.000000 0.000009 -0.000008
vn 1.000000 0.000009 -0.000008
vn 1.000000 0.000009 -0.000008
vn -1.000000 0.000000 0.000024
vn -1.000000 0.000000 0.000024
vn -1.000000 0.000000 0.000024
vn -1.000000 0.000000 0.000024
vn 1.000000 0.000018 0.000001
vn 1.000000 0.000018 0.000001
vn 1.000000 0.000018 0.000001
vn 1.000000 0.000018 0.000001
vn -1.000000 0.000000 -0.000008
vn -1.000000 0.000000 -0.000008
vn -1.000000 0.000000 -0.000008
vn -1.000000 0.000000 -0.000008
vn 1.000000 0.000018 0.000006
vn 1.000000 0.000018 0.000006
vn 1.000000 0.000018 0.000006
vn 1.000000 0.000018 0.000006
vn -1.000000 0.000000 -0.000008
vn -1.000000 0.000000 -0.000008
vn -1.000000 0.000000 -0.000008
vn -1.000000 0.000000 -0.000008
vn 1.000000 -0.000037 -0.000002
vn 1.000000 -0.000037 -0.000002
vn 1.000000 -0.000037 -0.000002
vn 1.000000 -0.000037 -0.000002
vn -1.000000 0.000000 0.000000
vn -1.000000 0.000000 0.000000
vn -1.000000 0.000000 0.000000
vn -1.000000 0.000000 0.000000
vn 1.000000 0.000018 -0.000010
vn 1.000000 0.000018 -0.000010
vn 1.000000 0.000018 -0.000010
vn 1.000000 0.000018 -0.000010
vn -1.000000 0.000000 0.000000
vn -1.000000 0.000000 0.000000
vn -1.000000 0.000000 0.000000
vn -1.000000 0.000000 0.000000
vn 1.000000 -0.000037 -0.000003
vn 1.000000 -0.000037 -0.000003
vn 1.000000 -0.000037 -0.000003
vn 1.000000 -0.000037 -0.000003
vn -1.000000 0.000000 0.000002
vn -1.000000 0.000000 0.000002
vn -1.000000 0.000000 0.000002
vn -1.000000 0.000000 0.000002
vn 1.000000 0.000018 -0.000017
vn 1.000000 0.000018 -0.000017
vn 1.000000 0.000018 -0.000017
vn 1.000000 0.000018 -0.000017
vn -1.000000 0.000000 0.000008
vn -1.000000 0.000000 0.000008
vn -1.000000 0.000000 0.000008
vn -1.000000 0.000000 0.000008
vn 1.000000 -0.000028 -0.000005
vn 1.000000 -0.000028 -0.000005
vn 1.000000 -0.000028 -0.000005
vn 1.000000 -0.000028 -0.000005
vn -1.000000 0.000018 0.000000
vn -1.000000 0.000018 0.000000
vn -1.000000 0.000018 0.000000
vn -1.000000 0.000018 0.000000
vn 1.000000 0.000000 0.000000
vn 1.000000 0.000000 0.000000
vn 1.000000 0.000000 0.000000
vn 1.000000 0.000000 0.000000
vn -1.000000 0.000000 0.000000
vn -1.000000 0.000000 0.000000
vn -1.000000 0.000000 0.000000
vn -1.000000 0.000000 0.000000
vn 1.000000 0.000000 0.000000
vn 1.000000 0.000000 0.000000
vn 1.000000 0.000000 0.000000
vn 1.000000 0.000000 0.000000
vn -1.000000 -0.000005 0.000000
vn -1.000000 -0.000005 0.000000
vn -1.000000 -0.000005 0.000000
vn -1.000000 -0.000005 0.000000
s 1
g Island Rail Rail_Support_4
usemtl openPBRSurface2SG
f 3888/4472/7748 3889/4473/7749 3890/4474/7750 3891/4475/7751
f 3889/4473/7749 3892/4476/7752 3893/4477/7753 3890/4474/7750
f 3892/4476/7752 3894/4478/7754 3895/4479/7755 3893/4477/7753
f 3894/4478/7754 3896/4480/7756 3897/4481/7757 3895/4479/7755
f 3896/4480/7756 3898/4482/7758 3899/4483/7759 3897/4481/7757
f 3898/4482/7758 3900/4484/7760 3901/4485/7761 3899/4483/7759
f 3900/4484/7760 3902/4486/7762 3903/4487/7763 3901/4485/7761
f 3902/4486/7762 3904/4488/7764 3905/4489/7765 3903/4487/7763
f 3904/4488/7764 3906/4490/7766 3907/4491/7767 3905/4489/7765
f 3906/4490/7766 3908/4492/7768 3909/4493/7769 3907/4491/7767
f 3908/4492/7768 3910/4494/7770 3911/4495/7771 3909/4493/7769
f 3910/4494/7770 3912/4496/7772 3913/4497/7773 3911/4495/7771
f 3912/4496/7772 3914/4498/7774 3915/4499/7775 3913/4497/7773
f 3914/4498/7774 3916/4500/7776 3917/4501/7777 3915/4499/7775
f 3916/4500/7776 3918/4502/7778 3919/4503/7779 3917/4501/7777
f 3918/4502/7778 3920/4504/7780 3921/4505/7781 3919/4503/7779
f 3920/4504/7780 3922/4506/7782 3923/4507/7783 3921/4505/7781
f 3922/4506/7782 3924/4508/7784 3925/4509/7785 3923/4507/7783
f 3924/4508/7784 3926/4510/7786 3927/4511/7787 3925/4509/7785
f 3926/4510/7786 3888/4512/7748 3891/4513/7751 3927/4511/7787
s 2
f 3827/4372/7788 3826/4371/7789 3866/4449/7790
f 3828/4373/7791 3827/4372/7788 3866/4449/7790
f 3829/4374/7792 3828/4373/7791 3866/4449/7790
f 3830/4375/7793 3829/4374/7792 3866/4449/7790
f 3831/4376/7794 3830/4375/7793 3866/4449/7790
f 3832/4377/7795 3831/4376/7794 3866/4449/7790
f 3833/4378/7796 3832/4377/7795 3866/4449/7790
f 3834/4379/7797 3833/4378/7796 3866/4449/7790
f 3835/4380/7798 3834/4379/7797 3866/4449/7790
f 3836/4381/7799 3835/4380/7798 3866/4449/7790
f 3837/4382/7800 3836/4381/7799 3866/4449/7790
f 3838/4383/7801 3837/4382/7800 3866/4449/7790
f 3839/4384/7802 3838/4383/7801 3866/4449/7790
f 3840/4385/7803 3839/4384/7802 3866/4449/7790
f 3841/4386/7804 3840/4385/7803 3866/4449/7790
f 3842/4387/7805 3841/4386/7804 3866/4449/7790
f 3843/4388/7806 3842/4387/7805 3866/4449/7790
f 3844/4389/7807 3843/4388/7806 3866/4449/7790
f 3845/4390/7808 3844/4389/7807 3866/4449/7790
f 3826/4371/7789 3845/4390/7808 3866/4449/7790
s 3
f 3846/4447/7809 3847/4446/7810 3867/4450/7811
f 3847/4446/7810 3848/4445/7812 3867/4450/7811
f 3848/4445/7812 3849/4444/7813 3867/4450/7811
f 3849/4444/7813 3850/4443/7814 3867/4450/7811
f 3850/4443/7814 3851/4442/7815 3867/4450/7811
f 3851/4442/7815 3852/4441/7816 3867/4450/7811
f 3852/4441/7816 3853/4440/7817 3867/4450/7811
f 3853/4440/7817 3854/4439/7818 3867/4450/7811
f 3854/4439/7818 3855/4419/7819 3867/4450/7811
f 3855/4419/7819 3856/4420/7820 3867/4450/7811
f 3856/4420/7820 3857/4438/7821 3867/4450/7811
f 3857/4438/7821 3858/4437/7822 3867/4450/7811
f 3858/4437/7822 3859/4436/7823 3867/4450/7811
f 3859/4436/7823 3860/4435/7824 3867/4450/7811
f 3860/4435/7824 3861/4434/7825 3867/4450/7811
f 3861/4434/7825 3862/4433/7826 3867/4450/7811
f 3862/4433/7826 3863/4432/7827 3867/4450/7811
f 3863/4432/7827 3864/4431/7828 3867/4450/7811
f 3864/4431/7828 3865/4448/7829 3867/4450/7811
f 3865/4448/7829 3846/4447/7809 3867/4450/7811
s 4
f 3869/4452/7830 3868/4451/7831 3860/4424/7832 3859/4423/7833
f 3870/4453/7834 3869/4452/7830 3859/4423/7833 3858/4422/7835
f 3871/4454/7836 3870/4453/7834 3858/4422/7835 3857/4421/7837
f 3872/4455/7838 3871/4454/7836 3857/4421/7837 3856/4420/7839
f 3873/4456/7840 3872/4455/7838 3856/4420/7839 3855/4419/7841
f 3874/4457/7842 3873/4456/7840 3855/4419/7841 3854/4418/7843
f 3875/4458/7844 3874/4457/7842 3854/4418/7843 3853/4417/7845
f 3876/4459/7846 3875/4458/7844 3853/4417/7845 3852/4416/7847
f 3877/4460/7848 3876/4459/7846 3852/4416/7847 3851/4415/7849
f 3878/4461/7850 3877/4460/7848 3851/4415/7849 3850/4414/7851
f 3879/4462/7852 3878/4461/7850 3850/4414/7851 3849/4413/7853
f 3880/4463/7854 3879/4462/7852 3849/4413/7853 3848/4412/7855
f 3881/4464/7856 3880/4463/7854 3848/4412/7855 3847/4411/7857
f 3882/4466/7858 3881/4464/7856 3847/4411/7857 3846/4410/7859
f 3883/4467/7860 3882/4465/7858 3846/4430/7859 3865/4429/7861
f 3884/4468/7862 3883/4467/7860 3865/4429/7861 3864/4428/7863
f 3885/4469/7864 3884/4468/7862 3864/4428/7863 3863/4427/7865
f 3886/4470/7866 3885/4469/7864 3863/4427/7865 3862/4426/7867
f 3887/4471/7868 3886/4470/7866 3862/4426/7867 3861/4425/7869
f 3868/4451/7831 3887/4471/7868 3861/4425/7869 3860/4424/7832
s off
f 3826/4391/7870 3827/4392/7871 3889/4473/7872 3888/4472/7873
f 3881/4464/7874 3882/4466/7875 3891/4475/7876 3890/4474/7877
f 3827/4392/7878 3828/4393/7879 3892/4476/7880 3889/4473/7881
f 3880/4463/7882 3881/4464/7883 3890/4474/7884 3893/4477/7885
f 3828/4393/7886 3829/4394/7887 3894/4478/7888 3892/4476/7889
f 3879/4462/7890 3880/4463/7891 3893/4477/7892 3895/4479/7893
f 3829/4394/7894 3830/4395/7895 3896/4480/7896 3894/4478/7897
f 3878/4461/7898 3879/4462/7899 3895/4479/7900 3897/4481/7901
f 3830/4395/7902 3831/4396/7903 3898/4482/7904 3896/4480/7905
f 3877/4460/7906 3878/4461/7907 3897/4481/7908 3899/4483/7909
f 3831/4396/7910 3832/4397/7911 3900/4484/7912 3898/4482/7913
f 3876/4459/7914 3877/4460/7915 3899/4483/7916 3901/4485/7917
f 3832/4397/7918 3833/4398/7919 3902/4486/7920 3900/4484/7921
f 3875/4458/7922 3876/4459/7923 3901/4485/7924 3903/4487/7925
f 3833/4398/7926 3834/4399/7927 3904/4488/7928 3902/4486/7929
f 3874/4457/7930 3875/4458/7931 3903/4487/7932 3905/4489/7933
f 3834/4399/7934 3835/4380/7935 3906/4490/7936 3904/4488/7937
f 3873/4456/7938 3874/4457/7939 3905/4489/7940 3907/4491/7941
f 3835/4380/7942 3836/4381/7943 3908/4492/7944 3906/4490/7945
f 3872/4455/7946 3873/4456/7947 3907/4491/7948 3909/4493/7949
f 3836/4381/7950 3837/4400/7951 3910/4494/7952 3908/4492/7953
f 3871/4454/7954 3872/4455/7955 3909/4493/7956 3911/4495/7957
f 3837/4400/7958 3838/4401/7959 3912/4496/7960 3910/4494/7961
f 3870/4453/7962 3871/4454/7963 3911/4495/7964 3913/4497/7965
f 3838/4401/7966 3839/4402/7967 3914/4498/7968 3912/4496/7969
f 3869/4452/7970 3870/4453/7971 3913/4497/7972 3915/4499/7973
f 3839/4402/7974 3840/4403/7975 3916/4500/7976 3914/4498/7977
f 3868/4451/7978 3869/4452/7979 3915/4499/7980 3917/4501/7981
f 3840/4403/7982 3841/4404/7983 3918/4502/7984 3916/4500/7985
f 3887/4471/7986 3868/4451/7987 3917/4501/7988 3919/4503/7989
f 3841/4404/7990 3842/4405/7991 3920/4504/7992 3918/4502/7993
f 3886/4470/7994 3887/4471/7995 3919/4503/7996 3921/4505/7997
f 3842/4405/7998 3843/4406/7999 3922/4506/8000 3920/4504/8001
f 3885/4469/8002 3886/4470/8003 3921/4505/8004 3923/4507/8005
f 3843/4406/8006 3844/4407/8007 3924/4508/8008 3922/4506/8009
f 3884/4468/8010 3885/4469/8011 3923/4507/8012 3925/4509/8013
f 3844/4407/8014 3845/4408/8015 3926/4510/8016 3924/4508/8017
f 3883/4467/8018 3884/4468/8019 3925/4509/8020 3927/4511/8021
f 3845/4408/8022 3826/4409/8023 3888/4512/8024 3926/4510/8025
f 3882/4465/8026 3883/4467/8027 3927/4511/8028 3891/4513/8029
g default
v 110.800240 -43.177086 -68.445984
v 110.800232 -43.386696 -68.857361
v 110.800247 -43.713173 -69.183823
v 110.800232 -44.124557 -69.393463
v 110.800240 -44.580585 -69.465698
v 110.800232 -45.036613 -69.393463
v 110.800240 -45.447998 -69.183823
v 110.800240 -45.774475 -68.857361
v 110.800240 -45.984085 -68.445984
v 110.800240 -46.056313 -67.989960
v 110.800240 -45.984085 -67.533951
v 110.800240 -45.774475 -67.122574
v 110.800240 -45.447998 -66.796082
v 110.800232 -45.036613 -66.586456
v 110.800240 -44.580585 -66.514221
v 110.800232 -44.124557 -66.586456
v 110.800247 -43.713173 -66.796082
v 110.800232 -43.386696 -67.122574
v 110.800240 -43.177086 -67.533951
v 110.800240 -43.104858 -67.989960
v 97.878723 -43.177086 -68.445984
v 97.878723 -43.386696 -68.857361
v 97.878716 -43.713173 -69.183823
v 97.878723 -44.124557 -69.393463
v 97.878723 -44.580589 -69.465698
v 97.878723 -45.036613 -69.393463
v 97.878723 -45.447998 -69.183823
v 97.878723 -45.774475 -68.857361
v 97.878723 -45.984085 -68.445984
v 97.878723 -46.056313 -67.989960
v 97.878723 -45.984085 -67.533951
v 97.878723 -45.774475 -67.122574
v 97.878723 -45.447998 -66.796082
v 97.878723 -45.036613 -66.586456
v 97.878723 -44.580589 -66.514221
v 97.878723 -44.124557 -66.586456
v 97.878716 -43.713173 -66.796082
v 97.878723 -43.386696 -67.122574
v 97.878723 -43.177086 -67.533951
v 97.878723 -43.104858 -67.989960
v 110.800240 -44.580585 -67.989960
v 97.878723 -44.580589 -67.989960
v 108.243637 -44.580585 -66.514221
v 108.243637 -45.036613 -66.586456
v 108.243645 -45.447998 -66.796082
v 108.243645 -45.774475 -67.122574
v 108.243629 -45.984085 -67.533951
v 108.243637 -46.056313 -67.989960
v 108.243629 -45.984085 -68.445984
v 108.243637 -45.774475 -68.857361
v 108.243645 -45.447998 -69.183823
v 108.243637 -45.036613 -69.393463
v 108.243637 -44.580585 -69.465698
v 108.243637 -44.124557 -69.393463
v 108.243637 -43.713173 -69.183823
v 108.243637 -43.386696 -68.857361
v 108.243637 -43.177086 -68.445984
v 108.243637 -43.104858 -67.989960
v 108.243637 -43.177086 -67.533951
v 108.243637 -43.386696 -67.122574
v 108.243637 -43.713173 -66.796082
v 108.243637 -44.124557 -66.586456
v 110.800240 -42.481609 -68.671967
v 110.800247 -42.795090 -69.287186
v 108.243637 -42.795090 -69.287186
v 108.243637 -42.481609 -68.671967
v 110.800247 -43.283348 -69.775421
v 108.243645 -43.283348 -69.775421
v 110.800247 -43.898586 -70.088959
v 108.243637 -43.898586 -70.088959
v 110.800240 -44.580585 -70.196976
v 108.243637 -44.580585 -70.196976
v 110.800232 -45.262581 -70.088959
v 108.243637 -45.262581 -70.088959
v 110.800240 -45.877823 -69.775421
v 108.243637 -45.877823 -69.775421
v 110.800247 -46.366074 -69.287186
v 108.243637 -46.366081 -69.287186
v 110.800240 -46.679565 -68.671967
v 108.243629 -46.679558 -68.671967
v 110.800240 -46.787575 -67.989960
v 108.243637 -46.787575 -67.989960
v 110.800240 -46.679565 -67.307983
v 108.243629 -46.679558 -67.307983
v 110.800247 -46.366074 -66.692764
v 108.243645 -46.366074 -66.692764
v 110.800240 -45.877823 -66.204483
v 108.243637 -45.877823 -66.204483
v 110.800232 -45.262581 -65.890991
v 108.243637 -45.262581 -65.890991
v 110.800240 -44.580585 -65.782959
v 108.243637 -44.580585 -65.782959
v 110.800247 -43.898586 -65.890991
v 108.243637 -43.898586 -65.890991
v 110.800247 -43.283348 -66.204483
v 108.243645 -43.283348 -66.204483
v 110.800247 -42.795090 -66.692764
v 108.243637 -42.795090 -66.692764
v 110.800240 -42.481609 -67.307983
v 108.243637 -42.481609 -67.307983
v 110.800240 -42.373592 -67.989960
v 108.243637 -42.373592 -67.989960
vt 0.299370 0.117270
vt 0.295020 0.117344
vt 0.290905 0.118759
vt 0.287429 0.121377
vt 0.284932 0.124940
vt 0.283658 0.129100
vt 0.283732 0.133451
vt 0.285147 0.137566
vt 0.287765 0.141042
vt 0.291328 0.143539
vt 0.295489 0.144804
vt 0.299839 0.144748
vt 0.303954 0.143324
vt 0.307430 0.140706
vt 0.309927 0.137143
vt 0.311201 0.132982
vt 0.311127 0.128632
vt 0.309712 0.124517
vt 0.307094 0.121041
vt 0.303531 0.118544
vt 0.252549 0.142057
vt 0.256261 0.143390
vt 0.260477 0.144070
vt 0.264854 0.144438
vt 0.269273 0.144643
vt 0.273686 0.144756
vt 0.278078 0.144813
vt 0.282448 0.144837
vt 0.286801 0.144837
vt 0.291146 0.144822
vt 0.304208 0.144708
vt 0.308604 0.144646
vt 0.313035 0.144568
vt 0.317510 0.144465
vt 0.322028 0.144322
vt 0.326576 0.144112
vt 0.331106 0.143776
vt 0.335502 0.143182
vt 0.339485 0.142014
vt 0.256712 0.264871
vt 0.260580 0.264821
vt 0.264455 0.264776
vt 0.268339 0.264735
vt 0.272234 0.264699
vt 0.276137 0.264668
vt 0.280049 0.264639
vt 0.283966 0.264613
vt 0.287888 0.264589
vt 0.291813 0.264557
vt 0.295740 0.264557
vt 0.299666 0.264529
vt 0.303590 0.264512
vt 0.307511 0.264498
vt 0.311426 0.264486
vt 0.315335 0.264478
vt 0.319236 0.264474
vt 0.323128 0.264473
vt 0.327012 0.264476
vt 0.330889 0.264483
vt 0.334765 0.264490
vt 0.299359 0.288162
vt 0.302547 0.285870
vt 0.304870 0.282705
vt 0.306102 0.278976
vt 0.306121 0.275050
vt 0.304926 0.271309
vt 0.302634 0.268122
vt 0.299468 0.265798
vt 0.288073 0.265742
vt 0.284885 0.268035
vt 0.282562 0.271200
vt 0.281330 0.274928
vt 0.281311 0.278855
vt 0.282506 0.282595
vt 0.284798 0.285783
vt 0.287964 0.288106
vt 0.291692 0.289338
vt 0.295618 0.289357
vt 0.297430 0.131041
vt 0.293716 0.276952
vt 0.312639 0.177650
vt 0.308330 0.177710
vt 0.304010 0.177761
vt 0.299683 0.177800
vt 0.295351 0.177827
vt 0.291018 0.177839
vt 0.286685 0.177838
vt 0.282356 0.177822
vt 0.278036 0.177794
vt 0.273729 0.177754
vt 0.269447 0.177709
vt 0.265201 0.177671
vt 0.261015 0.177663
vt 0.256921 0.177736
vt 0.337596 0.177735
vt 0.252969 0.177981
vt 0.333660 0.177491
vt 0.329584 0.177433
vt 0.325419 0.177457
vt 0.321194 0.177515
vt 0.316930 0.177582
vt 0.248922 0.147681
vt 0.254171 0.149082
vt 0.254423 0.171238
vt 0.248818 0.171274
vt 0.259207 0.149904
vt 0.259541 0.171406
vt 0.264047 0.150367
vt 0.264356 0.171588
vt 0.268731 0.150623
vt 0.268988 0.171733
vt 0.273301 0.150759
vt 0.273509 0.171835
vt 0.277790 0.150826
vt 0.277965 0.171902
vt 0.282224 0.150854
vt 0.282381 0.171941
vt 0.286625 0.150856
vt 0.286774 0.171957
vt 0.291008 0.150842
vt 0.291155 0.171955
vt 0.295385 0.150815
vt 0.295529 0.171937
vt 0.299769 0.150778
vt 0.299902 0.171904
vt 0.304173 0.150729
vt 0.304282 0.171856
vt 0.308610 0.150667
vt 0.308672 0.171792
vt 0.313097 0.150587
vt 0.313082 0.171711
vt 0.317656 0.150480
vt 0.317526 0.171611
vt 0.322313 0.150331
vt 0.322027 0.171495
vt 0.327106 0.150109
vt 0.326622 0.171373
vt 0.332085 0.149759
vt 0.331373 0.171282
vt 0.337314 0.149175
vt 0.336373 0.171319
vt 0.342870 0.148172
vt 0.341738 0.171706
vn 0.000000 0.951055 -0.309020
vn 0.000000 0.809006 -0.587800
vn 0.000000 0.809007 -0.587799
vn 0.000000 0.951056 -0.309020
vn 0.000000 0.587804 -0.809003
vn 0.000000 0.587804 -0.809003
vn 0.000000 0.309056 -0.951044
vn 0.000000 0.309055 -0.951044
vn 0.000000 0.000002 -1.000000
vn 0.000000 0.000001 -1.000000
vn 0.000000 -0.309055 -0.951044
vn 0.000000 -0.309055 -0.951044
vn 0.000000 -0.587803 -0.809004
vn 0.000000 -0.587802 -0.809005
vn 0.000000 -0.809006 -0.587800
vn 0.000000 -0.809007 -0.587799
vn -0.000001 -0.951055 -0.309020
vn -0.000001 -0.951056 -0.309020
vn -0.000001 -1.000000 0.000000
vn -0.000001 -1.000000 0.000000
vn -0.000001 -0.951052 0.309031
vn -0.000001 -0.951052 0.309030
vn -0.000001 -0.809018 0.587784
vn -0.000001 -0.809018 0.587783
vn 0.000000 -0.587805 0.809003
vn 0.000000 -0.587804 0.809003
vn 0.000000 -0.309034 0.951051
vn 0.000000 -0.309034 0.951051
vn 0.000000 0.000002 1.000000
vn 0.000000 0.000001 1.000000
vn 0.000000 0.309036 0.951051
vn 0.000000 0.309034 0.951051
vn 0.000000 0.587804 0.809003
vn 0.000000 0.587804 0.809003
vn 0.000000 0.809018 0.587784
vn 0.000000 0.809018 0.587783
vn 0.000000 0.951053 0.309027
vn 0.000000 0.951054 0.309026
vn 0.000000 1.000000 -0.000000
vn 0.000000 1.000000 -0.000000
vn 1.000000 0.000023 0.000004
vn 1.000000 0.000000 -0.000008
vn 1.000000 0.000001 -0.000000
vn 1.000000 0.000000 0.000004
vn 1.000000 0.000000 -0.000008
vn 1.000000 0.000000 0.000000
vn 1.000000 -0.000000 -0.000005
vn 1.000000 0.000011 -0.000005
vn 1.000000 -0.000011 0.000000
vn 1.000000 0.000000 0.000000
vn 1.000000 0.000000 0.000000
vn 1.000000 0.000011 0.000000
vn 1.000000 0.000011 0.000000
vn 1.000000 0.000023 0.000005
vn 1.000000 -0.000000 0.000005
vn 1.000000 0.000000 0.000000
vn 1.000000 -0.000023 0.000008
vn 1.000000 -0.000023 -0.000004
vn 1.000000 0.000011 -0.000004
vn 1.000000 -0.000011 0.000008
vn 1.000000 0.000000 0.000000
vn -1.000000 0.000000 0.000000
vn -1.000000 0.000000 0.000007
vn -1.000000 -0.000001 -0.000000
vn -1.000000 0.000000 0.000004
vn -1.000000 0.000000 -0.000003
vn -1.000000 0.000000 0.000000
vn -1.000000 0.000000 0.000000
vn -1.000000 0.000000 0.000000
vn -1.000000 0.000000 0.000000
vn -1.000000 0.000000 0.000000
vn -1.000000 0.000000 0.000000
vn -1.000000 -0.000006 0.000000
vn -1.000000 -0.000006 0.000000
vn -1.000000 0.000000 0.000000
vn -1.000000 0.000000 0.000000
vn -1.000000 0.000000 0.000000
vn -1.000000 0.000000 0.000003
vn -1.000000 0.000000 -0.000004
vn -1.000000 0.000000 -0.000007
vn -1.000000 0.000000 0.000000
vn -1.000000 0.000000 0.000000
vn 0.000000 -0.309039 0.951049
vn -0.000000 0.000000 1.000000
vn -0.000000 -0.000000 1.000000
vn 0.000000 -0.309039 0.951049
vn 0.000000 -0.587807 0.809001
vn 0.000000 -0.587806 0.809002
vn 0.000000 -0.809020 0.587781
vn 0.000000 -0.809021 0.587780
vn 0.000000 -0.951055 0.309023
vn 0.000000 -0.951055 0.309022
vn 0.000000 -1.000000 -0.000000
vn 0.000000 -1.000000 -0.000000
vn 0.000000 -0.951057 -0.309017
vn 0.000000 -0.951056 -0.309017
vn 0.000000 -0.809010 -0.587795
vn 0.000000 -0.809011 -0.587794
vn 0.000000 -0.587796 -0.809009
vn 0.000000 -0.587796 -0.809009
vn 0.000000 -0.309055 -0.951044
vn 0.000000 -0.309054 -0.951045
vn 0.000000 0.000000 -1.000000
vn 0.000000 -0.000000 -1.000000
vn 0.000000 0.309052 -0.951045
vn 0.000000 0.309053 -0.951045
vn 0.000000 0.587796 -0.809009
vn 0.000000 0.587796 -0.809009
vn 0.000000 0.809009 -0.587796
vn 0.000000 0.809009 -0.587797
vn 0.000000 0.951056 -0.309020
vn 0.000000 0.951056 -0.309020
vn 0.000000 1.000000 -0.000000
vn 0.000000 1.000000 -0.000000
vn 0.000000 0.951054 0.309025
vn 0.000000 0.951054 0.309025
vn 0.000000 0.809021 0.587780
vn 0.000000 0.809020 0.587781
vn 0.000000 0.587807 0.809001
vn 0.000000 0.587807 0.809001
vn -0.000000 0.309037 0.951050
vn -0.000000 0.309038 0.951050
vn 1.000000 -0.000018 0.000005
vn 1.000000 -0.000018 0.000005
vn 1.000000 -0.000018 0.000005
vn 1.000000 -0.000018 0.000005
vn -1.000000 -0.000009 0.000000
vn -1.000000 -0.000009 0.000000
vn -1.000000 -0.000009 0.000000
vn -1.000000 -0.000009 0.000000
vn 1.000000 0.000018 0.000017
vn 1.000000 0.000018 0.000017
vn 1.000000 0.000018 0.000017
vn 1.000000 0.000018 0.000017
vn -1.000000 0.000000 -0.000008
vn -1.000000 0.000000 -0.000008
vn -1.000000 0.000000 -0.000008
vn -1.000000 0.000000 -0.000008
vn 1.000000 -0.000018 0.000003
vn 1.000000 -0.000018 0.000003
vn 1.000000 -0.000018 0.000003
vn 1.000000 -0.000018 0.000003
vn -1.000000 0.000000 -0.000002
vn -1.000000 0.000000 -0.000002
vn -1.000000 0.000000 -0.000002
vn -1.000000 0.000000 -0.000002
vn 1.000000 0.000000 0.000010
vn 1.000000 0.000000 0.000010
vn 1.000000 0.000000 0.000010
vn 1.000000 0.000000 0.000010
vn -1.000000 -0.000018 0.000000
vn -1.000000 -0.000018 0.000000
vn -1.000000 -0.000018 0.000000
vn -1.000000 -0.000018 0.000000
vn 1.000000 -0.000018 0.000002
vn 1.000000 -0.000018 0.000002
vn 1.000000 -0.000018 0.000002
vn 1.000000 -0.000018 0.000002
vn -1.000000 0.000018 0.000000
vn -1.000000 0.000018 0.000000
vn -1.000000 0.000018 0.000000
vn -1.000000 0.000018 0.000000
vn 1.000000 0.000018 -0.000006
vn 1.000000 0.000018 -0.000006
vn 1.000000 0.000018 -0.000006
vn 1.000000 0.000018 -0.000006
vn -1.000000 0.000000 0.000008
vn -1.000000 0.000000 0.000008
vn -1.000000 0.000000 0.000008
vn -1.000000 0.000000 0.000008
vn 1.000000 0.000018 -0.000001
vn 1.000000 0.000018 -0.000001
vn 1.000000 0.000018 -0.000001
vn 1.000000 0.000018 -0.000001
vn -1.000000 -0.000009 -0.000001
vn -1.000000 -0.000009 -0.000001
vn -1.000000 -0.000009 -0.000001
vn -1.000000 -0.000009 -0.000001
vn 1.000000 -0.000009 0.000008
vn 1.000000 -0.000009 0.000008
vn 1.000000 -0.000009 0.000008
vn 1.000000 -0.000009 0.000008
vn -1.000000 0.000014 -0.000012
vn -1.000000 0.000014 -0.000012
vn -1.000000 0.000014 -0.000012
vn -1.000000 0.000014 -0.000012
vn 1.000000 0.000000 0.000000
vn 1.000000 0.000000 0.000000
vn 1.000000 0.000000 0.000000
vn 1.000000 0.000000 0.000000
vn -1.000000 0.000000 0.000013
vn -1.000000 0.000000 0.000013
vn -1.000000 0.000000 0.000013
vn -1.000000 0.000000 0.000013
vn 1.000000 0.000000 0.000000
vn 1.000000 0.000000 0.000000
vn 1.000000 0.000000 0.000000
vn 1.000000 0.000000 0.000000
vn -1.000000 -0.000005 -0.000013
vn -1.000000 -0.000005 -0.000013
vn -1.000000 -0.000005 -0.000013
vn -1.000000 -0.000005 -0.000013
vn 1.000000 -0.000009 -0.000008
vn 1.000000 -0.000009 -0.000008
vn 1.000000 -0.000009 -0.000008
vn 1.000000 -0.000009 -0.000008
vn -1.000000 0.000018 0.000024
vn -1.000000 0.000018 0.000024
vn -1.000000 0.000018 0.000024
vn -1.000000 0.000018 0.000024
vn 1.000000 0.000009 0.000001
vn 1.000000 0.000009 0.000001
vn 1.000000 0.000009 0.000001
vn 1.000000 0.000009 0.000001
vn -1.000000 0.000000 -0.000008
vn -1.000000 0.000000 -0.000008
vn -1.000000 0.000000 -0.000008
vn -1.000000 0.000000 -0.000008
vn 1.000000 0.000000 0.000006
vn 1.000000 0.000000 0.000006
vn 1.000000 0.000000 0.000006
vn 1.000000 0.000000 0.000006
vn -1.000000 0.000000 -0.000008
vn -1.000000 0.000000 -0.000008
vn -1.000000 0.000000 -0.000008
vn -1.000000 0.000000 -0.000008
vn 1.000000 -0.000018 -0.000002
vn 1.000000 -0.000018 -0.000002
vn 1.000000 -0.000018 -0.000002
vn 1.000000 -0.000018 -0.000002
vn -1.000000 0.000000 0.000000
vn -1.000000 0.000000 0.000000
vn -1.000000 0.000000 0.000000
vn -1.000000 0.000000 0.000000
vn 1.000000 -0.000018 -0.000010
vn 1.000000 -0.000018 -0.000010
vn 1.000000 -0.000018 -0.000010
vn 1.000000 -0.000018 -0.000010
vn -1.000000 0.000000 0.000000
vn -1.000000 0.000000 0.000000
vn -1.000000 0.000000 0.000000
vn -1.000000 0.000000 0.000000
vn 1.000000 -0.000018 -0.000003
vn 1.000000 -0.000018 -0.000003
vn 1.000000 -0.000018 -0.000003
vn 1.000000 -0.000018 -0.000003
vn -1.000000 0.000000 0.000002
vn -1.000000 0.000000 0.000002
vn -1.000000 0.000000 0.000002
vn -1.000000 0.000000 0.000002
vn 1.000000 0.000000 -0.000017
vn 1.000000 0.000000 -0.000017
vn 1.000000 0.000000 -0.000017
vn 1.000000 0.000000 -0.000017
vn -1.000000 0.000009 0.000008
vn -1.000000 0.000009 0.000008
vn -1.000000 0.000009 0.000008
vn -1.000000 0.000009 0.000008
vn 1.000000 -0.000009 -0.000005
vn 1.000000 -0.000009 -0.000005
vn 1.000000 -0.000009 -0.000005
vn 1.000000 -0.000009 -0.000005
vn -1.000000 0.000000 0.000000
vn -1.000000 0.000000 0.000000
vn -1.000000 0.000000 0.000000
vn -1.000000 0.000000 0.000000
vn 1.000000 0.000000 0.000000
vn 1.000000 0.000000 0.000000
vn 1.000000 0.000000 0.000000
vn 1.000000 0.000000 0.000000
vn -1.000000 0.000000 0.000000
vn -1.000000 0.000000 0.000000
vn -1.000000 0.000000 0.000000
vn -1.000000 0.000000 0.000000
vn 1.000000 0.000000 0.000000
vn 1.000000 0.000000 0.000000
vn 1.000000 0.000000 0.000000
vn 1.000000 0.000000 0.000000
vn -1.000000 0.000000 0.000000
vn -1.000000 0.000000 0.000000
vn -1.000000 0.000000 0.000000
vn -1.000000 0.000000 0.000000
s 1
g Island Rail Rail_Support_3
usemtl openPBRSurface2SG
f 3990/4615/8030 3991/4616/8031 3992/4617/8032 3993/4618/8033
f 3991/4616/8031 3994/4619/8034 3995/4620/8035 3992/4617/8032
f 3994/4619/8034 3996/4621/8036 3997/4622/8037 3995/4620/8035
f 3996/4621/8036 3998/4623/8038 3999/4624/8039 3997/4622/8037
f 3998/4623/8038 4000/4625/8040 4001/4626/8041 3999/4624/8039
f 4000/4625/8040 4002/4627/8042 4003/4628/8043 4001/4626/8041
f 4002/4627/8042 4004/4629/8044 4005/4630/8045 4003/4628/8043
f 4004/4629/8044 4006/4631/8046 4007/4632/8047 4005/4630/8045
f 4006/4631/8046 4008/4633/8048 4009/4634/8049 4007/4632/8047
f 4008/4633/8048 4010/4635/8050 4011/4636/8051 4009/4634/8049
f 4010/4635/8050 4012/4637/8052 4013/4638/8053 4011/4636/8051
f 4012/4637/8052 4014/4639/8054 4015/4640/8055 4013/4638/8053
f 4014/4639/8054 4016/4641/8056 4017/4642/8057 4015/4640/8055
f 4016/4641/8056 4018/4643/8058 4019/4644/8059 4017/4642/8057
f 4018/4643/8058 4020/4645/8060 4021/4646/8061 4019/4644/8059
f 4020/4645/8060 4022/4647/8062 4023/4648/8063 4021/4646/8061
f 4022/4647/8062 4024/4649/8064 4025/4650/8065 4023/4648/8063
f 4024/4649/8064 4026/4651/8066 4027/4652/8067 4025/4650/8065
f 4026/4651/8066 4028/4653/8068 4029/4654/8069 4027/4652/8067
f 4028/4653/8068 3990/4655/8030 3993/4656/8033 4029/4654/8069
s 2
f 3929/4515/8070 3928/4514/8071 3968/4592/8072
f 3930/4516/8073 3929/4515/8070 3968/4592/8072
f 3931/4517/8074 3930/4516/8073 3968/4592/8072
f 3932/4518/8075 3931/4517/8074 3968/4592/8072
f 3933/4519/8076 3932/4518/8075 3968/4592/8072
f 3934/4520/8077 3933/4519/8076 3968/4592/8072
f 3935/4521/8078 3934/4520/8077 3968/4592/8072
f 3936/4522/8079 3935/4521/8078 3968/4592/8072
f 3937/4523/8080 3936/4522/8079 3968/4592/8072
f 3938/4524/8081 3937/4523/8080 3968/4592/8072
f 3939/4525/8082 3938/4524/8081 3968/4592/8072
f 3940/4526/8083 3939/4525/8082 3968/4592/8072
f 3941/4527/8084 3940/4526/8083 3968/4592/8072
f 3942/4528/8085 3941/4527/8084 3968/4592/8072
f 3943/4529/8086 3942/4528/8085 3968/4592/8072
f 3944/4530/8087 3943/4529/8086 3968/4592/8072
f 3945/4531/8088 3944/4530/8087 3968/4592/8072
f 3946/4532/8089 3945/4531/8088 3968/4592/8072
f 3947/4533/8090 3946/4532/8089 3968/4592/8072
f 3928/4514/8071 3947/4533/8090 3968/4592/8072
s 3
f 3948/4590/8091 3949/4589/8092 3969/4593/8093
f 3949/4589/8092 3950/4588/8094 3969/4593/8093
f 3950/4588/8094 3951/4587/8095 3969/4593/8093
f 3951/4587/8095 3952/4586/8096 3969/4593/8093
f 3952/4586/8096 3953/4585/8097 3969/4593/8093
f 3953/4585/8097 3954/4584/8098 3969/4593/8093
f 3954/4584/8098 3955/4583/8099 3969/4593/8093
f 3955/4583/8099 3956/4582/8100 3969/4593/8093
f 3956/4582/8100 3957/4562/8101 3969/4593/8093
f 3957/4562/8101 3958/4563/8102 3969/4593/8093
f 3958/4563/8102 3959/4581/8103 3969/4593/8093
f 3959/4581/8103 3960/4580/8104 3969/4593/8093
f 3960/4580/8104 3961/4579/8105 3969/4593/8093
f 3961/4579/8105 3962/4578/8106 3969/4593/8093
f 3962/4578/8106 3963/4577/8107 3969/4593/8093
f 3963/4577/8107 3964/4576/8108 3969/4593/8093
f 3964/4576/8108 3965/4575/8109 3969/4593/8093
f 3965/4575/8109 3966/4574/8110 3969/4593/8093
f 3966/4574/8110 3967/4591/8111 3969/4593/8093
f 3967/4591/8111 3948/4590/8091 3969/4593/8093
s 4
f 3971/4595/8112 3970/4594/8113 3962/4567/8114 3961/4566/8115
f 3972/4596/8116 3971/4595/8112 3961/4566/8115 3960/4565/8117
f 3973/4597/8118 3972/4596/8116 3960/4565/8117 3959/4564/8119
f 3974/4598/8120 3973/4597/8118 3959/4564/8119 3958/4563/8121
f 3975/4599/8122 3974/4598/8120 3958/4563/8121 3957/4562/8123
f 3976/4600/8124 3975/4599/8122 3957/4562/8123 3956/4561/8125
f 3977/4601/8126 3976/4600/8124 3956/4561/8125 3955/4560/8127
f 3978/4602/8128 3977/4601/8126 3955/4560/8127 3954/4559/8129
f 3979/4603/8130 3978/4602/8128 3954/4559/8129 3953/4558/8131
f 3980/4604/8132 3979/4603/8130 3953/4558/8131 3952/4557/8133
f 3981/4605/8134 3980/4604/8132 3952/4557/8133 3951/4556/8135
f 3982/4606/8136 3981/4605/8134 3951/4556/8135 3950/4555/8137
f 3983/4607/8138 3982/4606/8136 3950/4555/8137 3949/4554/8139
f 3984/4609/8140 3983/4607/8138 3949/4554/8139 3948/4553/8141
f 3985/4610/8142 3984/4608/8140 3948/4573/8141 3967/4572/8143
f 3986/4611/8144 3985/4610/8142 3967/4572/8143 3966/4571/8145
f 3987/4612/8146 3986/4611/8144 3966/4571/8145 3965/4570/8147
f 3988/4613/8148 3987/4612/8146 3965/4570/8147 3964/4569/8149
f 3989/4614/8150 3988/4613/8148 3964/4569/8149 3963/4568/8151
f 3970/4594/8113 3989/4614/8150 3963/4568/8151 3962/4567/8114
s off
f 3928/4534/8152 3929/4535/8153 3991/4616/8154 3990/4615/8155
f 3983/4607/8156 3984/4609/8157 3993/4618/8158 3992/4617/8159
f 3929/4535/8160 3930/4536/8161 3994/4619/8162 3991/4616/8163
f 3982/4606/8164 3983/4607/8165 3992/4617/8166 3995/4620/8167
f 3930/4536/8168 3931/4537/8169 3996/4621/8170 3994/4619/8171
f 3981/4605/8172 3982/4606/8173 3995/4620/8174 3997/4622/8175
f 3931/4537/8176 3932/4538/8177 3998/4623/8178 3996/4621/8179
f 3980/4604/8180 3981/4605/8181 3997/4622/8182 3999/4624/8183
f 3932/4538/8184 3933/4539/8185 4000/4625/8186 3998/4623/8187
f 3979/4603/8188 3980/4604/8189 3999/4624/8190 4001/4626/8191
f 3933/4539/8192 3934/4540/8193 4002/4627/8194 4000/4625/8195
f 3978/4602/8196 3979/4603/8197 4001/4626/8198 4003/4628/8199
f 3934/4540/8200 3935/4541/8201 4004/4629/8202 4002/4627/8203
f 3977/4601/8204 3978/4602/8205 4003/4628/8206 4005/4630/8207
f 3935/4541/8208 3936/4542/8209 4006/4631/8210 4004/4629/8211
f 3976/4600/8212 3977/4601/8213 4005/4630/8214 4007/4632/8215
f 3936/4542/8216 3937/4543/8217 4008/4633/8218 4006/4631/8219
f 3975/4599/8220 3976/4600/8221 4007/4632/8222 4009/4634/8223
f 3937/4543/8224 3938/4524/8225 4010/4635/8226 4008/4633/8227
f 3974/4598/8228 3975/4599/8229 4009/4634/8230 4011/4636/8231
f 3938/4524/8232 3939/4525/8233 4012/4637/8234 4010/4635/8235
f 3973/4597/8236 3974/4598/8237 4011/4636/8238 4013/4638/8239
f 3939/4525/8240 3940/4544/8241 4014/4639/8242 4012/4637/8243
f 3972/4596/8244 3973/4597/8245 4013/4638/8246 4015/4640/8247
f 3940/4544/8248 3941/4545/8249 4016/4641/8250 4014/4639/8251
f 3971/4595/8252 3972/4596/8253 4015/4640/8254 4017/4642/8255
f 3941/4545/8256 3942/4546/8257 4018/4643/8258 4016/4641/8259
f 3970/4594/8260 3971/4595/8261 4017/4642/8262 4019/4644/8263
f 3942/4546/8264 3943/4547/8265 4020/4645/8266 4018/4643/8267
f 3989/4614/8268 3970/4594/8269 4019/4644/8270 4021/4646/8271
f 3943/4547/8272 3944/4548/8273 4022/4647/8274 4020/4645/8275
f 3988/4613/8276 3989/4614/8277 4021/4646/8278 4023/4648/8279
f 3944/4548/8280 3945/4549/8281 4024/4649/8282 4022/4647/8283
f 3987/4612/8284 3988/4613/8285 4023/4648/8286 4025/4650/8287
f 3945/4549/8288 3946/4550/8289 4026/4651/8290 4024/4649/8291
f 3986/4611/8292 3987/4612/8293 4025/4650/8294 4027/4652/8295
f 3946/4550/8296 3947/4551/8297 4028/4653/8298 4026/4651/8299
f 3985/4610/8300 3986/4611/8301 4027/4652/8302 4029/4654/8303
f 3947/4551/8304 3928/4552/8305 3990/4655/8306 4028/4653/8307
f 3984/4608/8308 3985/4610/8309 4029/4654/8310 3993/4656/8311
g default
v 110.800240 -43.177086 -214.309799
v 110.800232 -43.386696 -214.721176
v 110.800247 -43.713173 -215.047638
v 110.800232 -44.124557 -215.257278
v 110.800240 -44.580585 -215.329514
v 110.800232 -45.036613 -215.257278
v 110.800240 -45.447998 -215.047638
v 110.800240 -45.774475 -214.721176
v 110.800240 -45.984085 -214.309799
v 110.800240 -46.056313 -213.853760
v 110.800240 -45.984085 -213.397751
v 110.800240 -45.774475 -212.986374
v 110.800240 -45.447998 -212.659882
v 110.800232 -45.036613 -212.450272
v 110.800240 -44.580585 -212.378036
v 110.800232 -44.124557 -212.450272
v 110.800247 -43.713173 -212.659882
v 110.800232 -43.386696 -212.986374
v 110.800240 -43.177086 -213.397751
v 110.800240 -43.104858 -213.853760
v 97.878723 -43.177086 -214.309799
v 97.878723 -43.386696 -214.721176
v 97.878716 -43.713173 -215.047638
v 97.878723 -44.124557 -215.257278
v 97.878723 -44.580589 -215.329514
v 97.878723 -45.036613 -215.257278
v 97.878723 -45.447998 -215.047638
v 97.878723 -45.774475 -214.721176
v 97.878723 -45.984085 -214.309799
v 97.878723 -46.056313 -213.853760
v 97.878723 -45.984085 -213.397751
v 97.878723 -45.774475 -212.986374
v 97.878723 -45.447998 -212.659882
v 97.878723 -45.036613 -212.450272
v 97.878723 -44.580589 -212.378036
v 97.878723 -44.124557 -212.450272
v 97.878716 -43.713173 -212.659882
v 97.878723 -43.386696 -212.986374
v 97.878723 -43.177086 -213.397751
v 97.878723 -43.104858 -213.853760
v 110.800240 -44.580585 -213.853760
v 97.878723 -44.580589 -213.853760
v 108.243637 -44.580585 -212.378036
v 108.243637 -45.036613 -212.450272
v 108.243645 -45.447998 -212.659882
v 108.243645 -45.774475 -212.986374
v 108.243629 -45.984085 -213.397751
v 108.243637 -46.056313 -213.853760
v 108.243629 -45.984085 -214.309799
v 108.243637 -45.774475 -214.721176
v 108.243645 -45.447998 -215.047638
v 108.243637 -45.036613 -215.257278
v 108.243637 -44.580585 -215.329514
v 108.243637 -44.124557 -215.257278
v 108.243637 -43.713173 -215.047638
v 108.243637 -43.386696 -214.721176
v 108.243637 -43.177086 -214.309799
v 108.243637 -43.104858 -213.853760
v 108.243637 -43.177086 -213.397751
v 108.243637 -43.386696 -212.986374
v 108.243637 -43.713173 -212.659882
v 108.243637 -44.124557 -212.450272
v 110.800240 -42.481609 -214.535767
v 110.800247 -42.795090 -215.150986
v 108.243637 -42.795090 -215.150986
v 108.243637 -42.481609 -214.535767
v 110.800247 -43.283348 -215.639221
v 108.243645 -43.283348 -215.639221
v 110.800247 -43.898586 -215.952759
v 108.243637 -43.898586 -215.952759
v 110.800240 -44.580585 -216.060776
v 108.243637 -44.580585 -216.060776
v 110.800232 -45.262581 -215.952759
v 108.243637 -45.262581 -215.952759
v 110.800240 -45.877823 -215.639221
v 108.243637 -45.877823 -215.639221
v 110.800247 -46.366074 -215.150986
v 108.243637 -46.366081 -215.150986
v 110.800240 -46.679565 -214.535767
v 108.243629 -46.679558 -214.535767
v 110.800240 -46.787575 -213.853760
v 108.243637 -46.787575 -213.853760
v 110.800240 -46.679565 -213.171783
v 108.243629 -46.679558 -213.171783
v 110.800247 -46.366074 -212.556549
v 108.243645 -46.366074 -212.556549
v 110.800240 -45.877823 -212.068298
v 108.243637 -45.877823 -212.068298
v 110.800232 -45.262581 -211.754807
v 108.243637 -45.262581 -211.754807
v 110.800240 -44.580585 -211.646774
v 108.243637 -44.580585 -211.646774
v 110.800247 -43.898586 -211.754807
v 108.243637 -43.898586 -211.754807
v 110.800247 -43.283348 -212.068298
v 108.243645 -43.283348 -212.068298
v 110.800247 -42.795090 -212.556549
v 108.243637 -42.795090 -212.556549
v 110.800240 -42.481609 -213.171783
v 108.243637 -42.481609 -213.171783
v 110.800240 -42.373592 -213.853760
v 108.243637 -42.373592 -213.853760
vt 0.138369 0.278936
vt 0.134225 0.280235
vt 0.130685 0.282751
vt 0.128096 0.286238
vt 0.126711 0.290354
vt 0.126665 0.294697
vt 0.127965 0.298841
vt 0.130481 0.302381
vt 0.133967 0.304970
vt 0.138084 0.306373
vt 0.142427 0.306382
vt 0.146571 0.305101
vt 0.150111 0.302585
vt 0.152700 0.299098
vt 0.154085 0.294982
vt 0.154130 0.290639
vt 0.152831 0.286495
vt 0.150315 0.282955
vt 0.146828 0.280366
vt 0.142712 0.278981
vt 0.099487 0.303627
vt 0.103200 0.304959
vt 0.107415 0.305639
vt 0.111792 0.306007
vt 0.116211 0.306213
vt 0.120624 0.306325
vt 0.125016 0.306383
vt 0.129386 0.306406
vt 0.133739 0.306407
vt 0.146778 0.306326
vt 0.151146 0.306277
vt 0.155542 0.306216
vt 0.159973 0.306137
vt 0.164448 0.306034
vt 0.168967 0.305892
vt 0.173514 0.305681
vt 0.178044 0.305345
vt 0.182440 0.304751
vt 0.186423 0.303584
vt 0.103650 0.426440
vt 0.107518 0.426390
vt 0.111393 0.426345
vt 0.115277 0.426304
vt 0.119172 0.426269
vt 0.123075 0.426237
vt 0.126987 0.426208
vt 0.130904 0.426182
vt 0.134826 0.426158
vt 0.138752 0.426147
vt 0.142678 0.426106
vt 0.146604 0.426098
vt 0.150528 0.426081
vt 0.154449 0.426067
vt 0.158364 0.426056
vt 0.162273 0.426048
vt 0.166174 0.426043
vt 0.170066 0.426042
vt 0.173950 0.426046
vt 0.177827 0.426053
vt 0.181703 0.426059
vt 0.146777 0.449612
vt 0.149917 0.447255
vt 0.152176 0.444044
vt 0.153331 0.440291
vt 0.153270 0.436365
vt 0.151999 0.432650
vt 0.149642 0.429510
vt 0.146430 0.427251
vt 0.135037 0.427428
vt 0.131896 0.429785
vt 0.129638 0.432997
vt 0.128483 0.436749
vt 0.128544 0.440675
vt 0.129815 0.444390
vt 0.132172 0.447530
vt 0.135383 0.449789
vt 0.139136 0.450944
vt 0.143062 0.450884
vt 0.140398 0.292668
vt 0.140907 0.438520
vt 0.159577 0.339219
vt 0.155268 0.339280
vt 0.150948 0.339331
vt 0.146621 0.339370
vt 0.142289 0.339396
vt 0.137955 0.339409
vt 0.133623 0.339407
vt 0.129294 0.339392
vt 0.124974 0.339363
vt 0.120667 0.339323
vt 0.116385 0.339278
vt 0.112139 0.339240
vt 0.107953 0.339233
vt 0.103859 0.339305
vt 0.184534 0.339304
vt 0.099908 0.339550
vt 0.180597 0.339060
vt 0.176522 0.339002
vt 0.172357 0.339026
vt 0.168132 0.339084
vt 0.163868 0.339152
vt 0.095860 0.309251
vt 0.101108 0.310651
vt 0.101361 0.332807
vt 0.095756 0.332843
vt 0.106145 0.311473
vt 0.106479 0.332976
vt 0.110985 0.311937
vt 0.111294 0.333157
vt 0.115669 0.312192
vt 0.115926 0.333302
vt 0.120239 0.312328
vt 0.120447 0.333405
vt 0.124728 0.312395
vt 0.124903 0.333472
vt 0.129163 0.312423
vt 0.129319 0.333510
vt 0.133563 0.312426
vt 0.133712 0.333527
vt 0.137946 0.312411
vt 0.138093 0.333525
vt 0.142323 0.312385
vt 0.142467 0.333507
vt 0.146707 0.312347
vt 0.146841 0.333473
vt 0.151111 0.312298
vt 0.151220 0.333425
vt 0.155548 0.312236
vt 0.155610 0.333361
vt 0.160035 0.312156
vt 0.160020 0.333280
vt 0.164594 0.312049
vt 0.164464 0.333180
vt 0.169251 0.311900
vt 0.168965 0.333064
vt 0.174044 0.311679
vt 0.173561 0.332942
vt 0.179023 0.311328
vt 0.178311 0.332851
vt 0.184252 0.310744
vt 0.183311 0.332889
vt 0.189808 0.309741
vt 0.188676 0.333276
vn 0.000000 0.951055 -0.309020
vn 0.000000 0.809006 -0.587800
vn 0.000000 0.809007 -0.587799
vn 0.000000 0.951056 -0.309020
vn 0.000000 0.587804 -0.809003
vn 0.000000 0.587804 -0.809003
vn 0.000000 0.309056 -0.951044
vn 0.000000 0.309055 -0.951044
vn 0.000000 0.000002 -1.000000
vn 0.000000 0.000001 -1.000000
vn 0.000000 -0.309055 -0.951044
vn 0.000000 -0.309055 -0.951044
vn 0.000000 -0.587803 -0.809004
vn 0.000000 -0.587802 -0.809005
vn 0.000000 -0.809006 -0.587800
vn 0.000000 -0.809007 -0.587799
vn -0.000000 -0.951055 -0.309020
vn -0.000000 -0.951056 -0.309020
vn -0.000001 -1.000000 0.000000
vn -0.000001 -1.000000 0.000000
vn -0.000001 -0.951053 0.309027
vn -0.000001 -0.951053 0.309027
vn -0.000000 -0.809014 0.587790
vn -0.000000 -0.809014 0.587789
vn 0.000000 -0.587790 0.809013
vn 0.000000 -0.587789 0.809014
vn 0.000000 -0.309034 0.951051
vn 0.000000 -0.309034 0.951051
vn 0.000000 0.000002 1.000000
vn 0.000000 0.000001 1.000000
vn 0.000000 0.309036 0.951051
vn 0.000000 0.309034 0.951051
vn 0.000000 0.587789 0.809014
vn 0.000000 0.587789 0.809014
vn 0.000000 0.809014 0.587790
vn 0.000000 0.809014 0.587789
vn 0.000000 0.951054 0.309023
vn 0.000000 0.951055 0.309023
vn 0.000000 1.000000 -0.000000
vn 0.000000 1.000000 -0.000000
vn 1.000000 0.000023 0.000004
vn 1.000000 0.000000 -0.000008
vn 1.000000 -0.000002 0.000000
vn 1.000000 -0.000023 0.000004
vn 1.000000 -0.000023 -0.000008
vn 1.000000 0.000000 0.000000
vn 1.000000 -0.000023 -0.000005
vn 1.000000 0.000000 -0.000005
vn 1.000000 0.000006 0.000000
vn 1.000000 0.000006 0.000000
vn 1.000000 0.000000 0.000000
vn 1.000000 0.000011 0.000000
vn 1.000000 0.000011 0.000000
vn 1.000000 0.000000 0.000005
vn 1.000000 -0.000023 0.000005
vn 1.000000 0.000000 0.000000
vn 1.000000 -0.000000 0.000008
vn 1.000000 -0.000000 -0.000004
vn 1.000000 0.000011 -0.000004
vn 1.000000 -0.000011 0.000008
vn 1.000000 0.000000 0.000000
vn -1.000000 0.000000 0.000000
vn -1.000000 0.000000 0.000007
vn -1.000000 -0.000001 -0.000000
vn -1.000000 0.000000 0.000004
vn -1.000000 0.000000 -0.000003
vn -1.000000 0.000000 0.000000
vn -1.000000 0.000000 0.000000
vn -1.000000 0.000000 0.000000
vn -1.000000 0.000000 0.000000
vn -1.000000 0.000000 0.000000
vn -1.000000 0.000000 0.000000
vn -1.000000 -0.000006 0.000000
vn -1.000000 -0.000006 0.000000
vn -1.000000 0.000000 0.000000
vn -1.000000 0.000000 0.000000
vn -1.000000 0.000000 0.000000
vn -1.000000 0.000000 0.000003
vn -1.000000 0.000000 -0.000004
vn -1.000000 0.000000 -0.000007
vn -1.000000 0.000000 0.000000
vn -1.000000 0.000000 0.000000
vn 0.000000 -0.309024 0.951054
vn 0.000000 0.000000 1.000000
vn 0.000000 -0.000000 1.000000
vn 0.000000 -0.309023 0.951054
vn 0.000000 -0.587796 0.809009
vn 0.000000 -0.587795 0.809010
vn 0.000000 -0.809020 0.587781
vn 0.000000 -0.809021 0.587780
vn 0.000000 -0.951055 0.309023
vn 0.000000 -0.951055 0.309022
vn 0.000000 -1.000000 -0.000000
vn 0.000000 -1.000000 -0.000000
vn 0.000000 -0.951058 -0.309012
vn 0.000000 -0.951058 -0.309012
vn 0.000000 -0.809010 -0.587795
vn 0.000000 -0.809011 -0.587794
vn 0.000000 -0.587796 -0.809009
vn 0.000000 -0.587796 -0.809009
vn -0.000000 -0.309055 -0.951044
vn -0.000000 -0.309054 -0.951045
vn -0.000001 0.000000 -1.000000
vn -0.000001 -0.000000 -1.000000
vn -0.000001 0.309052 -0.951045
vn -0.000001 0.309053 -0.951045
vn 0.000000 0.587796 -0.809009
vn 0.000000 0.587796 -0.809009
vn 0.000000 0.809009 -0.587796
vn 0.000000 0.809009 -0.587797
vn 0.000000 0.951057 -0.309015
vn 0.000000 0.951057 -0.309015
vn 0.000000 1.000000 0.000000
vn 0.000000 1.000000 0.000000
vn 0.000000 0.951054 0.309025
vn 0.000000 0.951054 0.309025
vn 0.000000 0.809021 0.587780
vn 0.000000 0.809020 0.587781
vn 0.000000 0.587796 0.809009
vn 0.000000 0.587796 0.809009
vn 0.000000 0.309022 0.951055
vn 0.000000 0.309022 0.951055
vn 1.000000 -0.000009 0.000005
vn 1.000000 -0.000009 0.000005
vn 1.000000 -0.000009 0.000005
vn 1.000000 -0.000009 0.000005
vn -1.000000 -0.000009 0.000000
vn -1.000000 -0.000009 0.000000
vn -1.000000 -0.000009 0.000000
vn -1.000000 -0.000009 0.000000
vn 1.000000 0.000009 0.000017
vn 1.000000 0.000009 0.000017
vn 1.000000 0.000009 0.000017
vn 1.000000 0.000009 0.000017
vn -1.000000 0.000000 -0.000008
vn -1.000000 0.000000 -0.000008
vn -1.000000 0.000000 -0.000008
vn -1.000000 0.000000 -0.000008
vn 1.000000 -0.000018 0.000003
vn 1.000000 -0.000018 0.000003
vn 1.000000 -0.000018 0.000003
vn 1.000000 -0.000018 0.000003
vn -1.000000 0.000018 -0.000002
vn -1.000000 0.000018 -0.000002
vn -1.000000 0.000018 -0.000002
vn -1.000000 0.000018 -0.000002
vn 1.000000 0.000000 0.000010
vn 1.000000 0.000000 0.000010
vn 1.000000 0.000000 0.000010
vn 1.000000 0.000000 0.000010
vn -1.000000 -0.000018 0.000000
vn -1.000000 -0.000018 0.000000
vn -1.000000 -0.000018 0.000000
vn -1.000000 -0.000018 0.000000
vn 1.000000 0.000000 0.000002
vn 1.000000 0.000000 0.000002
vn 1.000000 0.000000 0.000002
vn 1.000000 0.000000 0.000002
vn -1.000000 0.000018 0.000000
vn -1.000000 0.000018 0.000000
vn -1.000000 0.000018 0.000000
vn -1.000000 0.000018 0.000000
vn 1.000000 0.000000 -0.000006
vn 1.000000 0.000000 -0.000006
vn 1.000000 0.000000 -0.000006
vn 1.000000 0.000000 -0.000006
vn -1.000000 0.000000 0.000008
vn -1.000000 0.000000 0.000008
vn -1.000000 0.000000 0.000008
vn -1.000000 0.000000 0.000008
vn 1.000000 0.000000 -0.000001
vn 1.000000 0.000000 -0.000001
vn 1.000000 0.000000 -0.000001
vn 1.000000 0.000000 -0.000001
vn -1.000000 0.000000 -0.000001
vn -1.000000 0.000000 -0.000001
vn -1.000000 0.000000 -0.000001
vn -1.000000 0.000000 -0.000001
vn 1.000000 0.000000 0.000008
vn 1.000000 0.000000 0.000008
vn 1.000000 0.000000 0.000008
vn 1.000000 0.000000 0.000008
vn -1.000000 0.000005 -0.000012
vn -1.000000 0.000005 -0.000012
vn -1.000000 0.000005 -0.000012
vn -1.000000 0.000005 -0.000012
vn 1.000000 0.000000 0.000000
vn 1.000000 0.000000 0.000000
vn 1.000000 0.000000 0.000000
vn 1.000000 0.000000 0.000000
vn -1.000000 0.000000 0.000013
vn -1.000000 0.000000 0.000013
vn -1.000000 0.000000 0.000013
vn -1.000000 0.000000 0.000013
vn 1.000000 0.000000 0.000000
vn 1.000000 0.000000 0.000000
vn 1.000000 0.000000 0.000000
vn 1.000000 0.000000 0.000000
vn -1.000000 -0.000005 -0.000013
vn -1.000000 -0.000005 -0.000013
vn -1.000000 -0.000005 -0.000013
vn -1.000000 -0.000005 -0.000013
vn 1.000000 -0.000009 -0.000008
vn 1.000000 -0.000009 -0.000008
vn 1.000000 -0.000009 -0.000008
vn 1.000000 -0.000009 -0.000008
vn -1.000000 0.000009 0.000024
vn -1.000000 0.000009 0.000024
vn -1.000000 0.000009 0.000024
vn -1.000000 0.000009 0.000024
vn 1.000000 0.000018 0.000001
vn 1.000000 0.000018 0.000001
vn 1.000000 0.000018 0.000001
vn 1.000000 0.000018 0.000001
vn -1.000000 0.000000 -0.000008
vn -1.000000 0.000000 -0.000008
vn -1.000000 0.000000 -0.000008
vn -1.000000 0.000000 -0.000008
vn 1.000000 0.000018 0.000006
vn 1.000000 0.000018 0.000006
vn 1.000000 0.000018 0.000006
vn 1.000000 0.000018 0.000006
vn -1.000000 0.000000 -0.000008
vn -1.000000 0.000000 -0.000008
vn -1.000000 0.000000 -0.000008
vn -1.000000 0.000000 -0.000008
vn 1.000000 -0.000018 -0.000002
vn 1.000000 -0.000018 -0.000002
vn 1.000000 -0.000018 -0.000002
vn 1.000000 -0.000018 -0.000002
vn -1.000000 0.000000 0.000000
vn -1.000000 0.000000 0.000000
vn -1.000000 0.000000 0.000000
vn -1.000000 0.000000 0.000000
vn 1.000000 -0.000018 -0.000010
vn 1.000000 -0.000018 -0.000010
vn 1.000000 -0.000018 -0.000010
vn 1.000000 -0.000018 -0.000010
vn -1.000000 0.000000 0.000000
vn -1.000000 0.000000 0.000000
vn -1.000000 0.000000 0.000000
vn -1.000000 0.000000 0.000000
vn 1.000000 0.000000 -0.000003
vn 1.000000 0.000000 -0.000003
vn 1.000000 0.000000 -0.000003
vn 1.000000 0.000000 -0.000003
vn -1.000000 0.000000 0.000002
vn -1.000000 0.000000 0.000002
vn -1.000000 0.000000 0.000002
vn -1.000000 0.000000 0.000002
vn 1.000000 0.000000 -0.000017
vn 1.000000 0.000000 -0.000017
vn 1.000000 0.000000 -0.000017
vn 1.000000 0.000000 -0.000017
vn -1.000000 0.000000 0.000008
vn -1.000000 0.000000 0.000008
vn -1.000000 0.000000 0.000008
vn -1.000000 0.000000 0.000008
vn 1.000000 -0.000018 -0.000005
vn 1.000000 -0.000018 -0.000005
vn 1.000000 -0.000018 -0.000005
vn 1.000000 -0.000018 -0.000005
vn -1.000000 0.000000 0.000000
vn -1.000000 0.000000 0.000000
vn -1.000000 0.000000 0.000000
vn -1.000000 0.000000 0.000000
vn 1.000000 0.000000 0.000000
vn 1.000000 0.000000 0.000000
vn 1.000000 0.000000 0.000000
vn 1.000000 0.000000 0.000000
vn -1.000000 0.000000 0.000000
vn -1.000000 0.000000 0.000000
vn -1.000000 0.000000 0.000000
vn -1.000000 0.000000 0.000000
vn 1.000000 0.000000 0.000000
vn 1.000000 0.000000 0.000000
vn 1.000000 0.000000 0.000000
vn 1.000000 0.000000 0.000000
vn -1.000000 0.000000 0.000000
vn -1.000000 0.000000 0.000000
vn -1.000000 0.000000 0.000000
vn -1.000000 0.000000 0.000000
s 1
g Island Rail Rail_Support_2
usemtl openPBRSurface2SG
f 4092/4758/8312 4093/4759/8313 4094/4760/8314 4095/4761/8315
f 4093/4759/8313 4096/4762/8316 4097/4763/8317 4094/4760/8314
f 4096/4762/8316 4098/4764/8318 4099/4765/8319 4097/4763/8317
f 4098/4764/8318 4100/4766/8320 4101/4767/8321 4099/4765/8319
f 4100/4766/8320 4102/4768/8322 4103/4769/8323 4101/4767/8321
f 4102/4768/8322 4104/4770/8324 4105/4771/8325 4103/4769/8323
f 4104/4770/8324 4106/4772/8326 4107/4773/8327 4105/4771/8325
f 4106/4772/8326 4108/4774/8328 4109/4775/8329 4107/4773/8327
f 4108/4774/8328 4110/4776/8330 4111/4777/8331 4109/4775/8329
f 4110/4776/8330 4112/4778/8332 4113/4779/8333 4111/4777/8331
f 4112/4778/8332 4114/4780/8334 4115/4781/8335 4113/4779/8333
f 4114/4780/8334 4116/4782/8336 4117/4783/8337 4115/4781/8335
f 4116/4782/8336 4118/4784/8338 4119/4785/8339 4117/4783/8337
f 4118/4784/8338 4120/4786/8340 4121/4787/8341 4119/4785/8339
f 4120/4786/8340 4122/4788/8342 4123/4789/8343 4121/4787/8341
f 4122/4788/8342 4124/4790/8344 4125/4791/8345 4123/4789/8343
f 4124/4790/8344 4126/4792/8346 4127/4793/8347 4125/4791/8345
f 4126/4792/8346 4128/4794/8348 4129/4795/8349 4127/4793/8347
f 4128/4794/8348 4130/4796/8350 4131/4797/8351 4129/4795/8349
f 4130/4796/8350 4092/4798/8312 4095/4799/8315 4131/4797/8351
s 2
f 4031/4658/8352 4030/4657/8353 4070/4735/8354
f 4032/4659/8355 4031/4658/8352 4070/4735/8354
f 4033/4660/8356 4032/4659/8355 4070/4735/8354
f 4034/4661/8357 4033/4660/8356 4070/4735/8354
f 4035/4662/8358 4034/4661/8357 4070/4735/8354
f 4036/4663/8359 4035/4662/8358 4070/4735/8354
f 4037/4664/8360 4036/4663/8359 4070/4735/8354
f 4038/4665/8361 4037/4664/8360 4070/4735/8354
f 4039/4666/8362 4038/4665/8361 4070/4735/8354
f 4040/4667/8363 4039/4666/8362 4070/4735/8354
f 4041/4668/8364 4040/4667/8363 4070/4735/8354
f 4042/4669/8365 4041/4668/8364 4070/4735/8354
f 4043/4670/8366 4042/4669/8365 4070/4735/8354
f 4044/4671/8367 4043/4670/8366 4070/4735/8354
f 4045/4672/8368 4044/4671/8367 4070/4735/8354
f 4046/4673/8369 4045/4672/8368 4070/4735/8354
f 4047/4674/8370 4046/4673/8369 4070/4735/8354
f 4048/4675/8371 4047/4674/8370 4070/4735/8354
f 4049/4676/8372 4048/4675/8371 4070/4735/8354
f 4030/4657/8353 4049/4676/8372 4070/4735/8354
s 3
f 4050/4733/8373 4051/4732/8374 4071/4736/8375
f 4051/4732/8374 4052/4731/8376 4071/4736/8375
f 4052/4731/8376 4053/4730/8377 4071/4736/8375
f 4053/4730/8377 4054/4729/8378 4071/4736/8375
f 4054/4729/8378 4055/4728/8379 4071/4736/8375
f 4055/4728/8379 4056/4727/8380 4071/4736/8375
f 4056/4727/8380 4057/4726/8381 4071/4736/8375
f 4057/4726/8381 4058/4725/8382 4071/4736/8375
f 4058/4725/8382 4059/4705/8383 4071/4736/8375
f 4059/4705/8383 4060/4706/8384 4071/4736/8375
f 4060/4706/8384 4061/4724/8385 4071/4736/8375
f 4061/4724/8385 4062/4723/8386 4071/4736/8375
f 4062/4723/8386 4063/4722/8387 4071/4736/8375
f 4063/4722/8387 4064/4721/8388 4071/4736/8375
f 4064/4721/8388 4065/4720/8389 4071/4736/8375
f 4065/4720/8389 4066/4719/8390 4071/4736/8375
f 4066/4719/8390 4067/4718/8391 4071/4736/8375
f 4067/4718/8391 4068/4717/8392 4071/4736/8375
f 4068/4717/8392 4069/4734/8393 4071/4736/8375
f 4069/4734/8393 4050/4733/8373 4071/4736/8375
s 4
f 4073/4738/8394 4072/4737/8395 4064/4710/8396 4063/4709/8397
f 4074/4739/8398 4073/4738/8394 4063/4709/8397 4062/4708/8399
f 4075/4740/8400 4074/4739/8398 4062/4708/8399 4061/4707/8401
f 4076/4741/8402 4075/4740/8400 4061/4707/8401 4060/4706/8403
f 4077/4742/8404 4076/4741/8402 4060/4706/8403 4059/4705/8405
f 4078/4743/8406 4077/4742/8404 4059/4705/8405 4058/4704/8407
f 4079/4744/8408 4078/4743/8406 4058/4704/8407 4057/4703/8409
f 4080/4745/8410 4079/4744/8408 4057/4703/8409 4056/4702/8411
f 4081/4746/8412 4080/4745/8410 4056/4702/8411 4055/4701/8413
f 4082/4747/8414 4081/4746/8412 4055/4701/8413 4054/4700/8415
f 4083/4748/8416 4082/4747/8414 4054/4700/8415 4053/4699/8417
f 4084/4749/8418 4083/4748/8416 4053/4699/8417 4052/4698/8419
f 4085/4750/8420 4084/4749/8418 4052/4698/8419 4051/4697/8421
f 4086/4752/8422 4085/4750/8420 4051/4697/8421 4050/4696/8423
f 4087/4753/8424 4086/4751/8422 4050/4716/8423 4069/4715/8425
f 4088/4754/8426 4087/4753/8424 4069/4715/8425 4068/4714/8427
f 4089/4755/8428 4088/4754/8426 4068/4714/8427 4067/4713/8429
f 4090/4756/8430 4089/4755/8428 4067/4713/8429 4066/4712/8431
f 4091/4757/8432 4090/4756/8430 4066/4712/8431 4065/4711/8433
f 4072/4737/8395 4091/4757/8432 4065/4711/8433 4064/4710/8396
s off
f 4030/4677/8434 4031/4678/8435 4093/4759/8436 4092/4758/8437
f 4085/4750/8438 4086/4752/8439 4095/4761/8440 4094/4760/8441
f 4031/4678/8442 4032/4679/8443 4096/4762/8444 4093/4759/8445
f 4084/4749/8446 4085/4750/8447 4094/4760/8448 4097/4763/8449
f 4032/4679/8450 4033/4680/8451 4098/4764/8452 4096/4762/8453
f 4083/4748/8454 4084/4749/8455 4097/4763/8456 4099/4765/8457
f 4033/4680/8458 4034/4681/8459 4100/4766/8460 4098/4764/8461
f 4082/4747/8462 4083/4748/8463 4099/4765/8464 4101/4767/8465
f 4034/4681/8466 4035/4682/8467 4102/4768/8468 4100/4766/8469
f 4081/4746/8470 4082/4747/8471 4101/4767/8472 4103/4769/8473
f 4035/4682/8474 4036/4683/8475 4104/4770/8476 4102/4768/8477
f 4080/4745/8478 4081/4746/8479 4103/4769/8480 4105/4771/8481
f 4036/4683/8482 4037/4684/8483 4106/4772/8484 4104/4770/8485
f 4079/4744/8486 4080/4745/8487 4105/4771/8488 4107/4773/8489
f 4037/4684/8490 4038/4685/8491 4108/4774/8492 4106/4772/8493
f 4078/4743/8494 4079/4744/8495 4107/4773/8496 4109/4775/8497
f 4038/4685/8498 4039/4666/8499 4110/4776/8500 4108/4774/8501
f 4077/4742/8502 4078/4743/8503 4109/4775/8504 4111/4777/8505
f 4039/4666/8506 4040/4667/8507 4112/4778/8508 4110/4776/8509
f 4076/4741/8510 4077/4742/8511 4111/4777/8512 4113/4779/8513
f 4040/4667/8514 4041/4686/8515 4114/4780/8516 4112/4778/8517
f 4075/4740/8518 4076/4741/8519 4113/4779/8520 4115/4781/8521
f 4041/4686/8522 4042/4687/8523 4116/4782/8524 4114/4780/8525
f 4074/4739/8526 4075/4740/8527 4115/4781/8528 4117/4783/8529
f 4042/4687/8530 4043/4688/8531 4118/4784/8532 4116/4782/8533
f 4073/4738/8534 4074/4739/8535 4117/4783/8536 4119/4785/8537
f 4043/4688/8538 4044/4689/8539 4120/4786/8540 4118/4784/8541
f 4072/4737/8542 4073/4738/8543 4119/4785/8544 4121/4787/8545
f 4044/4689/8546 4045/4690/8547 4122/4788/8548 4120/4786/8549
f 4091/4757/8550 4072/4737/8551 4121/4787/8552 4123/4789/8553
f 4045/4690/8554 4046/4691/8555 4124/4790/8556 4122/4788/8557
f 4090/4756/8558 4091/4757/8559 4123/4789/8560 4125/4791/8561
f 4046/4691/8562 4047/4692/8563 4126/4792/8564 4124/4790/8565
f 4089/4755/8566 4090/4756/8567 4125/4791/8568 4127/4793/8569
f 4047/4692/8570 4048/4693/8571 4128/4794/8572 4126/4792/8573
f 4088/4754/8574 4089/4755/8575 4127/4793/8576 4129/4795/8577
f 4048/4693/8578 4049/4694/8579 4130/4796/8580 4128/4794/8581
f 4087/4753/8582 4088/4754/8583 4129/4795/8584 4131/4797/8585
f 4049/4694/8586 4030/4695/8587 4092/4798/8588 4130/4796/8589
f 4086/4751/8590 4087/4753/8591 4131/4797/8592 4095/4799/8593
g default
v 110.800240 -43.177086 -336.655273
v 110.800232 -43.386696 -337.066681
v 110.800247 -43.713173 -337.393097
v 110.800232 -44.124557 -337.602753
v 110.800240 -44.580585 -337.675018
v 110.800232 -45.036613 -337.602753
v 110.800240 -45.447998 -337.393097
v 110.800240 -45.774475 -337.066681
v 110.800240 -45.984085 -336.655273
v 110.800240 -46.056313 -336.199249
v 110.800240 -45.984085 -335.743256
v 110.800240 -45.774475 -335.331848
v 110.800240 -45.447998 -335.005402
v 110.800232 -45.036613 -334.795746
v 110.800240 -44.580585 -334.723511
v 110.800232 -44.124557 -334.795746
v 110.800247 -43.713173 -335.005402
v 110.800232 -43.386696 -335.331848
v 110.800240 -43.177086 -335.743256
v 110.800240 -43.104858 -336.199249
v 97.878723 -43.177086 -336.655273
v 97.878723 -43.386696 -337.066681
v 97.878716 -43.713173 -337.393097
v 97.878723 -44.124557 -337.602753
v 97.878723 -44.580589 -337.675018
v 97.878723 -45.036613 -337.602753
v 97.878723 -45.447998 -337.393097
v 97.878723 -45.774475 -337.066681
v 97.878723 -45.984085 -336.655273
v 97.878723 -46.056313 -336.199249
v 97.878723 -45.984085 -335.743256
v 97.878723 -45.774475 -335.331848
v 97.878723 -45.447998 -335.005402
v 97.878723 -45.036613 -334.795746
v 97.878723 -44.580589 -334.723511
v 97.878723 -44.124557 -334.795746
v 97.878716 -43.713173 -335.005402
v 97.878723 -43.386696 -335.331848
v 97.878723 -43.177086 -335.743256
v 97.878723 -43.104858 -336.199249
v 110.800240 -44.580585 -336.199249
v 97.878723 -44.580589 -336.199249
v 108.243637 -44.580585 -334.723511
v 108.243637 -45.036613 -334.795746
v 108.243645 -45.447998 -335.005402
v 108.243645 -45.774475 -335.331848
v 108.243629 -45.984085 -335.743256
v 108.243637 -46.056313 -336.199249
v 108.243629 -45.984085 -336.655273
v 108.243637 -45.774475 -337.066681
v 108.243645 -45.447998 -337.393097
v 108.243637 -45.036613 -337.602753
v 108.243637 -44.580585 -337.675018
v 108.243637 -44.124557 -337.602753
v 108.243637 -43.713173 -337.393097
v 108.243637 -43.386696 -337.066681
v 108.243637 -43.177086 -336.655273
v 108.243637 -43.104858 -336.199249
v 108.243637 -43.177086 -335.743256
v 108.243637 -43.386696 -335.331848
v 108.243637 -43.713173 -335.005402
v 108.243637 -44.124557 -334.795746
v 110.800240 -42.481609 -336.881256
v 110.800247 -42.795090 -337.496490
v 108.243637 -42.795090 -337.496490
v 108.243637 -42.481609 -336.881256
v 110.800247 -43.283348 -337.984711
v 108.243645 -43.283348 -337.984711
v 110.800247 -43.898586 -338.298248
v 108.243637 -43.898586 -338.298248
v 110.800240 -44.580585 -338.406281
v 108.243637 -44.580585 -338.406281
v 110.800232 -45.262581 -338.298248
v 108.243637 -45.262581 -338.298248
v 110.800240 -45.877823 -337.984711
v 108.243637 -45.877823 -337.984711
v 110.800247 -46.366074 -337.496490
v 108.243637 -46.366081 -337.496490
v 110.800240 -46.679565 -336.881256
v 108.243629 -46.679558 -336.881256
v 110.800240 -46.787575 -336.199249
v 108.243637 -46.787575 -336.199249
v 110.800240 -46.679565 -335.517303
v 108.243629 -46.679558 -335.517303
v 110.800247 -46.366074 -334.902039
v 108.243645 -46.366074 -334.902039
v 110.800240 -45.877823 -334.413788
v 108.243637 -45.877823 -334.413788
v 110.800232 -45.262581 -334.100281
v 108.243637 -45.262581 -334.100281
v 110.800240 -44.580585 -333.992279
v 108.243637 -44.580585 -333.992279
v 110.800247 -43.898586 -334.100281
v 108.243637 -43.898586 -334.100281
v 110.800247 -43.283348 -334.413788
v 108.243645 -43.283348 -334.413788
v 110.800247 -42.795090 -334.902039
v 108.243637 -42.795090 -334.902039
v 110.800240 -42.481609 -335.517303
v 108.243637 -42.481609 -335.517303
v 110.800240 -42.373592 -336.199249
v 108.243637 -42.373592 -336.199249
vt 0.251692 0.276909
vt 0.247341 0.276910
vt 0.243203 0.278257
vt 0.239684 0.280816
vt 0.237127 0.284337
vt 0.235785 0.288476
vt 0.235786 0.292828
vt 0.237133 0.296966
vt 0.239692 0.300485
vt 0.243213 0.303041
vt 0.247353 0.304393
vt 0.251704 0.304374
vt 0.255842 0.303036
vt 0.259361 0.300477
vt 0.261917 0.296956
vt 0.263260 0.292816
vt 0.263258 0.288465
vt 0.261912 0.284327
vt 0.259353 0.280808
vt 0.255832 0.278252
vt 0.204413 0.301665
vt 0.208126 0.302998
vt 0.212341 0.303677
vt 0.216718 0.304046
vt 0.221137 0.304251
vt 0.225550 0.304363
vt 0.229942 0.304421
vt 0.234312 0.304444
vt 0.238666 0.304445
vt 0.243010 0.304430
vt 0.256072 0.304315
vt 0.260468 0.304254
vt 0.264899 0.304175
vt 0.269374 0.304072
vt 0.273893 0.303930
vt 0.278440 0.303720
vt 0.282970 0.303383
vt 0.287366 0.302789
vt 0.291349 0.301622
vt 0.208576 0.424479
vt 0.212444 0.424428
vt 0.216319 0.424383
vt 0.220204 0.424343
vt 0.224098 0.424307
vt 0.228001 0.424275
vt 0.231913 0.424246
vt 0.235830 0.424221
vt 0.239752 0.424197
vt 0.243678 0.424184
vt 0.247604 0.424145
vt 0.251530 0.424136
vt 0.255454 0.424120
vt 0.259375 0.424106
vt 0.263290 0.424094
vt 0.267199 0.424086
vt 0.271100 0.424081
vt 0.274992 0.424080
vt 0.278876 0.424084
vt 0.282753 0.424091
vt 0.286629 0.424097
vt 0.251693 0.447652
vt 0.254834 0.445297
vt 0.257094 0.442086
vt 0.258251 0.438334
vt 0.258191 0.434408
vt 0.256922 0.430693
vt 0.254567 0.427551
vt 0.251355 0.425292
vt 0.239962 0.425464
vt 0.236821 0.427819
vt 0.234561 0.431030
vt 0.233404 0.434782
vt 0.233463 0.438708
vt 0.234733 0.442423
vt 0.237088 0.445565
vt 0.240299 0.447824
vt 0.244051 0.448981
vt 0.247977 0.448922
vt 0.249522 0.290647
vt 0.245827 0.436558
vt 0.264503 0.337257
vt 0.260194 0.337318
vt 0.255874 0.337369
vt 0.251547 0.337408
vt 0.247215 0.337434
vt 0.242881 0.337447
vt 0.238549 0.337446
vt 0.234220 0.337430
vt 0.229900 0.337401
vt 0.225594 0.337361
vt 0.221311 0.337316
vt 0.217065 0.337278
vt 0.212879 0.337271
vt 0.208785 0.337344
vt 0.289459 0.337342
vt 0.204834 0.337588
vt 0.285524 0.337098
vt 0.281448 0.337041
vt 0.277283 0.337065
vt 0.273058 0.337122
vt 0.268794 0.337190
vt 0.200786 0.307289
vt 0.206035 0.308690
vt 0.206288 0.330845
vt 0.200682 0.330881
vt 0.211071 0.309511
vt 0.211405 0.331014
vt 0.215911 0.309975
vt 0.216220 0.331196
vt 0.220595 0.310230
vt 0.220852 0.331340
vt 0.225165 0.310366
vt 0.225373 0.331443
vt 0.229654 0.310434
vt 0.229829 0.331510
vt 0.234088 0.310461
vt 0.234245 0.331549
vt 0.238489 0.310464
vt 0.238639 0.331565
vt 0.242872 0.310450
vt 0.243019 0.331563
vt 0.247248 0.310423
vt 0.247392 0.331545
vt 0.251633 0.310385
vt 0.251767 0.331512
vt 0.256037 0.310336
vt 0.256145 0.331464
vt 0.260474 0.310274
vt 0.260536 0.331400
vt 0.264961 0.310194
vt 0.264946 0.331318
vt 0.269520 0.310088
vt 0.269390 0.331219
vt 0.274177 0.309938
vt 0.273891 0.331102
vt 0.278970 0.309717
vt 0.278486 0.330980
vt 0.283950 0.309366
vt 0.283238 0.330890
vt 0.289178 0.308783
vt 0.288237 0.330927
vt 0.294734 0.307780
vt 0.293602 0.331314
vn 0.000000 0.951056 -0.309017
vn 0.000000 0.809006 -0.587800
vn 0.000000 0.809007 -0.587799
vn 0.000000 0.951057 -0.309017
vn 0.000000 0.587797 -0.809009
vn 0.000000 0.587797 -0.809009
vn 0.000000 0.309066 -0.951041
vn 0.000000 0.309065 -0.951041
vn 0.000000 0.000002 -1.000000
vn 0.000000 0.000001 -1.000000
vn 0.000000 -0.309065 -0.951041
vn 0.000000 -0.309065 -0.951041
vn 0.000000 -0.587796 -0.809009
vn 0.000000 -0.587795 -0.809010
vn -0.000001 -0.809006 -0.587800
vn -0.000001 -0.809007 -0.587799
vn -0.000002 -0.951056 -0.309017
vn -0.000002 -0.951057 -0.309017
vn -0.000002 -1.000000 -0.000000
vn -0.000002 -1.000000 -0.000000
vn -0.000002 -0.951053 0.309027
vn -0.000002 -0.951053 0.309027
vn -0.000001 -0.809022 0.587779
vn -0.000001 -0.809022 0.587779
vn 0.000000 -0.587797 0.809008
vn 0.000000 -0.587796 0.809009
vn 0.000000 -0.309024 0.951054
vn 0.000000 -0.309024 0.951054
vn 0.000000 0.000001 1.000000
vn 0.000000 0.000000 1.000000
vn 0.000000 0.309026 0.951054
vn 0.000000 0.309025 0.951054
vn 0.000000 0.587797 0.809009
vn 0.000000 0.587797 0.809009
vn 0.000000 0.809021 0.587780
vn 0.000000 0.809022 0.587779
vn 0.000000 0.951054 0.309024
vn 0.000000 0.951055 0.309023
vn 0.000000 1.000000 0.000000
vn 0.000000 1.000000 0.000000
vn 1.000000 0.000011 0.000004
vn 1.000000 -0.000011 -0.000008
vn 1.000000 0.000002 -0.000000
vn 1.000000 0.000000 0.000004
vn 1.000000 0.000000 -0.000008
vn 1.000000 0.000000 0.000000
vn 1.000000 -0.000000 -0.000005
vn 1.000000 0.000023 -0.000005
vn 1.000000 0.000000 0.000000
vn 1.000000 0.000000 0.000000
vn 1.000000 0.000000 0.000000
vn 1.000000 -0.000011 0.000000
vn 1.000000 -0.000011 0.000000
vn 1.000000 0.000023 0.000005
vn 1.000000 -0.000000 0.000005
vn 1.000000 0.000000 0.000000
vn 1.000000 0.000000 0.000008
vn 1.000000 0.000000 -0.000004
vn 1.000000 0.000023 -0.000004
vn 1.000000 0.000000 0.000008
vn 1.000000 0.000000 0.000000
vn -1.000000 0.000006 0.000000
vn -1.000000 -0.000006 0.000007
vn -1.000000 -0.000001 -0.000000
vn -1.000000 -0.000011 0.000004
vn -1.000000 0.000000 -0.000003
vn -1.000000 0.000000 0.000000
vn -1.000000 0.000000 0.000000
vn -1.000000 0.000011 0.000000
vn -1.000000 -0.000000 0.000000
vn -1.000000 -0.000011 0.000000
vn -1.000000 0.000000 0.000000
vn -1.000000 0.000000 0.000000
vn -1.000000 0.000000 0.000000
vn -1.000000 0.000000 0.000000
vn -1.000000 0.000000 0.000000
vn -1.000000 0.000000 0.000000
vn -1.000000 0.000000 0.000003
vn -1.000000 0.000000 -0.000004
vn -1.000000 0.000000 -0.000007
vn -1.000000 0.000000 0.000000
vn -1.000000 0.000000 0.000000
vn -0.000002 -0.309070 0.951039
vn -0.000002 0.000000 1.000000
vn -0.000002 -0.000000 1.000000
vn -0.000002 -0.309069 0.951040
vn 0.000000 -0.587796 0.809009
vn 0.000000 -0.587795 0.809010
vn 0.000000 -0.809014 0.587789
vn 0.000000 -0.809015 0.587788
vn 0.000000 -0.951056 0.309018
vn 0.000000 -0.951056 0.309017
vn 0.000000 -1.000000 0.000000
vn 0.000000 -1.000000 0.000000
vn 0.000000 -0.951060 -0.309007
vn 0.000000 -0.951060 -0.309007
vn 0.000000 -0.809004 -0.587803
vn 0.000000 -0.809005 -0.587802
vn 0.000000 -0.587775 -0.809025
vn 0.000000 -0.587775 -0.809025
vn 0.000001 -0.309100 -0.951030
vn 0.000001 -0.309099 -0.951030
vn 0.000002 0.000000 -1.000000
vn 0.000002 -0.000000 -1.000000
vn 0.000002 0.309097 -0.951030
vn 0.000002 0.309098 -0.951030
vn 0.000000 0.587775 -0.809025
vn 0.000000 0.587775 -0.809025
vn 0.000000 0.809003 -0.587804
vn 0.000000 0.809003 -0.587805
vn 0.000000 0.951059 -0.309010
vn 0.000000 0.951059 -0.309010
vn 0.000000 1.000000 -0.000000
vn 0.000000 1.000000 -0.000000
vn 0.000000 0.951056 0.309020
vn 0.000000 0.951056 0.309020
vn 0.000000 0.809015 0.587788
vn 0.000000 0.809014 0.587789
vn 0.000000 0.587796 0.809009
vn 0.000000 0.587796 0.809009
vn -0.000001 0.309067 0.951040
vn -0.000001 0.309068 0.951040
vn 1.000000 -0.000018 0.000005
vn 1.000000 -0.000018 0.000005
vn 1.000000 -0.000018 0.000005
vn 1.000000 -0.000018 0.000005
vn -1.000000 0.000000 0.000000
vn -1.000000 0.000000 0.000000
vn -1.000000 0.000000 0.000000
vn -1.000000 0.000000 0.000000
vn 1.000000 0.000000 0.000017
vn 1.000000 0.000000 0.000017
vn 1.000000 0.000000 0.000017
vn 1.000000 0.000000 0.000017
vn -1.000000 -0.000018 -0.000008
vn -1.000000 -0.000018 -0.000008
vn -1.000000 -0.000018 -0.000008
vn -1.000000 -0.000018 -0.000008
vn 1.000000 -0.000018 0.000003
vn 1.000000 -0.000018 0.000003
vn 1.000000 -0.000018 0.000003
vn 1.000000 -0.000018 0.000003
vn -1.000000 0.000000 -0.000002
vn -1.000000 0.000000 -0.000002
vn -1.000000 0.000000 -0.000002
vn -1.000000 0.000000 -0.000002
vn 1.000000 0.000000 0.000010
vn 1.000000 0.000000 0.000010
vn 1.000000 0.000000 0.000010
vn 1.000000 0.000000 0.000010
vn -1.000000 0.000000 0.000000
vn -1.000000 0.000000 0.000000
vn -1.000000 0.000000 0.000000
vn -1.000000 0.000000 0.000000
vn 1.000000 -0.000018 0.000002
vn 1.000000 -0.000018 0.000002
vn 1.000000 -0.000018 0.000002
vn 1.000000 -0.000018 0.000002
vn -1.000000 0.000000 0.000000
vn -1.000000 0.000000 0.000000
vn -1.000000 0.000000 0.000000
vn -1.000000 0.000000 0.000000
vn 1.000000 0.000018 -0.000006
vn 1.000000 0.000018 -0.000006
vn 1.000000 0.000018 -0.000006
vn 1.000000 0.000018 -0.000006
vn -1.000000 -0.000018 0.000008
vn -1.000000 -0.000018 0.000008
vn -1.000000 -0.000018 0.000008
vn -1.000000 -0.000018 0.000008
vn 1.000000 0.000000 -0.000001
vn 1.000000 0.000000 -0.000001
vn 1.000000 0.000000 -0.000001
vn 1.000000 0.000000 -0.000001
vn -1.000000 0.000009 -0.000001
vn -1.000000 0.000009 -0.000001
vn -1.000000 0.000009 -0.000001
vn -1.000000 0.000009 -0.000001
vn 1.000000 0.000009 0.000008
vn 1.000000 0.000009 0.000008
vn 1.000000 0.000009 0.000008
vn 1.000000 0.000009 0.000008
vn -1.000000 0.000014 -0.000012
vn -1.000000 0.000014 -0.000012
vn -1.000000 0.000014 -0.000012
vn -1.000000 0.000014 -0.000012
vn 1.000000 0.000000 0.000000
vn 1.000000 0.000000 0.000000
vn 1.000000 0.000000 0.000000
vn 1.000000 0.000000 0.000000
vn -1.000000 0.000000 0.000013
vn -1.000000 0.000000 0.000013
vn -1.000000 0.000000 0.000013
vn -1.000000 0.000000 0.000013
vn 1.000000 0.000018 0.000000
vn 1.000000 0.000018 0.000000
vn 1.000000 0.000018 0.000000
vn 1.000000 0.000018 0.000000
vn -1.000000 -0.000005 -0.000013
vn -1.000000 -0.000005 -0.000013
vn -1.000000 -0.000005 -0.000013
vn -1.000000 -0.000005 -0.000013
vn 1.000000 0.000018 -0.000008
vn 1.000000 0.000018 -0.000008
vn 1.000000 0.000018 -0.000008
vn 1.000000 0.000018 -0.000008
vn -1.000000 0.000018 0.000024
vn -1.000000 0.000018 0.000024
vn -1.000000 0.000018 0.000024
vn -1.000000 0.000018 0.000024
vn 1.000000 0.000018 0.000001
vn 1.000000 0.000018 0.000001
vn 1.000000 0.000018 0.000001
vn 1.000000 0.000018 0.000001
vn -1.000000 0.000000 -0.000008
vn -1.000000 0.000000 -0.000008
vn -1.000000 0.000000 -0.000008
vn -1.000000 0.000000 -0.000008
vn 1.000000 0.000018 0.000006
vn 1.000000 0.000018 0.000006
vn 1.000000 0.000018 0.000006
vn 1.000000 0.000018 0.000006
vn -1.000000 -0.000018 -0.000008
vn -1.000000 -0.000018 -0.000008
vn -1.000000 -0.000018 -0.000008
vn -1.000000 -0.000018 -0.000008
vn 1.000000 -0.000018 -0.000002
vn 1.000000 -0.000018 -0.000002
vn 1.000000 -0.000018 -0.000002
vn 1.000000 -0.000018 -0.000002
vn -1.000000 0.000000 0.000000
vn -1.000000 0.000000 0.000000
vn -1.000000 0.000000 0.000000
vn -1.000000 0.000000 0.000000
vn 1.000000 0.000000 -0.000010
vn 1.000000 0.000000 -0.000010
vn 1.000000 0.000000 -0.000010
vn 1.000000 0.000000 -0.000010
vn -1.000000 0.000000 0.000000
vn -1.000000 0.000000 0.000000
vn -1.000000 0.000000 0.000000
vn -1.000000 0.000000 0.000000
vn 1.000000 -0.000018 -0.000003
vn 1.000000 -0.000018 -0.000003
vn 1.000000 -0.000018 -0.000003
vn 1.000000 -0.000018 -0.000003
vn -1.000000 0.000018 0.000002
vn -1.000000 0.000018 0.000002
vn -1.000000 0.000018 0.000002
vn -1.000000 0.000018 0.000002
vn 1.000000 0.000000 -0.000017
vn 1.000000 0.000000 -0.000017
vn 1.000000 0.000000 -0.000017
vn 1.000000 0.000000 -0.000017
vn -1.000000 -0.000009 0.000008
vn -1.000000 -0.000009 0.000008
vn -1.000000 -0.000009 0.000008
vn -1.000000 -0.000009 0.000008
vn 1.000000 -0.000018 -0.000005
vn 1.000000 -0.000018 -0.000005
vn 1.000000 -0.000018 -0.000005
vn 1.000000 -0.000018 -0.000005
vn -1.000000 -0.000009 0.000000
vn -1.000000 -0.000009 0.000000
vn -1.000000 -0.000009 0.000000
vn -1.000000 -0.000009 0.000000
vn 1.000000 -0.000009 0.000000
vn 1.000000 -0.000009 0.000000
vn 1.000000 -0.000009 0.000000
vn 1.000000 -0.000009 0.000000
vn -1.000000 0.000000 0.000000
vn -1.000000 0.000000 0.000000
vn -1.000000 0.000000 0.000000
vn -1.000000 0.000000 0.000000
vn 1.000000 0.000000 0.000000
vn 1.000000 0.000000 0.000000
vn 1.000000 0.000000 0.000000
vn 1.000000 0.000000 0.000000
vn -1.000000 0.000000 0.000000
vn -1.000000 0.000000 0.000000
vn -1.000000 0.000000 0.000000
vn -1.000000 0.000000 0.000000
s 1
g Island Rail Rail_Support_1
usemtl openPBRSurface2SG
f 4194/4901/8594 4195/4902/8595 4196/4903/8596 4197/4904/8597
f 4195/4902/8595 4198/4905/8598 4199/4906/8599 4196/4903/8596
f 4198/4905/8598 4200/4907/8600 4201/4908/8601 4199/4906/8599
f 4200/4907/8600 4202/4909/8602 4203/4910/8603 4201/4908/8601
f 4202/4909/8602 4204/4911/8604 4205/4912/8605 4203/4910/8603
f 4204/4911/8604 4206/4913/8606 4207/4914/8607 4205/4912/8605
f 4206/4913/8606 4208/4915/8608 4209/4916/8609 4207/4914/8607
f 4208/4915/8608 4210/4917/8610 4211/4918/8611 4209/4916/8609
f 4210/4917/8610 4212/4919/8612 4213/4920/8613 4211/4918/8611
f 4212/4919/8612 4214/4921/8614 4215/4922/8615 4213/4920/8613
f 4214/4921/8614 4216/4923/8616 4217/4924/8617 4215/4922/8615
f 4216/4923/8616 4218/4925/8618 4219/4926/8619 4217/4924/8617
f 4218/4925/8618 4220/4927/8620 4221/4928/8621 4219/4926/8619
f 4220/4927/8620 4222/4929/8622 4223/4930/8623 4221/4928/8621
f 4222/4929/8622 4224/4931/8624 4225/4932/8625 4223/4930/8623
f 4224/4931/8624 4226/4933/8626 4227/4934/8627 4225/4932/8625
f 4226/4933/8626 4228/4935/8628 4229/4936/8629 4227/4934/8627
f 4228/4935/8628 4230/4937/8630 4231/4938/8631 4229/4936/8629
f 4230/4937/8630 4232/4939/8632 4233/4940/8633 4231/4938/8631
f 4232/4939/8632 4194/4941/8594 4197/4942/8597 4233/4940/8633
s 2
f 4133/4801/8634 4132/4800/8635 4172/4878/8636
f 4134/4802/8637 4133/4801/8634 4172/4878/8636
f 4135/4803/8638 4134/4802/8637 4172/4878/8636
f 4136/4804/8639 4135/4803/8638 4172/4878/8636
f 4137/4805/8640 4136/4804/8639 4172/4878/8636
f 4138/4806/8641 4137/4805/8640 4172/4878/8636
f 4139/4807/8642 4138/4806/8641 4172/4878/8636
f 4140/4808/8643 4139/4807/8642 4172/4878/8636
f 4141/4809/8644 4140/4808/8643 4172/4878/8636
f 4142/4810/8645 4141/4809/8644 4172/4878/8636
f 4143/4811/8646 4142/4810/8645 4172/4878/8636
f 4144/4812/8647 4143/4811/8646 4172/4878/8636
f 4145/4813/8648 4144/4812/8647 4172/4878/8636
f 4146/4814/8649 4145/4813/8648 4172/4878/8636
f 4147/4815/8650 4146/4814/8649 4172/4878/8636
f 4148/4816/8651 4147/4815/8650 4172/4878/8636
f 4149/4817/8652 4148/4816/8651 4172/4878/8636
f 4150/4818/8653 4149/4817/8652 4172/4878/8636
f 4151/4819/8654 4150/4818/8653 4172/4878/8636
f 4132/4800/8635 4151/4819/8654 4172/4878/8636
s 3
f 4152/4876/8655 4153/4875/8656 4173/4879/8657
f 4153/4875/8656 4154/4874/8658 4173/4879/8657
f 4154/4874/8658 4155/4873/8659 4173/4879/8657
f 4155/4873/8659 4156/4872/8660 4173/4879/8657
f 4156/4872/8660 4157/4871/8661 4173/4879/8657
f 4157/4871/8661 4158/4870/8662 4173/4879/8657
f 4158/4870/8662 4159/4869/8663 4173/4879/8657
f 4159/4869/8663 4160/4868/8664 4173/4879/8657
f 4160/4868/8664 4161/4848/8665 4173/4879/8657
f 4161/4848/8665 4162/4849/8666 4173/4879/8657
f 4162/4849/8666 4163/4867/8667 4173/4879/8657
f 4163/4867/8667 4164/4866/8668 4173/4879/8657
f 4164/4866/8668 4165/4865/8669 4173/4879/8657
f 4165/4865/8669 4166/4864/8670 4173/4879/8657
f 4166/4864/8670 4167/4863/8671 4173/4879/8657
f 4167/4863/8671 4168/4862/8672 4173/4879/8657
f 4168/4862/8672 4169/4861/8673 4173/4879/8657
f 4169/4861/8673 4170/4860/8674 4173/4879/8657
f 4170/4860/8674 4171/4877/8675 4173/4879/8657
f 4171/4877/8675 4152/4876/8655 4173/4879/8657
s 4
f 4175/4881/8676 4174/4880/8677 4166/4853/8678 4165/4852/8679
f 4176/4882/8680 4175/4881/8676 4165/4852/8679 4164/4851/8681
f 4177/4883/8682 4176/4882/8680 4164/4851/8681 4163/4850/8683
f 4178/4884/8684 4177/4883/8682 4163/4850/8683 4162/4849/8685
f 4179/4885/8686 4178/4884/8684 4162/4849/8685 4161/4848/8687
f 4180/4886/8688 4179/4885/8686 4161/4848/8687 4160/4847/8689
f 4181/4887/8690 4180/4886/8688 4160/4847/8689 4159/4846/8691
f 4182/4888/8692 4181/4887/8690 4159/4846/8691 4158/4845/8693
f 4183/4889/8694 4182/4888/8692 4158/4845/8693 4157/4844/8695
f 4184/4890/8696 4183/4889/8694 4157/4844/8695 4156/4843/8697
f 4185/4891/8698 4184/4890/8696 4156/4843/8697 4155/4842/8699
f 4186/4892/8700 4185/4891/8698 4155/4842/8699 4154/4841/8701
f 4187/4893/8702 4186/4892/8700 4154/4841/8701 4153/4840/8703
f 4188/4895/8704 4187/4893/8702 4153/4840/8703 4152/4839/8705
f 4189/4896/8706 4188/4894/8704 4152/4859/8705 4171/4858/8707
f 4190/4897/8708 4189/4896/8706 4171/4858/8707 4170/4857/8709
f 4191/4898/8710 4190/4897/8708 4170/4857/8709 4169/4856/8711
f 4192/4899/8712 4191/4898/8710 4169/4856/8711 4168/4855/8713
f 4193/4900/8714 4192/4899/8712 4168/4855/8713 4167/4854/8715
f 4174/4880/8677 4193/4900/8714 4167/4854/8715 4166/4853/8678
s off
f 4132/4820/8716 4133/4821/8717 4195/4902/8718 4194/4901/8719
f 4187/4893/8720 4188/4895/8721 4197/4904/8722 4196/4903/8723
f 4133/4821/8724 4134/4822/8725 4198/4905/8726 4195/4902/8727
f 4186/4892/8728 4187/4893/8729 4196/4903/8730 4199/4906/8731
f 4134/4822/8732 4135/4823/8733 4200/4907/8734 4198/4905/8735
f 4185/4891/8736 4186/4892/8737 4199/4906/8738 4201/4908/8739
f 4135/4823/8740 4136/4824/8741 4202/4909/8742 4200/4907/8743
f 4184/4890/8744 4185/4891/8745 4201/4908/8746 4203/4910/8747
f 4136/4824/8748 4137/4825/8749 4204/4911/8750 4202/4909/8751
f 4183/4889/8752 4184/4890/8753 4203/4910/8754 4205/4912/8755
f 4137/4825/8756 4138/4826/8757 4206/4913/8758 4204/4911/8759
f 4182/4888/8760 4183/4889/8761 4205/4912/8762 4207/4914/8763
f 4138/4826/8764 4139/4827/8765 4208/4915/8766 4206/4913/8767
f 4181/4887/8768 4182/4888/8769 4207/4914/8770 4209/4916/8771
f 4139/4827/8772 4140/4828/8773 4210/4917/8774 4208/4915/8775
f 4180/4886/8776 4181/4887/8777 4209/4916/8778 4211/4918/8779
f 4140/4828/8780 4141/4829/8781 4212/4919/8782 4210/4917/8783
f 4179/4885/8784 4180/4886/8785 4211/4918/8786 4213/4920/8787
f 4141/4829/8788 4142/4810/8789 4214/4921/8790 4212/4919/8791
f 4178/4884/8792 4179/4885/8793 4213/4920/8794 4215/4922/8795
f 4142/4810/8796 4143/4811/8797 4216/4923/8798 4214/4921/8799
f 4177/4883/8800 4178/4884/8801 4215/4922/8802 4217/4924/8803
f 4143/4811/8804 4144/4830/8805 4218/4925/8806 4216/4923/8807
f 4176/4882/8808 4177/4883/8809 4217/4924/8810 4219/4926/8811
f 4144/4830/8812 4145/4831/8813 4220/4927/8814 4218/4925/8815
f 4175/4881/8816 4176/4882/8817 4219/4926/8818 4221/4928/8819
f 4145/4831/8820 4146/4832/8821 4222/4929/8822 4220/4927/8823
f 4174/4880/8824 4175/4881/8825 4221/4928/8826 4223/4930/8827
f 4146/4832/8828 4147/4833/8829 4224/4931/8830 4222/4929/8831
f 4193/4900/8832 4174/4880/8833 4223/4930/8834 4225/4932/8835
f 4147/4833/8836 4148/4834/8837 4226/4933/8838 4224/4931/8839
f 4192/4899/8840 4193/4900/8841 4225/4932/8842 4227/4934/8843
f 4148/4834/8844 4149/4835/8845 4228/4935/8846 4226/4933/8847
f 4191/4898/8848 4192/4899/8849 4227/4934/8850 4229/4936/8851
f 4149/4835/8852 4150/4836/8853 4230/4937/8854 4228/4935/8855
f 4190/4897/8856 4191/4898/8857 4229/4936/8858 4231/4938/8859
f 4150/4836/8860 4151/4837/8861 4232/4939/8862 4230/4937/8863
f 4189/4896/8864 4190/4897/8865 4231/4938/8866 4233/4940/8867
f 4151/4837/8868 4132/4838/8869 4194/4941/8870 4232/4939/8871
f 4188/4894/8872 4189/4896/8873 4233/4940/8874 4197/4942/8875
