# This file uses centimeters as units for non-parametric coordinates.

mtllib Lamp_1_001.mtl
g default
v 12.936366 367.426697 -13.559547
v 23.751690 367.426697 -13.559547
v 29.158272 367.426697 -8.152966
v 29.158272 367.426697 6.370422
v 23.751690 367.426697 11.777008
v 12.936366 367.426697 11.777008
v 7.529685 367.426697 6.370487
v 7.529786 367.426697 -8.152966
v 12.936366 321.272278 -13.559547
v 7.529786 321.272278 -8.152966
v 7.529786 321.272278 6.370422
v 12.936366 321.272278 11.777008
v 23.751690 321.272278 11.777008
v 29.158371 321.272278 6.370487
v 29.158272 321.272278 -8.152966
v 23.751690 321.272278 -13.559547
v 23.851070 321.272278 12.009823
v 25.877090 321.272278 12.126110
v 25.822088 321.272278 13.033421
v 23.226479 321.272278 14.108551
v 23.881107 367.426697 12.080181
v 22.583269 367.426697 13.681412
v 23.226479 367.426697 14.108551
v 25.822088 367.426697 13.033421
v 12.806950 321.272278 12.080181
v 14.104788 321.272278 13.681412
v 13.461578 321.272278 14.108551
v 10.865969 321.272278 13.033421
v 12.836986 367.426697 12.009823
v 10.810966 367.426697 12.126110
v 10.865969 367.426697 13.033421
v 13.461578 367.426697 14.108551
v 5.837954 367.426697 5.328396
v 5.539463 367.426697 6.186443
v 6.614600 367.426697 8.782051
v 6.770186 321.272278 8.384113
v 6.614600 321.272278 8.782051
v 5.539463 321.272278 6.186443
v 5.714376 321.272278 6.313114
v 6.705666 321.272278 6.923817
v 29.917870 367.426697 8.384113
v 30.073456 367.426697 8.782051
v 31.148594 367.426697 6.186443
v 30.973680 367.426697 6.313114
v 29.982391 367.426697 6.923817
v 30.850103 321.272278 5.328396
v 31.148594 321.272278 6.186443
v 30.073456 321.272278 8.782051
v 6.705668 367.426697 -8.706354
v 6.614599 367.426697 -10.564590
v 5.539463 367.426697 -7.968979
v 7.243304 321.272278 -8.345335
v 5.539463 321.272278 -7.968979
v 6.614599 321.272278 -10.564590
v 7.337567 321.272278 -10.478848
v 29.444752 367.426697 -8.345335
v 31.148594 367.426697 -7.968979
v 30.073458 367.426697 -10.564590
v 29.350491 367.426697 -10.478848
v 29.444752 321.272278 -8.345335
v 29.350491 321.272278 -10.478848
v 30.073458 321.272278 -10.564590
v 31.148594 321.272278 -7.968979
v 23.881109 367.426697 -13.862728
v 25.822088 367.426697 -14.815962
v 23.226479 367.426697 -15.891098
v 22.583271 367.426697 -15.463963
v 23.881109 321.272278 -13.862728
v 22.583271 321.272278 -15.463963
v 23.226479 321.272278 -15.891098
v 25.822088 321.272278 -14.815962
v 12.836985 367.426697 -13.792364
v 13.461578 367.426697 -15.891098
v 10.865969 367.426697 -14.815962
v 10.810966 367.426697 -13.908659
v 12.492596 321.272278 -14.599150
v 10.865969 321.272278 -14.815962
v 13.461578 321.272278 -15.891098
vt 0.282468 0.016217
vt 0.280991 0.231006
vt 0.230660 0.230660
vt 0.232137 0.015871
vt 0.318051 0.016462
vt 0.316574 0.231251
vt 0.195078 0.230415
vt 0.196555 0.015627
vt 0.385638 0.016927
vt 0.384162 0.231715
vt 0.128967 0.015162
vt 0.127490 0.229951
vt 0.007471 0.014327
vt 0.043053 0.014572
vt 0.041577 0.229360
vt 0.005994 0.229115
vt 0.093384 0.014917
vt 0.091907 0.229706
vt 0.150912 0.580172
vt 0.137952 0.578472
vt 0.079032 0.588373
vt 0.138601 0.579366
vt 0.134646 0.591147
vt 0.075325 0.590725
vt 0.239334 0.449240
vt 0.239941 0.450454
vt 0.206914 0.554384
vt 0.196578 0.484388
vt 0.206830 0.478703
vt 0.201477 0.465294
vt 0.224490 0.441099
vt 0.071336 0.579876
vt 0.060119 0.585171
vt 0.033786 0.562968
vt 0.072157 0.578472
vt 0.034619 0.560857
vt 0.039265 0.550394
vt 0.034054 0.553194
vt 0.306800 0.448873
vt 0.321460 0.441099
vt 0.344532 0.466023
vt 0.306009 0.450454
vt 0.343697 0.468144
vt 0.339037 0.478648
vt 0.344271 0.475838
vt 0.181138 0.544679
vt 0.170927 0.550340
vt 0.176256 0.563695
vt 0.150508 0.585281
vt 0.201811 0.557152
vt 0.194747 0.553198
vt 0.194851 0.479609
vt 0.037287 0.473999
vt 0.027652 0.475826
vt 0.039265 0.474971
vt 0.028323 0.550120
vt 0.027310 0.549478
vt 0.341023 0.555360
vt 0.350697 0.553525
vt 0.339037 0.554384
vt 0.350028 0.478921
vt 0.351047 0.479564
vt 0.172131 0.462926
vt 0.172822 0.473998
vt 0.182457 0.475825
vt 0.182857 0.549438
vt 0.170844 0.474971
vt 0.306009 0.582578
vt 0.340330 0.566479
vt 0.072157 0.446893
vt 0.138740 0.445319
vt 0.010868 0.245240
vt 0.137952 0.446893
vt 0.239941 0.582578
vt 0.298871 0.592509
vt 0.119191 0.427218
vt 0.226957 0.584398
vt 0.037978 0.462926
vt 0.344417 0.566980
vt 0.033908 0.462427
vt 0.243149 0.438296
vt 0.302801 0.594736
vt 0.150548 0.440368
vt 0.227294 0.589130
vt 0.075352 0.434785
vt 0.281394 0.244958
vt 0.298871 0.440523
vt 0.270502 0.427021
vt 0.231795 0.245009
vt 0.226957 0.448634
vt 0.220904 0.427072
vt 0.186107 0.427109
vt 0.196999 0.245046
vt 0.305299 0.426984
vt 0.316190 0.244921
vt 0.130082 0.245116
vt 0.372215 0.426914
vt 0.383107 0.244851
vt 0.306800 0.584158
vt 0.034778 0.427306
vt 0.130844 0.437003
vt 0.045672 0.245204
vt 0.239334 0.583791
vt 0.084387 0.427254
vt 0.069457 0.441494
vt 0.095280 0.245152
vt 0.231985 0.427061
vt 0.281584 0.427009
vt 0.302801 0.438296
vt 0.084196 0.245164
vt 0.059561 0.440368
vt 0.095471 0.427242
vt 0.243149 0.594736
vt 0.034588 0.245215
vt 0.134757 0.434785
vt 0.045862 0.427294
vt 0.318657 0.589130
vt 0.119001 0.245127
vt 0.011058 0.427331
vt 0.176201 0.462426
vt 0.201468 0.567420
vt 0.130272 0.427128
vt 0.197189 0.427097
vt 0.316381 0.426973
vt 0.372025 0.244863
vt 0.383297 0.426903
vt 0.305109 0.244933
vt 0.185917 0.245057
vt 0.220714 0.245021
vt 0.270312 0.244969
vn -0.086654 0.000000 0.996239
vn -0.086654 0.000000 0.996239
vn 0.086654 0.000000 0.996239
vn 0.086654 0.000000 0.996239
vn -0.789292 0.000000 0.614018
vn -0.789292 0.000000 0.614018
vn -0.614018 0.000000 0.789292
vn -0.614018 0.000000 0.789292
vn 0.614018 0.000000 0.789292
vn 0.614018 0.000000 0.789292
vn 0.789292 0.000000 0.614018
vn 0.789292 0.000000 0.614018
vn -0.997947 0.000000 -0.064051
vn -0.997947 0.000000 -0.064051
vn -0.997947 0.000000 0.064052
vn -0.997947 0.000000 0.064052
vn 0.997947 0.000000 -0.064051
vn 0.997947 0.000000 -0.064051
vn 0.997947 0.000000 0.064052
vn 0.997947 0.000000 0.064052
vn 0.614018 0.000000 -0.789292
vn 0.614018 0.000000 -0.789292
vn 0.789292 0.000000 -0.614018
vn 0.789292 0.000000 -0.614018
vn -0.086654 0.000000 -0.996239
vn -0.086654 0.000000 -0.996239
vn 0.086654 0.000000 -0.996239
vn 0.086654 0.000000 -0.996239
vn -0.789292 0.000000 -0.614018
vn -0.789292 0.000000 -0.614018
vn -0.614018 0.000000 -0.789292
vn -0.614018 0.000000 -0.789292
vn 0.000000 0.000000 -1.000000
vn 0.000000 0.000000 -1.000000
vn 0.000000 0.000000 -1.000000
vn 0.000000 0.000000 -1.000000
vn 0.707107 0.000000 -0.707107
vn 0.707107 0.000000 -0.707107
vn 0.707107 0.000000 -0.707107
vn 0.707107 0.000000 -0.707107
vn -0.707107 0.000000 -0.707107
vn -0.707107 0.000000 -0.707107
vn -0.707107 0.000000 -0.707107
vn -0.707107 0.000000 -0.707107
vn 1.000000 0.000000 0.000000
vn 1.000000 0.000000 0.000000
vn 1.000000 0.000000 0.000000
vn 1.000000 0.000000 0.000000
vn -1.000000 0.000000 0.000000
vn -1.000000 0.000000 0.000000
vn -1.000000 0.000000 0.000000
vn -1.000000 0.000000 0.000000
vn 0.707107 -0.000000 0.707107
vn 0.707107 -0.000000 0.707107
vn 0.707107 -0.000000 0.707107
vn 0.707107 -0.000000 0.707107
vn -0.707107 -0.000000 0.707107
vn -0.707107 -0.000000 0.707107
vn -0.707107 -0.000000 0.707107
vn -0.707107 -0.000000 0.707107
vn 0.000000 -0.000000 1.000000
vn 0.000000 -0.000000 1.000000
vn 0.000000 -0.000000 1.000000
vn 0.000000 -0.000000 1.000000
vn 0.000000 1.000000 0.000000
vn 0.000000 1.000000 -0.000000
vn 0.000000 1.000000 0.000000
vn 0.000000 1.000000 0.000000
vn 0.000000 1.000000 -0.000005
vn 0.000000 1.000000 0.000002
vn 0.000000 1.000000 0.000000
vn 0.000000 1.000000 0.000004
vn 0.000000 1.000000 0.000008
vn 0.000000 1.000000 0.000000
vn 0.000000 1.000000 0.000000
vn 0.000000 1.000000 -0.000009
vn 0.000000 1.000000 0.000000
vn 0.000000 1.000000 -0.000010
vn 0.000000 1.000000 -0.000000
vn 0.000000 1.000000 -0.000008
vn 0.000000 1.000000 0.000007
vn 0.000000 1.000000 0.000000
vn 0.000000 1.000000 0.000007
vn 0.000000 1.000000 0.000005
vn 0.000000 1.000000 0.000000
vn 0.000000 1.000000 -0.000005
vn 0.000000 -1.000000 -0.000000
vn 0.000000 -1.000000 0.000005
vn 0.000000 -1.000000 -0.000003
vn 0.000000 -1.000000 -0.000000
vn 0.000000 -1.000000 -0.000000
vn 0.000000 -1.000000 0.000003
vn 0.000000 -1.000000 0.000008
vn 0.000000 -1.000000 -0.000000
vn 0.000000 -1.000000 0.000001
vn 0.000000 -1.000000 -0.000000
vn 0.000000 -1.000000 0.000002
vn 0.000000 -1.000000 0.000005
vn 0.000000 -1.000000 -0.000000
vn 0.000000 -1.000000 -0.000001
vn 0.000000 -1.000000 0.000006
vn 0.000000 -1.000000 0.000009
vn 0.000000 -1.000000 0.000002
vn 0.000000 -1.000000 -0.000000
vn 0.000000 -1.000000 -0.000000
vn 0.000000 -1.000000 -0.000006
vn 0.000000 -1.000000 -0.000000
vn 0.000000 -1.000000 -0.000006
vn 0.000000 -1.000000 0.000003
vn 0.000000 -1.000000 -0.000008
vn 0.000000 1.000000 0.000010
vn 0.000000 1.000000 0.000012
vn 0.000000 -1.000000 -0.000011
vn 0.000000 -1.000000 -0.000010
vn 0.000000 1.000000 0.000010
vn 0.000000 1.000000 0.000006
vn 0.000000 1.000000 -0.000013
vn 0.000000 1.000000 -0.000007
vn 0.000000 -1.000000 0.000014
vn 0.000000 -1.000000 0.000012
vn 0.000000 1.000000 0.000004
vn 0.000000 1.000000 -0.000002
vn 0.000000 1.000000 -0.000001
vn 0.000000 1.000000 0.000013
vn 0.000000 1.000000 0.000007
vn 0.000000 -1.000000 -0.000002
vn 0.000000 -1.000000 -0.000004
vn 0.000000 1.000000 0.000001
vn 0.000000 1.000000 0.000002
vn 0.000000 -1.000000 -0.000000
vn 0.000000 -1.000000 0.000005
vn 0.000000 1.000000 -0.000012
vn 0.000000 1.000000 -0.000014
vn 0.000000 -1.000000 -0.000008
vn 0.000000 -1.000000 0.000001
vn 0.000000 1.000000 0.000000
vn 0.000000 1.000000 0.000000
vn 0.000000 -1.000000 0.000005
vn 0.000000 -1.000000 0.000007
vn 0.000000 -1.000000 0.000013
vn 0.000000 -1.000000 0.000001
vn 0.000000 -1.000000 0.000005
s 1
g Lamp_1 Pillar_2
usemtl openPBRSurface4SG
f 32/107/1 27/89/2 20/130/3 23/88/4
f 35/123/5 37/93/6 28/129/7 31/91/8
f 24/108/9 19/86/10 48/127/11 42/94/12
f 51/122/13 53/96/14 38/128/15 34/92/16
f 63/125/17 57/97/18 43/124/19 47/95/20
f 71/114/21 65/100/22 58/119/23 62/72/24
f 78/110/25 73/104/26 66/116/27 70/102/28
f 54/118/29 50/76/30 74/112/31 77/106/32
s off
f 12/1/33 6/2/34 5/3/35 13/4/36
f 11/5/37 7/6/38 6/2/39 12/1/40
f 13/4/41 5/3/42 4/7/43 14/8/44
f 10/9/45 8/10/46 7/6/47 11/5/48
f 15/11/49 14/8/50 4/7/51 3/12/52
f 10/13/53 9/14/54 1/15/55 8/16/56
f 16/17/57 15/11/58 3/12/59 2/18/60
f 9/14/61 16/17/62 2/18/63 1/15/64
s 7
f 8/27/65 33/28/66 7/29/67
f 8/27/65 1/74/68 72/103/69 75/77/70
f 1/74/68 2/68/71 64/99/72 67/75/73
f 2/68/71 3/60/74 56/58/75 59/69/76
f 3/60/74 4/44/77 45/45/78 44/61/79
f 7/29/67 30/90/80 29/25/81 6/26/82
f 6/26/82 22/87/83 21/39/84 5/42/85
f 4/44/77 5/42/85 41/43/86 45/45/78
s 13
f 9/70/87 69/101/88 68/71/89 16/73/90
f 9/70/87 10/55/91 52/53/92 55/78/93
f 10/55/91 11/37/94 40/38/95 39/56/96
f 16/73/90 61/63/97 60/64/98 15/67/99
f 15/67/99 46/46/100 14/47/101
f 14/47/101 18/19/102 17/22/103 13/20/104
f 13/20/104 26/21/105 25/32/106 12/35/107
f 11/37/94 12/35/107 36/36/108 40/38/95
f 17/22/103 20/23/109 27/24/110 26/21/105 13/20/104
s 7
f 21/39/84 24/40/111 42/41/112 41/43/86 5/42/85
s 13
f 25/32/106 28/33/113 37/34/114 36/36/108 12/35/107
s 7
f 29/25/81 32/81/115 23/109/116 22/87/83 6/26/82
f 7/29/67 35/30/117 31/31/118 30/90/80
s 13
f 14/47/101 48/48/119 19/49/120 18/19/102
s 7
f 49/50/121 51/51/122 34/52/123 33/28/66 8/27/65
f 50/121/124 49/50/121 8/27/65 75/77/70 74/84/125
s 13
f 53/54/126 52/53/92 10/55/91 39/56/96 38/57/127
s 7
f 57/59/128 56/58/75 3/60/74 44/61/79 43/62/129
s 13
f 60/64/98 63/65/130 47/66/131 46/46/100 15/67/99
s 7
f 65/117/132 64/99/72 2/68/71 59/69/76 58/79/133
s 13
f 68/71/89 71/83/134 62/120/135 61/63/97 16/73/90
s 7
f 73/113/136 72/103/69 1/74/68 67/75/73 66/82/137
s 13
f 76/105/138 78/85/139 70/115/140 69/101/88 9/70/87
f 77/111/141 76/105/138 9/70/87 55/78/93 54/80/142
s 1
f 20/130/3 19/86/10 24/108/9 23/88/4
f 28/129/7 27/89/2 32/107/1 31/91/8
f 35/123/5 34/92/16 38/128/15 37/93/6
f 43/124/19 42/94/12 48/127/11 47/95/20
f 51/122/13 50/76/30 54/118/29 53/96/14
f 58/126/23 57/97/18 63/125/17 62/98/24
f 66/116/27 65/100/22 71/114/21 70/102/28
f 74/112/31 73/104/26 78/110/25 77/106/32
s 13
f 17/22/103 18/19/102 19/49/120 20/23/109
s 7
f 21/39/84 22/87/83 23/109/116 24/40/111
s 13
f 25/32/106 26/21/105 27/24/110 28/33/113
s 7
f 29/25/81 30/90/80 31/31/118 32/81/115
f 7/29/67 33/28/66 34/52/123 35/30/117
s 13
f 36/36/108 37/34/114 38/57/127 39/56/96 40/38/95
s 7
f 41/43/86 42/41/112 43/62/129 44/61/79 45/45/78
s 13
f 14/47/101 46/46/100 47/66/131 48/48/119
s 7
f 49/50/121 50/121/124 51/51/122
s 13
f 52/53/92 53/54/126 54/80/142 55/78/93
s 7
f 56/58/75 57/59/128 58/79/133 59/69/76
s 13
f 60/64/98 61/63/97 62/120/135 63/65/130
s 7
f 64/99/72 65/117/132 66/82/137 67/75/73
s 13
f 68/71/89 69/101/88 70/115/140 71/83/134
s 7
f 72/103/69 73/113/136 74/84/125 75/77/70
s 13
f 76/105/138 77/111/141 78/85/139
g default
v 5.843035 359.872467 -2.369251
v 5.850561 359.869110 -2.192837
v 5.911848 359.859375 -2.027487
v 6.020893 359.844269 -1.889396
v 6.167023 359.825165 -1.792075
v 6.335937 359.804047 -1.745046
v 6.511096 359.782898 -1.752922
v 6.675357 359.763824 -1.814925
v 6.812641 359.748718 -1.924989
v 6.909507 359.738983 -2.072340
v 6.956476 359.735657 -2.242554
v 6.948950 359.738983 -2.418967
v 6.887664 359.748718 -2.584314
v 6.778617 359.763824 -2.722408
v 6.632487 359.782898 -2.819733
v 6.463574 359.804047 -2.866755
v 6.288414 359.825165 -2.858883
v 6.124154 359.844269 -2.796880
v 5.986870 359.859375 -2.686816
v 5.890003 359.869110 -2.539464
v 6.218295 362.802032 -2.326644
v 6.225774 362.798340 -2.150238
v 6.286919 362.787506 -1.984908
v 6.395743 362.770660 -1.846837
v 6.541595 362.749420 -1.749548
v 6.710196 362.725861 -1.702558
v 6.885045 362.702301 -1.710470
v 7.049023 362.681030 -1.772501
v 7.186082 362.664124 -1.882592
v 7.282804 362.653290 -2.029960
v 7.329721 362.649506 -2.200177
v 7.322242 362.653229 -2.376587
v 7.261098 362.664062 -2.541917
v 7.152272 362.680908 -2.679984
v 7.006421 362.702179 -2.777277
v 6.837820 362.725739 -2.824267
v 6.662972 362.749298 -2.816359
v 6.498992 362.770569 -2.754321
v 6.361933 362.787445 -2.644233
v 6.265212 362.798309 -2.496865
v 6.639715 365.722290 -2.279524
v 6.647134 365.718140 -2.103122
v 6.708078 365.705933 -1.937815
v 6.816583 365.686859 -1.799784
v 6.962028 365.662811 -1.702538
v 7.130176 365.636108 -1.655596
v 7.304566 365.609344 -1.663556
v 7.468128 365.585266 -1.725638
v 7.604853 365.566040 -1.835766
v 7.701356 365.553680 -1.983157
v 7.748190 365.549377 -2.153386
v 7.740772 365.553528 -2.329788
v 7.679828 365.565704 -2.495095
v 7.571323 365.584747 -2.633129
v 7.425878 365.608826 -2.730375
v 7.257730 365.635529 -2.777317
v 7.083339 365.662231 -2.769354
v 6.919777 365.686401 -2.707272
v 6.783052 365.705597 -2.597144
v 6.686549 365.717926 -2.449753
v 7.124373 368.640259 -2.227314
v 7.131708 368.635590 -2.050920
v 7.192351 368.621613 -1.885641
v 7.300367 368.599609 -1.747662
v 7.445182 368.571747 -1.650483
v 7.612619 368.540802 -1.603617
v 7.786291 368.509766 -1.611656
v 7.949194 368.481689 -1.673810
v 8.085386 368.459290 -1.783997
v 8.181533 368.444763 -1.931424
v 8.228223 368.439606 -2.101669
v 8.220888 368.444244 -2.278063
v 8.160244 368.458252 -2.443337
v 8.052228 368.480255 -2.581317
v 7.907414 368.508057 -2.678495
v 7.739977 368.539032 -2.725361
v 7.566306 368.570068 -2.717323
v 7.403400 368.598175 -2.655169
v 7.267211 368.620544 -2.544986
v 7.171064 368.635071 -2.397555
v 7.702138 371.570770 -2.169531
v 7.709363 371.565582 -1.993149
v 7.769516 371.549103 -1.827922
v 7.876710 371.522949 -1.690022
v 8.020453 371.489716 -1.592951
v 8.186674 371.452637 -1.546211
v 8.359102 371.415314 -1.554369
v 8.520859 371.381439 -1.616638
v 8.656110 371.354309 -1.726912
v 8.751616 371.336609 -1.874407
v 8.798029 371.330017 -2.044680
v 8.790806 371.335205 -2.221062
v 8.730652 371.351685 -2.386289
v 8.623457 371.377808 -2.524185
v 8.479714 371.411041 -2.621260
v 8.313493 371.448120 -2.668003
v 8.141066 371.485443 -2.659838
v 7.979309 371.519348 -2.597573
v 7.844058 371.546448 -2.487294
v 7.748551 371.564178 -2.339804
v 8.412626 374.474915 -2.108239
v 8.419721 374.469208 -1.931868
v 8.479016 374.449280 -1.766713
v 8.584710 374.417053 -1.628944
v 8.726456 374.375702 -1.532039
v 8.890377 374.329315 -1.485491
v 9.060429 374.282410 -1.493855
v 9.219967 374.239532 -1.556310
v 9.353372 374.204956 -1.666743
v 9.447587 374.182007 -1.814345
v 9.493388 374.172943 -1.984669
v 9.486295 374.178650 -2.161040
v 9.426998 374.198608 -2.326195
v 9.321304 374.230835 -2.463964
v 9.179560 374.272156 -2.560869
v 9.015638 374.318542 -2.607418
v 8.845585 374.365448 -2.599053
v 8.686049 374.408325 -2.536598
v 8.552644 374.442932 -2.426165
v 8.458429 374.465912 -2.278563
v 9.343581 377.354095 -2.050995
v 9.350695 377.348450 -1.874621
v 9.408442 377.323792 -1.709557
v 9.511168 377.282501 -1.571959
v 9.648820 377.228668 -1.475300
v 9.807921 377.167542 -1.429029
v 9.972900 377.105133 -1.437691
v 10.127605 377.047485 -1.500425
v 10.256894 377.000336 -1.611100
v 10.348112 376.968231 -1.758876
v 10.392326 376.954315 -1.929292
v 10.385214 376.959961 -2.105666
v 10.327468 376.984650 -2.270730
v 10.224741 377.025909 -2.408329
v 10.087089 377.079742 -2.504991
v 9.927987 377.140900 -2.551258
v 9.763009 377.203278 -2.542600
v 9.608303 377.260895 -2.479867
v 9.479013 377.308105 -2.369191
v 9.387797 377.340210 -2.221411
v 10.593923 380.126129 -2.032814
v 10.602378 380.123444 -1.856432
v 10.658699 380.095612 -1.691379
v 10.757375 380.045319 -1.553813
v 10.888746 379.977539 -1.457202
v 11.039951 379.898834 -1.411003
v 11.196191 379.816956 -1.419736
v 11.342171 379.739929 -1.482545
v 11.463602 379.675262 -1.593288
v 11.548597 379.629333 -1.741120
v 11.588838 379.606537 -1.911567
v 11.580381 379.609222 -2.087953
v 11.524060 379.637085 -2.253006
v 11.425384 379.687378 -2.390568
v 11.294014 379.755188 -2.487179
v 11.142809 379.833862 -2.533379
v 10.986568 379.915741 -2.524645
v 10.840589 379.992767 -2.461836
v 10.719157 380.057434 -2.351093
v 10.634161 380.103394 -2.203261
v 12.238449 382.828735 -2.112923
v 12.248639 382.828888 -1.936612
v 12.302284 382.796722 -1.771448
v 12.394132 382.735443 -1.633604
v 12.515193 382.651093 -1.536569
v 12.653616 382.551849 -1.489841
v 12.795853 382.447510 -1.497999
v 12.927979 382.348206 -1.560240
v 13.037060 382.263672 -1.670471
v 13.112420 382.202271 -1.817906
v 13.146682 382.169891 -1.988111
v 13.136491 382.169800 -2.164422
v 13.082847 382.201935 -2.329586
v 12.990999 382.263214 -2.467430
v 12.869937 382.347595 -2.564465
v 12.731514 382.446838 -2.611189
v 12.589278 382.551178 -2.603031
v 12.457153 382.650482 -2.540790
v 12.348071 382.734955 -2.430559
v 12.272711 382.796417 -2.283124
v 14.615681 385.211548 -2.134204
v 14.613235 385.199493 -1.958029
v 14.641680 385.142975 -1.793143
v 14.698230 385.047607 -1.655684
v 14.777352 384.922699 -1.559109
v 14.871301 384.780457 -1.512870
v 14.970878 384.634827 -1.521492
v 15.066338 384.500122 -1.584134
v 15.148335 384.389435 -1.694662
v 15.208845 384.313660 -1.842260
v 15.241942 384.280212 -2.012473
v 15.244389 384.292297 -2.188649
v 15.215943 384.348785 -2.353535
v 15.159393 384.444183 -2.490994
v 15.080271 384.569061 -2.587569
v 14.986322 384.711304 -2.633812
v 14.886745 384.856934 -2.625186
v 14.791286 384.991638 -2.562544
v 14.709288 385.102325 -2.452015
v 14.648780 385.178131 -2.304421
v 17.841291 386.417542 -1.591585
v 17.802271 386.391968 -1.421253
v 17.772224 386.313934 -1.265712
v 17.754099 386.191040 -1.140185
v 17.749664 386.035278 -1.056957
v 17.759356 385.862061 -1.024179
v 17.782225 385.688171 -1.045059
v 17.816034 385.530731 -1.117550
v 17.857473 385.405090 -1.234561
v 17.902485 385.323608 -1.384632
v 17.946665 385.294189 -1.553075
v 17.985687 385.319794 -1.723407
v 18.015732 385.397858 -1.878948
v 18.033857 385.520752 -2.004478
v 18.038294 385.676453 -2.087703
v 18.028599 385.849731 -2.120481
v 18.005730 386.023560 -2.099601
v 17.971922 386.181030 -2.027113
v 17.930483 386.306671 -1.910102
v 17.885471 386.388184 -1.760032
v 21.241196 385.791168 -0.755898
v 21.192059 385.767456 -0.587935
v 21.124208 385.696228 -0.441243
v 21.044287 385.584625 -0.330178
v 20.960114 385.443390 -0.265619
v 20.879932 385.286469 -0.253873
v 20.811592 385.129211 -0.296102
v 20.761778 384.986969 -0.388168
v 20.735371 384.873688 -0.521058
v 20.734953 384.800446 -0.681763
v 20.760565 384.774445 -0.854553
v 20.809702 384.798157 -1.022519
v 20.877552 384.869354 -1.169212
v 20.957474 384.981018 -1.280272
v 21.041647 385.122223 -1.344840
v 21.121826 385.279144 -1.356578
v 21.190168 385.436401 -1.314348
v 21.239983 385.578644 -1.222283
v 21.266390 385.691925 -1.089393
v 21.266808 385.765167 -0.928691
v 23.892153 383.662292 -0.331762
v 23.847055 383.635406 -0.163137
v 23.765400 383.574890 -0.018699
v 23.655186 383.486664 0.087403
v 23.527195 383.379364 0.144794
v 23.393963 383.263489 0.147854
v 23.268524 383.150360 0.096284
v 23.163164 383.051086 -0.004876
v 23.088192 382.975372 -0.145714
v 23.050947 382.930603 -0.312449
v 23.055077 382.921204 -0.488756
v 23.100176 382.948059 -0.657377
v 23.181831 383.008606 -0.801811
v 23.292048 383.096802 -0.907918
v 23.420036 383.204132 -0.965308
v 23.553270 383.320007 -0.968368
v 23.678707 383.433136 -0.916794
v 23.784069 383.532410 -0.815638
v 23.859039 383.608124 -0.674801
v 23.896286 383.652893 -0.508065
v 25.743521 381.036682 -0.268950
v 25.698895 381.009155 -0.100308
v 25.611418 380.956757 0.043883
v 25.489653 380.884583 0.149509
v 25.345518 380.799744 0.206229
v 25.193121 380.710541 0.208491
v 25.047384 380.625641 0.156071
v 24.922569 380.553467 0.054106
v 24.830894 380.500977 -0.087427
v 24.781336 380.473358 -0.254674
v 24.778740 380.473328 -0.431259
v 24.823366 380.500854 -0.599904
v 24.910841 380.553253 -0.744092
v 25.032608 380.625397 -0.849718
v 25.176743 380.710266 -0.906441
v 25.329136 380.799469 -0.908700
v 25.474876 380.884338 -0.856284
v 25.599691 380.956543 -0.754318
v 25.691364 381.009033 -0.612786
v 25.740925 381.036621 -0.445538
v 27.153824 378.245361 -0.334497
v 27.108208 378.219757 -0.165812
v 27.016838 378.175018 -0.021458
v 26.888653 378.115479 0.084434
v 26.736202 378.046967 0.141502
v 26.574413 377.976196 0.144158
v 26.419119 377.910126 0.092139
v 26.285519 377.855164 -0.009458
v 26.186695 377.816742 -0.150688
v 26.132315 377.798584 -0.317737
v 26.127710 377.802521 -0.494238
v 26.173326 377.828094 -0.662923
v 26.264698 377.872833 -0.807278
v 26.392883 377.932373 -0.913174
v 26.545332 378.000885 -0.970238
v 26.707123 378.071655 -0.972894
v 26.862419 378.137726 -0.920879
v 26.996017 378.192657 -0.819278
v 27.094843 378.231110 -0.678048
v 27.149220 378.249268 -0.511002
v 28.256161 375.337585 -0.440155
v 28.208979 375.316132 -0.271327
v 28.114288 375.280121 -0.126667
v 27.981358 375.233063 -0.020335
v 27.823200 375.179596 0.037258
v 27.655298 375.124939 0.040477
v 27.494083 375.074432 -0.010998
v 27.355341 375.033020 -0.112118
v 27.252651 375.004761 -0.252999
v 27.196062 374.992462 -0.419842
v 27.191118 374.997284 -0.596311
v 27.238300 375.018707 -0.765139
v 27.332989 375.054718 -0.909803
v 27.465919 375.101746 -1.016132
v 27.624079 375.155243 -1.073725
v 27.791981 375.209930 -1.076940
v 27.953196 375.260406 -1.025469
v 28.091938 375.301788 -0.924344
v 28.194630 375.330017 -0.783467
v 28.251217 375.342377 -0.616628
v 29.048447 372.474701 -0.535607
v 28.999866 372.458282 -0.366608
v 28.902672 372.431244 -0.221646
v 28.766380 372.396332 -0.114917
v 28.604332 372.356812 -0.056856
v 28.432388 372.316681 -0.053156
v 28.267382 372.279816 -0.104175
v 28.125463 372.249786 -0.204922
v 28.020527 372.229614 -0.345533
v 27.962843 372.221252 -0.512241
v 27.958055 372.225464 -0.688734
v 28.006638 372.241913 -0.857729
v 28.103832 372.268921 -1.002687
v 28.240124 372.303894 -1.109420
v 28.402170 372.343353 -1.167477
v 28.574114 372.383514 -1.171177
v 28.739122 372.420380 -1.120158
v 28.881039 372.450378 -1.019415
v 28.985975 372.470581 -0.878804
v 29.043659 372.478943 -0.712096
v 29.624619 369.583527 -0.614516
v 29.575266 369.570892 -0.445415
v 29.476744 369.550476 -0.300274
v 29.338694 369.524231 -0.193303
v 29.174637 369.494659 -0.134972
v 29.000628 369.464783 -0.130994
v 28.833698 369.437439 -0.181751
v 28.690193 369.415283 -0.282284
v 28.584154 369.400543 -0.422740
v 28.525967 369.394684 -0.589384
v 28.521322 369.398193 -0.765893
v 28.570677 369.410797 -0.934995
v 28.669199 369.431244 -1.080132
v 28.807245 369.457520 -1.187103
v 28.971304 369.487030 -1.245434
v 29.145311 369.516937 -1.249416
v 29.312243 369.544312 -1.198655
v 29.455748 369.566467 -1.098126
v 29.561787 369.581146 -0.957666
v 29.619974 369.587036 -0.791026
v 30.064808 366.709442 -0.678262
v 30.015097 366.699127 -0.509109
v 29.915991 366.682465 -0.363885
v 29.777195 366.661041 -0.256806
v 29.612289 366.636932 -0.198352
v 29.437420 366.612610 -0.194251
v 29.269703 366.590332 -0.244897
v 29.125557 366.572357 -0.345335
v 29.019091 366.560364 -0.485735
v 28.960724 366.555603 -0.652348
v 28.956175 366.558533 -0.828869
v 29.005888 366.568817 -0.998026
v 29.104992 366.585480 -1.143246
v 29.243792 366.606934 -1.250325
v 29.408695 366.631012 -1.308779
v 29.583565 366.655365 -1.312880
v 29.751280 366.677643 -1.262238
v 29.895428 366.695618 -1.161800
v 30.001894 366.707611 -1.021400
v 30.060259 366.712372 -0.854787
v 30.442017 363.817474 -0.731583
v 30.392141 363.808411 -0.562410
v 30.292789 363.793610 -0.417151
v 30.153687 363.774506 -0.310032
v 29.988443 363.752991 -0.251526
v 29.813240 363.731140 -0.247378
v 29.645226 363.711182 -0.297980
v 29.500847 363.694946 -0.398386
v 29.394238 363.684082 -0.538763
v 29.335829 363.679657 -0.705375
v 29.331341 363.682068 -0.881908
v 29.381216 363.691162 -1.051081
v 29.480570 363.705963 -1.196337
v 29.619673 363.725037 -1.303460
v 29.784914 363.746582 -1.361961
v 29.960117 363.768372 -1.366113
v 30.128130 363.788391 -1.315508
v 30.272511 363.804626 -1.215106
v 30.379122 363.815491 -1.074725
v 30.437531 363.819916 -0.908116
v 30.790159 360.943695 -0.777040
v 30.740210 360.935242 -0.607855
v 30.640760 360.921265 -0.462584
v 30.501547 360.903076 -0.355446
v 30.336191 360.882477 -0.296932
v 30.160883 360.861511 -0.292768
v 29.992781 360.842224 -0.343362
v 29.848341 360.826508 -0.443756
v 29.741703 360.815857 -0.584132
v 29.683304 360.811371 -0.750741
v 29.678862 360.813446 -0.927282
v 29.728807 360.821899 -1.096463
v 29.828257 360.835938 -1.241738
v 29.967474 360.854095 -1.348873
v 30.132830 360.874664 -1.407387
v 30.308140 360.895630 -1.411551
v 30.476238 360.914917 -1.360961
v 30.620678 360.930664 -1.260563
v 30.727316 360.941284 -1.120190
v 30.785715 360.945770 -0.953577
v 7.594788 359.641937 -1.064697
v 7.742718 359.625305 -1.159724
v 7.854329 359.613647 -1.296092
v 7.918697 359.608124 -1.460458
v 7.929521 359.609222 -1.636729
v 7.885740 359.616913 -1.807648
v 7.791642 359.630371 -1.956492
v 7.656436 359.648315 -2.068684
v 7.493359 359.669006 -2.133244
v 7.318371 359.690369 -2.143855
v 7.148604 359.710327 -2.099473
v 7.000675 359.726990 -2.004447
v 6.889063 359.738647 -1.868079
v 6.824695 359.744202 -1.703713
v 6.813872 359.743073 -1.527442
v 6.857653 359.735382 -1.356519
v 6.951750 359.721924 -1.207678
v 7.086957 359.703949 -1.095486
v 7.250035 359.683319 -1.030923
v 7.425021 359.661926 -1.020316
v 7.966667 362.545227 -1.022476
v 8.114351 362.526642 -1.117530
v 8.225789 362.513611 -1.253922
v 8.290072 362.507446 -1.418295
v 8.300911 362.508667 -1.594562
v 8.257240 362.517212 -1.765474
v 8.163340 362.532227 -1.914294
v 8.028397 362.552246 -2.026455
v 7.865623 362.575256 -2.090982
v 7.690951 362.599091 -2.101557
v 7.521478 362.621368 -2.057140
v 7.373796 362.639893 -1.962086
v 7.262358 362.652924 -1.825695
v 7.198074 362.659119 -1.661321
v 7.187236 362.657867 -1.485054
v 7.230906 362.649353 -1.314142
v 7.324808 362.634369 -1.165322
v 7.459750 362.614349 -1.053161
v 7.622524 362.591309 -0.988634
v 7.797194 362.567474 -0.978059
v 8.383182 365.431519 -0.975903
v 8.530499 365.410461 -1.070993
v 8.641676 365.395660 -1.207412
v 8.705831 365.388550 -1.371802
v 8.716681 365.389893 -1.548073
v 8.673168 365.399475 -1.718965
v 8.579548 365.416443 -1.867750
v 8.444987 365.439087 -1.979874
v 8.282657 365.465179 -2.044350
v 8.108446 365.492188 -2.054870
v 7.939409 365.517456 -2.010409
v 7.792092 365.538544 -1.915311
v 7.680914 365.553375 -1.778892
v 7.616761 365.560455 -1.614506
v 7.605910 365.559113 -1.438235
v 7.649424 365.549530 -1.267343
v 7.743042 365.532562 -1.118554
v 7.877604 365.509949 -1.006438
v 8.039934 365.483826 -0.941962
v 8.214145 365.456818 -0.931438
v 8.860239 368.303925 -0.924503
v 9.006975 368.279358 -1.019661
v 9.117733 368.262054 -1.156124
v 9.181669 368.253662 -1.320537
v 9.192527 368.255035 -1.496804
v 9.149244 368.266022 -1.667672
v 9.056056 368.285553 -1.816413
v 8.922086 368.311707 -1.928470
v 8.760446 368.341949 -1.992871
v 8.586959 368.373322 -2.003315
v 8.418609 368.402740 -1.958779
v 8.271873 368.427277 -1.863621
v 8.161116 368.444611 -1.727158
v 8.097179 368.453003 -1.562745
v 8.086320 368.451630 -1.386478
v 8.129603 368.440643 -1.215610
v 8.222792 368.421112 -1.066869
v 8.356762 368.394928 -0.954812
v 8.518403 368.364685 -0.890411
v 8.691889 368.333344 -0.879967
v 9.425119 371.169525 -0.868002
v 9.570833 371.139801 -0.963259
v 9.680841 371.118713 -1.099798
v 9.744376 371.108276 -1.264251
v 9.755216 371.109528 -1.440522
v 9.712299 371.122406 -1.611350
v 9.619829 371.145538 -1.760024
v 9.486857 371.176758 -1.871977
v 9.326398 371.212952 -1.936267
v 9.154159 371.250610 -1.946584
v 8.987001 371.286011 -1.901929
v 8.841286 371.315735 -1.806672
v 8.731277 371.336823 -1.670134
v 8.667745 371.347229 -1.505680
v 8.656904 371.346008 -1.329413
v 8.699821 371.333130 -1.158581
v 8.792291 371.309998 -1.009911
v 8.925263 371.278778 -0.897954
v 9.085723 371.242554 -0.833668
v 9.257960 371.204926 -0.823347
v 10.111632 373.976624 -0.808743
v 10.255354 373.938843 -0.904170
v 10.363870 373.911713 -1.040835
v 10.426556 373.897858 -1.205360
v 10.437275 373.898621 -1.381639
v 10.394979 373.914001 -1.552416
v 10.303810 373.942383 -1.700978
v 10.172690 373.981079 -1.812777
v 10.014454 374.026306 -1.876872
v 9.844592 374.073578 -1.886995
v 9.679731 374.118286 -1.842145
v 9.536008 374.156067 -1.746713
v 9.427493 374.183197 -1.610052
v 9.364807 374.197083 -1.445527
v 9.354088 374.196289 -1.269245
v 9.396382 374.180939 -1.098468
v 9.487553 374.152496 -0.949909
v 9.618673 374.113800 -0.838107
v 9.776909 374.068604 -0.774011
v 9.946771 374.021332 -0.763893
v 10.993702 376.706482 -0.754350
v 11.133020 376.655212 -0.850035
v 11.238126 376.617676 -0.986899
v 11.298730 376.597443 -1.151547
v 11.308901 376.596558 -1.327857
v 11.267642 376.615082 -1.498575
v 11.178992 376.651184 -1.646986
v 11.051629 376.701385 -1.758571
v 10.898020 376.760712 -1.822396
v 10.733203 376.823364 -1.832221
v 10.573308 376.883270 -1.787081
v 10.433989 376.934479 -1.691395
v 10.328883 376.972076 -1.554532
v 10.268279 376.992279 -1.389884
v 10.258109 376.993164 -1.213573
v 10.299368 376.974670 -1.042856
v 10.388019 376.938538 -0.894445
v 10.515380 376.888336 -0.782864
v 10.668989 376.829041 -0.719035
v 10.833807 376.766327 -0.709210
v 12.170088 379.313934 -0.736796
v 12.301167 379.244385 -0.832553
v 12.399429 379.191589 -0.969472
v 12.455254 379.160736 -1.134159
v 12.463177 379.154846 -1.310490
v 12.422421 379.174500 -1.481203
v 12.336980 379.217743 -1.629591
v 12.215213 379.280365 -1.741124
v 12.069042 379.356262 -1.804885
v 11.912775 379.437958 -1.814639
v 11.761706 379.517456 -1.769424
v 11.630626 379.587036 -1.673671
v 11.532366 379.639832 -1.536747
v 11.476542 379.670685 -1.372060
v 11.468618 379.676575 -1.195730
v 11.509372 379.656921 -1.025016
v 11.594814 379.613678 -0.876632
v 11.716581 379.551025 -0.765096
v 11.862753 379.475128 -0.701334
v 12.019020 379.393463 -0.691581
v 13.692852 381.820953 -0.811894
v 13.810937 381.730499 -0.907116
v 13.898539 381.660614 -1.043598
v 13.947082 381.618011 -1.207984
v 13.951815 381.607025 -1.384184
v 13.912275 381.628632 -1.554948
v 13.832332 381.680695 -1.703559
v 13.719812 381.758209 -1.815473
v 13.585727 381.853516 -1.879734
v 13.443206 381.957275 -1.890051
v 13.306196 382.059387 -1.845416
v 13.188111 382.149811 -1.750195
v 13.100510 382.219727 -1.613712
v 13.051966 382.262299 -1.449326
v 13.047235 382.273315 -1.273127
v 13.086773 382.251709 -1.102362
v 13.166717 382.199585 -0.953752
v 13.279237 382.122131 -0.841834
v 13.413321 382.026825 -0.777576
v 13.555842 381.923065 -0.767259
v 15.558911 383.709656 -0.838769
v 15.646371 383.589600 -0.934320
v 15.714820 383.501190 -1.071013
v 15.757556 383.453003 -1.235462
v 15.770398 383.449829 -1.411575
v 15.752088 383.491974 -1.582105
v 15.704417 383.575256 -1.730366
v 15.632053 383.691528 -1.841843
v 15.542080 383.829498 -1.905617
v 15.443304 383.975555 -1.915458
v 15.345394 384.115448 -1.870394
v 15.257934 384.235474 -1.774843
v 15.189486 384.323944 -1.638146
v 15.146749 384.372070 -1.473696
v 15.133907 384.375244 -1.297584
v 15.152218 384.333160 -1.127054
v 15.199888 384.249878 -0.978797
v 15.272252 384.133545 -0.867320
v 15.362226 383.995605 -0.803542
v 15.461001 383.849579 -0.793701
v 17.756924 384.536926 -0.460321
v 17.796240 384.399170 -0.563569
v 17.840542 384.301819 -0.704121
v 17.885494 384.254486 -0.868217
v 17.926691 384.261749 -1.039795
v 17.960106 384.322906 -1.202061
v 17.982466 384.432037 -1.339135
v 17.991579 384.578369 -1.437592
v 17.986561 384.747589 -1.487797
v 17.967896 384.923187 -1.484839
v 17.937410 385.087952 -1.429002
v 17.898094 385.225708 -1.325753
v 17.853792 385.323059 -1.185206
v 17.808842 385.370422 -1.021110
v 17.767643 385.363098 -0.849527
v 17.734228 385.301941 -0.687261
v 17.711868 385.192841 -0.550191
v 17.702753 385.046509 -0.451735
v 17.707775 384.877289 -0.401526
v 17.726440 384.701691 -0.404483
v 20.196146 384.085297 0.150498
v 20.161528 383.960968 0.029946
v 20.152313 383.873383 -0.123130
v 20.169405 383.831116 -0.293744
v 20.211130 383.838287 -0.465204
v 20.273399 383.894226 -0.620717
v 20.350124 383.993439 -0.745064
v 20.433792 384.126221 -0.826070
v 20.516211 384.279541 -0.855807
v 20.589315 384.438416 -0.831370
v 20.645947 384.587341 -0.755144
v 20.680563 384.711670 -0.634591
v 20.689779 384.799286 -0.481515
v 20.672688 384.841553 -0.310897
v 20.630964 384.834381 -0.139442
v 20.568691 384.778442 0.016076
v 20.491966 384.679230 0.140419
v 20.408300 384.546448 0.221429
v 20.325882 384.393127 0.251166
v 20.252777 384.234222 0.226728
v 22.326900 382.358765 0.489499
v 22.240818 382.274261 0.360523
v 22.190401 382.218536 0.200703
v 22.180582 382.197052 0.025678
v 22.212320 382.211945 -0.147413
v 22.282515 382.261749 -0.301628
v 22.384291 382.341583 -0.421875
v 22.507685 382.443634 -0.496378
v 22.640621 382.557892 -0.517850
v 22.770084 382.673187 -0.484187
v 22.883404 382.778259 -0.398683
v 22.969486 382.862793 -0.269704
v 23.019905 382.918488 -0.109887
v 23.029724 382.939972 0.065137
v 22.997984 382.925079 0.238228
v 22.927790 382.875275 0.392444
v 22.826014 382.795441 0.512690
v 22.702618 382.693390 0.587194
v 22.569683 382.579132 0.608666
v 22.440218 382.463806 0.575003
v 23.985775 380.001007 0.544297
v 23.881874 379.941284 0.414583
v 23.817518 379.904968 0.254179
v 23.799009 379.895569 0.078797
v 23.828157 379.914093 -0.094401
v 23.902107 379.958679 -0.248462
v 24.013622 380.024933 -0.368303
v 24.151787 380.106415 -0.442195
v 24.303076 380.195160 -0.462901
v 24.452681 380.282440 -0.428397
v 24.585955 380.359741 -0.342064
v 24.689856 380.419464 -0.212349
v 24.754211 380.455811 -0.051945
v 24.772722 380.465179 0.123436
v 24.743574 380.446655 0.296635
v 24.669622 380.402069 0.450695
v 24.558107 380.335815 0.570537
v 24.419941 380.254333 0.644429
v 24.268654 380.165619 0.665135
v 24.119049 380.078308 0.630630
v 25.295958 377.406433 0.482945
v 25.184275 377.361969 0.353552
v 25.114260 377.336792 0.193391
v 25.092768 377.333282 0.018128
v 25.121901 377.351807 -0.155066
v 25.198807 377.390564 -0.309250
v 25.315960 377.445770 -0.429330
v 25.461891 377.511993 -0.503543
v 25.622313 377.582794 -0.524634
v 25.781527 377.651184 -0.490535
v 25.923944 377.710510 -0.404583
v 26.035627 377.754913 -0.275190
v 26.105640 377.780182 -0.115028
v 26.127132 377.783661 0.060231
v 26.098001 377.765106 0.233429
v 26.021093 377.726379 0.387613
v 25.903942 377.671173 0.507688
v 25.758011 377.604919 0.581906
v 25.597588 377.534149 0.602993
v 25.438374 377.465759 0.568897
v 26.328840 374.681580 0.383679
v 26.212816 374.648560 0.254687
v 26.140007 374.630707 0.094779
v 26.117538 374.629761 -0.080388
v 26.147610 374.645813 -0.253670
v 26.227278 374.677307 -0.408108
v 26.348747 374.721130 -0.528584
v 26.500124 374.773041 -0.603302
v 26.666590 374.827881 -0.624945
v 26.831854 374.880371 -0.591405
v 26.979733 374.925323 -0.505957
v 27.095757 374.958313 -0.376965
v 27.168568 374.976166 -0.217057
v 27.191036 374.977112 -0.041890
v 27.160961 374.961029 0.131396
v 27.081293 374.929565 0.285833
v 26.959826 374.885712 0.406310
v 26.808449 374.833832 0.481024
v 26.641983 374.778961 0.502671
v 26.476721 374.726501 0.469127
v 27.073517 371.989746 0.293919
v 26.954908 371.966064 0.165237
v 26.880602 371.953583 0.005508
v 26.857866 371.953583 -0.169631
v 26.888935 371.966064 -0.343032
v 26.970762 371.989838 -0.497728
v 27.095339 372.022461 -0.618574
v 27.250469 372.060852 -0.693740
v 27.420971 372.101227 -0.715867
v 27.590151 372.139618 -0.682792
v 27.741453 372.172272 -0.597752
v 27.860060 372.195984 -0.469067
v 27.934368 372.208466 -0.309341
v 27.957100 372.208435 -0.134206
v 27.926031 372.195953 0.039199
v 27.844204 372.172241 0.193895
v 27.719629 372.139587 0.314741
v 27.564499 372.101196 0.389907
v 27.393995 372.060791 0.412034
v 27.224817 372.022400 0.378963
v 27.625063 369.220551 0.218348
v 27.505175 369.203156 0.089837
v 27.430159 369.194214 -0.069793
v 27.407351 369.194580 -0.244921
v 27.438984 369.204254 -0.418401
v 27.521967 369.222260 -0.573251
v 27.648174 369.246887 -0.694320
v 27.805252 369.275635 -0.769748
v 27.977821 369.305725 -0.792161
v 28.148994 369.334259 -0.759355
v 28.302015 369.358398 -0.674546
v 28.421900 369.375793 -0.546035
v 28.496920 369.384705 -0.386405
v 28.519730 369.384369 -0.211281
v 28.488091 369.374664 -0.037797
v 28.405109 369.356628 0.117053
v 28.278904 369.332092 0.238121
v 28.121826 369.303314 0.313550
v 27.949255 369.273193 0.335959
v 27.778082 369.244659 0.303157
v 28.054850 366.413544 0.156095
v 27.934456 366.399414 0.027659
v 27.859175 366.392181 -0.131935
v 27.836372 366.392548 -0.307059
v 27.868279 366.400452 -0.480579
v 27.951771 366.415192 -0.635504
v 28.078684 366.435211 -0.756672
v 28.236582 366.458679 -0.832223
v 28.410019 366.483215 -0.854755
v 28.582014 366.506439 -0.822069
v 28.735729 366.526062 -0.737363
v 28.856121 366.540222 -0.608923
v 28.931402 366.547455 -0.449333
v 28.954206 366.547089 -0.274205
v 28.922298 366.539185 -0.100685
v 28.838802 366.524445 0.054240
v 28.711895 366.504425 0.175408
v 28.553993 366.480988 0.250959
v 28.380558 366.456451 0.273491
v 28.208565 366.433228 0.240805
v 28.427902 363.553162 0.103358
v 28.307335 363.540375 -0.025054
v 28.231974 363.533752 -0.184633
v 28.209200 363.533875 -0.359768
v 28.241238 363.540802 -0.533304
v 28.324953 363.553802 -0.688262
v 28.452154 363.571686 -0.809469
v 28.610382 363.592621 -0.885064
v 28.784159 363.614563 -0.907648
v 28.956465 363.635437 -0.875001
v 29.110437 363.653107 -0.790331
v 29.231007 363.665924 -0.661919
v 29.306368 363.672546 -0.502337
v 29.329142 363.672394 -0.327205
v 29.297104 363.665497 -0.153669
v 29.213388 363.652466 0.001289
v 29.086187 363.634613 0.122496
v 28.927959 363.613678 0.198091
v 28.754183 363.591705 0.220674
v 28.581875 363.570831 0.188031
v 28.774626 360.691040 0.058087
v 28.654020 360.678558 -0.070317
v 28.578655 360.671967 -0.229899
v 28.555914 360.671844 -0.405035
v 28.588017 360.678253 -0.578583
v 28.671822 360.690552 -0.733552
v 28.799129 360.707489 -0.854775
v 28.957474 360.727478 -0.930382
v 29.131359 360.748566 -0.952978
v 29.303759 360.768646 -0.920351
v 29.457804 360.785706 -0.835689
v 29.578409 360.798187 -0.707277
v 29.653772 360.804840 -0.547698
v 29.676516 360.804932 -0.372563
v 29.644411 360.798553 -0.199015
v 29.560608 360.786255 -0.044050
v 29.433300 360.769287 0.077173
v 29.274956 360.749329 0.152784
v 29.101070 360.728241 0.175380
v 28.928669 360.708191 0.142749
v 7.843097 359.641937 -3.246892
v 7.687640 359.661926 -3.328279
v 7.514743 359.683319 -3.357256
v 7.341330 359.703949 -3.330982
v 7.184374 359.721924 -3.252037
v 7.059242 359.735382 -3.128140
v 6.978181 359.743073 -2.971424
v 6.949124 359.744202 -2.797225
v 6.974920 359.738647 -2.622606
v 7.053040 359.726990 -2.464643
v 7.175838 359.710327 -2.338811
v 7.331294 359.690369 -2.257424
v 7.504192 359.669006 -2.228449
v 7.677605 359.648315 -2.254717
v 7.834560 359.630371 -2.333666
v 7.959692 359.616913 -2.457565
v 8.040753 359.609222 -2.614277
v 8.069809 359.608124 -2.788476
v 8.044015 359.613647 -2.963099
v 7.965895 359.625305 -3.121062
v 8.214948 362.544952 -3.204674
v 8.059785 362.567261 -3.286029
v 7.887202 362.591064 -3.314970
v 7.714094 362.614105 -3.288665
v 7.557405 362.634155 -3.209684
v 7.432472 362.649170 -3.085767
v 7.351526 362.657745 -2.929035
v 7.322488 362.658997 -2.754837
v 7.348204 362.652832 -2.580225
v 7.426156 362.639862 -2.422282
v 7.548709 362.621338 -2.296478
v 7.703872 362.599091 -2.215127
v 7.876454 362.575256 -2.186184
v 8.049562 362.552216 -2.212491
v 8.206253 362.532166 -2.291468
v 8.331184 362.517151 -2.415387
v 8.412131 362.508575 -2.572115
v 8.441168 362.507294 -2.746314
v 8.415453 362.513458 -2.920929
v 8.337502 362.526459 -3.078868
v 8.631329 365.430359 -3.158115
v 8.476593 365.455597 -3.239423
v 8.304470 365.482605 -3.268311
v 8.131811 365.508789 -3.241954
v 7.975514 365.531494 -3.162935
v 7.850882 365.548584 -3.038980
v 7.770111 365.558380 -2.882229
v 7.741109 365.559875 -2.708030
v 7.766715 365.552979 -2.533426
v 7.844423 365.538330 -2.375511
v 7.966625 365.517365 -2.249747
v 8.121361 365.492126 -2.168439
v 8.293483 365.465118 -2.139552
v 8.466142 365.438965 -2.165906
v 8.622439 365.416229 -2.244931
v 8.747072 365.399109 -2.368882
v 8.827843 365.389374 -2.525630
v 8.856844 365.387848 -2.699832
v 8.831238 365.394775 -2.874436
v 8.753530 365.409424 -3.032351
v 9.108002 368.300507 -3.106759
v 8.953931 368.329681 -3.187994
v 8.782530 368.360992 -3.216804
v 8.610577 368.391418 -3.190371
v 8.454905 368.417877 -3.111285
v 8.330750 368.437866 -2.987283
v 8.250268 368.449341 -2.830499
v 8.221334 368.451294 -2.656292
v 8.246782 368.443420 -2.481705
v 8.324123 368.426544 -2.323830
v 8.445783 368.402313 -2.198125
v 8.599854 368.373138 -2.116889
v 8.771255 368.341827 -2.088077
v 8.943208 368.311432 -2.114511
v 9.098880 368.284943 -2.193595
v 9.223034 368.264954 -2.317601
v 9.303516 368.253479 -2.474381
v 9.332450 368.251526 -2.648591
v 9.307001 368.259399 -2.823179
v 9.229662 368.276276 -2.981050
v 9.671834 371.160797 -3.050362
v 9.518894 371.195709 -3.131486
v 9.348733 371.233276 -3.160172
v 9.178005 371.269836 -3.133618
v 9.023422 371.301788 -3.054423
v 8.900117 371.326050 -2.930334
v 8.820158 371.340179 -2.773502
v 8.791375 371.342896 -2.599276
v 8.816583 371.333801 -2.424716
v 8.893315 371.313873 -2.266900
v 9.014060 371.285065 -2.141286
v 9.167000 371.250153 -2.060162
v 9.337161 371.212555 -2.031476
v 9.507890 371.175995 -2.058030
v 9.662472 371.144012 -2.137225
v 9.785777 371.119781 -2.261311
v 9.865735 371.105621 -2.418146
v 9.894518 371.102997 -2.592368
v 9.869311 371.112030 -2.766932
v 9.792578 371.131958 -2.924744
v 10.355318 373.955627 -2.991356
v 10.204502 373.999146 -3.072302
v 10.036691 374.046234 -3.100789
v 9.868311 374.092316 -3.074037
v 9.715846 374.132843 -2.994659
v 9.594220 374.163879 -2.870430
v 9.515338 374.182404 -2.713508
v 9.486920 374.186523 -2.539254
v 9.511751 374.175964 -2.364721
v 9.587399 374.151642 -2.207001
v 9.706458 374.115967 -2.081526
v 9.857275 374.072449 -2.000584
v 10.025085 374.025391 -1.972093
v 10.193464 373.979309 -1.998845
v 10.345929 373.938782 -2.078224
v 10.467557 373.907745 -2.202452
v 10.546439 373.889221 -2.359378
v 10.574856 373.885071 -2.533633
v 10.550023 373.895630 -2.708165
v 10.474377 373.919952 -2.865885
v 11.227280 376.654572 -2.937558
v 11.080847 376.711456 -3.018243
v 10.917994 376.773743 -3.046447
v 10.754663 376.835205 -3.019398
v 10.606842 376.889923 -2.939750
v 10.488999 376.932556 -2.815299
v 10.412670 376.958862 -2.658226
v 10.385326 376.966278 -2.483912
v 10.409647 376.954163 -2.309407
v 10.483248 376.923553 -2.151806
v 10.598927 376.877594 -2.026530
v 10.745358 376.820709 -1.945842
v 10.908211 376.758423 -1.917641
v 11.071542 376.696991 -1.944690
v 11.219364 376.642212 -2.024339
v 11.337207 376.599640 -2.148785
v 11.413535 376.573303 -2.305859
v 11.440878 376.565887 -2.480180
v 11.416559 376.578033 -2.654681
v 11.342957 376.608582 -2.812278
v 12.370188 379.187561 -2.920286
v 12.230652 379.259827 -3.000915
v 12.076069 379.340454 -3.029044
v 11.921569 379.421600 -3.001923
v 11.782274 379.495300 -2.922204
v 11.671824 379.554352 -2.797690
v 11.601026 379.592957 -2.640569
v 11.576813 379.607361 -2.466223
v 11.601553 379.596130 -2.291722
v 11.672826 379.560364 -2.134141
v 11.783654 379.503632 -2.008901
v 11.923188 379.431366 -1.928272
v 12.077772 379.350739 -1.900146
v 12.232273 379.269592 -1.927267
v 12.371566 379.195892 -2.006987
v 12.482018 379.136841 -2.131501
v 12.552814 379.098236 -2.288618
v 12.577028 379.083832 -2.462964
v 12.552288 379.095062 -2.637468
v 12.481016 379.130798 -2.795054
v 13.844396 381.616577 -2.993388
v 13.716120 381.706909 -3.074481
v 13.574874 381.808990 -3.103159
v 13.434484 381.912781 -3.076617
v 13.308689 382.008148 -2.997449
v 13.209805 382.085815 -2.873412
v 13.147512 382.138062 -2.716644
v 13.127907 382.159882 -2.542489
v 13.152909 382.149078 -2.367996
v 13.220071 382.106750 -2.210244
v 13.322818 382.036957 -2.084678
v 13.451093 381.946655 -2.003585
v 13.592339 381.844574 -1.974904
v 13.732732 381.740784 -2.001446
v 13.858525 381.645386 -2.080609
v 13.957409 381.567749 -2.204647
v 14.019701 381.515472 -2.361419
v 14.039307 381.493652 -2.535574
v 14.014305 381.504456 -2.710066
v 13.947144 381.546844 -2.867818
v 15.782680 383.575073 -3.019469
v 15.697667 383.707275 -3.100086
v 15.600772 383.852203 -3.128279
v 15.501485 383.995758 -3.101289
v 15.409521 384.123779 -3.021756
v 15.333883 384.223938 -2.897464
v 15.281977 384.286224 -2.740582
v 15.258880 384.304657 -2.566466
v 15.266856 384.277405 -2.392156
v 15.305123 384.207123 -2.234721
v 15.369936 384.100708 -2.109569
v 15.454948 383.968567 -2.028952
v 15.551843 383.823578 -2.000759
v 15.651130 383.680084 -2.027749
v 15.743093 383.552002 -2.107282
v 15.818730 383.451904 -2.231574
v 15.870638 383.389557 -2.388456
v 15.893734 383.371124 -2.562572
v 15.885757 383.398407 -2.736882
v 15.847490 383.468689 -2.894316
v 18.280720 384.512939 -2.593091
v 18.280424 384.676300 -2.660175
v 18.266167 384.851746 -2.675165
v 18.239344 385.021973 -2.636599
v 18.202579 385.170410 -2.548245
v 18.159473 385.282471 -2.418757
v 18.114244 385.347260 -2.260806
v 18.071320 385.358368 -2.089859
v 18.034901 385.314758 -1.922643
v 18.008556 385.220673 -1.775529
v 17.994860 385.085327 -1.662921
v 17.995155 384.921936 -1.595833
v 18.009411 384.746521 -1.580843
v 18.036236 384.576294 -1.619413
v 18.072998 384.427887 -1.707766
v 18.116106 384.315796 -1.837254
v 18.161335 384.251007 -1.995205
v 18.204260 384.239899 -2.166153
v 18.240677 384.283508 -2.333369
v 18.267021 384.377594 -2.480482
v 20.666731 384.071045 -1.994725
v 20.750486 384.219086 -2.042135
v 20.827549 384.377899 -2.035748
v 20.890381 384.531830 -1.976198
v 20.932829 384.665833 -1.869302
v 20.950737 384.766815 -1.725531
v 20.942354 384.824890 -1.558954
v 20.908501 384.834381 -1.385883
v 20.852489 384.794312 -1.223256
v 20.779804 384.708649 -1.086987
v 20.697559 384.585785 -0.990424
v 20.613804 384.437683 -0.943014
v 20.536741 384.278931 -0.949401
v 20.473909 384.124969 -1.008951
v 20.431461 383.990967 -1.115847
v 20.413553 383.889954 -1.259618
v 20.421934 383.831879 -1.426195
v 20.455788 383.822449 -1.599266
v 20.511799 383.862488 -1.761893
v 20.584486 383.948151 -1.898162
v 22.636824 382.468719 -1.682023
v 22.768005 382.580109 -1.721668
v 22.900078 382.696350 -1.706282
v 23.020113 382.806030 -1.637364
v 23.116362 382.898468 -1.521666
v 23.179401 382.964539 -1.370508
v 23.203064 382.997833 -1.198691
v 23.185028 382.995056 -1.023027
v 23.127066 382.956512 -0.860718
v 23.034845 382.885986 -0.727649
v 22.917395 382.790283 -0.636846
v 22.786217 382.678925 -0.597201
v 22.654142 382.562683 -0.612587
v 22.534107 382.453003 -0.681505
v 22.437859 382.360565 -0.797203
v 22.374817 382.294495 -0.948357
v 22.351156 382.261200 -1.120178
v 22.369190 382.263977 -1.295842
v 22.427156 382.302490 -1.458151
v 22.519375 382.373047 -1.591220
v 24.250380 380.174072 -1.629107
v 24.398905 380.261322 -1.668034
v 24.550735 380.350067 -1.651821
v 24.691011 380.431580 -1.582066
v 24.806000 380.497894 -1.465586
v 24.884443 380.542542 -1.313789
v 24.918667 380.561157 -1.141531
v 24.905315 380.551880 -0.965673
v 24.845701 380.515625 -0.803435
v 24.745659 380.455933 -0.670692
v 24.614977 380.378723 -0.580441
v 24.466452 380.291473 -0.541514
v 24.314619 380.202698 -0.557718
v 24.174343 380.121185 -0.627478
v 24.059357 380.054840 -0.743957
v 23.980911 380.010193 -0.895755
v 23.946692 379.991577 -1.068016
v 23.960039 380.000885 -1.243870
v 24.019653 380.037140 -1.406112
v 24.119699 380.096802 -1.538855
v 25.554132 377.592102 -1.690192
v 25.711432 377.662109 -1.729485
v 25.872818 377.732086 -1.713677
v 26.022495 377.795135 -1.644315
v 26.145811 377.845123 -1.528185
v 26.230694 377.877106 -1.376653
v 26.268839 377.887939 -1.204558
v 26.256508 377.876709 -1.028748
v 26.194910 377.844360 -0.866422
v 26.090073 377.794067 -0.733477
v 25.952261 377.730835 -0.642928
v 25.794962 377.660828 -0.603632
v 25.633577 377.590881 -0.619443
v 25.483898 377.527832 -0.688806
v 25.360584 377.477875 -0.804936
v 25.275698 377.445862 -0.956463
v 25.237555 377.434998 -1.128558
v 25.249886 377.446259 -1.304373
v 25.311485 377.478638 -1.466694
v 25.416321 377.528870 -1.599640
v 26.594746 374.846863 -1.790166
v 26.757954 374.901337 -1.830006
v 26.925453 374.955200 -1.814758
v 27.080851 375.003174 -1.745919
v 27.208937 375.040588 -1.630230
v 27.297171 375.063782 -1.479008
v 27.336918 375.070435 -1.307064
v 27.324284 375.059937 -1.131222
v 27.260508 375.033325 -0.968698
v 27.151834 374.993164 -0.835399
v 27.008898 374.943451 -0.744378
v 26.845692 374.888977 -0.704542
v 26.678190 374.835114 -0.719785
v 26.522791 374.787140 -0.788624
v 26.394709 374.749725 -0.904317
v 26.306475 374.726532 -1.055535
v 26.266727 374.719879 -1.227479
v 26.279362 374.730377 -1.403325
v 26.343136 374.756989 -1.565849
v 26.451811 374.797119 -1.699144
v 27.349234 372.119812 -1.881100
v 27.516426 372.159973 -1.921412
v 27.687925 372.199432 -1.906645
v 27.846951 372.234436 -1.838239
v 27.977932 372.261383 -1.722895
v 28.068048 372.277802 -1.571899
v 28.108477 372.282013 -1.400035
v 28.095264 372.273651 -1.224121
v 28.029701 372.253448 -1.061387
v 27.918203 372.223419 -0.927750
v 27.771690 372.186523 -0.836300
v 27.604502 372.146393 -0.795988
v 27.432999 372.106903 -0.810755
v 27.273975 372.071960 -0.879161
v 27.142996 372.044952 -0.994505
v 27.052879 372.028564 -1.145501
v 27.012447 372.024323 -1.317365
v 27.025660 372.032715 -1.493275
v 27.091225 372.052917 -1.656013
v 27.202719 372.082947 -1.789650
v 27.906536 369.322083 -1.957453
v 28.075779 369.352051 -1.998043
v 28.249321 369.381439 -1.983550
v 28.410177 369.407318 -1.915398
v 28.542599 369.427185 -1.800245
v 28.633627 369.439087 -1.649376
v 28.674347 369.441864 -1.477547
v 28.660778 369.435211 -1.301590
v 28.594246 369.419830 -1.138721
v 28.481258 369.397186 -1.004886
v 28.332886 369.369537 -0.913182
v 28.163643 369.339508 -0.872591
v 27.990103 369.310181 -0.887081
v 27.829247 369.284302 -0.955237
v 27.696825 369.264404 -1.070386
v 27.605797 369.252502 -1.221259
v 27.565077 369.249756 -1.393084
v 27.578648 369.256378 -1.569045
v 27.645180 369.271759 -1.731914
v 27.758163 369.294403 -1.865753
v 28.339163 366.496796 -2.020111
v 28.509266 366.521210 -2.060824
v 28.683651 366.545166 -2.046454
v 28.845253 366.566223 -1.978409
v 28.978251 366.582367 -1.863339
v 29.069626 366.592041 -1.712518
v 29.110432 366.594238 -1.540705
v 29.096680 366.588806 -1.364720
v 29.029709 366.576263 -1.201787
v 28.916077 366.557770 -1.067861
v 28.766912 366.535217 -0.976042
v 28.596809 366.510773 -0.935325
v 28.422422 366.486816 -0.949695
v 28.260822 366.465759 -1.017748
v 28.127825 366.449615 -1.132814
v 28.036449 366.439941 -1.283635
v 27.995642 366.437714 -1.455448
v 28.009396 366.443176 -1.631433
v 28.076365 366.455750 -1.794366
v 28.189997 366.474213 -1.928296
v 28.713638 363.625580 -2.073047
v 28.884081 363.647430 -2.113812
v 29.058792 363.668915 -2.099485
v 29.220673 363.687866 -2.031476
v 29.353876 363.702423 -1.916438
v 29.445362 363.711243 -1.765633
v 29.486179 363.713379 -1.593824
v 29.472326 363.708679 -1.417823
v 29.405163 363.697571 -1.254862
v 29.291264 363.681152 -1.120897
v 29.141777 363.661072 -1.029034
v 28.971336 363.639191 -0.988273
v 28.796625 363.617706 -1.002595
v 28.634745 363.598785 -1.070604
v 28.501541 363.584167 -1.185643
v 28.410053 363.575409 -1.336448
v 28.369238 363.573212 -1.508261
v 28.383089 363.577942 -1.684258
v 28.450253 363.589020 -1.847222
v 28.564152 363.605438 -1.981184
v 29.061098 360.757416 -2.118413
v 29.231653 360.778351 -2.159194
v 29.406467 360.798981 -2.144883
v 29.568428 360.817291 -2.076882
v 29.701679 360.831482 -1.961852
v 29.793180 360.840149 -1.811046
v 29.833975 360.842468 -1.639233
v 29.820072 360.838226 -1.463224
v 29.752825 360.827789 -1.300256
v 29.638823 360.812195 -1.166274
v 29.489222 360.792999 -1.074399
v 29.318668 360.772064 -1.033623
v 29.143856 360.751465 -1.047933
v 28.981895 360.733154 -1.115934
v 28.848644 360.718964 -1.230965
v 28.757141 360.710297 -1.381770
v 28.716345 360.707977 -1.553583
v 28.730251 360.712189 -1.729588
v 28.797499 360.722656 -1.892560
v 28.911501 360.738220 -2.026538
vt 0.061266 0.609487
vt 0.062241 0.609473
vt 0.063215 0.609461
vt 0.064190 0.609451
vt 0.065165 0.609443
vt 0.066139 0.609435
vt 0.067114 0.609427
vt 0.068088 0.609419
vt 0.069061 0.609409
vt 0.070035 0.609397
vt 0.071008 0.609382
vt 0.071981 0.609365
vt 0.072954 0.609346
vt 0.073927 0.609324
vt 0.074901 0.609301
vt 0.075875 0.609277
vt 0.076849 0.609253
vt 0.077823 0.609230
vt 0.078797 0.609208
vt 0.079772 0.609188
vt 0.080747 0.609171
vt 0.061520 0.625772
vt 0.062495 0.625756
vt 0.063469 0.625742
vt 0.064445 0.625727
vt 0.065420 0.625712
vt 0.066395 0.625698
vt 0.067370 0.625684
vt 0.068346 0.625670
vt 0.069321 0.625655
vt 0.070297 0.625640
vt 0.071272 0.625624
vt 0.072247 0.625608
vt 0.073223 0.625591
vt 0.074198 0.625574
vt 0.075173 0.625557
vt 0.076148 0.625540
vt 0.077123 0.625522
vt 0.078098 0.625505
vt 0.079073 0.625487
vt 0.080048 0.625471
vt 0.081023 0.625454
vt 0.061787 0.642006
vt 0.062762 0.641990
vt 0.063737 0.641974
vt 0.064712 0.641959
vt 0.065687 0.641945
vt 0.066662 0.641930
vt 0.067637 0.641916
vt 0.068612 0.641902
vt 0.069587 0.641887
vt 0.070562 0.641872
vt 0.071537 0.641857
vt 0.072512 0.641841
vt 0.073486 0.641824
vt 0.074461 0.641807
vt 0.075436 0.641790
vt 0.076411 0.641773
vt 0.077385 0.641755
vt 0.078360 0.641738
vt 0.079335 0.641721
vt 0.080310 0.641704
vt 0.081285 0.641688
vt 0.062054 0.658255
vt 0.063029 0.658239
vt 0.064004 0.658224
vt 0.064979 0.658210
vt 0.065954 0.658196
vt 0.066929 0.658183
vt 0.067903 0.658170
vt 0.068878 0.658157
vt 0.069853 0.658143
vt 0.070827 0.658128
vt 0.071802 0.658113
vt 0.072777 0.658098
vt 0.073751 0.658081
vt 0.074725 0.658063
vt 0.075700 0.658045
vt 0.076674 0.658027
vt 0.077649 0.658008
vt 0.078623 0.657990
vt 0.079598 0.657972
vt 0.080573 0.657955
vt 0.081548 0.657939
vt 0.062321 0.674624
vt 0.063297 0.674608
vt 0.064272 0.674594
vt 0.065246 0.674581
vt 0.066221 0.674569
vt 0.067196 0.674557
vt 0.068171 0.674547
vt 0.069145 0.674535
vt 0.070120 0.674524
vt 0.071094 0.674511
vt 0.072068 0.674497
vt 0.073043 0.674481
vt 0.074017 0.674464
vt 0.074991 0.674446
vt 0.075965 0.674427
vt 0.076939 0.674407
vt 0.077913 0.674386
vt 0.078887 0.674367
vt 0.079861 0.674347
vt 0.080836 0.674329
vt 0.081811 0.674312
vt 0.062584 0.690939
vt 0.063559 0.690923
vt 0.064534 0.690910
vt 0.065509 0.690899
vt 0.066484 0.690889
vt 0.067458 0.690881
vt 0.068433 0.690874
vt 0.069407 0.690867
vt 0.070382 0.690859
vt 0.071357 0.690849
vt 0.072331 0.690837
vt 0.073306 0.690823
vt 0.074280 0.690805
vt 0.075254 0.690786
vt 0.076228 0.690764
vt 0.077201 0.690741
vt 0.078175 0.690718
vt 0.079148 0.690694
vt 0.080122 0.690672
vt 0.081097 0.690651
vt 0.082071 0.690632
vt 0.062850 0.707363
vt 0.063825 0.707343
vt 0.064799 0.707325
vt 0.065774 0.707309
vt 0.066748 0.707296
vt 0.067722 0.707285
vt 0.068696 0.707277
vt 0.069670 0.707268
vt 0.070644 0.707260
vt 0.071619 0.707252
vt 0.072595 0.707241
vt 0.073571 0.707229
vt 0.074546 0.707214
vt 0.075521 0.707197
vt 0.076495 0.707178
vt 0.077469 0.707156
vt 0.078441 0.707133
vt 0.079414 0.707110
vt 0.080388 0.707087
vt 0.081362 0.707065
vt 0.082336 0.707044
vt 0.063187 0.723795
vt 0.064161 0.723775
vt 0.065135 0.723757
vt 0.066107 0.723741
vt 0.067076 0.723727
vt 0.068044 0.723714
vt 0.069010 0.723702
vt 0.069975 0.723690
vt 0.070941 0.723677
vt 0.071909 0.723662
vt 0.072877 0.723645
vt 0.073847 0.723625
vt 0.074816 0.723604
vt 0.075787 0.723581
vt 0.076757 0.723556
vt 0.077728 0.723530
vt 0.078699 0.723505
vt 0.079671 0.723480
vt 0.080643 0.723456
vt 0.081617 0.723435
vt 0.082591 0.723415
vt 0.063571 0.740688
vt 0.064545 0.740687
vt 0.065516 0.740698
vt 0.066484 0.740718
vt 0.067449 0.740741
vt 0.068411 0.740764
vt 0.069373 0.740782
vt 0.070336 0.740790
vt 0.071301 0.740784
vt 0.072269 0.740765
vt 0.073238 0.740730
vt 0.074208 0.740682
vt 0.075176 0.740622
vt 0.076142 0.740554
vt 0.077106 0.740483
vt 0.078069 0.740413
vt 0.079033 0.740350
vt 0.080000 0.740296
vt 0.080970 0.740256
vt 0.081944 0.740230
vt 0.082919 0.740219
vt 0.063981 0.757982
vt 0.064953 0.757988
vt 0.065919 0.758002
vt 0.066877 0.758020
vt 0.067832 0.758040
vt 0.068787 0.758056
vt 0.069741 0.758065
vt 0.070705 0.758064
vt 0.071679 0.758051
vt 0.072658 0.758024
vt 0.073639 0.757985
vt 0.074615 0.757936
vt 0.075582 0.757879
vt 0.076533 0.757817
vt 0.077476 0.757756
vt 0.078417 0.757699
vt 0.079363 0.757651
vt 0.080318 0.757615
vt 0.081283 0.757591
vt 0.082256 0.757581
vt 0.083230 0.757581
vt 0.064290 0.775201
vt 0.065261 0.775160
vt 0.066223 0.775124
vt 0.067172 0.775098
vt 0.068112 0.775083
vt 0.069048 0.775081
vt 0.069995 0.775092
vt 0.070952 0.775114
vt 0.071917 0.775142
vt 0.072894 0.775172
vt 0.073876 0.775201
vt 0.074854 0.775227
vt 0.075821 0.775248
vt 0.076780 0.775258
vt 0.077726 0.775258
vt 0.078660 0.775243
vt 0.079595 0.775216
vt 0.080540 0.775179
vt 0.081498 0.775136
vt 0.082466 0.775091
vt 0.083439 0.775046
vt 0.064444 0.792854
vt 0.065418 0.792826
vt 0.066388 0.792791
vt 0.067347 0.792750
vt 0.068296 0.792706
vt 0.069236 0.792662
vt 0.070173 0.792622
vt 0.071117 0.792590
vt 0.072077 0.792570
vt 0.073049 0.792560
vt 0.074030 0.792560
vt 0.075014 0.792570
vt 0.075994 0.792587
vt 0.076965 0.792610
vt 0.077922 0.792636
vt 0.078876 0.792658
vt 0.079825 0.792676
vt 0.080776 0.792685
vt 0.081734 0.792684
vt 0.082701 0.792672
vt 0.083675 0.792650
vt 0.064651 0.810368
vt 0.065626 0.810357
vt 0.066599 0.810332
vt 0.067568 0.810291
vt 0.068532 0.810238
vt 0.069491 0.810176
vt 0.070447 0.810110
vt 0.071404 0.810043
vt 0.072364 0.809983
vt 0.073329 0.809933
vt 0.074299 0.809895
vt 0.075271 0.809873
vt 0.076242 0.809865
vt 0.077210 0.809871
vt 0.078175 0.809890
vt 0.079137 0.809917
vt 0.080097 0.809948
vt 0.081058 0.809978
vt 0.082023 0.810002
vt 0.082992 0.810015
vt 0.083965 0.810015
vt 0.064929 0.827348
vt 0.065904 0.827333
vt 0.066878 0.827313
vt 0.067851 0.827287
vt 0.068822 0.827256
vt 0.069791 0.827221
vt 0.070760 0.827183
vt 0.071727 0.827145
vt 0.072695 0.827108
vt 0.073663 0.827075
vt 0.074632 0.827046
vt 0.075602 0.827022
vt 0.076571 0.827005
vt 0.077539 0.826993
vt 0.078505 0.826986
vt 0.079471 0.826983
vt 0.080438 0.826981
vt 0.081406 0.826979
vt 0.082376 0.826975
vt 0.083348 0.826967
vt 0.084322 0.826955
vt 0.065223 0.844169
vt 0.066198 0.844155
vt 0.067172 0.844138
vt 0.068146 0.844119
vt 0.069119 0.844098
vt 0.070092 0.844075
vt 0.071064 0.844050
vt 0.072036 0.844025
vt 0.073008 0.844000
vt 0.073981 0.843976
vt 0.074954 0.843952
vt 0.075926 0.843931
vt 0.076899 0.843911
vt 0.077872 0.843894
vt 0.078844 0.843878
vt 0.079816 0.843864
vt 0.080789 0.843850
vt 0.081762 0.843837
vt 0.082736 0.843824
vt 0.083710 0.843809
vt 0.084685 0.843794
vt 0.065516 0.861012
vt 0.066491 0.860996
vt 0.067466 0.860978
vt 0.068440 0.860960
vt 0.069414 0.860940
vt 0.070388 0.860919
vt 0.071362 0.860897
vt 0.072336 0.860876
vt 0.073311 0.860855
vt 0.074286 0.860834
vt 0.075261 0.860814
vt 0.076236 0.860796
vt 0.077210 0.860779
vt 0.078184 0.860764
vt 0.079158 0.860749
vt 0.080132 0.860735
vt 0.081106 0.860721
vt 0.082080 0.860708
vt 0.083054 0.860694
vt 0.084029 0.860679
vt 0.085004 0.860663
vt 0.065789 0.877143
vt 0.066764 0.877125
vt 0.067739 0.877106
vt 0.068713 0.877084
vt 0.069687 0.877063
vt 0.070661 0.877040
vt 0.071636 0.877018
vt 0.072610 0.876997
vt 0.073585 0.876976
vt 0.074560 0.876958
vt 0.075536 0.876942
vt 0.076511 0.876927
vt 0.077486 0.876914
vt 0.078461 0.876902
vt 0.079436 0.876893
vt 0.080410 0.876882
vt 0.081385 0.876872
vt 0.082360 0.876861
vt 0.083334 0.876849
vt 0.084309 0.876834
vt 0.085284 0.876818
vt 0.066052 0.893232
vt 0.067027 0.893214
vt 0.068002 0.893195
vt 0.068976 0.893174
vt 0.069951 0.893152
vt 0.070925 0.893130
vt 0.071899 0.893108
vt 0.072874 0.893088
vt 0.073848 0.893068
vt 0.074823 0.893051
vt 0.075797 0.893036
vt 0.076772 0.893022
vt 0.077747 0.893011
vt 0.078721 0.893000
vt 0.079696 0.892991
vt 0.080671 0.892982
vt 0.081645 0.892973
vt 0.082620 0.892962
vt 0.083595 0.892951
vt 0.084571 0.892937
vt 0.085546 0.892921
vt 0.066305 0.909179
vt 0.067280 0.909162
vt 0.068255 0.909144
vt 0.069229 0.909125
vt 0.070204 0.909106
vt 0.071178 0.909087
vt 0.072153 0.909068
vt 0.073127 0.909049
vt 0.074101 0.909032
vt 0.075076 0.909016
vt 0.076050 0.909001
vt 0.077025 0.908987
vt 0.077999 0.908974
vt 0.078974 0.908962
vt 0.079949 0.908951
vt 0.080923 0.908940
vt 0.081898 0.908929
vt 0.082873 0.908917
vt 0.083848 0.908903
vt 0.084823 0.908889
vt 0.085798 0.908874
vt 0.066554 0.925232
vt 0.067530 0.925216
vt 0.068504 0.925199
vt 0.069479 0.925182
vt 0.070454 0.925164
vt 0.071429 0.925147
vt 0.072403 0.925129
vt 0.073378 0.925112
vt 0.074353 0.925096
vt 0.075327 0.925080
vt 0.076302 0.925065
vt 0.077277 0.925051
vt 0.078251 0.925038
vt 0.079226 0.925025
vt 0.080201 0.925012
vt 0.081176 0.924999
vt 0.082151 0.924987
vt 0.083126 0.924973
vt 0.084101 0.924959
vt 0.085076 0.924945
vt 0.086051 0.924930
vt 0.066808 0.941200
vt 0.067782 0.941183
vt 0.068757 0.941165
vt 0.069732 0.941147
vt 0.070706 0.941129
vt 0.071680 0.941112
vt 0.072654 0.941094
vt 0.073628 0.941078
vt 0.074602 0.941062
vt 0.075576 0.941047
vt 0.076550 0.941033
vt 0.077524 0.941020
vt 0.078498 0.941008
vt 0.079472 0.940996
vt 0.080447 0.940983
vt 0.081421 0.940971
vt 0.082396 0.940958
vt 0.083371 0.940945
vt 0.084346 0.940931
vt 0.085321 0.940916
vt 0.086296 0.940900
vt 0.083324 0.607429
vt 0.084369 0.607415
vt 0.085413 0.607399
vt 0.086458 0.607381
vt 0.087502 0.607360
vt 0.088547 0.607337
vt 0.089591 0.607311
vt 0.090635 0.607284
vt 0.091680 0.607255
vt 0.092725 0.607226
vt 0.093771 0.607198
vt 0.094816 0.607171
vt 0.095862 0.607147
vt 0.096908 0.607124
vt 0.097955 0.607104
vt 0.099001 0.607087
vt 0.100047 0.607072
vt 0.101093 0.607059
vt 0.102139 0.607047
vt 0.103185 0.607036
vt 0.104230 0.607023
vt 0.083654 0.624757
vt 0.084699 0.624738
vt 0.085744 0.624719
vt 0.086789 0.624699
vt 0.087834 0.624679
vt 0.088879 0.624658
vt 0.089924 0.624637
vt 0.090968 0.624616
vt 0.092013 0.624595
vt 0.093057 0.624573
vt 0.094102 0.624551
vt 0.095147 0.624530
vt 0.096191 0.624509
vt 0.097235 0.624489
vt 0.098280 0.624468
vt 0.099324 0.624449
vt 0.100369 0.624430
vt 0.101414 0.624411
vt 0.102459 0.624393
vt 0.103503 0.624375
vt 0.104548 0.624357
vt 0.083977 0.642040
vt 0.085022 0.642022
vt 0.086067 0.642003
vt 0.087112 0.641984
vt 0.088157 0.641964
vt 0.089201 0.641943
vt 0.090246 0.641922
vt 0.091291 0.641901
vt 0.092335 0.641880
vt 0.093380 0.641858
vt 0.094425 0.641836
vt 0.095470 0.641815
vt 0.096514 0.641794
vt 0.097559 0.641773
vt 0.098604 0.641753
vt 0.099649 0.641734
vt 0.100694 0.641714
vt 0.101739 0.641696
vt 0.102784 0.641678
vt 0.103829 0.641659
vt 0.104874 0.641641
vt 0.084303 0.659314
vt 0.085349 0.659296
vt 0.086393 0.659278
vt 0.087438 0.659259
vt 0.088483 0.659238
vt 0.089527 0.659217
vt 0.090572 0.659195
vt 0.091617 0.659172
vt 0.092661 0.659149
vt 0.093706 0.659125
vt 0.094751 0.659102
vt 0.095795 0.659079
vt 0.096840 0.659056
vt 0.097885 0.659035
vt 0.098930 0.659014
vt 0.099975 0.658994
vt 0.101021 0.658975
vt 0.102066 0.658957
vt 0.103111 0.658939
vt 0.104156 0.658922
vt 0.105201 0.658904
vt 0.084644 0.676664
vt 0.085689 0.676646
vt 0.086734 0.676628
vt 0.087779 0.676608
vt 0.088823 0.676587
vt 0.089868 0.676564
vt 0.090912 0.676539
vt 0.091956 0.676514
vt 0.093000 0.676487
vt 0.094044 0.676461
vt 0.095089 0.676434
vt 0.096133 0.676408
vt 0.097178 0.676383
vt 0.098223 0.676359
vt 0.099268 0.676337
vt 0.100314 0.676316
vt 0.101359 0.676297
vt 0.102404 0.676279
vt 0.103449 0.676261
vt 0.104494 0.676245
vt 0.105539 0.676229
vt 0.085002 0.693851
vt 0.086046 0.693836
vt 0.087091 0.693819
vt 0.088136 0.693800
vt 0.089180 0.693778
vt 0.090224 0.693754
vt 0.091268 0.693727
vt 0.092312 0.693698
vt 0.093355 0.693667
vt 0.094398 0.693636
vt 0.095441 0.693604
vt 0.096485 0.693572
vt 0.097528 0.693543
vt 0.098573 0.693515
vt 0.099618 0.693490
vt 0.100663 0.693468
vt 0.101708 0.693448
vt 0.102753 0.693431
vt 0.103797 0.693416
vt 0.104842 0.693401
vt 0.105886 0.693387
vt 0.085370 0.710921
vt 0.086414 0.710906
vt 0.087458 0.710891
vt 0.088503 0.710874
vt 0.089548 0.710855
vt 0.090594 0.710833
vt 0.091638 0.710808
vt 0.092682 0.710780
vt 0.093725 0.710750
vt 0.094767 0.710718
vt 0.095809 0.710685
vt 0.096852 0.710651
vt 0.097894 0.710618
vt 0.098938 0.710587
vt 0.099982 0.710558
vt 0.101026 0.710531
vt 0.102070 0.710507
vt 0.103114 0.710485
vt 0.104157 0.710466
vt 0.105200 0.710449
vt 0.106243 0.710434
vt 0.085743 0.727950
vt 0.086784 0.727930
vt 0.087826 0.727907
vt 0.088870 0.727883
vt 0.089915 0.727856
vt 0.090960 0.727826
vt 0.092006 0.727793
vt 0.093051 0.727760
vt 0.094097 0.727725
vt 0.095144 0.727689
vt 0.096191 0.727654
vt 0.097239 0.727621
vt 0.098288 0.727588
vt 0.099338 0.727559
vt 0.100388 0.727531
vt 0.101437 0.727507
vt 0.102485 0.727484
vt 0.103530 0.727464
vt 0.104573 0.727445
vt 0.105614 0.727427
vt 0.106655 0.727409
vt 0.086232 0.745565
vt 0.087271 0.745548
vt 0.088313 0.745516
vt 0.089356 0.745469
vt 0.090400 0.745410
vt 0.091442 0.745339
vt 0.092483 0.745260
vt 0.093521 0.745177
vt 0.094558 0.745095
vt 0.095595 0.745019
vt 0.096634 0.744953
vt 0.097677 0.744900
vt 0.098723 0.744863
vt 0.099772 0.744842
vt 0.100821 0.744836
vt 0.101868 0.744842
vt 0.102911 0.744858
vt 0.103950 0.744879
vt 0.104987 0.744901
vt 0.106022 0.744919
vt 0.107058 0.744928
vt 0.086856 0.761777
vt 0.087887 0.761742
vt 0.088924 0.761697
vt 0.089965 0.761640
vt 0.091003 0.761575
vt 0.092033 0.761503
vt 0.093053 0.761428
vt 0.094055 0.761352
vt 0.095053 0.761281
vt 0.096054 0.761220
vt 0.097064 0.761170
vt 0.098085 0.761133
vt 0.099116 0.761109
vt 0.100151 0.761096
vt 0.101186 0.761094
vt 0.102216 0.761100
vt 0.103239 0.761112
vt 0.104257 0.761125
vt 0.105273 0.761135
vt 0.106285 0.761141
vt 0.107307 0.761135
vt 0.087220 0.776356
vt 0.088241 0.776377
vt 0.089276 0.776399
vt 0.090319 0.776422
vt 0.091361 0.776441
vt 0.092395 0.776453
vt 0.093413 0.776457
vt 0.094425 0.776447
vt 0.095428 0.776424
vt 0.096422 0.776385
vt 0.097423 0.776335
vt 0.098438 0.776276
vt 0.099465 0.776214
vt 0.100499 0.776151
vt 0.101534 0.776091
vt 0.102562 0.776037
vt 0.103577 0.775993
vt 0.104581 0.775961
vt 0.105577 0.775943
vt 0.106584 0.775941
vt 0.107600 0.775950
vt 0.087337 0.791717
vt 0.088358 0.791707
vt 0.089393 0.791706
vt 0.090439 0.791715
vt 0.091491 0.791732
vt 0.092542 0.791755
vt 0.093585 0.791783
vt 0.094615 0.791812
vt 0.095632 0.791840
vt 0.096649 0.791861
vt 0.097667 0.791872
vt 0.098689 0.791873
vt 0.099720 0.791863
vt 0.100758 0.791842
vt 0.101798 0.791813
vt 0.102835 0.791777
vt 0.103863 0.791734
vt 0.104879 0.791688
vt 0.105883 0.791643
vt 0.106883 0.791601
vt 0.107886 0.791566
vt 0.087375 0.808192
vt 0.088407 0.808151
vt 0.089443 0.808119
vt 0.090484 0.808099
vt 0.091529 0.808092
vt 0.092574 0.808099
vt 0.093615 0.808121
vt 0.094654 0.808155
vt 0.095690 0.808199
vt 0.096722 0.808248
vt 0.097755 0.808297
vt 0.098791 0.808342
vt 0.099832 0.808377
vt 0.100876 0.808400
vt 0.101924 0.808408
vt 0.102971 0.808400
vt 0.104014 0.808376
vt 0.105052 0.808339
vt 0.106084 0.808292
vt 0.107113 0.808238
vt 0.108141 0.808183
vt 0.087428 0.825473
vt 0.088469 0.825452
vt 0.089511 0.825433
vt 0.090553 0.825419
vt 0.091596 0.825410
vt 0.092639 0.825408
vt 0.093682 0.825411
vt 0.094722 0.825419
vt 0.095760 0.825432
vt 0.096799 0.825448
vt 0.097839 0.825463
vt 0.098881 0.825478
vt 0.099925 0.825490
vt 0.100972 0.825496
vt 0.102021 0.825498
vt 0.103069 0.825493
vt 0.104116 0.825482
vt 0.105161 0.825465
vt 0.106204 0.825443
vt 0.107246 0.825419
vt 0.108287 0.825393
vt 0.087569 0.842907
vt 0.088612 0.842890
vt 0.089656 0.842873
vt 0.090700 0.842857
vt 0.091744 0.842844
vt 0.092788 0.842833
vt 0.093831 0.842824
vt 0.094875 0.842817
vt 0.095918 0.842812
vt 0.096961 0.842808
vt 0.098005 0.842805
vt 0.099050 0.842803
vt 0.100095 0.842799
vt 0.101141 0.842794
vt 0.102188 0.842788
vt 0.103234 0.842779
vt 0.104279 0.842768
vt 0.105324 0.842755
vt 0.106367 0.842740
vt 0.107411 0.842723
vt 0.108454 0.842705
vt 0.087792 0.860365
vt 0.088836 0.860347
vt 0.089881 0.860330
vt 0.090925 0.860313
vt 0.091970 0.860299
vt 0.093014 0.860285
vt 0.094058 0.860273
vt 0.095101 0.860263
vt 0.096144 0.860253
vt 0.097188 0.860244
vt 0.098231 0.860235
vt 0.099275 0.860226
vt 0.100319 0.860217
vt 0.101364 0.860206
vt 0.102409 0.860194
vt 0.103453 0.860180
vt 0.104497 0.860165
vt 0.105541 0.860149
vt 0.106584 0.860132
vt 0.107628 0.860113
vt 0.108672 0.860095
vt 0.088026 0.877072
vt 0.089071 0.877053
vt 0.090116 0.877036
vt 0.091161 0.877021
vt 0.092206 0.877008
vt 0.093250 0.876997
vt 0.094295 0.876988
vt 0.095339 0.876980
vt 0.096383 0.876972
vt 0.097427 0.876965
vt 0.098471 0.876956
vt 0.099515 0.876946
vt 0.100560 0.876935
vt 0.101604 0.876922
vt 0.102649 0.876906
vt 0.103693 0.876889
vt 0.104737 0.876869
vt 0.105780 0.876849
vt 0.106824 0.876828
vt 0.107868 0.876807
vt 0.108912 0.876787
vt 0.088269 0.893918
vt 0.089313 0.893899
vt 0.090358 0.893882
vt 0.091403 0.893866
vt 0.092448 0.893853
vt 0.093492 0.893842
vt 0.094537 0.893833
vt 0.095582 0.893824
vt 0.096627 0.893816
vt 0.097672 0.893808
vt 0.098717 0.893799
vt 0.099762 0.893789
vt 0.100808 0.893777
vt 0.101853 0.893762
vt 0.102898 0.893746
vt 0.103943 0.893727
vt 0.104988 0.893707
vt 0.106032 0.893686
vt 0.107077 0.893664
vt 0.108121 0.893642
vt 0.109166 0.893621
vt 0.088523 0.910812
vt 0.089568 0.910793
vt 0.090612 0.910776
vt 0.091657 0.910760
vt 0.092702 0.910746
vt 0.093747 0.910732
vt 0.094792 0.910720
vt 0.095837 0.910708
vt 0.096883 0.910697
vt 0.097928 0.910686
vt 0.098973 0.910674
vt 0.100019 0.910661
vt 0.101064 0.910647
vt 0.102110 0.910632
vt 0.103155 0.910615
vt 0.104200 0.910597
vt 0.105245 0.910578
vt 0.106290 0.910558
vt 0.107335 0.910538
vt 0.108380 0.910518
vt 0.109424 0.910499
vt 0.088794 0.927930
vt 0.089839 0.927912
vt 0.090884 0.927895
vt 0.091929 0.927879
vt 0.092974 0.927863
vt 0.094019 0.927848
vt 0.095064 0.927834
vt 0.096109 0.927820
vt 0.097154 0.927806
vt 0.098199 0.927792
vt 0.099244 0.927778
vt 0.100289 0.927763
vt 0.101334 0.927747
vt 0.102380 0.927731
vt 0.103425 0.927714
vt 0.104470 0.927696
vt 0.105515 0.927677
vt 0.106560 0.927658
vt 0.107605 0.927639
vt 0.108649 0.927620
vt 0.109694 0.927601
vt 0.089069 0.945006
vt 0.090113 0.944988
vt 0.091158 0.944971
vt 0.092203 0.944956
vt 0.093248 0.944941
vt 0.094293 0.944927
vt 0.095338 0.944913
vt 0.096383 0.944899
vt 0.097429 0.944886
vt 0.098475 0.944872
vt 0.099521 0.944857
vt 0.100567 0.944841
vt 0.101613 0.944825
vt 0.102659 0.944807
vt 0.103705 0.944788
vt 0.104751 0.944769
vt 0.105796 0.944749
vt 0.106842 0.944729
vt 0.107887 0.944709
vt 0.108932 0.944689
vt 0.109977 0.944670
vt 0.035711 0.608112
vt 0.036756 0.608087
vt 0.037802 0.608062
vt 0.038847 0.608037
vt 0.039894 0.608013
vt 0.040940 0.607991
vt 0.041987 0.607971
vt 0.043034 0.607954
vt 0.044081 0.607939
vt 0.045128 0.607927
vt 0.046174 0.607917
vt 0.047221 0.607908
vt 0.048267 0.607900
vt 0.049313 0.607891
vt 0.050359 0.607882
vt 0.051404 0.607871
vt 0.052449 0.607858
vt 0.053494 0.607842
vt 0.054539 0.607823
vt 0.055584 0.607803
vt 0.056629 0.607780
vt 0.036003 0.625453
vt 0.037049 0.625435
vt 0.038094 0.625416
vt 0.039139 0.625398
vt 0.040184 0.625380
vt 0.041229 0.625362
vt 0.042274 0.625344
vt 0.043319 0.625327
vt 0.044364 0.625311
vt 0.045410 0.625295
vt 0.046455 0.625279
vt 0.047500 0.625264
vt 0.048546 0.625249
vt 0.049591 0.625233
vt 0.050637 0.625218
vt 0.051682 0.625202
vt 0.052728 0.625186
vt 0.053773 0.625170
vt 0.054819 0.625153
vt 0.055865 0.625135
vt 0.056910 0.625117
vt 0.036286 0.642745
vt 0.037331 0.642727
vt 0.038377 0.642708
vt 0.039422 0.642689
vt 0.040467 0.642671
vt 0.041513 0.642653
vt 0.042559 0.642635
vt 0.043604 0.642618
vt 0.044650 0.642602
vt 0.045695 0.642586
vt 0.046741 0.642570
vt 0.047786 0.642555
vt 0.048832 0.642539
vt 0.049877 0.642524
vt 0.050923 0.642509
vt 0.051968 0.642493
vt 0.053014 0.642477
vt 0.054059 0.642460
vt 0.055105 0.642443
vt 0.056150 0.642425
vt 0.057195 0.642407
vt 0.036567 0.660012
vt 0.037612 0.659992
vt 0.038658 0.659973
vt 0.039703 0.659954
vt 0.040748 0.659935
vt 0.041794 0.659916
vt 0.042840 0.659899
vt 0.043885 0.659882
vt 0.044931 0.659866
vt 0.045977 0.659851
vt 0.047023 0.659836
vt 0.048068 0.659823
vt 0.049114 0.659809
vt 0.050160 0.659796
vt 0.051205 0.659782
vt 0.052251 0.659768
vt 0.053296 0.659753
vt 0.054342 0.659737
vt 0.055387 0.659720
vt 0.056433 0.659702
vt 0.057478 0.659684
vt 0.036839 0.677333
vt 0.037884 0.677313
vt 0.038929 0.677293
vt 0.039974 0.677272
vt 0.041020 0.677252
vt 0.042065 0.677233
vt 0.043111 0.677215
vt 0.044157 0.677199
vt 0.045203 0.677184
vt 0.046250 0.677170
vt 0.047296 0.677158
vt 0.048342 0.677147
vt 0.049388 0.677137
vt 0.050433 0.677126
vt 0.051479 0.677116
vt 0.052524 0.677104
vt 0.053570 0.677091
vt 0.054616 0.677077
vt 0.055661 0.677061
vt 0.056706 0.677044
vt 0.057751 0.677025
vt 0.037098 0.694472
vt 0.038143 0.694451
vt 0.039187 0.694428
vt 0.040231 0.694404
vt 0.041276 0.694381
vt 0.042321 0.694360
vt 0.043367 0.694340
vt 0.044413 0.694323
vt 0.045459 0.694309
vt 0.046505 0.694297
vt 0.047551 0.694288
vt 0.048597 0.694281
vt 0.049642 0.694275
vt 0.050688 0.694270
vt 0.051734 0.694265
vt 0.052779 0.694258
vt 0.053825 0.694249
vt 0.054870 0.694238
vt 0.055916 0.694224
vt 0.056961 0.694207
vt 0.058006 0.694188
vt 0.037347 0.711435
vt 0.038391 0.711416
vt 0.039434 0.711396
vt 0.040477 0.711374
vt 0.041520 0.711352
vt 0.042564 0.711332
vt 0.043608 0.711312
vt 0.044652 0.711294
vt 0.045697 0.711278
vt 0.046742 0.711266
vt 0.047786 0.711256
vt 0.048830 0.711249
vt 0.049874 0.711244
vt 0.050917 0.711240
vt 0.051962 0.711237
vt 0.053006 0.711234
vt 0.054052 0.711230
vt 0.055098 0.711224
vt 0.056144 0.711215
vt 0.057189 0.711203
vt 0.058234 0.711189
vt 0.037527 0.728095
vt 0.038571 0.728080
vt 0.039615 0.728064
vt 0.040660 0.728048
vt 0.041706 0.728034
vt 0.042753 0.728022
vt 0.043801 0.728011
vt 0.044849 0.728003
vt 0.045897 0.727997
vt 0.046943 0.727994
vt 0.047986 0.727994
vt 0.049028 0.727995
vt 0.050067 0.727997
vt 0.051105 0.727999
vt 0.052143 0.728001
vt 0.053181 0.728002
vt 0.054222 0.728000
vt 0.055263 0.727997
vt 0.056306 0.727990
vt 0.057350 0.727981
vt 0.058394 0.727971
vt 0.037667 0.745164
vt 0.038703 0.745113
vt 0.039738 0.745066
vt 0.040775 0.745026
vt 0.041815 0.744999
vt 0.042859 0.744985
vt 0.043906 0.744988
vt 0.044953 0.745006
vt 0.045998 0.745037
vt 0.047039 0.745079
vt 0.048077 0.745128
vt 0.049111 0.745179
vt 0.050143 0.745228
vt 0.051175 0.745269
vt 0.052208 0.745299
vt 0.053248 0.745315
vt 0.054288 0.745317
vt 0.055329 0.745304
vt 0.056371 0.745278
vt 0.057411 0.745243
vt 0.058448 0.745202
vt 0.037834 0.761737
vt 0.038842 0.761688
vt 0.039850 0.761644
vt 0.040865 0.761612
vt 0.041890 0.761592
vt 0.042927 0.761586
vt 0.043968 0.761593
vt 0.045012 0.761611
vt 0.046052 0.761639
vt 0.047086 0.761675
vt 0.048113 0.761713
vt 0.049137 0.761751
vt 0.050158 0.761785
vt 0.051187 0.761810
vt 0.052227 0.761824
vt 0.053273 0.761824
vt 0.054326 0.761812
vt 0.055378 0.761789
vt 0.056423 0.761758
vt 0.057456 0.761720
vt 0.058471 0.761679
vt 0.038087 0.778014
vt 0.039095 0.778003
vt 0.040091 0.777977
vt 0.041092 0.777938
vt 0.042105 0.777888
vt 0.043131 0.777832
vt 0.044168 0.777773
vt 0.045208 0.777714
vt 0.046244 0.777659
vt 0.047268 0.777612
vt 0.048281 0.777574
vt 0.049285 0.777550
vt 0.050296 0.777541
vt 0.051315 0.777546
vt 0.052338 0.777563
vt 0.053376 0.777587
vt 0.054424 0.777613
vt 0.055473 0.777639
vt 0.056514 0.777663
vt 0.057541 0.777681
vt 0.058560 0.777689
vt 0.038430 0.793345
vt 0.039443 0.793353
vt 0.040456 0.793357
vt 0.041466 0.793355
vt 0.042480 0.793342
vt 0.043502 0.793319
vt 0.044532 0.793284
vt 0.045566 0.793240
vt 0.046600 0.793187
vt 0.047626 0.793127
vt 0.048641 0.793062
vt 0.049643 0.792997
vt 0.050639 0.792933
vt 0.051634 0.792875
vt 0.052646 0.792827
vt 0.053670 0.792789
vt 0.054706 0.792761
vt 0.055750 0.792742
vt 0.056793 0.792731
vt 0.057830 0.792725
vt 0.058855 0.792723
vt 0.038708 0.809075
vt 0.039742 0.809086
vt 0.040774 0.809104
vt 0.041805 0.809125
vt 0.042839 0.809143
vt 0.043876 0.809152
vt 0.044918 0.809151
vt 0.045963 0.809135
vt 0.047008 0.809104
vt 0.048050 0.809057
vt 0.049087 0.808996
vt 0.050118 0.808922
vt 0.051144 0.808840
vt 0.052169 0.808755
vt 0.053195 0.808671
vt 0.054225 0.808593
vt 0.055261 0.808526
vt 0.056302 0.808471
vt 0.057345 0.808430
vt 0.058385 0.808403
vt 0.059424 0.808388
vt 0.039086 0.826046
vt 0.040127 0.826035
vt 0.041167 0.826028
vt 0.042208 0.826021
vt 0.043251 0.826014
vt 0.044296 0.826004
vt 0.045343 0.825990
vt 0.046393 0.825970
vt 0.047442 0.825945
vt 0.048491 0.825913
vt 0.049537 0.825874
vt 0.050581 0.825831
vt 0.051624 0.825784
vt 0.052666 0.825735
vt 0.053707 0.825685
vt 0.054749 0.825638
vt 0.055792 0.825594
vt 0.056835 0.825555
vt 0.057879 0.825522
vt 0.058924 0.825495
vt 0.059965 0.825474
vt 0.039470 0.843346
vt 0.040514 0.843328
vt 0.041558 0.843310
vt 0.042603 0.843294
vt 0.043649 0.843278
vt 0.044695 0.843262
vt 0.045742 0.843245
vt 0.046789 0.843225
vt 0.047836 0.843204
vt 0.048883 0.843181
vt 0.049928 0.843156
vt 0.050973 0.843128
vt 0.052017 0.843099
vt 0.053061 0.843068
vt 0.054105 0.843037
vt 0.055150 0.843007
vt 0.056195 0.842977
vt 0.057240 0.842950
vt 0.058285 0.842924
vt 0.059329 0.842901
vt 0.060373 0.842880
vt 0.039827 0.860840
vt 0.040871 0.860822
vt 0.041915 0.860806
vt 0.042959 0.860789
vt 0.044004 0.860772
vt 0.045049 0.860755
vt 0.046095 0.860737
vt 0.047141 0.860717
vt 0.048186 0.860696
vt 0.049231 0.860674
vt 0.050276 0.860651
vt 0.051320 0.860626
vt 0.052365 0.860601
vt 0.053410 0.860575
vt 0.054454 0.860549
vt 0.055500 0.860524
vt 0.056545 0.860500
vt 0.057591 0.860477
vt 0.058636 0.860456
vt 0.059681 0.860436
vt 0.060726 0.860418
vt 0.040157 0.877684
vt 0.041201 0.877669
vt 0.042246 0.877654
vt 0.043291 0.877639
vt 0.044336 0.877623
vt 0.045381 0.877604
vt 0.046426 0.877585
vt 0.047472 0.877562
vt 0.048517 0.877539
vt 0.049561 0.877513
vt 0.050606 0.877486
vt 0.051650 0.877458
vt 0.052694 0.877429
vt 0.053739 0.877402
vt 0.054784 0.877375
vt 0.055829 0.877349
vt 0.056875 0.877326
vt 0.057920 0.877305
vt 0.058966 0.877286
vt 0.060011 0.877268
vt 0.061056 0.877252
vt 0.040492 0.894632
vt 0.041537 0.894617
vt 0.042583 0.894602
vt 0.043628 0.894586
vt 0.044674 0.894569
vt 0.045720 0.894551
vt 0.046765 0.894530
vt 0.047811 0.894508
vt 0.048856 0.894483
vt 0.049901 0.894457
vt 0.050946 0.894429
vt 0.051991 0.894401
vt 0.053036 0.894372
vt 0.054081 0.894344
vt 0.055126 0.894317
vt 0.056171 0.894292
vt 0.057216 0.894269
vt 0.058261 0.894248
vt 0.059307 0.894229
vt 0.060352 0.894211
vt 0.061398 0.894195
vt 0.040828 0.911578
vt 0.041874 0.911561
vt 0.042919 0.911544
vt 0.043965 0.911526
vt 0.045011 0.911508
vt 0.046057 0.911489
vt 0.047102 0.911468
vt 0.048148 0.911446
vt 0.049194 0.911423
vt 0.050239 0.911399
vt 0.051285 0.911374
vt 0.052330 0.911348
vt 0.053375 0.911323
vt 0.054420 0.911297
vt 0.055465 0.911273
vt 0.056510 0.911249
vt 0.057556 0.911228
vt 0.058601 0.911207
vt 0.059646 0.911187
vt 0.060692 0.911169
vt 0.061737 0.911151
vt 0.041163 0.928724
vt 0.042208 0.928706
vt 0.043254 0.928688
vt 0.044300 0.928670
vt 0.045345 0.928651
vt 0.046391 0.928631
vt 0.047437 0.928611
vt 0.048482 0.928590
vt 0.049528 0.928568
vt 0.050573 0.928545
vt 0.051619 0.928522
vt 0.052664 0.928499
vt 0.053709 0.928476
vt 0.054755 0.928453
vt 0.055800 0.928430
vt 0.056845 0.928408
vt 0.057891 0.928388
vt 0.058936 0.928367
vt 0.059982 0.928348
vt 0.061027 0.928330
vt 0.062072 0.928311
vt 0.041489 0.945828
vt 0.042534 0.945811
vt 0.043580 0.945793
vt 0.044626 0.945775
vt 0.045672 0.945756
vt 0.046718 0.945736
vt 0.047765 0.945715
vt 0.048811 0.945693
vt 0.049857 0.945670
vt 0.050902 0.945647
vt 0.051948 0.945623
vt 0.052993 0.945599
vt 0.054038 0.945576
vt 0.055083 0.945554
vt 0.056128 0.945532
vt 0.057173 0.945511
vt 0.058218 0.945491
vt 0.059263 0.945473
vt 0.060308 0.945455
vt 0.061353 0.945437
vt 0.062399 0.945420
vn -0.985434 0.127858 -0.112126
vn -0.972177 0.121618 0.200202
vn -0.971186 0.129193 0.200270
vn -0.984388 0.135779 -0.112000
vn -0.863895 0.103490 0.492926
vn -0.863067 0.109978 0.492972
vn -0.671127 0.075241 0.737514
vn -0.670569 0.080011 0.737520
vn -0.412674 0.039626 0.910016
vn -0.412443 0.042212 0.910005
vn -0.113783 0.000127 0.993506
vn -0.113897 0.000274 0.993493
vn 0.196320 -0.039394 0.979748
vn 0.195874 -0.041702 0.979742
vn 0.487245 -0.075064 0.870034
vn 0.486538 -0.079602 0.870026
vn 0.730493 -0.103387 0.675049
vn 0.729586 -0.109709 0.675032
vn 0.902169 -0.121580 0.413896
vn 0.901156 -0.129068 0.413834
vn 0.985434 -0.127858 0.112127
vn 0.984387 -0.135772 0.112018
vn 0.972093 -0.121601 -0.200619
vn 0.971087 -0.129164 -0.200765
vn 0.863483 -0.103426 -0.493659
vn 0.862590 -0.109895 -0.493824
vn 0.670259 -0.075118 -0.738316
vn 0.669549 -0.079854 -0.738463
vn 0.411408 -0.039455 -0.910597
vn 0.410950 -0.041997 -0.910690
vn 0.112326 0.000062 -0.993671
vn 0.112180 -0.000036 -0.993688
vn -0.197673 0.039564 -0.979469
vn -0.197495 0.041918 -0.979407
vn -0.488282 0.075190 -0.869441
vn -0.487771 0.079762 -0.869320
vn -0.731084 0.103454 -0.674399
vn -0.730300 0.109800 -0.674245
vn -0.902357 0.121599 -0.413479
vn -0.901394 0.129099 -0.413306
vn -0.968618 0.146915 0.200485
vn -0.981699 0.154257 -0.111681
vn -0.860925 0.125223 0.493080
vn -0.669094 0.091291 0.737549
vn -0.411783 0.048424 0.909994
vn -0.114113 0.000807 0.993468
vn 0.194841 -0.046905 0.979713
vn 0.484806 -0.090036 0.869975
vn 0.727320 -0.124350 0.674939
vn 0.898578 -0.146480 0.413644
vn 0.981695 -0.154241 0.111739
vn 0.968499 -0.146871 -0.201091
vn 0.860304 -0.125095 -0.494195
vn 0.667750 -0.091053 -0.738796
vn 0.409821 -0.048100 -0.910897
vn 0.111829 -0.000446 -0.993728
vn -0.197007 0.047236 -0.979264
vn -0.486459 0.090282 -0.869026
vn -0.728289 0.124494 -0.673867
vn -0.898902 0.146531 -0.412922
vn -0.964510 0.171429 0.200831
vn -0.977429 0.179646 -0.111177
vn -0.857465 0.146485 0.493251
vn -0.666669 0.107229 0.737600
vn -0.410656 0.057482 0.909977
vn -0.114377 0.002096 0.993435
vn 0.193264 -0.053524 0.979686
vn 0.482108 -0.103921 0.869927
vn 0.723770 -0.144141 0.674819
vn 0.894502 -0.170229 0.413387
vn 0.977417 -0.179609 0.111336
vn 0.964357 -0.171351 -0.201631
vn 0.856611 -0.146271 -0.494795
vn 0.664835 -0.106844 -0.739310
vn 0.407928 -0.056951 -0.911236
vn 0.111165 -0.001499 -0.993801
vn -0.196321 0.054075 -0.979047
vn -0.484467 0.104339 -0.868565
vn -0.725166 0.144389 -0.673265
vn -0.894973 0.170330 -0.412325
vn -0.957333 0.207254 0.201393
vn -0.970048 0.216422 -0.110313
vn -0.851337 0.177887 0.493539
vn -0.662295 0.131164 0.737673
vn -0.408504 0.071617 0.909942
vn -0.114609 0.005035 0.993398
vn 0.190729 -0.062081 0.979678
vn 0.477600 -0.123155 0.869903
vn 0.717767 -0.172169 0.674662
vn 0.887507 -0.204285 0.413037
vn 0.970021 -0.216321 0.110747
vn 0.957137 -0.207086 -0.202493
vn 0.850129 -0.177491 -0.495759
vn 0.659645 -0.130469 -0.740166
vn 0.404488 -0.070659 -0.911810
vn 0.109833 -0.003950 -0.993942
vn -0.195328 0.063098 -0.978706
vn -0.481180 0.123941 -0.867816
vn -0.719888 0.172651 -0.672274
vn -0.888264 0.204504 -0.411297
vn -0.943183 0.263526 0.202384
vn -0.955715 0.273453 -0.108777
vn -0.839025 0.227984 0.494024
vn -0.653215 0.170246 0.737785
vn -0.403622 0.095885 0.909888
vn -0.114334 0.012094 0.993369
vn 0.186501 -0.072962 0.979742
vn 0.469402 -0.150934 0.869989
vn 0.706470 -0.214138 0.674570
vn 0.874111 -0.256279 0.412615
vn 0.955668 -0.273179 0.109869
vn 0.942982 -0.263143 -0.203815
vn 0.837303 -0.227172 -0.497310
vn 0.649189 -0.168841 -0.741651
vn 0.397391 -0.093945 -0.912828
vn 0.106828 -0.009883 -0.994228
vn -0.193853 0.075071 -0.978154
vn -0.475222 0.152612 -0.866530
vn -0.709962 0.215209 -0.670551
vn -0.875426 0.256831 -0.409472
vn -0.914176 0.350123 0.204195
vn -0.927156 0.359257 -0.106381
vn -0.812729 0.307099 0.495138
vn -0.632502 0.234287 0.738276
vn -0.390707 0.138663 0.910011
vn -0.110496 0.029393 0.993442
vn 0.181039 -0.082938 0.979972
vn 0.455366 -0.187318 0.870376
vn 0.685385 -0.273431 0.674895
vn 0.848030 -0.332631 0.412556
vn 0.926949 -0.358970 0.109114
vn 0.914076 -0.349756 -0.205273
vn 0.810665 -0.305917 -0.499236
vn 0.627112 -0.231842 -0.743626
vn 0.381950 -0.135006 -0.914269
vn 0.099585 -0.025033 -0.994714
vn -0.192055 0.087227 -0.977500
vn -0.464392 0.190779 -0.864837
vn -0.691086 0.275631 -0.668152
vn -0.850407 0.333636 -0.406811
vn -0.864249 0.459288 0.205253
vn -0.879641 0.463926 -0.104903
vn -0.765443 0.410312 0.495723
vn -0.592616 0.321646 0.738478
vn -0.362098 0.201698 0.910057
vn -0.095937 0.061937 0.993459
vn 0.180134 -0.084103 0.980040
vn 0.439106 -0.222145 0.870539
vn 0.655365 -0.338552 0.675188
vn 0.807211 -0.421684 0.413030
vn 0.879434 -0.463211 0.109687
vn 0.864572 -0.458910 -0.204738
vn 0.763981 -0.409127 -0.498947
vn 0.587651 -0.318784 -0.743668
vn 0.353360 -0.196980 -0.914514
vn 0.084517 -0.055861 -0.994855
vn -0.192087 0.090511 -0.977195
vn -0.449222 0.227721 -0.863911
vn -0.661986 0.342456 -0.666708
vn -0.810110 0.423755 -0.405159
vn -0.767641 0.610068 0.196326
vn -0.780856 0.614628 -0.111787
vn -0.681027 0.547161 0.486639
vn -0.528465 0.431506 0.731114
vn -0.323780 0.273748 0.905665
vn -0.086519 0.089036 0.992264
vn 0.160176 -0.104606 0.981530
vn 0.391749 -0.288050 0.873819
vn 0.584986 -0.443148 0.679273
vn 0.720259 -0.554478 0.416872
vn 0.783774 -0.610780 0.112460
vn 0.768826 -0.606197 -0.203550
vn 0.676846 -0.540857 -0.499354
vn 0.517254 -0.421208 -0.745005
vn 0.306683 -0.259491 -0.915757
vn 0.066858 -0.072351 -0.995136
vn -0.178058 0.121232 -0.976523
vn -0.404229 0.302200 -0.863293
vn -0.590464 0.453315 -0.667726
vn -0.719904 0.560754 -0.409014
vn -0.542365 0.817873 0.192153
vn -0.528916 0.841190 -0.112461
vn -0.504859 0.717513 0.479889
vn -0.419001 0.548581 0.723531
vn -0.291861 0.325888 0.899230
vn -0.134713 0.069911 0.988415
vn 0.037567 -0.194705 0.980142
vn 0.207694 -0.441371 0.872958
vn 0.357644 -0.644125 0.676161
vn 0.471134 -0.781355 0.409289
vn 0.535857 -0.838333 0.100274
vn 0.545392 -0.809338 -0.217991
vn 0.499625 -0.698262 -0.512645
vn 0.404369 -0.517611 -0.754032
vn 0.270187 -0.286548 -0.919179
vn 0.111019 -0.028812 -0.993401
vn -0.057452 0.230304 -0.971421
vn -0.219301 0.466128 -0.857107
vn -0.359679 0.657010 -0.662547
vn -0.466065 0.785922 -0.406337
vn -0.137732 0.955215 0.261904
vn -0.080383 0.996171 -0.034388
vn -0.182623 0.825144 0.534591
vn -0.210863 0.616726 0.758410
vn -0.219538 0.348058 0.911405
vn -0.207224 0.043311 0.977334
vn -0.174375 -0.268540 0.947354
vn -0.123445 -0.556164 0.821853
vn -0.058974 -0.788869 0.611725
vn 0.012418 -0.941246 0.337492
vn 0.082896 -0.996170 0.027830
vn 0.144518 -0.947832 -0.284128
vn 0.190544 -0.802296 -0.565698
vn 0.216418 -0.576403 -0.787987
vn 0.220178 -0.294687 -0.929882
vn 0.202287 0.013598 -0.979232
vn 0.165217 0.318141 -0.933536
vn 0.113042 0.590265 -0.799255
vn 0.050859 0.805426 -0.590510
vn -0.015616 0.944750 -0.327421
vn 0.318993 0.869878 0.376240
vn 0.398911 0.913039 0.085034
vn 0.209171 0.745413 0.632935
vn 0.079046 0.550368 0.831172
vn -0.059479 0.302198 0.951388
vn -0.193479 0.023753 0.980817
vn -0.309982 -0.258644 0.914885
vn -0.397140 -0.517241 0.758117
vn -0.445363 -0.725705 0.524409
vn -0.448746 -0.861987 0.235809
vn -0.405820 -0.910589 -0.078353
vn -0.320580 -0.865318 -0.385295
vn -0.202087 -0.730529 -0.652295
vn -0.063543 -0.521066 -0.851148
vn 0.080051 -0.259899 -0.962312
vn 0.213880 0.025192 -0.976535
vn 0.325040 0.305316 -0.895059
vn 0.403743 0.553720 -0.728276
vn 0.443608 0.747977 -0.493703
vn 0.441754 0.871233 -0.214027
vn 0.632175 0.642242 0.433451
vn 0.712083 0.687891 0.140509
vn 0.492605 0.535877 0.685694
vn 0.305870 0.378293 0.873692
vn 0.088854 0.183792 0.978941
vn -0.138159 -0.029379 0.989974
vn -0.353223 -0.240557 0.904083
vn -0.534679 -0.428515 0.728350
vn -0.663755 -0.574026 0.479504
vn -0.726887 -0.662182 0.182074
vn -0.717145 -0.683953 -0.133829
vn -0.635255 -0.637138 -0.436471
vn -0.489364 -0.526470 -0.695236
vn -0.294418 -0.363041 -0.884036
vn -0.070412 -0.163421 -0.984041
vn 0.159698 0.052244 -0.985783
vn 0.372705 0.262218 -0.890131
vn 0.547787 0.445778 -0.707962
vn 0.668686 0.585446 -0.458379
vn 0.724871 0.668523 -0.166248
vn 0.768947 0.462685 0.441185
vn 0.847726 0.510242 0.144962
vn 0.616129 0.370546 0.695040
vn 0.403649 0.242495 0.882192
vn 0.151604 0.090700 0.984271
vn -0.115893 -0.070271 0.990773
vn -0.372811 -0.224709 0.900288
vn -0.593725 -0.357317 0.720982
vn -0.756431 -0.454770 0.470103
vn -0.844419 -0.507236 0.172246
vn -0.848602 -0.509362 -0.142913
vn -0.768450 -0.460902 -0.443907
vn -0.612003 -0.366733 -0.700685
vn -0.394957 -0.236271 -0.887798
vn -0.139232 -0.082654 -0.986804
vn 0.129664 0.078875 -0.988416
vn 0.385188 0.232395 -0.893097
vn 0.602421 0.362942 -0.710888
vn 0.760619 0.458030 -0.460073
vn 0.844942 0.508671 -0.165307
vn 0.827047 0.351436 0.438732
vn 0.907382 0.395776 0.141487
vn 0.666550 0.273025 0.693664
vn 0.441184 0.168016 0.881548
vn 0.172572 0.046513 0.983898
vn -0.113387 -0.079741 0.990346
vn -0.388730 -0.198376 0.899742
vn -0.626323 -0.297679 0.720491
vn -0.802443 -0.367723 0.469964
vn -0.899433 -0.401474 0.172742
vn -0.907457 -0.395521 -0.141724
vn -0.825673 -0.350424 -0.442117
vn -0.662281 -0.270710 -0.698641
vn -0.433630 -0.164347 -0.885977
vn -0.162650 -0.041968 -0.985791
vn 0.123851 0.084351 -0.988709
vn 0.397764 0.202234 -0.894922
vn 0.632418 0.300219 -0.714084
vn 0.805285 0.368923 -0.464126
vn 0.899913 0.401804 -0.169443
vn 0.859673 0.267065 0.435476
vn 0.942473 0.304624 0.137654
vn 0.693375 0.203557 0.691228
vn 0.459468 0.120180 0.880026
vn 0.180451 0.024976 0.983267
vn -0.116669 -0.072820 0.990498
vn -0.402765 -0.163602 0.900564
vn -0.649639 -0.238406 0.721895
vn -0.832719 -0.289769 0.471819
vn -0.933652 -0.312541 0.174961
vn -0.942310 -0.304422 -0.139211
vn -0.857863 -0.266222 -0.439541
vn -0.688779 -0.201778 -0.696326
vn -0.452013 -0.117519 -0.884236
vn -0.171171 -0.021835 -0.984999
vn 0.126014 0.075853 -0.989124
vn 0.410473 0.166001 -0.896636
vn 0.654554 0.239865 -0.716955
vn 0.834783 0.290351 -0.467796
vn 0.933902 0.312645 -0.173437
vn 0.879643 0.196050 0.433352
vn 0.964885 0.225363 0.134937
vn 0.708809 0.147646 0.689775
vn 0.468760 0.084829 0.879243
vn 0.182689 0.013665 0.983076
vn -0.121634 -0.058908 0.990826
vn -0.414351 -0.125763 0.901386
vn -0.666647 -0.180308 0.723237
vn -0.853523 -0.217145 0.473653
vn -0.956286 -0.232583 0.177264
vn -0.964720 -0.225074 -0.136590
vn -0.878018 -0.195387 -0.436930
vn -0.704862 -0.146461 -0.694060
vn -0.462536 -0.083171 -0.882691
vn -0.175079 -0.011770 -0.984484
vn 0.129166 0.060710 -0.989763
vn 0.420432 0.127190 -0.898365
vn 0.670425 0.181220 -0.719507
vn 0.855003 0.217588 -0.470771
vn 0.956387 0.232780 -0.176458
vn 0.889678 0.146122 0.432576
vn 0.976546 0.168840 0.133609
vn 0.716033 0.109155 0.689479
vn 0.472374 0.061510 0.879249
vn 0.182374 0.007828 0.983198
vn -0.125702 -0.046649 0.990971
vn -0.421654 -0.096577 0.901599
vn -0.676401 -0.137047 0.723671
vn -0.864819 -0.164068 0.474521
vn -0.968230 -0.174966 0.178658
vn -0.976418 -0.168654 -0.134776
vn -0.888592 -0.145766 -0.434922
vn -0.713482 -0.108563 -0.692212
vn -0.468440 -0.060720 -0.881406
vn -0.177633 -0.006945 -0.984072
vn 0.130348 0.047481 -0.990331
vn 0.425353 0.097235 -0.899789
vn 0.678665 0.137480 -0.721466
vn 0.865674 0.164296 -0.472880
vn 0.968270 0.175098 -0.178308
vn 0.893895 0.117934 0.432486
vn 0.981663 0.136455 0.133108
vn 0.718782 0.087888 0.689658
vn 0.473338 0.049241 0.879504
vn 0.181493 0.005766 0.983375
vn -0.128231 -0.038287 0.991005
vn -0.425490 -0.078598 0.901543
vn -0.681122 -0.111215 0.723674
vn -0.870001 -0.132926 0.474794
vn -0.973553 -0.141602 0.179287
vn -0.981576 -0.136385 -0.133819
vn -0.893298 -0.117788 -0.433757
vn -0.717433 -0.087644 -0.691093
vn -0.471310 -0.048919 -0.880610
vn -0.179098 -0.005410 -0.983816
vn 0.130536 0.038617 -0.990691
vn 0.427279 0.078853 -0.900675
vn 0.682195 0.111374 -0.722638
vn 0.870383 0.133008 -0.474069
vn 0.973554 0.141648 -0.179242
vn 0.895434 0.105237 0.432577
vn 0.983647 0.121467 0.132980
vn 0.719633 0.078713 0.689879
vn 0.473392 0.044483 0.879728
vn 0.180775 0.005894 0.983507
vn -0.129596 -0.033278 0.991008
vn -0.427305 -0.069194 0.901456
vn -0.683185 -0.098335 0.723594
vn -0.872154 -0.117844 0.474827
vn -0.975677 -0.125809 0.179517
vn -0.983596 -0.121445 -0.133382
vn -0.895141 -0.105183 -0.433197
vn -0.719020 -0.078620 -0.690528
vn -0.472512 -0.044361 -0.880207
vn -0.179763 -0.005761 -0.983693
vn 0.130527 0.033395 -0.990882
vn 0.427989 0.069279 -0.901125
vn 0.683573 0.098385 -0.723221
vn 0.872267 0.117865 -0.474613
vn 0.975659 0.125817 -0.179611
vn 0.895815 0.101680 0.432639
vn 0.984176 0.117124 0.132966
vn 0.719787 0.076285 0.689991
vn 0.473278 0.043419 0.879842
vn 0.180430 0.006301 0.983568
vn -0.130103 -0.031437 0.991002
vn -0.427902 -0.066096 0.901405
vn -0.683816 -0.094285 0.723538
vn -0.872777 -0.113242 0.474803
vn -0.976260 -0.121109 0.179579
vn -0.984140 -0.117117 -0.133241
vn -0.895645 -0.101654 -0.432996
vn -0.719471 -0.076240 -0.690325
vn -0.472860 -0.043363 -0.880070
vn -0.179986 -0.006246 -0.983649
vn 0.130482 0.031482 -0.990951
vn 0.428155 0.066125 -0.901283
vn 0.683933 0.094297 -0.723425
vn 0.872786 0.113243 -0.474785
vn 0.976236 0.121108 -0.179710
vn 0.394251 -0.063833 0.916783
vn 0.656311 -0.094952 0.748492
vn 0.655462 -0.100736 0.748480
vn 0.393613 -0.067661 0.916783
vn 0.854114 -0.116775 0.506807
vn 0.853126 -0.123944 0.506768
vn 0.968205 -0.127151 0.215435
vn 0.967159 -0.135004 0.215356
vn 0.987391 -0.125064 -0.097049
vn 0.986363 -0.132825 -0.097185
vn 0.909797 -0.110719 -0.400014
vn 0.908857 -0.117624 -0.400180
vn 0.743047 -0.085524 -0.663752
vn 0.742266 -0.090894 -0.663912
vn 0.503532 -0.051956 -0.862413
vn 0.502978 -0.055264 -0.862531
vn 0.214751 -0.013306 -0.976578
vn 0.214483 -0.014228 -0.976624
vn -0.095027 0.026643 -0.995118
vn -0.094942 0.028191 -0.995084
vn -0.395408 0.063973 -0.916275
vn -0.395000 0.067843 -0.916173
vn -0.657031 0.095036 -0.747849
vn -0.656340 0.100848 -0.747695
vn -0.854403 0.116806 -0.506312
vn -0.853486 0.123991 -0.506150
vn -0.968238 0.127155 -0.215286
vn -0.967203 0.135015 -0.215151
vn -0.987418 0.125073 0.096763
vn -0.986394 0.132842 0.096854
vn -0.910091 0.110767 0.399331
vn -0.909198 0.117689 0.399384
vn -0.743773 0.085629 0.662925
vn -0.743116 0.091029 0.662942
vn -0.504687 0.052114 0.861728
vn -0.504331 0.055462 0.861727
vn -0.216165 0.013491 0.976264
vn -0.216159 0.014464 0.976251
vn 0.093607 -0.026464 0.995257
vn 0.093258 -0.027963 0.995249
vn 0.653358 -0.114111 0.748400
vn 0.392081 -0.076434 0.916750
vn 0.850626 -0.140606 0.506621
vn 0.964477 -0.153310 0.215126
vn 0.983716 -0.150979 -0.097512
vn 0.906442 -0.133832 -0.400563
vn 0.740286 -0.103566 -0.664267
vn 0.501608 -0.063155 -0.862787
vn 0.213851 -0.016565 -0.976726
vn -0.094732 0.031630 -0.995000
vn -0.393947 0.076715 -0.915926
vn -0.654553 0.114287 -0.747328
vn -0.851130 0.140683 -0.505752
vn -0.964546 0.153333 -0.214803
vn -0.983752 0.151006 0.097103
vn -0.906883 0.133933 0.399532
vn -0.741394 0.103768 0.662999
vn -0.503385 0.063454 0.861729
vn -0.216082 0.016923 0.976229
vn 0.092482 -0.031281 0.995223
vn 0.650060 -0.132108 0.748311
vn 0.389732 -0.088006 0.916714
vn 0.846692 -0.163263 0.506416
vn 0.960236 -0.178394 0.214762
vn 0.979496 -0.176010 -0.098017
vn 0.902572 -0.156343 -0.401149
vn 0.737083 -0.121338 -0.664820
vn 0.499342 -0.074439 -0.863201
vn 0.212764 -0.020262 -0.976894
vn -0.094505 0.035874 -0.994878
vn -0.392375 0.088476 -0.915540
vn -0.651775 0.132411 -0.746764
vn -0.847440 0.163405 -0.505119
vn -0.960342 0.178441 -0.214249
vn -0.979538 0.176064 0.097499
vn -0.903152 0.156506 0.399778
vn -0.738589 0.121667 0.663086
vn -0.501816 0.074930 0.861723
vn -0.215879 0.020850 0.976197
vn 0.091325 -0.035295 0.995195
vn 0.644496 -0.157431 0.748225
vn 0.385849 -0.103819 0.916702
vn 0.839965 -0.195603 0.506161
vn 0.952923 -0.214558 0.214247
vn 0.972173 -0.212412 -0.098796
vn 0.895811 -0.189387 -0.402063
vn 0.731417 -0.147747 -0.665733
vn 0.495261 -0.091617 -0.863900
vn 0.210704 -0.026534 -0.977190
vn -0.094301 0.041113 -0.994695
vn -0.389844 0.104694 -0.914910
vn -0.647120 0.158018 -0.745832
vn -0.841140 0.195903 -0.504088
vn -0.953100 0.214677 -0.213339
vn -0.972208 0.212544 0.098168
vn -0.896610 0.189692 0.400134
vn -0.733580 0.148347 0.663215
vn -0.498888 0.092503 0.861716
vn -0.215318 0.027595 0.976154
vn 0.089538 -0.040053 0.995178
vn 0.634156 -0.194970 0.748220
vn 0.378901 -0.126137 0.916800
vn 0.827185 -0.244652 0.505876
vn 0.938810 -0.270249 0.213546
vn 0.957880 -0.269201 -0.099980
vn 0.882478 -0.241627 -0.403546
vn 0.720111 -0.190238 -0.667271
vn 0.486986 -0.120164 -0.865105
vn 0.206285 -0.038349 -0.977740
vn -0.094337 0.047164 -0.994423
vn -0.385373 0.127990 -0.913841
vn -0.638476 0.196260 -0.744198
vn -0.829171 0.245364 -0.502267
vn -0.939130 0.270593 -0.211694
vn -0.957856 0.269524 0.099343
vn -0.883560 0.242275 0.400780
vn -0.723322 0.191448 0.663441
vn -0.492563 0.121957 0.861689
vn -0.213514 0.040507 0.976100
vn 0.086768 -0.044983 0.995212
vn 0.615170 -0.247277 0.748613
vn 0.367539 -0.154066 0.917158
vn 0.802497 -0.316221 0.505967
vn 0.910686 -0.353944 0.213014
vn 0.928743 -0.356635 -0.101230
vn 0.854797 -0.324004 -0.405394
vn 0.696266 -0.259322 -0.669303
vn 0.469141 -0.169115 -0.866780
vn 0.196168 -0.062386 -0.978584
vn -0.095587 0.050296 -0.994150
vn -0.377493 0.157895 -0.912452
vn -0.622094 0.249932 -0.741979
vn -0.805913 0.317598 -0.499636
vn -0.911409 0.354408 -0.209115
vn -0.928625 0.356899 0.101388
vn -0.856005 0.324869 0.402140
vn -0.700461 0.261344 0.664119
vn -0.476891 0.172427 0.861884
vn -0.206607 0.066616 0.976153
vn 0.084321 -0.045878 0.995382
vn 0.589568 -0.302653 0.748873
vn 0.356399 -0.177753 0.917270
vn 0.765019 -0.397903 0.506379
vn 0.865059 -0.453937 0.213575
vn 0.879523 -0.465088 -0.100659
vn 0.806793 -0.430160 -0.405027
vn 0.654080 -0.352598 -0.669219
vn 0.436664 -0.240145 -0.866980
vn 0.176400 -0.104088 -0.978800
vn -0.100744 0.042020 -0.994025
vn -0.367398 0.183740 -0.911734
vn -0.597502 0.307206 -0.740686
vn -0.769082 0.400590 -0.498036
vn -0.865936 0.455044 -0.207580
vn -0.879085 0.465491 0.102607
vn -0.807414 0.430999 0.402893
vn -0.657720 0.354856 0.664441
vn -0.444196 0.244278 0.861985
vn -0.187130 0.109801 0.976179
vn 0.088695 -0.035596 0.995423
vn 0.529949 -0.390788 0.752621
vn 0.320472 -0.225830 0.919945
vn 0.687084 -0.517206 0.510307
vn 0.775895 -0.592432 0.216820
vn 0.787115 -0.608819 -0.098942
vn 0.719431 -0.564303 -0.404947
vn 0.579801 -0.463131 -0.670328
vn 0.382668 -0.315481 -0.868353
vn 0.148591 -0.136557 -0.979425
vn -0.098650 0.055373 -0.993581
vn -0.334759 0.241215 -0.910907
vn -0.537266 0.402958 -0.740925
vn -0.687742 0.525589 -0.500767
vn -0.772661 0.597923 -0.213269
vn -0.784203 0.613255 0.094571
vn -0.720975 0.570041 0.394015
vn -0.588236 0.472021 0.656639
vn -0.397866 0.328230 0.856719
vn -0.167719 0.152289 0.974001
vn 0.079899 -0.038659 0.996053
vn 0.320289 -0.576430 0.751760
vn 0.158981 -0.357606 0.920241
vn 0.449109 -0.736847 0.505330
vn 0.531311 -0.821596 0.206611
vn 0.558311 -0.821934 -0.112757
vn 0.528257 -0.738541 -0.418929
vn 0.445677 -0.581122 -0.680933
vn 0.320065 -0.366532 -0.873621
vn 0.164729 -0.116968 -0.979379
vn -0.004875 0.142745 -0.989747
vn -0.172684 0.387670 -0.905479
vn -0.323212 0.594873 -0.735976
vn -0.442936 0.745552 -0.497955
vn -0.521321 0.826187 -0.213634
vn -0.551108 0.829500 0.090605
vn -0.529337 0.755029 0.386953
vn -0.457257 0.608916 0.648180
vn -0.340553 0.403969 0.849019
vn -0.189176 0.158679 0.969037
vn -0.016993 -0.103874 0.994445
vn -0.086641 -0.719210 0.689370
vn -0.146834 -0.464722 0.873197
vn -0.016331 -0.900967 0.433579
vn 0.056426 -0.989633 0.132074
vn 0.123274 -0.975385 -0.182832
vn 0.176601 -0.860544 -0.477784
vn 0.210787 -0.658757 -0.722224
vn 0.222925 -0.392440 -0.892354
vn 0.212723 -0.089579 -0.972998
vn 0.182137 0.219470 -0.958467
vn 0.134796 0.505322 -0.852338
vn 0.075524 0.741849 -0.666300
vn 0.009874 0.907989 -0.418877
vn -0.056305 0.989509 -0.133051
vn -0.117174 0.979293 0.165092
vn -0.167459 0.878075 0.448266
vn -0.202712 0.694181 0.690667
vn -0.219481 0.443296 0.869090
vn -0.215775 0.147633 0.965218
vn -0.191076 -0.165348 0.967548
vn -0.441048 -0.659674 0.608529
vn -0.376225 -0.433038 0.819105
vn -0.461925 -0.821231 0.334970
vn -0.435383 -0.899889 0.025329
vn -0.363264 -0.886043 -0.288039
vn -0.253083 -0.780437 -0.571722
vn -0.117215 -0.594473 -0.795526
vn 0.029201 -0.348718 -0.936773
vn 0.170621 -0.069665 -0.982871
vn 0.293097 0.213874 -0.931854
vn 0.385657 0.474414 -0.791328
vn 0.440619 0.687986 -0.576654
vn 0.453879 0.835735 -0.309096
vn 0.424964 0.905111 -0.013430
vn 0.356709 0.890136 0.283579
vn 0.255218 0.792065 0.554524
vn 0.129413 0.619480 0.774272
vn -0.009469 0.387597 0.921780
vn -0.148745 0.117666 0.981850
vn -0.275172 -0.164951 0.947139
vn -0.630161 -0.528527 0.568820
vn -0.480502 -0.368380 0.795873
vn -0.717469 -0.635867 0.284451
vn -0.733085 -0.679523 -0.028885
vn -0.674947 -0.655078 -0.339587
vn -0.548807 -0.565057 -0.616054
vn -0.367474 -0.418468 -0.830571
vn -0.149562 -0.230001 -0.961629
vn 0.082437 -0.018745 -0.996420
vn 0.304981 0.194050 -0.932379
vn 0.496039 0.387225 -0.777176
vn 0.637542 0.542119 -0.547401
vn 0.716869 0.644305 -0.266401
vn 0.727643 0.684862 0.038711
vn 0.669696 0.660513 0.339455
vn 0.548663 0.573719 0.608125
vn 0.375469 0.432331 0.819825
vn 0.165649 0.249091 0.954209
vn -0.061489 0.041006 0.997265
vn -0.284205 -0.171848 0.943237
vn -0.710204 -0.426295 0.560252
vn -0.525728 -0.316108 0.789738
vn -0.824624 -0.494341 0.274996
vn -0.857337 -0.513364 -0.037823
vn -0.804842 -0.481414 -0.347088
vn -0.672398 -0.401703 -0.621704
vn -0.473322 -0.282220 -0.834457
vn -0.227619 -0.134932 -0.964356
vn 0.040026 0.025436 -0.998875
vn 0.303103 0.183058 -0.935210
vn 0.535830 0.322500 -0.780308
vn 0.715846 0.430342 -0.549882
vn 0.826107 0.496337 -0.266827
vn 0.856547 0.514387 0.041637
vn 0.804505 0.482876 0.345835
vn 0.675090 0.404880 0.616705
vn 0.480441 0.287732 0.828485
vn 0.238941 0.142521 0.960518
vn -0.026417 -0.016860 0.999509
vn -0.289932 -0.174923 0.940926
vn -0.751853 -0.348017 0.560001
vn -0.552880 -0.267327 0.789215
vn -0.876755 -0.394397 0.275232
vn -0.914995 -0.401777 -0.036880
vn -0.862671 -0.369394 -0.345466
vn -0.725024 -0.300496 -0.619712
vn -0.515876 -0.201988 -0.832510
vn -0.256141 -0.083691 -0.963010
vn 0.028343 0.042649 -0.998688
vn 0.309548 0.164616 -0.936527
vn 0.560082 0.270350 -0.783083
vn 0.755750 0.349641 -0.553708
vn 0.877839 0.394947 -0.270953
vn 0.914868 0.401970 0.037898
vn 0.863354 0.370094 0.343001
vn 0.728238 0.302377 0.615010
vn 0.522379 0.205248 0.827643
vn 0.265448 0.088031 0.960098
vn -0.017811 -0.037955 0.999121
vn -0.299832 -0.160431 0.940406
vn -0.780082 -0.275579 0.561719
vn -0.573337 -0.215722 0.790410
vn -0.909960 -0.308263 0.277392
vn -0.949951 -0.310492 -0.034454
vn -0.896029 -0.282028 -0.342918
vn -0.753669 -0.225744 -0.617270
vn -0.537131 -0.147254 -0.830546
vn -0.268034 -0.054382 -0.961873
vn 0.026938 0.043689 -0.998682
vn 0.318827 0.137348 -0.937808
vn 0.579266 0.217512 -0.785583
vn 0.783036 0.276424 -0.557176
vn 0.910651 0.308472 -0.274883
vn 0.949933 0.310604 0.033960
vn 0.897152 0.282625 0.339473
vn 0.757290 0.227215 0.612279
vn 0.543718 0.149660 0.825816
vn 0.276895 0.057430 0.959182
vn -0.017379 -0.040545 0.999027
vn -0.310410 -0.134692 0.941012
vn -0.799852 -0.206897 0.563409
vn -0.588746 -0.163701 0.791568
vn -0.932240 -0.229713 0.279573
vn -0.972696 -0.229882 -0.031903
vn -0.917190 -0.207378 -0.340232
vn -0.771323 -0.164459 -0.614828
vn -0.549658 -0.105372 -0.828717
vn -0.274229 -0.035990 -0.960991
vn 0.027735 0.036853 -0.998936
vn 0.326619 0.106024 -0.939191
vn 0.593337 0.164798 -0.787904
vn 0.802042 0.207480 -0.560072
vn 0.932656 0.229974 -0.277966
vn 0.972666 0.230116 0.031091
vn 0.918201 0.207906 0.337168
vn 0.774462 0.165475 0.610596
vn 0.555203 0.106900 0.824816
vn 0.281529 0.037840 0.958807
vn -0.019986 -0.034980 0.999188
vn -0.319924 -0.104445 0.941669
vn -0.810721 -0.156608 0.564097
vn -0.597758 -0.124769 0.791908
vn -0.944054 -0.173064 0.280733
vn -0.984545 -0.172502 -0.030230
vn -0.928216 -0.154982 -0.338223
vn -0.780663 -0.122232 -0.612882
vn -0.556536 -0.077498 -0.827201
vn -0.277963 -0.025179 -0.960262
vn 0.027642 0.029580 -0.999180
vn 0.330310 0.081418 -0.940354
vn 0.600519 0.125278 -0.789736
vn 0.812005 0.156902 -0.562166
vn 0.944268 0.173215 -0.279918
vn 0.984538 0.172662 0.029561
vn 0.928895 0.155273 0.336221
vn 0.782702 0.122746 0.610173
vn 0.560045 0.078231 0.824760
vn 0.282515 0.026044 0.958909
vn -0.022850 -0.028714 0.999326
vn -0.326215 -0.080689 0.941846
vn -0.815773 -0.127008 0.564254
vn -0.602207 -0.101375 0.791877
vn -0.949347 -0.140186 0.281228
vn -0.989770 -0.139611 -0.029397
vn -0.933089 -0.125338 -0.337099
vn -0.784891 -0.098777 -0.611710
vn -0.559790 -0.062535 -0.826272
vn -0.279923 -0.020178 -0.959810
vn 0.027260 0.024145 -0.999337
vn 0.331651 0.066092 -0.941084
vn 0.603517 0.101566 -0.790855
vn 0.816355 0.127113 -0.563388
vn 0.949425 0.140237 -0.280938
vn 0.989777 0.139665 0.028913
vn 0.933473 0.125456 0.335990
vn 0.785976 0.098986 0.610282
vn 0.561616 0.062836 0.825009
vn 0.282241 0.020529 0.959124
vn -0.024862 -0.023798 0.999408
vn -0.329645 -0.065808 0.941809
vn -0.817907 -0.112539 0.564237
vn -0.604206 -0.089558 0.791779
vn -0.951482 -0.124496 0.281395
vn -0.991826 -0.124254 -0.029034
vn -0.934991 -0.111839 -0.336577
vn -0.786567 -0.088467 -0.611135
vn -0.561121 -0.056435 -0.825808
vn -0.280774 -0.018881 -0.959588
vn 0.027018 0.020517 -0.999424
vn 0.332119 0.057903 -0.941459
vn 0.604684 0.089618 -0.791407
vn 0.818089 0.112567 -0.563968
vn 0.951487 0.124507 -0.281374
vn 0.991833 0.124270 0.028714
vn 0.935191 0.111882 0.336006
vn 0.787070 0.088548 0.610475
vn 0.561938 0.056550 0.825244
vn 0.281768 0.019012 0.959294
vn -0.026031 -0.020392 0.999453
vn -0.331329 -0.057804 0.941743
vn -0.818533 -0.108082 0.564201
vn -0.604845 -0.085795 0.791708
vn -0.952078 -0.119787 0.281424
vn -0.992381 -0.119762 -0.028916
vn -0.935507 -0.108010 -0.336392
vn -0.787028 -0.085680 -0.610938
vn -0.561502 -0.054962 -0.825648
vn -0.281050 -0.018871 -0.959507
vn 0.026896 0.019067 -0.999456
vn 0.332229 0.055142 -0.941586
vn 0.605008 0.085814 -0.791582
vn 0.818555 0.108085 -0.564168
vn 0.952053 0.119787 -0.281507
vn 0.992388 0.119767 0.028688
vn 0.935626 0.108028 0.336055
vn 0.787293 0.085716 0.610591
vn 0.561923 0.055018 0.825358
vn 0.281503 0.018927 0.959374
vn -0.026491 -0.019019 0.999468
vn -0.331912 -0.055105 0.941699
vn 0.590129 -0.063886 -0.804777
vn 0.314809 -0.026526 -0.948784
vn 0.314436 -0.028265 -0.948858
vn 0.589494 -0.067928 -0.804911
vn 0.008694 0.013427 -0.999872
vn 0.008659 0.014156 -0.999862
vn -0.298186 0.052055 -0.953087
vn -0.297880 0.055181 -0.953007
vn -0.575817 0.085581 -0.813087
vn -0.575211 0.090800 -0.812950
vn -0.797117 0.110736 -0.593585
vn -0.796256 0.117535 -0.593432
vn -0.940442 0.125060 -0.316114
vn -0.939436 0.132779 -0.315959
vn -0.991852 0.127161 -0.007730
vn -0.990810 0.135045 -0.007620
vn -0.946306 0.116831 0.301424
vn -0.945359 0.124114 0.301482
vn -0.808250 0.095079 0.581113
vn -0.807509 0.101052 0.581136
vn -0.591131 0.064026 0.804031
vn -0.590681 0.068106 0.804025
vn -0.316153 0.026706 0.948332
vn -0.316035 0.028492 0.948320
vn -0.010158 -0.013239 0.999861
vn -0.010388 -0.013920 0.999849
vn 0.296901 -0.051896 0.953497
vn 0.296355 -0.054979 0.953494
vn 0.574932 -0.085476 0.813724
vn 0.574145 -0.090662 0.813718
vn 0.796671 -0.110687 0.594191
vn 0.795725 -0.117469 0.594157
vn 0.940344 -0.125050 0.316410
vn 0.939313 -0.132760 0.316331
vn 0.991853 -0.127158 0.007595
vn 0.990813 -0.135035 0.007478
vn 0.946138 -0.116800 -0.301962
vn 0.945161 -0.124070 -0.302121
vn 0.807699 -0.094996 -0.581892
vn 0.806853 -0.100945 -0.582065
vn 0.313546 -0.032506 -0.949016
vn 0.587899 -0.077522 -0.805211
vn 0.008584 0.015680 -0.999840
vn -0.297106 0.062315 -0.952809
vn -0.573654 0.102843 -0.812616
vn -0.794060 0.133310 -0.593040
vn -0.936845 0.150748 -0.315588
vn -0.988128 0.153460 -0.007336
vn -0.942902 0.141186 0.301665
vn -0.805565 0.115117 0.581217
vn -0.589468 0.077793 0.804037
vn -0.315669 0.032850 0.948301
vn -0.010883 -0.015320 0.999823
vn 0.295071 -0.062005 0.953461
vn 0.572210 -0.102630 0.813660
vn 0.793337 -0.133202 0.594032
vn 0.936676 -0.150716 0.316106
vn 0.988132 -0.153442 0.007168
vn 0.942648 -0.141118 -0.302492
vn 0.804707 -0.114953 -0.582437
vn 0.312045 -0.038808 -0.949275
vn 0.585287 -0.091124 -0.805689
vn 0.008365 0.017286 -0.999816
vn -0.295975 0.071663 -0.952504
vn -0.571252 0.119013 -0.812100
vn -0.790624 0.154725 -0.592431
vn -0.932758 0.175319 -0.315002
vn -0.983860 0.178809 -0.006868
vn -0.938961 0.164845 0.301956
vn -0.802418 0.134793 0.581340
vn -0.587464 0.091566 0.804053
vn -0.315006 0.039375 0.948272
vn -0.011597 -0.016691 0.999793
vn 0.293095 -0.071147 0.953432
vn 0.569195 -0.118650 0.813596
vn 0.789578 -0.154532 0.593874
vn 0.932498 -0.175254 0.315807
vn 0.983869 -0.178766 0.006708
vn 0.938631 -0.164729 -0.303046
vn 0.801250 -0.134522 -0.583011
vn 0.309277 -0.048834 -0.949717
vn 0.580635 -0.111608 -0.806478
vn 0.007795 0.018692 -0.999795
vn -0.294215 0.084345 -0.952010
vn -0.567270 0.141719 -0.811246
vn -0.784798 0.185236 -0.591422
vn -0.925745 0.210676 -0.314024
vn -0.976464 0.215593 -0.006092
vn -0.932063 0.199494 0.302425
vn -0.796822 0.163952 0.581545
vn -0.583809 0.112408 0.804072
vn -0.313652 0.049856 0.948228
vn -0.012617 -0.017610 0.999765
vn 0.289863 -0.083389 0.953428
vn 0.564144 -0.141029 0.813543
vn 0.783188 -0.184852 0.593672
vn 0.925320 -0.210512 0.315386
vn 0.976488 -0.215488 0.006011
vn 0.931622 -0.199264 -0.303932
vn 0.795155 -0.163458 -0.583961
vn 0.303509 -0.066416 -0.950511
vn 0.571270 -0.145153 -0.807825
vn 0.006263 0.018774 -0.999804
vn -0.291238 0.102053 -0.951192
vn -0.559946 0.175292 -0.809774
vn -0.773824 0.231394 -0.589622
vn -0.912293 0.264965 -0.312273
vn -0.962070 0.272763 -0.004740
vn -0.918418 0.254080 0.303237
vn -0.785503 0.210682 0.581892
vn -0.576094 0.146763 0.804100
vn -0.310315 0.068485 0.948164
vn -0.013888 -0.016558 0.999767
vn 0.284258 -0.100057 0.953513
vn 0.554842 -0.173803 0.813599
vn 0.771113 -0.230507 0.593508
vn 0.911546 -0.264524 0.314819
vn 0.962148 -0.272483 0.004989
vn 0.917853 -0.253565 -0.305369
vn 0.783055 -0.209664 -0.585548
vn 0.290693 -0.099038 -0.951677
vn 0.551251 -0.201314 -0.809688
vn 0.001997 0.012810 -0.999916
vn -0.286381 0.123233 -0.950158
vn -0.546290 0.221459 -0.807789
vn -0.752682 0.298037 -0.587063
vn -0.885814 0.345629 -0.309635
vn -0.933059 0.359714 -0.002520
vn -0.890029 0.339018 0.304821
vn -0.760857 0.285471 0.582754
vn -0.557876 0.204235 0.804402
vn -0.300403 0.103033 0.948231
vn -0.013236 -0.008367 0.999877
vn 0.275766 -0.119134 0.953813
vn 0.538227 -0.218371 0.814019
vn 0.748120 -0.296248 0.593762
vn 0.884366 -0.344914 0.314532
vn 0.933148 -0.359470 0.003972
vn 0.889496 -0.338411 -0.307043
vn 0.757758 -0.283855 -0.587562
vn 0.266403 -0.151234 -0.951923
vn 0.515123 -0.280797 -0.809816
vn -0.008181 -0.006910 -0.999943
vn -0.281370 0.137837 -0.949648
vn -0.526368 0.268799 -0.806650
vn -0.719606 0.373348 -0.585473
vn -0.842745 0.441522 -0.307960
vn -0.884291 0.466934 -0.001125
vn -0.840513 0.447264 0.305766
vn -0.715605 0.384400 0.583220
vn -0.521379 0.284324 0.804565
vn -0.276198 0.156473 0.948278
vn -0.003679 0.013213 0.999906
vn 0.269766 -0.131584 0.953893
vn 0.517266 -0.263693 0.814188
vn 0.714238 -0.370015 0.594098
vn 0.840962 -0.439945 0.315010
vn 0.884561 -0.466403 0.004535
vn 0.840534 -0.446694 -0.306541
vn 0.713136 -0.382692 -0.587353
vn 0.228966 -0.198881 -0.952901
vn 0.452833 -0.369865 -0.811260
vn -0.016185 -0.008570 -0.999832
vn -0.258205 0.181919 -0.948808
vn -0.473834 0.353969 -0.806342
vn -0.643156 0.491426 -0.587240
vn -0.750921 0.581629 -0.312771
vn -0.787373 0.616416 -0.008710
vn -0.748952 0.592444 0.296784
vn -0.638635 0.511706 0.574720
vn -0.466136 0.381462 0.798251
vn -0.247324 0.213943 0.945018
vn -0.003303 0.025373 0.999673
vn 0.241974 -0.165775 0.956016
vn 0.463975 -0.340610 0.817748
vn 0.640341 -0.481878 0.598128
vn 0.753146 -0.575537 0.318635
vn 0.790768 -0.612078 0.006874
vn 0.749147 -0.587511 -0.305958
vn 0.632455 -0.504004 -0.588202
vn 0.218992 -0.202352 -0.954513
vn 0.364562 -0.444039 -0.818489
vn 0.053770 0.057716 -0.996884
vn -0.115230 0.311054 -0.943381
vn -0.272260 0.533657 -0.800678
vn -0.403018 0.705299 -0.583207
vn -0.495962 0.810479 -0.311682
vn -0.542675 0.839868 -0.011183
vn -0.538726 0.790626 0.291008
vn -0.483914 0.666730 0.566832
vn -0.382370 0.478787 0.790289
vn -0.242556 0.243481 0.939087
vn -0.077110 -0.017169 0.996875
vn 0.098072 -0.277877 0.955597
vn 0.264922 -0.511911 0.817168
vn 0.405424 -0.694566 0.594314
vn 0.504137 -0.806150 0.309787
vn 0.550473 -0.834830 -0.006305
vn 0.540199 -0.778117 -0.320499
vn 0.475631 -0.642916 -0.600362
vn 0.218870 -0.192719 -0.956533
vn 0.225036 -0.486456 -0.844227
vn 0.191681 0.117224 -0.974432
vn 0.146805 0.413608 -0.898542
vn 0.088890 0.668916 -0.738004
vn 0.023406 0.860404 -0.509074
vn -0.043801 0.971396 -0.233392
vn -0.106861 0.992234 0.063658
vn -0.160264 0.920965 0.355159
vn -0.199239 0.763421 0.614404
vn -0.220044 0.532825 0.817116
vn -0.220257 0.249352 0.943033
vn -0.199152 -0.060902 0.978074
vn -0.157806 -0.368019 0.916329
vn -0.099496 -0.640464 0.761516
vn -0.029776 -0.848909 0.527699
vn 0.043968 -0.970195 0.238304
vn 0.113248 -0.990666 -0.075867
vn 0.170129 -0.908605 -0.381436
vn 0.208538 -0.733910 -0.646442
vn 0.126137 -0.164928 -0.978207
vn -0.017782 -0.436507 -0.899525
vn 0.255363 0.120727 -0.959278
vn 0.357957 0.392183 -0.847384
vn 0.425229 0.624084 -0.655515
vn 0.451973 0.795732 -0.403151
vn 0.436576 0.892412 -0.114025
vn 0.380757 0.905882 0.185475
vn 0.289593 0.834916 0.468030
vn 0.171084 0.685661 0.707531
vn 0.035699 0.471213 0.881297
vn -0.104192 0.210977 0.971922
vn -0.235523 -0.070808 0.969286
vn -0.345429 -0.347197 0.871856
vn -0.422486 -0.590898 0.687273
vn -0.457915 -0.776867 0.432194
vn -0.446711 -0.885007 0.131199
vn -0.388937 -0.902602 -0.184494
vn -0.290375 -0.826831 -0.481698
vn -0.161785 -0.665407 -0.728738
vn 0.004291 -0.089674 -0.995962
vn -0.226120 -0.295058 -0.928338
vn 0.233107 0.124430 -0.964457
vn 0.437412 0.325811 -0.838164
vn 0.597602 0.494844 -0.630873
vn 0.699019 0.615504 -0.364043
vn 0.733198 0.677007 -0.063889
vn 0.697940 0.674201 0.241522
vn 0.596932 0.607613 0.523907
vn 0.439425 0.483380 0.757132
vn 0.239557 0.312648 0.919165
vn 0.015466 0.111155 0.993683
vn -0.211694 -0.101946 0.972004
vn -0.419676 -0.305646 0.854665
vn -0.587359 -0.479319 0.652121
vn -0.697353 -0.605291 0.383826
vn -0.737835 -0.670626 0.076553
vn -0.704206 -0.668773 -0.238404
vn -0.599657 -0.599972 -0.529570
vn -0.434569 -0.471033 -0.767644
vn -0.050106 -0.028336 -0.998342
vn -0.313399 -0.185939 -0.931240
vn 0.217535 0.131821 -0.967110
vn 0.463163 0.278798 -0.841280
vn 0.663034 0.398371 -0.633787
vn 0.798115 0.479115 -0.365325
vn 0.855848 0.513474 -0.062194
vn 0.831142 0.498357 0.246664
vn 0.726467 0.435242 0.531799
vn 0.551766 0.330120 0.765882
vn 0.323474 0.192939 0.926358
vn 0.063228 0.036731 0.997323
vn -0.203931 -0.123405 0.971176
vn -0.451840 -0.271741 0.849704
vn -0.655802 -0.393491 0.644273
vn -0.795367 -0.476489 0.374631
vn -0.856183 -0.512243 0.067510
vn -0.831951 -0.497150 -0.246374
vn -0.725055 -0.432712 -0.535775
vn -0.546177 -0.325370 -0.771897
vn -0.067536 0.000438 -0.997717
vn -0.346840 -0.124539 -0.929619
vn 0.217923 0.125183 -0.967904
vn 0.481596 0.237511 -0.843596
vn 0.697959 0.326570 -0.637342
vn 0.846267 0.383824 -0.369475
vn 0.912442 0.403829 -0.066125
vn 0.890304 0.384777 0.243526
vn 0.781977 0.328444 0.529751
vn 0.597821 0.240240 0.764784
vn 0.355352 0.128589 0.925845
vn 0.077875 0.004234 0.996954
vn -0.207721 -0.120745 0.970707
vn -0.473436 -0.234062 0.849160
vn -0.692942 -0.324478 0.643852
vn -0.844356 -0.382961 0.374704
vn -0.912377 -0.403615 0.068283
vn -0.890120 -0.384316 -0.244926
vn -0.779768 -0.327014 -0.533876
vn -0.592415 -0.237428 -0.769852
vn -0.072494 0.011015 -0.997308
vn -0.362015 -0.086373 -0.928162
vn 0.223679 0.107183 -0.968752
vn 0.497602 0.192764 -0.845715
vn 0.722762 0.259492 -0.640530
vn 0.877522 0.300969 -0.373326
vn 0.947085 0.313228 -0.070125
vn 0.924864 0.295134 0.239838
vn 0.812922 0.248403 0.526738
vn 0.621978 0.177511 0.762649
vn 0.370250 0.089258 0.924634
vn 0.082012 -0.007839 0.996601
vn -0.214689 -0.104306 0.971097
vn -0.490756 -0.190666 0.850179
vn -0.718840 -0.258348 0.645388
vn -0.876215 -0.300591 0.376687
vn -0.947074 -0.313151 0.070626
vn -0.924319 -0.294755 -0.242393
vn -0.810257 -0.247252 -0.531366
vn -0.616361 -0.175403 -0.767680
vn -0.074052 0.012630 -0.997174
vn -0.370406 -0.059866 -0.926939
vn 0.229168 0.083815 -0.969772
vn 0.509684 0.146765 -0.847751
vn 0.740274 0.195353 -0.643297
vn 0.898731 0.224930 -0.376416
vn 0.969815 0.232633 -0.073087
vn 0.946714 0.217747 0.237317
vn 0.831590 0.181678 0.524834
vn 0.635490 0.127915 0.761439
vn 0.377245 0.061637 0.924060
vn 0.081818 -0.010728 0.996590
vn -0.221978 -0.082112 0.971588
vn -0.504326 -0.145499 0.851167
vn -0.737335 -0.194618 0.646885
vn -0.897847 -0.224598 0.378718
vn -0.969861 -0.232431 0.073111
vn -0.946193 -0.217343 -0.239754
vn -0.829246 -0.180838 -0.528819
vn -0.630734 -0.126554 -0.765610
vn -0.075386 0.011391 -0.997089
vn -0.375241 -0.043161 -0.925922
vn 0.231603 0.064797 -0.970650
vn 0.515770 0.111848 -0.849395
vn 0.749425 0.147961 -0.645345
vn 0.909935 0.169639 -0.378471
vn 0.981762 0.174785 -0.074786
vn 0.957958 0.162897 0.236179
vn 0.840776 0.135130 0.524247
vn 0.641551 0.094172 0.761278
vn 0.379548 0.043999 0.924125
vn 0.080215 -0.010507 0.996722
vn -0.227196 -0.064012 0.971743
vn -0.512520 -0.111263 0.851436
vn -0.747683 -0.147606 0.647443
vn -0.909447 -0.169454 0.379725
vn -0.981799 -0.174646 0.074627
vn -0.957592 -0.162664 -0.237819
vn -0.839246 -0.134696 -0.526804
vn -0.638516 -0.093508 -0.763907
vn -0.076321 0.009423 -0.997039
vn -0.377670 -0.034730 -0.925289
vn 0.232367 0.052641 -0.971203
vn 0.518252 0.090701 -0.850405
vn 0.753393 0.119887 -0.646549
vn 0.914901 0.137359 -0.379589
vn 0.987062 0.141414 -0.075574
vn 0.962835 0.131660 0.235828
vn 0.844550 0.109043 0.524256
vn 0.643727 0.075767 0.761495
vn 0.379881 0.035073 0.924370
vn 0.078755 -0.009067 0.996853
vn -0.230193 -0.052330 0.971737
vn -0.516681 -0.090476 0.851384
vn -0.752577 -0.119758 0.647522
vn -0.914699 -0.137298 0.380098
vn -0.987084 -0.141367 0.075368
vn -0.962620 -0.131570 -0.236755
vn -0.843725 -0.108867 -0.525619
vn -0.642127 -0.075493 -0.762872
vn -0.076787 0.007420 -0.997020
vn -0.378707 -0.031793 -0.924970
vn 0.232597 0.045900 -0.971490
vn 0.519186 0.079886 -0.850920
vn 0.754964 0.106054 -0.647133
vn 0.916890 0.121850 -0.380087
vn 0.989159 0.125729 -0.075871
vn 0.964697 0.117314 0.235790
vn 0.845881 0.097423 0.524399
vn 0.644319 0.068002 0.761728
vn 0.379657 0.031921 0.924576
vn 0.077797 -0.007289 0.996943
vn -0.231726 -0.045791 0.971703
vn -0.518590 -0.079812 0.851290
vn -0.754685 -0.106016 0.647465
vn -0.916847 -0.121837 0.380194
vn -0.989175 -0.125718 0.075677
vn -0.964582 -0.117282 -0.236277
vn -0.845486 -0.097356 -0.525048
vn -0.643584 -0.067896 -0.762358
vn -0.076962 0.006447 -0.997013
vn -0.379031 -0.031289 -0.924855
vn 0.232622 0.043550 -0.971592
vn 0.519411 0.076387 -0.851104
vn 0.755387 0.101751 -0.647331
vn 0.917446 0.117158 -0.380220
vn 0.989731 0.121103 -0.075940
vn 0.965185 0.113199 0.235804
vn 0.846182 0.094215 0.524500
vn 0.644369 0.066011 0.761860
vn 0.379462 0.031343 0.924676
vn 0.077402 -0.006393 0.996979
vn -0.232267 -0.043507 0.971678
vn -0.519210 -0.076364 0.851228
vn -0.755318 -0.101743 0.647413
vn -0.917454 -0.117158 0.380200
vn -0.989747 -0.121099 0.075737
vn -0.965108 -0.113181 -0.236127
vn -0.845976 -0.094183 -0.524838
vn -0.644004 -0.065962 -0.762173
s 1
g Lamp_1 Pillar_2 sweep1 Lamp_Rope
usemtl openPBRSurface4SG
f 79/131/143 80/132/144 100/153/145 99/152/146
f 80/132/144 81/133/147 101/154/148 100/153/145
f 81/133/147 82/134/149 102/155/150 101/154/148
f 82/134/149 83/135/151 103/156/152 102/155/150
f 83/135/151 84/136/153 104/157/154 103/156/152
f 84/136/153 85/137/155 105/158/156 104/157/154
f 85/137/155 86/138/157 106/159/158 105/158/156
f 86/138/157 87/139/159 107/160/160 106/159/158
f 87/139/159 88/140/161 108/161/162 107/160/160
f 88/140/161 89/141/163 109/162/164 108/161/162
f 89/141/163 90/142/165 110/163/166 109/162/164
f 90/142/165 91/143/167 111/164/168 110/163/166
f 91/143/167 92/144/169 112/165/170 111/164/168
f 92/144/169 93/145/171 113/166/172 112/165/170
f 93/145/171 94/146/173 114/167/174 113/166/172
f 94/146/173 95/147/175 115/168/176 114/167/174
f 95/147/175 96/148/177 116/169/178 115/168/176
f 96/148/177 97/149/179 117/170/180 116/169/178
f 97/149/179 98/150/181 118/171/182 117/170/180
f 98/150/181 79/151/143 99/172/146 118/171/182
f 99/152/146 100/153/145 120/174/183 119/173/184
f 100/153/145 101/154/148 121/175/185 120/174/183
f 101/154/148 102/155/150 122/176/186 121/175/185
f 102/155/150 103/156/152 123/177/187 122/176/186
f 103/156/152 104/157/154 124/178/188 123/177/187
f 104/157/154 105/158/156 125/179/189 124/178/188
f 105/158/156 106/159/158 126/180/190 125/179/189
f 106/159/158 107/160/160 127/181/191 126/180/190
f 107/160/160 108/161/162 128/182/192 127/181/191
f 108/161/162 109/162/164 129/183/193 128/182/192
f 109/162/164 110/163/166 130/184/194 129/183/193
f 110/163/166 111/164/168 131/185/195 130/184/194
f 111/164/168 112/165/170 132/186/196 131/185/195
f 112/165/170 113/166/172 133/187/197 132/186/196
f 113/166/172 114/167/174 134/188/198 133/187/197
f 114/167/174 115/168/176 135/189/199 134/188/198
f 115/168/176 116/169/178 136/190/200 135/189/199
f 116/169/178 117/170/180 137/191/201 136/190/200
f 117/170/180 118/171/182 138/192/202 137/191/201
f 118/171/182 99/172/146 119/193/184 138/192/202
f 119/173/184 120/174/183 140/195/203 139/194/204
f 120/174/183 121/175/185 141/196/205 140/195/203
f 121/175/185 122/176/186 142/197/206 141/196/205
f 122/176/186 123/177/187 143/198/207 142/197/206
f 123/177/187 124/178/188 144/199/208 143/198/207
f 124/178/188 125/179/189 145/200/209 144/199/208
f 125/179/189 126/180/190 146/201/210 145/200/209
f 126/180/190 127/181/191 147/202/211 146/201/210
f 127/181/191 128/182/192 148/203/212 147/202/211
f 128/182/192 129/183/193 149/204/213 148/203/212
f 129/183/193 130/184/194 150/205/214 149/204/213
f 130/184/194 131/185/195 151/206/215 150/205/214
f 131/185/195 132/186/196 152/207/216 151/206/215
f 132/186/196 133/187/197 153/208/217 152/207/216
f 133/187/197 134/188/198 154/209/218 153/208/217
f 134/188/198 135/189/199 155/210/219 154/209/218
f 135/189/199 136/190/200 156/211/220 155/210/219
f 136/190/200 137/191/201 157/212/221 156/211/220
f 137/191/201 138/192/202 158/213/222 157/212/221
f 138/192/202 119/193/184 139/214/204 158/213/222
f 139/194/204 140/195/203 160/216/223 159/215/224
f 140/195/203 141/196/205 161/217/225 160/216/223
f 141/196/205 142/197/206 162/218/226 161/217/225
f 142/197/206 143/198/207 163/219/227 162/218/226
f 143/198/207 144/199/208 164/220/228 163/219/227
f 144/199/208 145/200/209 165/221/229 164/220/228
f 145/200/209 146/201/210 166/222/230 165/221/229
f 146/201/210 147/202/211 167/223/231 166/222/230
f 147/202/211 148/203/212 168/224/232 167/223/231
f 148/203/212 149/204/213 169/225/233 168/224/232
f 149/204/213 150/205/214 170/226/234 169/225/233
f 150/205/214 151/206/215 171/227/235 170/226/234
f 151/206/215 152/207/216 172/228/236 171/227/235
f 152/207/216 153/208/217 173/229/237 172/228/236
f 153/208/217 154/209/218 174/230/238 173/229/237
f 154/209/218 155/210/219 175/231/239 174/230/238
f 155/210/219 156/211/220 176/232/240 175/231/239
f 156/211/220 157/212/221 177/233/241 176/232/240
f 157/212/221 158/213/222 178/234/242 177/233/241
f 158/213/222 139/214/204 159/235/224 178/234/242
f 159/215/224 160/216/223 180/237/243 179/236/244
f 160/216/223 161/217/225 181/238/245 180/237/243
f 161/217/225 162/218/226 182/239/246 181/238/245
f 162/218/226 163/219/227 183/240/247 182/239/246
f 163/219/227 164/220/228 184/241/248 183/240/247
f 164/220/228 165/221/229 185/242/249 184/241/248
f 165/221/229 166/222/230 186/243/250 185/242/249
f 166/222/230 167/223/231 187/244/251 186/243/250
f 167/223/231 168/224/232 188/245/252 187/244/251
f 168/224/232 169/225/233 189/246/253 188/245/252
f 169/225/233 170/226/234 190/247/254 189/246/253
f 170/226/234 171/227/235 191/248/255 190/247/254
f 171/227/235 172/228/236 192/249/256 191/248/255
f 172/228/236 173/229/237 193/250/257 192/249/256
f 173/229/237 174/230/238 194/251/258 193/250/257
f 174/230/238 175/231/239 195/252/259 194/251/258
f 175/231/239 176/232/240 196/253/260 195/252/259
f 176/232/240 177/233/241 197/254/261 196/253/260
f 177/233/241 178/234/242 198/255/262 197/254/261
f 178/234/242 159/235/224 179/256/244 198/255/262
f 179/236/244 180/237/243 200/258/263 199/257/264
f 180/237/243 181/238/245 201/259/265 200/258/263
f 181/238/245 182/239/246 202/260/266 201/259/265
f 182/239/246 183/240/247 203/261/267 202/260/266
f 183/240/247 184/241/248 204/262/268 203/261/267
f 184/241/248 185/242/249 205/263/269 204/262/268
f 185/242/249 186/243/250 206/264/270 205/263/269
f 186/243/250 187/244/251 207/265/271 206/264/270
f 187/244/251 188/245/252 208/266/272 207/265/271
f 188/245/252 189/246/253 209/267/273 208/266/272
f 189/246/253 190/247/254 210/268/274 209/267/273
f 190/247/254 191/248/255 211/269/275 210/268/274
f 191/248/255 192/249/256 212/270/276 211/269/275
f 192/249/256 193/250/257 213/271/277 212/270/276
f 193/250/257 194/251/258 214/272/278 213/271/277
f 194/251/258 195/252/259 215/273/279 214/272/278
f 195/252/259 196/253/260 216/274/280 215/273/279
f 196/253/260 197/254/261 217/275/281 216/274/280
f 197/254/261 198/255/262 218/276/282 217/275/281
f 198/255/262 179/256/244 199/277/264 218/276/282
f 199/257/264 200/258/263 220/279/283 219/278/284
f 200/258/263 201/259/265 221/280/285 220/279/283
f 201/259/265 202/260/266 222/281/286 221/280/285
f 202/260/266 203/261/267 223/282/287 222/281/286
f 203/261/267 204/262/268 224/283/288 223/282/287
f 204/262/268 205/263/269 225/284/289 224/283/288
f 205/263/269 206/264/270 226/285/290 225/284/289
f 206/264/270 207/265/271 227/286/291 226/285/290
f 207/265/271 208/266/272 228/287/292 227/286/291
f 208/266/272 209/267/273 229/288/293 228/287/292
f 209/267/273 210/268/274 230/289/294 229/288/293
f 210/268/274 211/269/275 231/290/295 230/289/294
f 211/269/275 212/270/276 232/291/296 231/290/295
f 212/270/276 213/271/277 233/292/297 232/291/296
f 213/271/277 214/272/278 234/293/298 233/292/297
f 214/272/278 215/273/279 235/294/299 234/293/298
f 215/273/279 216/274/280 236/295/300 235/294/299
f 216/274/280 217/275/281 237/296/301 236/295/300
f 217/275/281 218/276/282 238/297/302 237/296/301
f 218/276/282 199/277/264 219/298/284 238/297/302
f 219/278/284 220/279/283 240/300/303 239/299/304
f 220/279/283 221/280/285 241/301/305 240/300/303
f 221/280/285 222/281/286 242/302/306 241/301/305
f 222/281/286 223/282/287 243/303/307 242/302/306
f 223/282/287 224/283/288 244/304/308 243/303/307
f 224/283/288 225/284/289 245/305/309 244/304/308
f 225/284/289 226/285/290 246/306/310 245/305/309
f 226/285/290 227/286/291 247/307/311 246/306/310
f 227/286/291 228/287/292 248/308/312 247/307/311
f 228/287/292 229/288/293 249/309/313 248/308/312
f 229/288/293 230/289/294 250/310/314 249/309/313
f 230/289/294 231/290/295 251/311/315 250/310/314
f 231/290/295 232/291/296 252/312/316 251/311/315
f 232/291/296 233/292/297 253/313/317 252/312/316
f 233/292/297 234/293/298 254/314/318 253/313/317
f 234/293/298 235/294/299 255/315/319 254/314/318
f 235/294/299 236/295/300 256/316/320 255/315/319
f 236/295/300 237/296/301 257/317/321 256/316/320
f 237/296/301 238/297/302 258/318/322 257/317/321
f 238/297/302 219/298/284 239/319/304 258/318/322
f 239/299/304 240/300/303 260/321/323 259/320/324
f 240/300/303 241/301/305 261/322/325 260/321/323
f 241/301/305 242/302/306 262/323/326 261/322/325
f 242/302/306 243/303/307 263/324/327 262/323/326
f 243/303/307 244/304/308 264/325/328 263/324/327
f 244/304/308 245/305/309 265/326/329 264/325/328
f 245/305/309 246/306/310 266/327/330 265/326/329
f 246/306/310 247/307/311 267/328/331 266/327/330
f 247/307/311 248/308/312 268/329/332 267/328/331
f 248/308/312 249/309/313 269/330/333 268/329/332
f 249/309/313 250/310/314 270/331/334 269/330/333
f 250/310/314 251/311/315 271/332/335 270/331/334
f 251/311/315 252/312/316 272/333/336 271/332/335
f 252/312/316 253/313/317 273/334/337 272/333/336
f 253/313/317 254/314/318 274/335/338 273/334/337
f 254/314/318 255/315/319 275/336/339 274/335/338
f 255/315/319 256/316/320 276/337/340 275/336/339
f 256/316/320 257/317/321 277/338/341 276/337/340
f 257/317/321 258/318/322 278/339/342 277/338/341
f 258/318/322 239/319/304 259/340/324 278/339/342
f 259/320/324 260/321/323 280/342/343 279/341/344
f 260/321/323 261/322/325 281/343/345 280/342/343
f 261/322/325 262/323/326 282/344/346 281/343/345
f 262/323/326 263/324/327 283/345/347 282/344/346
f 263/324/327 264/325/328 284/346/348 283/345/347
f 264/325/328 265/326/329 285/347/349 284/346/348
f 265/326/329 266/327/330 286/348/350 285/347/349
f 266/327/330 267/328/331 287/349/351 286/348/350
f 267/328/331 268/329/332 288/350/352 287/349/351
f 268/329/332 269/330/333 289/351/353 288/350/352
f 269/330/333 270/331/334 290/352/354 289/351/353
f 270/331/334 271/332/335 291/353/355 290/352/354
f 271/332/335 272/333/336 292/354/356 291/353/355
f 272/333/336 273/334/337 293/355/357 292/354/356
f 273/334/337 274/335/338 294/356/358 293/355/357
f 274/335/338 275/336/339 295/357/359 294/356/358
f 275/336/339 276/337/340 296/358/360 295/357/359
f 276/337/340 277/338/341 297/359/361 296/358/360
f 277/338/341 278/339/342 298/360/362 297/359/361
f 278/339/342 259/340/324 279/361/344 298/360/362
f 279/341/344 280/342/343 300/363/363 299/362/364
f 280/342/343 281/343/345 301/364/365 300/363/363
f 281/343/345 282/344/346 302/365/366 301/364/365
f 282/344/346 283/345/347 303/366/367 302/365/366
f 283/345/347 284/346/348 304/367/368 303/366/367
f 284/346/348 285/347/349 305/368/369 304/367/368
f 285/347/349 286/348/350 306/369/370 305/368/369
f 286/348/350 287/349/351 307/370/371 306/369/370
f 287/349/351 288/350/352 308/371/372 307/370/371
f 288/350/352 289/351/353 309/372/373 308/371/372
f 289/351/353 290/352/354 310/373/374 309/372/373
f 290/352/354 291/353/355 311/374/375 310/373/374
f 291/353/355 292/354/356 312/375/376 311/374/375
f 292/354/356 293/355/357 313/376/377 312/375/376
f 293/355/357 294/356/358 314/377/378 313/376/377
f 294/356/358 295/357/359 315/378/379 314/377/378
f 295/357/359 296/358/360 316/379/380 315/378/379
f 296/358/360 297/359/361 317/380/381 316/379/380
f 297/359/361 298/360/362 318/381/382 317/380/381
f 298/360/362 279/361/344 299/382/364 318/381/382
f 299/362/364 300/363/363 320/384/383 319/383/384
f 300/363/363 301/364/365 321/385/385 320/384/383
f 301/364/365 302/365/366 322/386/386 321/385/385
f 302/365/366 303/366/367 323/387/387 322/386/386
f 303/366/367 304/367/368 324/388/388 323/387/387
f 304/367/368 305/368/369 325/389/389 324/388/388
f 305/368/369 306/369/370 326/390/390 325/389/389
f 306/369/370 307/370/371 327/391/391 326/390/390
f 307/370/371 308/371/372 328/392/392 327/391/391
f 308/371/372 309/372/373 329/393/393 328/392/392
f 309/372/373 310/373/374 330/394/394 329/393/393
f 310/373/374 311/374/375 331/395/395 330/394/394
f 311/374/375 312/375/376 332/396/396 331/395/395
f 312/375/376 313/376/377 333/397/397 332/396/396
f 313/376/377 314/377/378 334/398/398 333/397/397
f 314/377/378 315/378/379 335/399/399 334/398/398
f 315/378/379 316/379/380 336/400/400 335/399/399
f 316/379/380 317/380/381 337/401/401 336/400/400
f 317/380/381 318/381/382 338/402/402 337/401/401
f 318/381/382 299/382/364 319/403/384 338/402/402
f 319/383/384 320/384/383 340/405/403 339/404/404
f 320/384/383 321/385/385 341/406/405 340/405/403
f 321/385/385 322/386/386 342/407/406 341/406/405
f 322/386/386 323/387/387 343/408/407 342/407/406
f 323/387/387 324/388/388 344/409/408 343/408/407
f 324/388/388 325/389/389 345/410/409 344/409/408
f 325/389/389 326/390/390 346/411/410 345/410/409
f 326/390/390 327/391/391 347/412/411 346/411/410
f 327/391/391 328/392/392 348/413/412 347/412/411
f 328/392/392 329/393/393 349/414/413 348/413/412
f 329/393/393 330/394/394 350/415/414 349/414/413
f 330/394/394 331/395/395 351/416/415 350/415/414
f 331/395/395 332/396/396 352/417/416 351/416/415
f 332/396/396 333/397/397 353/418/417 352/417/416
f 333/397/397 334/398/398 354/419/418 353/418/417
f 334/398/398 335/399/399 355/420/419 354/419/418
f 335/399/399 336/400/400 356/421/420 355/420/419
f 336/400/400 337/401/401 357/422/421 356/421/420
f 337/401/401 338/402/402 358/423/422 357/422/421
f 338/402/402 319/403/384 339/424/404 358/423/422
f 339/404/404 340/405/403 360/426/423 359/425/424
f 340/405/403 341/406/405 361/427/425 360/426/423
f 341/406/405 342/407/406 362/428/426 361/427/425
f 342/407/406 343/408/407 363/429/427 362/428/426
f 343/408/407 344/409/408 364/430/428 363/429/427
f 344/409/408 345/410/409 365/431/429 364/430/428
f 345/410/409 346/411/410 366/432/430 365/431/429
f 346/411/410 347/412/411 367/433/431 366/432/430
f 347/412/411 348/413/412 368/434/432 367/433/431
f 348/413/412 349/414/413 369/435/433 368/434/432
f 349/414/413 350/415/414 370/436/434 369/435/433
f 350/415/414 351/416/415 371/437/435 370/436/434
f 351/416/415 352/417/416 372/438/436 371/437/435
f 352/417/416 353/418/417 373/439/437 372/438/436
f 353/418/417 354/419/418 374/440/438 373/439/437
f 354/419/418 355/420/419 375/441/439 374/440/438
f 355/420/419 356/421/420 376/442/440 375/441/439
f 356/421/420 357/422/421 377/443/441 376/442/440
f 357/422/421 358/423/422 378/444/442 377/443/441
f 358/423/422 339/424/404 359/445/424 378/444/442
f 359/425/424 360/426/423 380/447/443 379/446/444
f 360/426/423 361/427/425 381/448/445 380/447/443
f 361/427/425 362/428/426 382/449/446 381/448/445
f 362/428/426 363/429/427 383/450/447 382/449/446
f 363/429/427 364/430/428 384/451/448 383/450/447
f 364/430/428 365/431/429 385/452/449 384/451/448
f 365/431/429 366/432/430 386/453/450 385/452/449
f 366/432/430 367/433/431 387/454/451 386/453/450
f 367/433/431 368/434/432 388/455/452 387/454/451
f 368/434/432 369/435/433 389/456/453 388/455/452
f 369/435/433 370/436/434 390/457/454 389/456/453
f 370/436/434 371/437/435 391/458/455 390/457/454
f 371/437/435 372/438/436 392/459/456 391/458/455
f 372/438/436 373/439/437 393/460/457 392/459/456
f 373/439/437 374/440/438 394/461/458 393/460/457
f 374/440/438 375/441/439 395/462/459 394/461/458
f 375/441/439 376/442/440 396/463/460 395/462/459
f 376/442/440 377/443/441 397/464/461 396/463/460
f 377/443/441 378/444/442 398/465/462 397/464/461
f 378/444/442 359/445/424 379/466/444 398/465/462
f 379/446/444 380/447/443 400/468/463 399/467/464
f 380/447/443 381/448/445 401/469/465 400/468/463
f 381/448/445 382/449/446 402/470/466 401/469/465
f 382/449/446 383/450/447 403/471/467 402/470/466
f 383/450/447 384/451/448 404/472/468 403/471/467
f 384/451/448 385/452/449 405/473/469 404/472/468
f 385/452/449 386/453/450 406/474/470 405/473/469
f 386/453/450 387/454/451 407/475/471 406/474/470
f 387/454/451 388/455/452 408/476/472 407/475/471
f 388/455/452 389/456/453 409/477/473 408/476/472
f 389/456/453 390/457/454 410/478/474 409/477/473
f 390/457/454 391/458/455 411/479/475 410/478/474
f 391/458/455 392/459/456 412/480/476 411/479/475
f 392/459/456 393/460/457 413/481/477 412/480/476
f 393/460/457 394/461/458 414/482/478 413/481/477
f 394/461/458 395/462/459 415/483/479 414/482/478
f 395/462/459 396/463/460 416/484/480 415/483/479
f 396/463/460 397/464/461 417/485/481 416/484/480
f 397/464/461 398/465/462 418/486/482 417/485/481
f 398/465/462 379/466/444 399/487/464 418/486/482
f 399/467/464 400/468/463 420/489/483 419/488/484
f 400/468/463 401/469/465 421/490/485 420/489/483
f 401/469/465 402/470/466 422/491/486 421/490/485
f 402/470/466 403/471/467 423/492/487 422/491/486
f 403/471/467 404/472/468 424/493/488 423/492/487
f 404/472/468 405/473/469 425/494/489 424/493/488
f 405/473/469 406/474/470 426/495/490 425/494/489
f 406/474/470 407/475/471 427/496/491 426/495/490
f 407/475/471 408/476/472 428/497/492 427/496/491
f 408/476/472 409/477/473 429/498/493 428/497/492
f 409/477/473 410/478/474 430/499/494 429/498/493
f 410/478/474 411/479/475 431/500/495 430/499/494
f 411/479/475 412/480/476 432/501/496 431/500/495
f 412/480/476 413/481/477 433/502/497 432/501/496
f 413/481/477 414/482/478 434/503/498 433/502/497
f 414/482/478 415/483/479 435/504/499 434/503/498
f 415/483/479 416/484/480 436/505/500 435/504/499
f 416/484/480 417/485/481 437/506/501 436/505/500
f 417/485/481 418/486/482 438/507/502 437/506/501
f 418/486/482 399/487/464 419/508/484 438/507/502
f 419/488/484 420/489/483 440/510/503 439/509/504
f 420/489/483 421/490/485 441/511/505 440/510/503
f 421/490/485 422/491/486 442/512/506 441/511/505
f 422/491/486 423/492/487 443/513/507 442/512/506
f 423/492/487 424/493/488 444/514/508 443/513/507
f 424/493/488 425/494/489 445/515/509 444/514/508
f 425/494/489 426/495/490 446/516/510 445/515/509
f 426/495/490 427/496/491 447/517/511 446/516/510
f 427/496/491 428/497/492 448/518/512 447/517/511
f 428/497/492 429/498/493 449/519/513 448/518/512
f 429/498/493 430/499/494 450/520/514 449/519/513
f 430/499/494 431/500/495 451/521/515 450/520/514
f 431/500/495 432/501/496 452/522/516 451/521/515
f 432/501/496 433/502/497 453/523/517 452/522/516
f 433/502/497 434/503/498 454/524/518 453/523/517
f 434/503/498 435/504/499 455/525/519 454/524/518
f 435/504/499 436/505/500 456/526/520 455/525/519
f 436/505/500 437/506/501 457/527/521 456/526/520
f 437/506/501 438/507/502 458/528/522 457/527/521
f 438/507/502 419/508/484 439/529/504 458/528/522
f 439/509/504 440/510/503 460/531/523 459/530/524
f 440/510/503 441/511/505 461/532/525 460/531/523
f 441/511/505 442/512/506 462/533/526 461/532/525
f 442/512/506 443/513/507 463/534/527 462/533/526
f 443/513/507 444/514/508 464/535/528 463/534/527
f 444/514/508 445/515/509 465/536/529 464/535/528
f 445/515/509 446/516/510 466/537/530 465/536/529
f 446/516/510 447/517/511 467/538/531 466/537/530
f 447/517/511 448/518/512 468/539/532 467/538/531
f 448/518/512 449/519/513 469/540/533 468/539/532
f 449/519/513 450/520/514 470/541/534 469/540/533
f 450/520/514 451/521/515 471/542/535 470/541/534
f 451/521/515 452/522/516 472/543/536 471/542/535
f 452/522/516 453/523/517 473/544/537 472/543/536
f 453/523/517 454/524/518 474/545/538 473/544/537
f 454/524/518 455/525/519 475/546/539 474/545/538
f 455/525/519 456/526/520 476/547/540 475/546/539
f 456/526/520 457/527/521 477/548/541 476/547/540
f 457/527/521 458/528/522 478/549/542 477/548/541
f 458/528/522 439/529/504 459/550/524 478/549/542
f 459/530/524 460/531/523 480/552/543 479/551/544
f 460/531/523 461/532/525 481/553/545 480/552/543
f 461/532/525 462/533/526 482/554/546 481/553/545
f 462/533/526 463/534/527 483/555/547 482/554/546
f 463/534/527 464/535/528 484/556/548 483/555/547
f 464/535/528 465/536/529 485/557/549 484/556/548
f 465/536/529 466/537/530 486/558/550 485/557/549
f 466/537/530 467/538/531 487/559/551 486/558/550
f 467/538/531 468/539/532 488/560/552 487/559/551
f 468/539/532 469/540/533 489/561/553 488/560/552
f 469/540/533 470/541/534 490/562/554 489/561/553
f 470/541/534 471/542/535 491/563/555 490/562/554
f 471/542/535 472/543/536 492/564/556 491/563/555
f 472/543/536 473/544/537 493/565/557 492/564/556
f 473/544/537 474/545/538 494/566/558 493/565/557
f 474/545/538 475/546/539 495/567/559 494/566/558
f 475/546/539 476/547/540 496/568/560 495/567/559
f 476/547/540 477/548/541 497/569/561 496/568/560
f 477/548/541 478/549/542 498/570/562 497/569/561
f 478/549/542 459/550/524 479/571/544 498/570/562
s 2
f 499/572/563 500/573/564 520/594/565 519/593/566
f 500/573/564 501/574/567 521/595/568 520/594/565
f 501/574/567 502/575/569 522/596/570 521/595/568
f 502/575/569 503/576/571 523/597/572 522/596/570
f 503/576/571 504/577/573 524/598/574 523/597/572
f 504/577/573 505/578/575 525/599/576 524/598/574
f 505/578/575 506/579/577 526/600/578 525/599/576
f 506/579/577 507/580/579 527/601/580 526/600/578
f 507/580/579 508/581/581 528/602/582 527/601/580
f 508/581/581 509/582/583 529/603/584 528/602/582
f 509/582/583 510/583/585 530/604/586 529/603/584
f 510/583/585 511/584/587 531/605/588 530/604/586
f 511/584/587 512/585/589 532/606/590 531/605/588
f 512/585/589 513/586/591 533/607/592 532/606/590
f 513/586/591 514/587/593 534/608/594 533/607/592
f 514/587/593 515/588/595 535/609/596 534/608/594
f 515/588/595 516/589/597 536/610/598 535/609/596
f 516/589/597 517/590/599 537/611/600 536/610/598
f 517/590/599 518/591/601 538/612/602 537/611/600
f 518/591/601 499/592/563 519/613/566 538/612/602
f 519/593/566 520/594/565 540/615/603 539/614/604
f 520/594/565 521/595/568 541/616/605 540/615/603
f 521/595/568 522/596/570 542/617/606 541/616/605
f 522/596/570 523/597/572 543/618/607 542/617/606
f 523/597/572 524/598/574 544/619/608 543/618/607
f 524/598/574 525/599/576 545/620/609 544/619/608
f 525/599/576 526/600/578 546/621/610 545/620/609
f 526/600/578 527/601/580 547/622/611 546/621/610
f 527/601/580 528/602/582 548/623/612 547/622/611
f 528/602/582 529/603/584 549/624/613 548/623/612
f 529/603/584 530/604/586 550/625/614 549/624/613
f 530/604/586 531/605/588 551/626/615 550/625/614
f 531/605/588 532/606/590 552/627/616 551/626/615
f 532/606/590 533/607/592 553/628/617 552/627/616
f 533/607/592 534/608/594 554/629/618 553/628/617
f 534/608/594 535/609/596 555/630/619 554/629/618
f 535/609/596 536/610/598 556/631/620 555/630/619
f 536/610/598 537/611/600 557/632/621 556/631/620
f 537/611/600 538/612/602 558/633/622 557/632/621
f 538/612/602 519/613/566 539/634/604 558/633/622
f 539/614/604 540/615/603 560/636/623 559/635/624
f 540/615/603 541/616/605 561/637/625 560/636/623
f 541/616/605 542/617/606 562/638/626 561/637/625
f 542/617/606 543/618/607 563/639/627 562/638/626
f 543/618/607 544/619/608 564/640/628 563/639/627
f 544/619/608 545/620/609 565/641/629 564/640/628
f 545/620/609 546/621/610 566/642/630 565/641/629
f 546/621/610 547/622/611 567/643/631 566/642/630
f 547/622/611 548/623/612 568/644/632 567/643/631
f 548/623/612 549/624/613 569/645/633 568/644/632
f 549/624/613 550/625/614 570/646/634 569/645/633
f 550/625/614 551/626/615 571/647/635 570/646/634
f 551/626/615 552/627/616 572/648/636 571/647/635
f 552/627/616 553/628/617 573/649/637 572/648/636
f 553/628/617 554/629/618 574/650/638 573/649/637
f 554/629/618 555/630/619 575/651/639 574/650/638
f 555/630/619 556/631/620 576/652/640 575/651/639
f 556/631/620 557/632/621 577/653/641 576/652/640
f 557/632/621 558/633/622 578/654/642 577/653/641
f 558/633/622 539/634/604 559/655/624 578/654/642
f 559/635/624 560/636/623 580/657/643 579/656/644
f 560/636/623 561/637/625 581/658/645 580/657/643
f 561/637/625 562/638/626 582/659/646 581/658/645
f 562/638/626 563/639/627 583/660/647 582/659/646
f 563/639/627 564/640/628 584/661/648 583/660/647
f 564/640/628 565/641/629 585/662/649 584/661/648
f 565/641/629 566/642/630 586/663/650 585/662/649
f 566/642/630 567/643/631 587/664/651 586/663/650
f 567/643/631 568/644/632 588/665/652 587/664/651
f 568/644/632 569/645/633 589/666/653 588/665/652
f 569/645/633 570/646/634 590/667/654 589/666/653
f 570/646/634 571/647/635 591/668/655 590/667/654
f 571/647/635 572/648/636 592/669/656 591/668/655
f 572/648/636 573/649/637 593/670/657 592/669/656
f 573/649/637 574/650/638 594/671/658 593/670/657
f 574/650/638 575/651/639 595/672/659 594/671/658
f 575/651/639 576/652/640 596/673/660 595/672/659
f 576/652/640 577/653/641 597/674/661 596/673/660
f 577/653/641 578/654/642 598/675/662 597/674/661
f 578/654/642 559/655/624 579/676/644 598/675/662
f 579/656/644 580/657/643 600/678/663 599/677/664
f 580/657/643 581/658/645 601/679/665 600/678/663
f 581/658/645 582/659/646 602/680/666 601/679/665
f 582/659/646 583/660/647 603/681/667 602/680/666
f 583/660/647 584/661/648 604/682/668 603/681/667
f 584/661/648 585/662/649 605/683/669 604/682/668
f 585/662/649 586/663/650 606/684/670 605/683/669
f 586/663/650 587/664/651 607/685/671 606/684/670
f 587/664/651 588/665/652 608/686/672 607/685/671
f 588/665/652 589/666/653 609/687/673 608/686/672
f 589/666/653 590/667/654 610/688/674 609/687/673
f 590/667/654 591/668/655 611/689/675 610/688/674
f 591/668/655 592/669/656 612/690/676 611/689/675
f 592/669/656 593/670/657 613/691/677 612/690/676
f 593/670/657 594/671/658 614/692/678 613/691/677
f 594/671/658 595/672/659 615/693/679 614/692/678
f 595/672/659 596/673/660 616/694/680 615/693/679
f 596/673/660 597/674/661 617/695/681 616/694/680
f 597/674/661 598/675/662 618/696/682 617/695/681
f 598/675/662 579/676/644 599/697/664 618/696/682
f 599/677/664 600/678/663 620/699/683 619/698/684
f 600/678/663 601/679/665 621/700/685 620/699/683
f 601/679/665 602/680/666 622/701/686 621/700/685
f 602/680/666 603/681/667 623/702/687 622/701/686
f 603/681/667 604/682/668 624/703/688 623/702/687
f 604/682/668 605/683/669 625/704/689 624/703/688
f 605/683/669 606/684/670 626/705/690 625/704/689
f 606/684/670 607/685/671 627/706/691 626/705/690
f 607/685/671 608/686/672 628/707/692 627/706/691
f 608/686/672 609/687/673 629/708/693 628/707/692
f 609/687/673 610/688/674 630/709/694 629/708/693
f 610/688/674 611/689/675 631/710/695 630/709/694
f 611/689/675 612/690/676 632/711/696 631/710/695
f 612/690/676 613/691/677 633/712/697 632/711/696
f 613/691/677 614/692/678 634/713/698 633/712/697
f 614/692/678 615/693/679 635/714/699 634/713/698
f 615/693/679 616/694/680 636/715/700 635/714/699
f 616/694/680 617/695/681 637/716/701 636/715/700
f 617/695/681 618/696/682 638/717/702 637/716/701
f 618/696/682 599/697/664 619/718/684 638/717/702
f 619/698/684 620/699/683 640/720/703 639/719/704
f 620/699/683 621/700/685 641/721/705 640/720/703
f 621/700/685 622/701/686 642/722/706 641/721/705
f 622/701/686 623/702/687 643/723/707 642/722/706
f 623/702/687 624/703/688 644/724/708 643/723/707
f 624/703/688 625/704/689 645/725/709 644/724/708
f 625/704/689 626/705/690 646/726/710 645/725/709
f 626/705/690 627/706/691 647/727/711 646/726/710
f 627/706/691 628/707/692 648/728/712 647/727/711
f 628/707/692 629/708/693 649/729/713 648/728/712
f 629/708/693 630/709/694 650/730/714 649/729/713
f 630/709/694 631/710/695 651/731/715 650/730/714
f 631/710/695 632/711/696 652/732/716 651/731/715
f 632/711/696 633/712/697 653/733/717 652/732/716
f 633/712/697 634/713/698 654/734/718 653/733/717
f 634/713/698 635/714/699 655/735/719 654/734/718
f 635/714/699 636/715/700 656/736/720 655/735/719
f 636/715/700 637/716/701 657/737/721 656/736/720
f 637/716/701 638/717/702 658/738/722 657/737/721
f 638/717/702 619/718/684 639/739/704 658/738/722
f 639/719/704 640/720/703 660/741/723 659/740/724
f 640/720/703 641/721/705 661/742/725 660/741/723
f 641/721/705 642/722/706 662/743/726 661/742/725
f 642/722/706 643/723/707 663/744/727 662/743/726
f 643/723/707 644/724/708 664/745/728 663/744/727
f 644/724/708 645/725/709 665/746/729 664/745/728
f 645/725/709 646/726/710 666/747/730 665/746/729
f 646/726/710 647/727/711 667/748/731 666/747/730
f 647/727/711 648/728/712 668/749/732 667/748/731
f 648/728/712 649/729/713 669/750/733 668/749/732
f 649/729/713 650/730/714 670/751/734 669/750/733
f 650/730/714 651/731/715 671/752/735 670/751/734
f 651/731/715 652/732/716 672/753/736 671/752/735
f 652/732/716 653/733/717 673/754/737 672/753/736
f 653/733/717 654/734/718 674/755/738 673/754/737
f 654/734/718 655/735/719 675/756/739 674/755/738
f 655/735/719 656/736/720 676/757/740 675/756/739
f 656/736/720 657/737/721 677/758/741 676/757/740
f 657/737/721 658/738/722 678/759/742 677/758/741
f 658/738/722 639/739/704 659/760/724 678/759/742
f 659/740/724 660/741/723 680/762/743 679/761/744
f 660/741/723 661/742/725 681/763/745 680/762/743
f 661/742/725 662/743/726 682/764/746 681/763/745
f 662/743/726 663/744/727 683/765/747 682/764/746
f 663/744/727 664/745/728 684/766/748 683/765/747
f 664/745/728 665/746/729 685/767/749 684/766/748
f 665/746/729 666/747/730 686/768/750 685/767/749
f 666/747/730 667/748/731 687/769/751 686/768/750
f 667/748/731 668/749/732 688/770/752 687/769/751
f 668/749/732 669/750/733 689/771/753 688/770/752
f 669/750/733 670/751/734 690/772/754 689/771/753
f 670/751/734 671/752/735 691/773/755 690/772/754
f 671/752/735 672/753/736 692/774/756 691/773/755
f 672/753/736 673/754/737 693/775/757 692/774/756
f 673/754/737 674/755/738 694/776/758 693/775/757
f 674/755/738 675/756/739 695/777/759 694/776/758
f 675/756/739 676/757/740 696/778/760 695/777/759
f 676/757/740 677/758/741 697/779/761 696/778/760
f 677/758/741 678/759/742 698/780/762 697/779/761
f 678/759/742 659/760/724 679/781/744 698/780/762
f 679/761/744 680/762/743 700/783/763 699/782/764
f 680/762/743 681/763/745 701/784/765 700/783/763
f 681/763/745 682/764/746 702/785/766 701/784/765
f 682/764/746 683/765/747 703/786/767 702/785/766
f 683/765/747 684/766/748 704/787/768 703/786/767
f 684/766/748 685/767/749 705/788/769 704/787/768
f 685/767/749 686/768/750 706/789/770 705/788/769
f 686/768/750 687/769/751 707/790/771 706/789/770
f 687/769/751 688/770/752 708/791/772 707/790/771
f 688/770/752 689/771/753 709/792/773 708/791/772
f 689/771/753 690/772/754 710/793/774 709/792/773
f 690/772/754 691/773/755 711/794/775 710/793/774
f 691/773/755 692/774/756 712/795/776 711/794/775
f 692/774/756 693/775/757 713/796/777 712/795/776
f 693/775/757 694/776/758 714/797/778 713/796/777
f 694/776/758 695/777/759 715/798/779 714/797/778
f 695/777/759 696/778/760 716/799/780 715/798/779
f 696/778/760 697/779/761 717/800/781 716/799/780
f 697/779/761 698/780/762 718/801/782 717/800/781
f 698/780/762 679/781/744 699/802/764 718/801/782
f 699/782/764 700/783/763 720/804/783 719/803/784
f 700/783/763 701/784/765 721/805/785 720/804/783
f 701/784/765 702/785/766 722/806/786 721/805/785
f 702/785/766 703/786/767 723/807/787 722/806/786
f 703/786/767 704/787/768 724/808/788 723/807/787
f 704/787/768 705/788/769 725/809/789 724/808/788
f 705/788/769 706/789/770 726/810/790 725/809/789
f 706/789/770 707/790/771 727/811/791 726/810/790
f 707/790/771 708/791/772 728/812/792 727/811/791
f 708/791/772 709/792/773 729/813/793 728/812/792
f 709/792/773 710/793/774 730/814/794 729/813/793
f 710/793/774 711/794/775 731/815/795 730/814/794
f 711/794/775 712/795/776 732/816/796 731/815/795
f 712/795/776 713/796/777 733/817/797 732/816/796
f 713/796/777 714/797/778 734/818/798 733/817/797
f 714/797/778 715/798/779 735/819/799 734/818/798
f 715/798/779 716/799/780 736/820/800 735/819/799
f 716/799/780 717/800/781 737/821/801 736/820/800
f 717/800/781 718/801/782 738/822/802 737/821/801
f 718/801/782 699/802/764 719/823/784 738/822/802
f 719/803/784 720/804/783 740/825/803 739/824/804
f 720/804/783 721/805/785 741/826/805 740/825/803
f 721/805/785 722/806/786 742/827/806 741/826/805
f 722/806/786 723/807/787 743/828/807 742/827/806
f 723/807/787 724/808/788 744/829/808 743/828/807
f 724/808/788 725/809/789 745/830/809 744/829/808
f 725/809/789 726/810/790 746/831/810 745/830/809
f 726/810/790 727/811/791 747/832/811 746/831/810
f 727/811/791 728/812/792 748/833/812 747/832/811
f 728/812/792 729/813/793 749/834/813 748/833/812
f 729/813/793 730/814/794 750/835/814 749/834/813
f 730/814/794 731/815/795 751/836/815 750/835/814
f 731/815/795 732/816/796 752/837/816 751/836/815
f 732/816/796 733/817/797 753/838/817 752/837/816
f 733/817/797 734/818/798 754/839/818 753/838/817
f 734/818/798 735/819/799 755/840/819 754/839/818
f 735/819/799 736/820/800 756/841/820 755/840/819
f 736/820/800 737/821/801 757/842/821 756/841/820
f 737/821/801 738/822/802 758/843/822 757/842/821
f 738/822/802 719/823/784 739/844/804 758/843/822
f 739/824/804 740/825/803 760/846/823 759/845/824
f 740/825/803 741/826/805 761/847/825 760/846/823
f 741/826/805 742/827/806 762/848/826 761/847/825
f 742/827/806 743/828/807 763/849/827 762/848/826
f 743/828/807 744/829/808 764/850/828 763/849/827
f 744/829/808 745/830/809 765/851/829 764/850/828
f 745/830/809 746/831/810 766/852/830 765/851/829
f 746/831/810 747/832/811 767/853/831 766/852/830
f 747/832/811 748/833/812 768/854/832 767/853/831
f 748/833/812 749/834/813 769/855/833 768/854/832
f 749/834/813 750/835/814 770/856/834 769/855/833
f 750/835/814 751/836/815 771/857/835 770/856/834
f 751/836/815 752/837/816 772/858/836 771/857/835
f 752/837/816 753/838/817 773/859/837 772/858/836
f 753/838/817 754/839/818 774/860/838 773/859/837
f 754/839/818 755/840/819 775/861/839 774/860/838
f 755/840/819 756/841/820 776/862/840 775/861/839
f 756/841/820 757/842/821 777/863/841 776/862/840
f 757/842/821 758/843/822 778/864/842 777/863/841
f 758/843/822 739/844/804 759/865/824 778/864/842
f 759/845/824 760/846/823 780/867/843 779/866/844
f 760/846/823 761/847/825 781/868/845 780/867/843
f 761/847/825 762/848/826 782/869/846 781/868/845
f 762/848/826 763/849/827 783/870/847 782/869/846
f 763/849/827 764/850/828 784/871/848 783/870/847
f 764/850/828 765/851/829 785/872/849 784/871/848
f 765/851/829 766/852/830 786/873/850 785/872/849
f 766/852/830 767/853/831 787/874/851 786/873/850
f 767/853/831 768/854/832 788/875/852 787/874/851
f 768/854/832 769/855/833 789/876/853 788/875/852
f 769/855/833 770/856/834 790/877/854 789/876/853
f 770/856/834 771/857/835 791/878/855 790/877/854
f 771/857/835 772/858/836 792/879/856 791/878/855
f 772/858/836 773/859/837 793/880/857 792/879/856
f 773/859/837 774/860/838 794/881/858 793/880/857
f 774/860/838 775/861/839 795/882/859 794/881/858
f 775/861/839 776/862/840 796/883/860 795/882/859
f 776/862/840 777/863/841 797/884/861 796/883/860
f 777/863/841 778/864/842 798/885/862 797/884/861
f 778/864/842 759/865/824 779/886/844 798/885/862
f 779/866/844 780/867/843 800/888/863 799/887/864
f 780/867/843 781/868/845 801/889/865 800/888/863
f 781/868/845 782/869/846 802/890/866 801/889/865
f 782/869/846 783/870/847 803/891/867 802/890/866
f 783/870/847 784/871/848 804/892/868 803/891/867
f 784/871/848 785/872/849 805/893/869 804/892/868
f 785/872/849 786/873/850 806/894/870 805/893/869
f 786/873/850 787/874/851 807/895/871 806/894/870
f 787/874/851 788/875/852 808/896/872 807/895/871
f 788/875/852 789/876/853 809/897/873 808/896/872
f 789/876/853 790/877/854 810/898/874 809/897/873
f 790/877/854 791/878/855 811/899/875 810/898/874
f 791/878/855 792/879/856 812/900/876 811/899/875
f 792/879/856 793/880/857 813/901/877 812/900/876
f 793/880/857 794/881/858 814/902/878 813/901/877
f 794/881/858 795/882/859 815/903/879 814/902/878
f 795/882/859 796/883/860 816/904/880 815/903/879
f 796/883/860 797/884/861 817/905/881 816/904/880
f 797/884/861 798/885/862 818/906/882 817/905/881
f 798/885/862 779/886/844 799/907/864 818/906/882
f 799/887/864 800/888/863 820/909/883 819/908/884
f 800/888/863 801/889/865 821/910/885 820/909/883
f 801/889/865 802/890/866 822/911/886 821/910/885
f 802/890/866 803/891/867 823/912/887 822/911/886
f 803/891/867 804/892/868 824/913/888 823/912/887
f 804/892/868 805/893/869 825/914/889 824/913/888
f 805/893/869 806/894/870 826/915/890 825/914/889
f 806/894/870 807/895/871 827/916/891 826/915/890
f 807/895/871 808/896/872 828/917/892 827/916/891
f 808/896/872 809/897/873 829/918/893 828/917/892
f 809/897/873 810/898/874 830/919/894 829/918/893
f 810/898/874 811/899/875 831/920/895 830/919/894
f 811/899/875 812/900/876 832/921/896 831/920/895
f 812/900/876 813/901/877 833/922/897 832/921/896
f 813/901/877 814/902/878 834/923/898 833/922/897
f 814/902/878 815/903/879 835/924/899 834/923/898
f 815/903/879 816/904/880 836/925/900 835/924/899
f 816/904/880 817/905/881 837/926/901 836/925/900
f 817/905/881 818/906/882 838/927/902 837/926/901
f 818/906/882 799/907/864 819/928/884 838/927/902
f 819/908/884 820/909/883 840/930/903 839/929/904
f 820/909/883 821/910/885 841/931/905 840/930/903
f 821/910/885 822/911/886 842/932/906 841/931/905
f 822/911/886 823/912/887 843/933/907 842/932/906
f 823/912/887 824/913/888 844/934/908 843/933/907
f 824/913/888 825/914/889 845/935/909 844/934/908
f 825/914/889 826/915/890 846/936/910 845/935/909
f 826/915/890 827/916/891 847/937/911 846/936/910
f 827/916/891 828/917/892 848/938/912 847/937/911
f 828/917/892 829/918/893 849/939/913 848/938/912
f 829/918/893 830/919/894 850/940/914 849/939/913
f 830/919/894 831/920/895 851/941/915 850/940/914
f 831/920/895 832/921/896 852/942/916 851/941/915
f 832/921/896 833/922/897 853/943/917 852/942/916
f 833/922/897 834/923/898 854/944/918 853/943/917
f 834/923/898 835/924/899 855/945/919 854/944/918
f 835/924/899 836/925/900 856/946/920 855/945/919
f 836/925/900 837/926/901 857/947/921 856/946/920
f 837/926/901 838/927/902 858/948/922 857/947/921
f 838/927/902 819/928/884 839/949/904 858/948/922
f 839/929/904 840/930/903 860/951/923 859/950/924
f 840/930/903 841/931/905 861/952/925 860/951/923
f 841/931/905 842/932/906 862/953/926 861/952/925
f 842/932/906 843/933/907 863/954/927 862/953/926
f 843/933/907 844/934/908 864/955/928 863/954/927
f 844/934/908 845/935/909 865/956/929 864/955/928
f 845/935/909 846/936/910 866/957/930 865/956/929
f 846/936/910 847/937/911 867/958/931 866/957/930
f 847/937/911 848/938/912 868/959/932 867/958/931
f 848/938/912 849/939/913 869/960/933 868/959/932
f 849/939/913 850/940/914 870/961/934 869/960/933
f 850/940/914 851/941/915 871/962/935 870/961/934
f 851/941/915 852/942/916 872/963/936 871/962/935
f 852/942/916 853/943/917 873/964/937 872/963/936
f 853/943/917 854/944/918 874/965/938 873/964/937
f 854/944/918 855/945/919 875/966/939 874/965/938
f 855/945/919 856/946/920 876/967/940 875/966/939
f 856/946/920 857/947/921 877/968/941 876/967/940
f 857/947/921 858/948/922 878/969/942 877/968/941
f 858/948/922 839/949/904 859/970/924 878/969/942
f 859/950/924 860/951/923 880/972/943 879/971/944
f 860/951/923 861/952/925 881/973/945 880/972/943
f 861/952/925 862/953/926 882/974/946 881/973/945
f 862/953/926 863/954/927 883/975/947 882/974/946
f 863/954/927 864/955/928 884/976/948 883/975/947
f 864/955/928 865/956/929 885/977/949 884/976/948
f 865/956/929 866/957/930 886/978/950 885/977/949
f 866/957/930 867/958/931 887/979/951 886/978/950
f 867/958/931 868/959/932 888/980/952 887/979/951
f 868/959/932 869/960/933 889/981/953 888/980/952
f 869/960/933 870/961/934 890/982/954 889/981/953
f 870/961/934 871/962/935 891/983/955 890/982/954
f 871/962/935 872/963/936 892/984/956 891/983/955
f 872/963/936 873/964/937 893/985/957 892/984/956
f 873/964/937 874/965/938 894/986/958 893/985/957
f 874/965/938 875/966/939 895/987/959 894/986/958
f 875/966/939 876/967/940 896/988/960 895/987/959
f 876/967/940 877/968/941 897/989/961 896/988/960
f 877/968/941 878/969/942 898/990/962 897/989/961
f 878/969/942 859/970/924 879/991/944 898/990/962
f 879/971/944 880/972/943 900/993/963 899/992/964
f 880/972/943 881/973/945 901/994/965 900/993/963
f 881/973/945 882/974/946 902/995/966 901/994/965
f 882/974/946 883/975/947 903/996/967 902/995/966
f 883/975/947 884/976/948 904/997/968 903/996/967
f 884/976/948 885/977/949 905/998/969 904/997/968
f 885/977/949 886/978/950 906/999/970 905/998/969
f 886/978/950 887/979/951 907/1000/971 906/999/970
f 887/979/951 888/980/952 908/1001/972 907/1000/971
f 888/980/952 889/981/953 909/1002/973 908/1001/972
f 889/981/953 890/982/954 910/1003/974 909/1002/973
f 890/982/954 891/983/955 911/1004/975 910/1003/974
f 891/983/955 892/984/956 912/1005/976 911/1004/975
f 892/984/956 893/985/957 913/1006/977 912/1005/976
f 893/985/957 894/986/958 914/1007/978 913/1006/977
f 894/986/958 895/987/959 915/1008/979 914/1007/978
f 895/987/959 896/988/960 916/1009/980 915/1008/979
f 896/988/960 897/989/961 917/1010/981 916/1009/980
f 897/989/961 898/990/962 918/1011/982 917/1010/981
f 898/990/962 879/991/944 899/1012/964 918/1011/982
s 3
f 919/1013/983 920/1014/984 940/1035/985 939/1034/986
f 920/1014/984 921/1015/987 941/1036/988 940/1035/985
f 921/1015/987 922/1016/989 942/1037/990 941/1036/988
f 922/1016/989 923/1017/991 943/1038/992 942/1037/990
f 923/1017/991 924/1018/993 944/1039/994 943/1038/992
f 924/1018/993 925/1019/995 945/1040/996 944/1039/994
f 925/1019/995 926/1020/997 946/1041/998 945/1040/996
f 926/1020/997 927/1021/999 947/1042/1000 946/1041/998
f 927/1021/999 928/1022/1001 948/1043/1002 947/1042/1000
f 928/1022/1001 929/1023/1003 949/1044/1004 948/1043/1002
f 929/1023/1003 930/1024/1005 950/1045/1006 949/1044/1004
f 930/1024/1005 931/1025/1007 951/1046/1008 950/1045/1006
f 931/1025/1007 932/1026/1009 952/1047/1010 951/1046/1008
f 932/1026/1009 933/1027/1011 953/1048/1012 952/1047/1010
f 933/1027/1011 934/1028/1013 954/1049/1014 953/1048/1012
f 934/1028/1013 935/1029/1015 955/1050/1016 954/1049/1014
f 935/1029/1015 936/1030/1017 956/1051/1018 955/1050/1016
f 936/1030/1017 937/1031/1019 957/1052/1020 956/1051/1018
f 937/1031/1019 938/1032/1021 958/1053/1022 957/1052/1020
f 938/1032/1021 919/1033/983 939/1054/986 958/1053/1022
f 939/1034/986 940/1035/985 960/1056/1023 959/1055/1024
f 940/1035/985 941/1036/988 961/1057/1025 960/1056/1023
f 941/1036/988 942/1037/990 962/1058/1026 961/1057/1025
f 942/1037/990 943/1038/992 963/1059/1027 962/1058/1026
f 943/1038/992 944/1039/994 964/1060/1028 963/1059/1027
f 944/1039/994 945/1040/996 965/1061/1029 964/1060/1028
f 945/1040/996 946/1041/998 966/1062/1030 965/1061/1029
f 946/1041/998 947/1042/1000 967/1063/1031 966/1062/1030
f 947/1042/1000 948/1043/1002 968/1064/1032 967/1063/1031
f 948/1043/1002 949/1044/1004 969/1065/1033 968/1064/1032
f 949/1044/1004 950/1045/1006 970/1066/1034 969/1065/1033
f 950/1045/1006 951/1046/1008 971/1067/1035 970/1066/1034
f 951/1046/1008 952/1047/1010 972/1068/1036 971/1067/1035
f 952/1047/1010 953/1048/1012 973/1069/1037 972/1068/1036
f 953/1048/1012 954/1049/1014 974/1070/1038 973/1069/1037
f 954/1049/1014 955/1050/1016 975/1071/1039 974/1070/1038
f 955/1050/1016 956/1051/1018 976/1072/1040 975/1071/1039
f 956/1051/1018 957/1052/1020 977/1073/1041 976/1072/1040
f 957/1052/1020 958/1053/1022 978/1074/1042 977/1073/1041
f 958/1053/1022 939/1054/986 959/1075/1024 978/1074/1042
f 959/1055/1024 960/1056/1023 980/1077/1043 979/1076/1044
f 960/1056/1023 961/1057/1025 981/1078/1045 980/1077/1043
f 961/1057/1025 962/1058/1026 982/1079/1046 981/1078/1045
f 962/1058/1026 963/1059/1027 983/1080/1047 982/1079/1046
f 963/1059/1027 964/1060/1028 984/1081/1048 983/1080/1047
f 964/1060/1028 965/1061/1029 985/1082/1049 984/1081/1048
f 965/1061/1029 966/1062/1030 986/1083/1050 985/1082/1049
f 966/1062/1030 967/1063/1031 987/1084/1051 986/1083/1050
f 967/1063/1031 968/1064/1032 988/1085/1052 987/1084/1051
f 968/1064/1032 969/1065/1033 989/1086/1053 988/1085/1052
f 969/1065/1033 970/1066/1034 990/1087/1054 989/1086/1053
f 970/1066/1034 971/1067/1035 991/1088/1055 990/1087/1054
f 971/1067/1035 972/1068/1036 992/1089/1056 991/1088/1055
f 972/1068/1036 973/1069/1037 993/1090/1057 992/1089/1056
f 973/1069/1037 974/1070/1038 994/1091/1058 993/1090/1057
f 974/1070/1038 975/1071/1039 995/1092/1059 994/1091/1058
f 975/1071/1039 976/1072/1040 996/1093/1060 995/1092/1059
f 976/1072/1040 977/1073/1041 997/1094/1061 996/1093/1060
f 977/1073/1041 978/1074/1042 998/1095/1062 997/1094/1061
f 978/1074/1042 959/1075/1024 979/1096/1044 998/1095/1062
f 979/1076/1044 980/1077/1043 1000/1098/1063 999/1097/1064
f 980/1077/1043 981/1078/1045 1001/1099/1065 1000/1098/1063
f 981/1078/1045 982/1079/1046 1002/1100/1066 1001/1099/1065
f 982/1079/1046 983/1080/1047 1003/1101/1067 1002/1100/1066
f 983/1080/1047 984/1081/1048 1004/1102/1068 1003/1101/1067
f 984/1081/1048 985/1082/1049 1005/1103/1069 1004/1102/1068
f 985/1082/1049 986/1083/1050 1006/1104/1070 1005/1103/1069
f 986/1083/1050 987/1084/1051 1007/1105/1071 1006/1104/1070
f 987/1084/1051 988/1085/1052 1008/1106/1072 1007/1105/1071
f 988/1085/1052 989/1086/1053 1009/1107/1073 1008/1106/1072
f 989/1086/1053 990/1087/1054 1010/1108/1074 1009/1107/1073
f 990/1087/1054 991/1088/1055 1011/1109/1075 1010/1108/1074
f 991/1088/1055 992/1089/1056 1012/1110/1076 1011/1109/1075
f 992/1089/1056 993/1090/1057 1013/1111/1077 1012/1110/1076
f 993/1090/1057 994/1091/1058 1014/1112/1078 1013/1111/1077
f 994/1091/1058 995/1092/1059 1015/1113/1079 1014/1112/1078
f 995/1092/1059 996/1093/1060 1016/1114/1080 1015/1113/1079
f 996/1093/1060 997/1094/1061 1017/1115/1081 1016/1114/1080
f 997/1094/1061 998/1095/1062 1018/1116/1082 1017/1115/1081
f 998/1095/1062 979/1096/1044 999/1117/1064 1018/1116/1082
f 999/1097/1064 1000/1098/1063 1020/1119/1083 1019/1118/1084
f 1000/1098/1063 1001/1099/1065 1021/1120/1085 1020/1119/1083
f 1001/1099/1065 1002/1100/1066 1022/1121/1086 1021/1120/1085
f 1002/1100/1066 1003/1101/1067 1023/1122/1087 1022/1121/1086
f 1003/1101/1067 1004/1102/1068 1024/1123/1088 1023/1122/1087
f 1004/1102/1068 1005/1103/1069 1025/1124/1089 1024/1123/1088
f 1005/1103/1069 1006/1104/1070 1026/1125/1090 1025/1124/1089
f 1006/1104/1070 1007/1105/1071 1027/1126/1091 1026/1125/1090
f 1007/1105/1071 1008/1106/1072 1028/1127/1092 1027/1126/1091
f 1008/1106/1072 1009/1107/1073 1029/1128/1093 1028/1127/1092
f 1009/1107/1073 1010/1108/1074 1030/1129/1094 1029/1128/1093
f 1010/1108/1074 1011/1109/1075 1031/1130/1095 1030/1129/1094
f 1011/1109/1075 1012/1110/1076 1032/1131/1096 1031/1130/1095
f 1012/1110/1076 1013/1111/1077 1033/1132/1097 1032/1131/1096
f 1013/1111/1077 1014/1112/1078 1034/1133/1098 1033/1132/1097
f 1014/1112/1078 1015/1113/1079 1035/1134/1099 1034/1133/1098
f 1015/1113/1079 1016/1114/1080 1036/1135/1100 1035/1134/1099
f 1016/1114/1080 1017/1115/1081 1037/1136/1101 1036/1135/1100
f 1017/1115/1081 1018/1116/1082 1038/1137/1102 1037/1136/1101
f 1018/1116/1082 999/1117/1064 1019/1138/1084 1038/1137/1102
f 1019/1118/1084 1020/1119/1083 1040/1140/1103 1039/1139/1104
f 1020/1119/1083 1021/1120/1085 1041/1141/1105 1040/1140/1103
f 1021/1120/1085 1022/1121/1086 1042/1142/1106 1041/1141/1105
f 1022/1121/1086 1023/1122/1087 1043/1143/1107 1042/1142/1106
f 1023/1122/1087 1024/1123/1088 1044/1144/1108 1043/1143/1107
f 1024/1123/1088 1025/1124/1089 1045/1145/1109 1044/1144/1108
f 1025/1124/1089 1026/1125/1090 1046/1146/1110 1045/1145/1109
f 1026/1125/1090 1027/1126/1091 1047/1147/1111 1046/1146/1110
f 1027/1126/1091 1028/1127/1092 1048/1148/1112 1047/1147/1111
f 1028/1127/1092 1029/1128/1093 1049/1149/1113 1048/1148/1112
f 1029/1128/1093 1030/1129/1094 1050/1150/1114 1049/1149/1113
f 1030/1129/1094 1031/1130/1095 1051/1151/1115 1050/1150/1114
f 1031/1130/1095 1032/1131/1096 1052/1152/1116 1051/1151/1115
f 1032/1131/1096 1033/1132/1097 1053/1153/1117 1052/1152/1116
f 1033/1132/1097 1034/1133/1098 1054/1154/1118 1053/1153/1117
f 1034/1133/1098 1035/1134/1099 1055/1155/1119 1054/1154/1118
f 1035/1134/1099 1036/1135/1100 1056/1156/1120 1055/1155/1119
f 1036/1135/1100 1037/1136/1101 1057/1157/1121 1056/1156/1120
f 1037/1136/1101 1038/1137/1102 1058/1158/1122 1057/1157/1121
f 1038/1137/1102 1019/1138/1084 1039/1159/1104 1058/1158/1122
f 1039/1139/1104 1040/1140/1103 1060/1161/1123 1059/1160/1124
f 1040/1140/1103 1041/1141/1105 1061/1162/1125 1060/1161/1123
f 1041/1141/1105 1042/1142/1106 1062/1163/1126 1061/1162/1125
f 1042/1142/1106 1043/1143/1107 1063/1164/1127 1062/1163/1126
f 1043/1143/1107 1044/1144/1108 1064/1165/1128 1063/1164/1127
f 1044/1144/1108 1045/1145/1109 1065/1166/1129 1064/1165/1128
f 1045/1145/1109 1046/1146/1110 1066/1167/1130 1065/1166/1129
f 1046/1146/1110 1047/1147/1111 1067/1168/1131 1066/1167/1130
f 1047/1147/1111 1048/1148/1112 1068/1169/1132 1067/1168/1131
f 1048/1148/1112 1049/1149/1113 1069/1170/1133 1068/1169/1132
f 1049/1149/1113 1050/1150/1114 1070/1171/1134 1069/1170/1133
f 1050/1150/1114 1051/1151/1115 1071/1172/1135 1070/1171/1134
f 1051/1151/1115 1052/1152/1116 1072/1173/1136 1071/1172/1135
f 1052/1152/1116 1053/1153/1117 1073/1174/1137 1072/1173/1136
f 1053/1153/1117 1054/1154/1118 1074/1175/1138 1073/1174/1137
f 1054/1154/1118 1055/1155/1119 1075/1176/1139 1074/1175/1138
f 1055/1155/1119 1056/1156/1120 1076/1177/1140 1075/1176/1139
f 1056/1156/1120 1057/1157/1121 1077/1178/1141 1076/1177/1140
f 1057/1157/1121 1058/1158/1122 1078/1179/1142 1077/1178/1141
f 1058/1158/1122 1039/1159/1104 1059/1180/1124 1078/1179/1142
f 1059/1160/1124 1060/1161/1123 1080/1182/1143 1079/1181/1144
f 1060/1161/1123 1061/1162/1125 1081/1183/1145 1080/1182/1143
f 1061/1162/1125 1062/1163/1126 1082/1184/1146 1081/1183/1145
f 1062/1163/1126 1063/1164/1127 1083/1185/1147 1082/1184/1146
f 1063/1164/1127 1064/1165/1128 1084/1186/1148 1083/1185/1147
f 1064/1165/1128 1065/1166/1129 1085/1187/1149 1084/1186/1148
f 1065/1166/1129 1066/1167/1130 1086/1188/1150 1085/1187/1149
f 1066/1167/1130 1067/1168/1131 1087/1189/1151 1086/1188/1150
f 1067/1168/1131 1068/1169/1132 1088/1190/1152 1087/1189/1151
f 1068/1169/1132 1069/1170/1133 1089/1191/1153 1088/1190/1152
f 1069/1170/1133 1070/1171/1134 1090/1192/1154 1089/1191/1153
f 1070/1171/1134 1071/1172/1135 1091/1193/1155 1090/1192/1154
f 1071/1172/1135 1072/1173/1136 1092/1194/1156 1091/1193/1155
f 1072/1173/1136 1073/1174/1137 1093/1195/1157 1092/1194/1156
f 1073/1174/1137 1074/1175/1138 1094/1196/1158 1093/1195/1157
f 1074/1175/1138 1075/1176/1139 1095/1197/1159 1094/1196/1158
f 1075/1176/1139 1076/1177/1140 1096/1198/1160 1095/1197/1159
f 1076/1177/1140 1077/1178/1141 1097/1199/1161 1096/1198/1160
f 1077/1178/1141 1078/1179/1142 1098/1200/1162 1097/1199/1161
f 1078/1179/1142 1059/1180/1124 1079/1201/1144 1098/1200/1162
f 1079/1181/1144 1080/1182/1143 1100/1203/1163 1099/1202/1164
f 1080/1182/1143 1081/1183/1145 1101/1204/1165 1100/1203/1163
f 1081/1183/1145 1082/1184/1146 1102/1205/1166 1101/1204/1165
f 1082/1184/1146 1083/1185/1147 1103/1206/1167 1102/1205/1166
f 1083/1185/1147 1084/1186/1148 1104/1207/1168 1103/1206/1167
f 1084/1186/1148 1085/1187/1149 1105/1208/1169 1104/1207/1168
f 1085/1187/1149 1086/1188/1150 1106/1209/1170 1105/1208/1169
f 1086/1188/1150 1087/1189/1151 1107/1210/1171 1106/1209/1170
f 1087/1189/1151 1088/1190/1152 1108/1211/1172 1107/1210/1171
f 1088/1190/1152 1089/1191/1153 1109/1212/1173 1108/1211/1172
f 1089/1191/1153 1090/1192/1154 1110/1213/1174 1109/1212/1173
f 1090/1192/1154 1091/1193/1155 1111/1214/1175 1110/1213/1174
f 1091/1193/1155 1092/1194/1156 1112/1215/1176 1111/1214/1175
f 1092/1194/1156 1093/1195/1157 1113/1216/1177 1112/1215/1176
f 1093/1195/1157 1094/1196/1158 1114/1217/1178 1113/1216/1177
f 1094/1196/1158 1095/1197/1159 1115/1218/1179 1114/1217/1178
f 1095/1197/1159 1096/1198/1160 1116/1219/1180 1115/1218/1179
f 1096/1198/1160 1097/1199/1161 1117/1220/1181 1116/1219/1180
f 1097/1199/1161 1098/1200/1162 1118/1221/1182 1117/1220/1181
f 1098/1200/1162 1079/1201/1144 1099/1222/1164 1118/1221/1182
f 1099/1202/1164 1100/1203/1163 1120/1224/1183 1119/1223/1184
f 1100/1203/1163 1101/1204/1165 1121/1225/1185 1120/1224/1183
f 1101/1204/1165 1102/1205/1166 1122/1226/1186 1121/1225/1185
f 1102/1205/1166 1103/1206/1167 1123/1227/1187 1122/1226/1186
f 1103/1206/1167 1104/1207/1168 1124/1228/1188 1123/1227/1187
f 1104/1207/1168 1105/1208/1169 1125/1229/1189 1124/1228/1188
f 1105/1208/1169 1106/1209/1170 1126/1230/1190 1125/1229/1189
f 1106/1209/1170 1107/1210/1171 1127/1231/1191 1126/1230/1190
f 1107/1210/1171 1108/1211/1172 1128/1232/1192 1127/1231/1191
f 1108/1211/1172 1109/1212/1173 1129/1233/1193 1128/1232/1192
f 1109/1212/1173 1110/1213/1174 1130/1234/1194 1129/1233/1193
f 1110/1213/1174 1111/1214/1175 1131/1235/1195 1130/1234/1194
f 1111/1214/1175 1112/1215/1176 1132/1236/1196 1131/1235/1195
f 1112/1215/1176 1113/1216/1177 1133/1237/1197 1132/1236/1196
f 1113/1216/1177 1114/1217/1178 1134/1238/1198 1133/1237/1197
f 1114/1217/1178 1115/1218/1179 1135/1239/1199 1134/1238/1198
f 1115/1218/1179 1116/1219/1180 1136/1240/1200 1135/1239/1199
f 1116/1219/1180 1117/1220/1181 1137/1241/1201 1136/1240/1200
f 1117/1220/1181 1118/1221/1182 1138/1242/1202 1137/1241/1201
f 1118/1221/1182 1099/1222/1164 1119/1243/1184 1138/1242/1202
f 1119/1223/1184 1120/1224/1183 1140/1245/1203 1139/1244/1204
f 1120/1224/1183 1121/1225/1185 1141/1246/1205 1140/1245/1203
f 1121/1225/1185 1122/1226/1186 1142/1247/1206 1141/1246/1205
f 1122/1226/1186 1123/1227/1187 1143/1248/1207 1142/1247/1206
f 1123/1227/1187 1124/1228/1188 1144/1249/1208 1143/1248/1207
f 1124/1228/1188 1125/1229/1189 1145/1250/1209 1144/1249/1208
f 1125/1229/1189 1126/1230/1190 1146/1251/1210 1145/1250/1209
f 1126/1230/1190 1127/1231/1191 1147/1252/1211 1146/1251/1210
f 1127/1231/1191 1128/1232/1192 1148/1253/1212 1147/1252/1211
f 1128/1232/1192 1129/1233/1193 1149/1254/1213 1148/1253/1212
f 1129/1233/1193 1130/1234/1194 1150/1255/1214 1149/1254/1213
f 1130/1234/1194 1131/1235/1195 1151/1256/1215 1150/1255/1214
f 1131/1235/1195 1132/1236/1196 1152/1257/1216 1151/1256/1215
f 1132/1236/1196 1133/1237/1197 1153/1258/1217 1152/1257/1216
f 1133/1237/1197 1134/1238/1198 1154/1259/1218 1153/1258/1217
f 1134/1238/1198 1135/1239/1199 1155/1260/1219 1154/1259/1218
f 1135/1239/1199 1136/1240/1200 1156/1261/1220 1155/1260/1219
f 1136/1240/1200 1137/1241/1201 1157/1262/1221 1156/1261/1220
f 1137/1241/1201 1138/1242/1202 1158/1263/1222 1157/1262/1221
f 1138/1242/1202 1119/1243/1184 1139/1264/1204 1158/1263/1222
f 1139/1244/1204 1140/1245/1203 1160/1266/1223 1159/1265/1224
f 1140/1245/1203 1141/1246/1205 1161/1267/1225 1160/1266/1223
f 1141/1246/1205 1142/1247/1206 1162/1268/1226 1161/1267/1225
f 1142/1247/1206 1143/1248/1207 1163/1269/1227 1162/1268/1226
f 1143/1248/1207 1144/1249/1208 1164/1270/1228 1163/1269/1227
f 1144/1249/1208 1145/1250/1209 1165/1271/1229 1164/1270/1228
f 1145/1250/1209 1146/1251/1210 1166/1272/1230 1165/1271/1229
f 1146/1251/1210 1147/1252/1211 1167/1273/1231 1166/1272/1230
f 1147/1252/1211 1148/1253/1212 1168/1274/1232 1167/1273/1231
f 1148/1253/1212 1149/1254/1213 1169/1275/1233 1168/1274/1232
f 1149/1254/1213 1150/1255/1214 1170/1276/1234 1169/1275/1233
f 1150/1255/1214 1151/1256/1215 1171/1277/1235 1170/1276/1234
f 1151/1256/1215 1152/1257/1216 1172/1278/1236 1171/1277/1235
f 1152/1257/1216 1153/1258/1217 1173/1279/1237 1172/1278/1236
f 1153/1258/1217 1154/1259/1218 1174/1280/1238 1173/1279/1237
f 1154/1259/1218 1155/1260/1219 1175/1281/1239 1174/1280/1238
f 1155/1260/1219 1156/1261/1220 1176/1282/1240 1175/1281/1239
f 1156/1261/1220 1157/1262/1221 1177/1283/1241 1176/1282/1240
f 1157/1262/1221 1158/1263/1222 1178/1284/1242 1177/1283/1241
f 1158/1263/1222 1139/1264/1204 1159/1285/1224 1178/1284/1242
f 1159/1265/1224 1160/1266/1223 1180/1287/1243 1179/1286/1244
f 1160/1266/1223 1161/1267/1225 1181/1288/1245 1180/1287/1243
f 1161/1267/1225 1162/1268/1226 1182/1289/1246 1181/1288/1245
f 1162/1268/1226 1163/1269/1227 1183/1290/1247 1182/1289/1246
f 1163/1269/1227 1164/1270/1228 1184/1291/1248 1183/1290/1247
f 1164/1270/1228 1165/1271/1229 1185/1292/1249 1184/1291/1248
f 1165/1271/1229 1166/1272/1230 1186/1293/1250 1185/1292/1249
f 1166/1272/1230 1167/1273/1231 1187/1294/1251 1186/1293/1250
f 1167/1273/1231 1168/1274/1232 1188/1295/1252 1187/1294/1251
f 1168/1274/1232 1169/1275/1233 1189/1296/1253 1188/1295/1252
f 1169/1275/1233 1170/1276/1234 1190/1297/1254 1189/1296/1253
f 1170/1276/1234 1171/1277/1235 1191/1298/1255 1190/1297/1254
f 1171/1277/1235 1172/1278/1236 1192/1299/1256 1191/1298/1255
f 1172/1278/1236 1173/1279/1237 1193/1300/1257 1192/1299/1256
f 1173/1279/1237 1174/1280/1238 1194/1301/1258 1193/1300/1257
f 1174/1280/1238 1175/1281/1239 1195/1302/1259 1194/1301/1258
f 1175/1281/1239 1176/1282/1240 1196/1303/1260 1195/1302/1259
f 1176/1282/1240 1177/1283/1241 1197/1304/1261 1196/1303/1260
f 1177/1283/1241 1178/1284/1242 1198/1305/1262 1197/1304/1261
f 1178/1284/1242 1159/1285/1224 1179/1306/1244 1198/1305/1262
f 1179/1286/1244 1180/1287/1243 1200/1308/1263 1199/1307/1264
f 1180/1287/1243 1181/1288/1245 1201/1309/1265 1200/1308/1263
f 1181/1288/1245 1182/1289/1246 1202/1310/1266 1201/1309/1265
f 1182/1289/1246 1183/1290/1247 1203/1311/1267 1202/1310/1266
f 1183/1290/1247 1184/1291/1248 1204/1312/1268 1203/1311/1267
f 1184/1291/1248 1185/1292/1249 1205/1313/1269 1204/1312/1268
f 1185/1292/1249 1186/1293/1250 1206/1314/1270 1205/1313/1269
f 1186/1293/1250 1187/1294/1251 1207/1315/1271 1206/1314/1270
f 1187/1294/1251 1188/1295/1252 1208/1316/1272 1207/1315/1271
f 1188/1295/1252 1189/1296/1253 1209/1317/1273 1208/1316/1272
f 1189/1296/1253 1190/1297/1254 1210/1318/1274 1209/1317/1273
f 1190/1297/1254 1191/1298/1255 1211/1319/1275 1210/1318/1274
f 1191/1298/1255 1192/1299/1256 1212/1320/1276 1211/1319/1275
f 1192/1299/1256 1193/1300/1257 1213/1321/1277 1212/1320/1276
f 1193/1300/1257 1194/1301/1258 1214/1322/1278 1213/1321/1277
f 1194/1301/1258 1195/1302/1259 1215/1323/1279 1214/1322/1278
f 1195/1302/1259 1196/1303/1260 1216/1324/1280 1215/1323/1279
f 1196/1303/1260 1197/1304/1261 1217/1325/1281 1216/1324/1280
f 1197/1304/1261 1198/1305/1262 1218/1326/1282 1217/1325/1281
f 1198/1305/1262 1179/1306/1244 1199/1327/1264 1218/1326/1282
f 1199/1307/1264 1200/1308/1263 1220/1329/1283 1219/1328/1284
f 1200/1308/1263 1201/1309/1265 1221/1330/1285 1220/1329/1283
f 1201/1309/1265 1202/1310/1266 1222/1331/1286 1221/1330/1285
f 1202/1310/1266 1203/1311/1267 1223/1332/1287 1222/1331/1286
f 1203/1311/1267 1204/1312/1268 1224/1333/1288 1223/1332/1287
f 1204/1312/1268 1205/1313/1269 1225/1334/1289 1224/1333/1288
f 1205/1313/1269 1206/1314/1270 1226/1335/1290 1225/1334/1289
f 1206/1314/1270 1207/1315/1271 1227/1336/1291 1226/1335/1290
f 1207/1315/1271 1208/1316/1272 1228/1337/1292 1227/1336/1291
f 1208/1316/1272 1209/1317/1273 1229/1338/1293 1228/1337/1292
f 1209/1317/1273 1210/1318/1274 1230/1339/1294 1229/1338/1293
f 1210/1318/1274 1211/1319/1275 1231/1340/1295 1230/1339/1294
f 1211/1319/1275 1212/1320/1276 1232/1341/1296 1231/1340/1295
f 1212/1320/1276 1213/1321/1277 1233/1342/1297 1232/1341/1296
f 1213/1321/1277 1214/1322/1278 1234/1343/1298 1233/1342/1297
f 1214/1322/1278 1215/1323/1279 1235/1344/1299 1234/1343/1298
f 1215/1323/1279 1216/1324/1280 1236/1345/1300 1235/1344/1299
f 1216/1324/1280 1217/1325/1281 1237/1346/1301 1236/1345/1300
f 1217/1325/1281 1218/1326/1282 1238/1347/1302 1237/1346/1301
f 1218/1326/1282 1199/1327/1264 1219/1348/1284 1238/1347/1302
f 1219/1328/1284 1220/1329/1283 1240/1350/1303 1239/1349/1304
f 1220/1329/1283 1221/1330/1285 1241/1351/1305 1240/1350/1303
f 1221/1330/1285 1222/1331/1286 1242/1352/1306 1241/1351/1305
f 1222/1331/1286 1223/1332/1287 1243/1353/1307 1242/1352/1306
f 1223/1332/1287 1224/1333/1288 1244/1354/1308 1243/1353/1307
f 1224/1333/1288 1225/1334/1289 1245/1355/1309 1244/1354/1308
f 1225/1334/1289 1226/1335/1290 1246/1356/1310 1245/1355/1309
f 1226/1335/1290 1227/1336/1291 1247/1357/1311 1246/1356/1310
f 1227/1336/1291 1228/1337/1292 1248/1358/1312 1247/1357/1311
f 1228/1337/1292 1229/1338/1293 1249/1359/1313 1248/1358/1312
f 1229/1338/1293 1230/1339/1294 1250/1360/1314 1249/1359/1313
f 1230/1339/1294 1231/1340/1295 1251/1361/1315 1250/1360/1314
f 1231/1340/1295 1232/1341/1296 1252/1362/1316 1251/1361/1315
f 1232/1341/1296 1233/1342/1297 1253/1363/1317 1252/1362/1316
f 1233/1342/1297 1234/1343/1298 1254/1364/1318 1253/1363/1317
f 1234/1343/1298 1235/1344/1299 1255/1365/1319 1254/1364/1318
f 1235/1344/1299 1236/1345/1300 1256/1366/1320 1255/1365/1319
f 1236/1345/1300 1237/1346/1301 1257/1367/1321 1256/1366/1320
f 1237/1346/1301 1238/1347/1302 1258/1368/1322 1257/1367/1321
f 1238/1347/1302 1219/1348/1284 1239/1369/1304 1258/1368/1322
f 1239/1349/1304 1240/1350/1303 1260/1371/1323 1259/1370/1324
f 1240/1350/1303 1241/1351/1305 1261/1372/1325 1260/1371/1323
f 1241/1351/1305 1242/1352/1306 1262/1373/1326 1261/1372/1325
f 1242/1352/1306 1243/1353/1307 1263/1374/1327 1262/1373/1326
f 1243/1353/1307 1244/1354/1308 1264/1375/1328 1263/1374/1327
f 1244/1354/1308 1245/1355/1309 1265/1376/1329 1264/1375/1328
f 1245/1355/1309 1246/1356/1310 1266/1377/1330 1265/1376/1329
f 1246/1356/1310 1247/1357/1311 1267/1378/1331 1266/1377/1330
f 1247/1357/1311 1248/1358/1312 1268/1379/1332 1267/1378/1331
f 1248/1358/1312 1249/1359/1313 1269/1380/1333 1268/1379/1332
f 1249/1359/1313 1250/1360/1314 1270/1381/1334 1269/1380/1333
f 1250/1360/1314 1251/1361/1315 1271/1382/1335 1270/1381/1334
f 1251/1361/1315 1252/1362/1316 1272/1383/1336 1271/1382/1335
f 1252/1362/1316 1253/1363/1317 1273/1384/1337 1272/1383/1336
f 1253/1363/1317 1254/1364/1318 1274/1385/1338 1273/1384/1337
f 1254/1364/1318 1255/1365/1319 1275/1386/1339 1274/1385/1338
f 1255/1365/1319 1256/1366/1320 1276/1387/1340 1275/1386/1339
f 1256/1366/1320 1257/1367/1321 1277/1388/1341 1276/1387/1340
f 1257/1367/1321 1258/1368/1322 1278/1389/1342 1277/1388/1341
f 1258/1368/1322 1239/1369/1304 1259/1390/1324 1278/1389/1342
f 1259/1370/1324 1260/1371/1323 1280/1392/1343 1279/1391/1344
f 1260/1371/1323 1261/1372/1325 1281/1393/1345 1280/1392/1343
f 1261/1372/1325 1262/1373/1326 1282/1394/1346 1281/1393/1345
f 1262/1373/1326 1263/1374/1327 1283/1395/1347 1282/1394/1346
f 1263/1374/1327 1264/1375/1328 1284/1396/1348 1283/1395/1347
f 1264/1375/1328 1265/1376/1329 1285/1397/1349 1284/1396/1348
f 1265/1376/1329 1266/1377/1330 1286/1398/1350 1285/1397/1349
f 1266/1377/1330 1267/1378/1331 1287/1399/1351 1286/1398/1350
f 1267/1378/1331 1268/1379/1332 1288/1400/1352 1287/1399/1351
f 1268/1379/1332 1269/1380/1333 1289/1401/1353 1288/1400/1352
f 1269/1380/1333 1270/1381/1334 1290/1402/1354 1289/1401/1353
f 1270/1381/1334 1271/1382/1335 1291/1403/1355 1290/1402/1354
f 1271/1382/1335 1272/1383/1336 1292/1404/1356 1291/1403/1355
f 1272/1383/1336 1273/1384/1337 1293/1405/1357 1292/1404/1356
f 1273/1384/1337 1274/1385/1338 1294/1406/1358 1293/1405/1357
f 1274/1385/1338 1275/1386/1339 1295/1407/1359 1294/1406/1358
f 1275/1386/1339 1276/1387/1340 1296/1408/1360 1295/1407/1359
f 1276/1387/1340 1277/1388/1341 1297/1409/1361 1296/1408/1360
f 1277/1388/1341 1278/1389/1342 1298/1410/1362 1297/1409/1361
f 1278/1389/1342 1259/1390/1324 1279/1411/1344 1298/1410/1362
f 1279/1391/1344 1280/1392/1343 1300/1413/1363 1299/1412/1364
f 1280/1392/1343 1281/1393/1345 1301/1414/1365 1300/1413/1363
f 1281/1393/1345 1282/1394/1346 1302/1415/1366 1301/1414/1365
f 1282/1394/1346 1283/1395/1347 1303/1416/1367 1302/1415/1366
f 1283/1395/1347 1284/1396/1348 1304/1417/1368 1303/1416/1367
f 1284/1396/1348 1285/1397/1349 1305/1418/1369 1304/1417/1368
f 1285/1397/1349 1286/1398/1350 1306/1419/1370 1305/1418/1369
f 1286/1398/1350 1287/1399/1351 1307/1420/1371 1306/1419/1370
f 1287/1399/1351 1288/1400/1352 1308/1421/1372 1307/1420/1371
f 1288/1400/1352 1289/1401/1353 1309/1422/1373 1308/1421/1372
f 1289/1401/1353 1290/1402/1354 1310/1423/1374 1309/1422/1373
f 1290/1402/1354 1291/1403/1355 1311/1424/1375 1310/1423/1374
f 1291/1403/1355 1292/1404/1356 1312/1425/1376 1311/1424/1375
f 1292/1404/1356 1293/1405/1357 1313/1426/1377 1312/1425/1376
f 1293/1405/1357 1294/1406/1358 1314/1427/1378 1313/1426/1377
f 1294/1406/1358 1295/1407/1359 1315/1428/1379 1314/1427/1378
f 1295/1407/1359 1296/1408/1360 1316/1429/1380 1315/1428/1379
f 1296/1408/1360 1297/1409/1361 1317/1430/1381 1316/1429/1380
f 1297/1409/1361 1298/1410/1362 1318/1431/1382 1317/1430/1381
f 1298/1410/1362 1279/1411/1344 1299/1432/1364 1318/1431/1382
f 1299/1412/1364 1300/1413/1363 1320/1434/1383 1319/1433/1384
f 1300/1413/1363 1301/1414/1365 1321/1435/1385 1320/1434/1383
f 1301/1414/1365 1302/1415/1366 1322/1436/1386 1321/1435/1385
f 1302/1415/1366 1303/1416/1367 1323/1437/1387 1322/1436/1386
f 1303/1416/1367 1304/1417/1368 1324/1438/1388 1323/1437/1387
f 1304/1417/1368 1305/1418/1369 1325/1439/1389 1324/1438/1388
f 1305/1418/1369 1306/1419/1370 1326/1440/1390 1325/1439/1389
f 1306/1419/1370 1307/1420/1371 1327/1441/1391 1326/1440/1390
f 1307/1420/1371 1308/1421/1372 1328/1442/1392 1327/1441/1391
f 1308/1421/1372 1309/1422/1373 1329/1443/1393 1328/1442/1392
f 1309/1422/1373 1310/1423/1374 1330/1444/1394 1329/1443/1393
f 1310/1423/1374 1311/1424/1375 1331/1445/1395 1330/1444/1394
f 1311/1424/1375 1312/1425/1376 1332/1446/1396 1331/1445/1395
f 1312/1425/1376 1313/1426/1377 1333/1447/1397 1332/1446/1396
f 1313/1426/1377 1314/1427/1378 1334/1448/1398 1333/1447/1397
f 1314/1427/1378 1315/1428/1379 1335/1449/1399 1334/1448/1398
f 1315/1428/1379 1316/1429/1380 1336/1450/1400 1335/1449/1399
f 1316/1429/1380 1317/1430/1381 1337/1451/1401 1336/1450/1400
f 1317/1430/1381 1318/1431/1382 1338/1452/1402 1337/1451/1401
f 1318/1431/1382 1299/1432/1364 1319/1453/1384 1338/1452/1402
