# This file uses centimeters as units for non-parametric coordinates.

mtllib Lamp_001.mtl
g default
v -151.407669 367.426697 -3.164757
v -140.592331 367.426697 -3.164757
v -135.185745 367.426697 2.241821
v -135.185745 367.426697 16.765209
v -140.592331 367.426697 22.171795
v -151.407669 367.426697 22.171795
v -156.814346 367.426697 16.765278
v -156.814255 367.426697 2.241821
v -151.407669 321.272278 -3.164757
v -156.814255 321.272278 2.241821
v -156.814255 321.272278 16.765209
v -151.407669 321.272278 22.171795
v -140.592331 321.272278 22.171795
v -135.185654 321.272278 16.765278
v -135.185745 321.272278 2.241821
v -140.592331 321.272278 -3.164757
v -140.492950 321.272278 22.404613
v -138.466934 321.272278 22.520901
v -138.521942 321.272278 23.428207
v -141.117538 321.272278 24.503338
v -140.462921 367.426697 22.474972
v -141.760757 367.426697 24.076202
v -141.117538 367.426697 24.503338
v -138.521942 367.426697 23.428207
v -151.537079 321.272278 22.474972
v -150.239243 321.272278 24.076202
v -150.882462 321.272278 24.503338
v -153.478058 321.272278 23.428207
v -151.507050 367.426697 22.404613
v -153.533066 367.426697 22.520901
v -153.478058 367.426697 23.428207
v -150.882462 367.426697 24.503338
v -158.506073 367.426697 15.723183
v -158.804565 367.426697 16.581234
v -157.729431 367.426697 19.176838
v -157.573837 321.272278 18.778900
v -157.729431 321.272278 19.176838
v -158.804565 321.272278 16.581234
v -158.629639 321.272278 16.707901
v -157.638367 321.272278 17.318607
v -134.426163 367.426697 18.778900
v -134.270569 367.426697 19.176838
v -133.195435 367.426697 16.581234
v -133.370361 367.426697 16.707901
v -134.361633 367.426697 17.318607
v -133.493927 321.272278 15.723183
v -133.195435 321.272278 16.581234
v -134.270569 321.272278 19.176838
v -157.638367 367.426697 1.688435
v -157.729431 367.426697 -0.169804
v -158.804565 367.426697 2.425808
v -157.100723 321.272278 2.049454
v -158.804565 321.272278 2.425808
v -157.729431 321.272278 -0.169804
v -157.006454 321.272278 -0.084057
v -134.899277 367.426697 2.049454
v -133.195435 367.426697 2.425808
v -134.270569 367.426697 -0.169804
v -134.993546 367.426697 -0.084057
v -134.899277 321.272278 2.049454
v -134.993546 321.272278 -0.084057
v -134.270569 321.272278 -0.169804
v -133.195435 321.272278 2.425808
v -140.462921 367.426697 -3.467941
v -138.521942 367.426697 -4.421177
v -141.117538 367.426697 -5.496311
v -141.760757 367.426697 -5.069176
v -140.462921 321.272278 -3.467941
v -141.760757 321.272278 -5.069176
v -141.117538 321.272278 -5.496311
v -138.521942 321.272278 -4.421177
v -151.507050 367.426697 -3.397575
v -150.882462 367.426697 -5.496311
v -153.478058 367.426697 -4.421177
v -153.533066 367.426697 -3.513870
v -151.851425 321.272278 -4.204361
v -153.478058 321.272278 -4.421177
v -150.882462 321.272278 -5.496311
vt 0.498795 0.052521
vt 0.501293 0.297656
vt 0.443851 0.298242
vt 0.441352 0.053107
vt 0.539404 0.052108
vt 0.541903 0.297242
vt 0.403241 0.298656
vt 0.400742 0.053521
vt 0.616541 0.051321
vt 0.619040 0.296456
vt 0.323606 0.054307
vt 0.326104 0.299442
vt 0.184944 0.055720
vt 0.225553 0.055307
vt 0.228052 0.300442
vt 0.187443 0.300855
vt 0.282996 0.054721
vt 0.285495 0.299856
vt 0.443070 0.655368
vt 0.445122 0.641658
vt 0.431990 0.579742
vt 0.443631 0.642318
vt 0.430066 0.638492
vt 0.429182 0.575642
vt 0.199270 0.652229
vt 0.200775 0.651561
vt 0.330858 0.684884
vt 0.243356 0.697123
vt 0.236426 0.686219
vt 0.220829 0.692390
vt 0.192796 0.665138
vt 0.442177 0.571244
vt 0.435866 0.558838
vt 0.462843 0.531092
vt 0.444140 0.572049
vt 0.465418 0.532057
vt 0.478447 0.536762
vt 0.474811 0.531507
vt 0.197798 0.580426
vt 0.191421 0.567893
vt 0.218674 0.539860
vt 0.199782 0.581239
vt 0.221276 0.540835
vt 0.234439 0.545589
vt 0.230765 0.540281
vt 0.487270 0.686758
vt 0.480409 0.675965
vt 0.464971 0.682074
vt 0.437225 0.655098
vt 0.334532 0.690191
vt 0.329844 0.697842
vt 0.237805 0.699142
vt 0.573132 0.533581
vt 0.570559 0.522648
vt 0.571921 0.535444
vt 0.478651 0.525072
vt 0.479450 0.523934
vt 0.330095 0.542374
vt 0.479260 0.518345
vt 0.328871 0.544254
vt 0.234644 0.533779
vt 0.235451 0.532630
vt 0.588871 0.675675
vt 0.575148 0.676471
vt 0.572877 0.687470
vt 0.411434 0.307853
vt 0.573884 0.674646
vt 0.364521 0.578911
vt 0.343976 0.542791
vt 0.607208 0.569750
vt 0.610153 0.640164
vt 0.489141 0.306755
vt 0.608190 0.639359
vt 0.365515 0.649233
vt 0.377011 0.586334
vt 0.617673 0.516389
vt 0.367980 0.663021
vt 0.586872 0.533998
vt 0.344467 0.538083
vt 0.587360 0.529337
vt 0.185566 0.648361
vt 0.379729 0.582112
vt 0.616464 0.652570
vt 0.373874 0.662580
vt 0.622262 0.572919
vt 0.371026 0.308424
vt 0.187507 0.589011
vt 0.361145 0.520014
vt 0.313430 0.309238
vt 0.198701 0.665412
vt 0.303549 0.520828
vt 0.263141 0.521399
vt 0.273022 0.309809
vt 0.401553 0.519443
vt 0.185434 0.522498
vt 0.195315 0.310907
vt 0.366481 0.578042
vt 0.519668 0.517774
vt 0.620341 0.631666
vt 0.529549 0.306183
vt 0.367038 0.649858
vt 0.577265 0.516960
vt 0.613859 0.566800
vt 0.587145 0.305369
vt 0.184670 0.584869
vt 0.276010 0.521218
vt 0.574277 0.305551
vt 0.615107 0.556311
vt 0.590133 0.516778
vt 0.380626 0.645604
vt 0.516680 0.306365
vt 0.623148 0.635767
vt 0.532537 0.517592
vt 0.372500 0.565334
vt 0.614685 0.304980
vt 0.589487 0.680321
vt 0.346622 0.690614
vt 0.492129 0.518163
vt 0.182446 0.311089
vt 0.198303 0.522316
vt 0.398565 0.308035
vt 0.260153 0.309991
vt 0.316417 0.520647
vt 0.300561 0.309420
vt 0.374014 0.519832
vt 0.358157 0.308606
vt 0.327492 0.531330
vt 0.414422 0.519261
vt 0.481775 0.688757
vt 0.476272 0.306936
vn -0.086654 0.000000 0.996239
vn -0.086654 0.000000 0.996239
vn 0.086654 0.000000 0.996239
vn 0.086654 0.000000 0.996239
vn -0.789292 0.000000 0.614018
vn -0.789292 0.000000 0.614018
vn -0.614018 0.000000 0.789292
vn -0.614018 0.000000 0.789292
vn 0.614018 0.000000 0.789292
vn 0.614018 0.000000 0.789292
vn 0.789292 0.000000 0.614018
vn 0.789292 0.000000 0.614018
vn -0.997947 0.000000 -0.064051
vn -0.997947 0.000000 -0.064051
vn -0.997947 0.000000 0.064051
vn -0.997947 0.000000 0.064051
vn 0.997947 0.000000 -0.064051
vn 0.997947 0.000000 -0.064051
vn 0.997947 0.000000 0.064051
vn 0.997947 0.000000 0.064051
vn 0.614019 0.000000 -0.789292
vn 0.614019 0.000000 -0.789292
vn 0.789292 0.000000 -0.614018
vn 0.789292 0.000000 -0.614018
vn -0.086654 0.000000 -0.996239
vn -0.086654 0.000000 -0.996239
vn 0.086654 0.000000 -0.996239
vn 0.086654 0.000000 -0.996239
vn -0.789292 0.000000 -0.614018
vn -0.789292 0.000000 -0.614018
vn -0.614019 0.000000 -0.789292
vn -0.614019 0.000000 -0.789292
vn 0.000000 0.000000 -1.000000
vn 0.000000 0.000000 -1.000000
vn 0.000000 0.000000 -1.000000
vn 0.000000 0.000000 -1.000000
vn 0.707107 0.000000 -0.707107
vn 0.707107 0.000000 -0.707107
vn 0.707107 0.000000 -0.707107
vn 0.707107 0.000000 -0.707107
vn -0.707107 0.000000 -0.707107
vn -0.707107 0.000000 -0.707107
vn -0.707107 0.000000 -0.707107
vn -0.707107 0.000000 -0.707107
vn 1.000000 0.000000 0.000000
vn 1.000000 0.000000 0.000000
vn 1.000000 0.000000 0.000000
vn 1.000000 0.000000 0.000000
vn -1.000000 0.000000 0.000000
vn -1.000000 0.000000 0.000000
vn -1.000000 0.000000 0.000000
vn -1.000000 0.000000 0.000000
vn 0.707107 -0.000000 0.707107
vn 0.707107 -0.000000 0.707107
vn 0.707107 -0.000000 0.707107
vn 0.707107 -0.000000 0.707107
vn -0.707107 -0.000000 0.707107
vn -0.707107 -0.000000 0.707107
vn -0.707107 -0.000000 0.707107
vn -0.707107 -0.000000 0.707107
vn 0.000000 -0.000000 1.000000
vn 0.000000 -0.000000 1.000000
vn 0.000000 -0.000000 1.000000
vn 0.000000 -0.000000 1.000000
vn 0.000000 1.000000 0.000000
vn 0.000000 1.000000 -0.000000
vn 0.000000 1.000000 0.000000
vn 0.000000 1.000000 0.000000
vn 0.000000 1.000000 0.000000
vn 0.000000 1.000000 -0.000007
vn 0.000000 1.000000 0.000000
vn 0.000000 1.000000 -0.000005
vn 0.000000 1.000000 0.000001
vn 0.000000 1.000000 0.000000
vn 0.000000 1.000000 0.000009
vn 0.000000 1.000000 0.000005
vn 0.000000 1.000000 0.000000
vn 0.000000 1.000000 0.000002
vn 0.000000 1.000000 -0.000000
vn 0.000000 1.000000 0.000007
vn 0.000000 1.000000 0.000013
vn 0.000000 1.000000 0.000000
vn 0.000000 1.000000 0.000005
vn 0.000000 1.000000 0.000009
vn 0.000000 1.000000 0.000000
vn 0.000000 1.000000 0.000013
vn 0.000000 -1.000000 -0.000000
vn 0.000000 -1.000000 0.000005
vn 0.000000 -1.000000 -0.000005
vn 0.000000 -1.000000 -0.000000
vn 0.000000 -1.000000 -0.000000
vn 0.000000 -1.000000 0.000002
vn 0.000000 -1.000000 -0.000006
vn 0.000000 -1.000000 -0.000000
vn 0.000000 -1.000000 0.000001
vn 0.000000 -1.000000 0.000000
vn 0.000000 -1.000000 -0.000003
vn 0.000000 -1.000000 0.000001
vn 0.000000 -1.000000 -0.000000
vn 0.000000 -1.000000 -0.000001
vn 0.000000 -1.000000 -0.000000
vn 0.000000 -1.000000 0.000001
vn 0.000000 -1.000000 0.000002
vn 0.000000 -1.000000 -0.000000
vn 0.000000 -1.000000 0.000001
vn 0.000000 -1.000000 -0.000001
vn 0.000000 -1.000000 -0.000000
vn 0.000000 -1.000000 0.000000
vn 0.000000 -1.000000 0.000003
vn 0.000000 -1.000000 0.000001
vn 0.000000 1.000000 0.000019
vn 0.000000 1.000000 0.000023
vn 0.000000 -1.000000 -0.000003
vn 0.000000 -1.000000 -0.000003
vn 0.000000 1.000000 0.000011
vn 0.000000 1.000000 -0.000003
vn 0.000000 1.000000 0.000000
vn 0.000000 1.000000 0.000002
vn 0.000000 -1.000000 0.000000
vn 0.000000 -1.000000 0.000005
vn 0.000000 1.000000 -0.000005
vn 0.000000 1.000000 0.000000
vn 0.000000 1.000000 0.000000
vn 0.000000 1.000000 -0.000013
vn 0.000000 1.000000 -0.000007
vn 0.000000 -1.000000 0.000002
vn 0.000000 -1.000000 0.000001
vn 0.000000 1.000000 0.000000
vn 0.000000 1.000000 0.000000
vn 0.000000 -1.000000 0.000001
vn 0.000000 -1.000000 -0.000001
vn 0.000000 1.000000 -0.000011
vn 0.000000 1.000000 -0.000009
vn 0.000000 -1.000000 -0.000010
vn 0.000000 -1.000000 0.000002
vn 0.000000 1.000000 0.000000
vn 0.000000 1.000000 0.000005
vn 0.000000 -1.000000 -0.000000
vn 0.000000 -1.000000 0.000009
vn 0.000000 -1.000000 0.000005
vn 0.000000 -1.000000 -0.000013
vn 0.000000 -1.000000 -0.000004
s 1
g Lamp Pillar_1
usemtl openPBRSurface2SG
f 32/123/1 27/89/2 20/126/3 23/88/4
f 35/106/5 37/93/6 28/124/7 31/91/8
f 24/125/9 19/86/10 48/121/11 42/94/12
f 51/120/13 53/96/14 38/122/15 34/92/16
f 63/130/17 57/59/18 43/128/19 47/66/20
f 71/111/21 65/98/22 58/118/23 62/72/24
f 78/107/25 73/102/26 66/113/27 70/100/28
f 54/115/29 50/76/30 74/109/31 77/104/32
s off
f 12/1/33 6/2/34 5/3/35 13/4/36
f 11/5/37 7/6/38 6/2/39 12/1/40
f 13/4/41 5/3/42 4/7/43 14/8/44
f 10/9/45 8/10/46 7/6/47 11/5/48
f 15/11/49 14/8/50 4/7/51 3/12/52
f 10/13/53 9/14/54 1/15/55 8/16/56
f 16/17/57 15/11/58 3/12/59 2/18/60
f 9/14/61 16/17/62 2/18/63 1/15/64
s 7
f 8/27/65 33/28/66 7/29/67
f 8/27/65 1/74/68 72/101/69 75/77/70
f 1/74/68 2/68/71 64/97/72 67/75/73
f 2/68/71 3/60/74 56/58/75 59/69/76
f 3/60/74 4/44/77 45/45/78 44/61/79
f 7/29/67 30/90/80 29/25/81 6/26/82
f 6/26/82 22/87/83 21/39/84 5/42/85
f 4/44/77 5/42/85 41/43/86 45/45/78
s 13
f 9/70/87 69/99/88 68/71/89 16/73/90
f 9/70/87 10/55/91 52/53/92 55/78/93
f 10/55/91 11/37/94 40/38/95 39/56/96
f 16/73/90 61/63/97 60/64/98 15/67/99
f 15/67/99 46/46/100 14/47/101
f 14/47/101 18/19/102 17/22/103 13/20/104
f 13/20/104 26/21/105 25/32/106 12/35/107
f 11/37/94 12/35/107 36/36/108 40/38/95
f 17/22/103 20/23/109 27/24/110 26/21/105 13/20/104
s 7
f 21/39/84 24/40/111 42/41/112 41/43/86 5/42/85
s 13
f 25/32/106 28/33/113 37/34/114 36/36/108 12/35/107
s 7
f 29/25/81 32/81/115 23/105/116 22/87/83 6/26/82
f 7/29/67 35/30/117 31/31/118 30/90/80
s 13
f 14/47/101 48/48/119 19/49/120 18/19/102
s 7
f 49/50/121 51/51/122 34/52/123 33/28/66 8/27/65
f 50/117/124 49/50/121 8/27/65 75/77/70 74/84/125
s 13
f 53/54/126 52/53/92 10/55/91 39/56/96 38/57/127
s 7
f 57/127/128 56/58/75 3/60/74 44/61/79 43/62/129
s 13
f 60/64/98 63/65/130 47/129/131 46/46/100 15/67/99
s 7
f 65/114/132 64/97/72 2/68/71 59/69/76 58/79/133
s 13
f 68/71/89 71/83/134 62/116/135 61/63/97 16/73/90
s 7
f 73/110/136 72/101/69 1/74/68 67/75/73 66/82/137
s 13
f 76/103/138 78/85/139 70/112/140 69/99/88 9/70/87
f 77/108/141 76/103/138 9/70/87 55/78/93 54/80/142
s 1
f 20/126/3 19/86/10 24/125/9 23/88/4
f 28/124/7 27/89/2 32/123/1 31/91/8
f 35/106/5 34/92/16 38/122/15 37/93/6
f 43/128/19 42/94/12 48/121/11 47/66/20
f 51/120/13 50/95/30 54/119/29 53/96/14
f 58/118/23 57/59/18 63/130/17 62/72/24
f 66/113/27 65/98/22 71/111/21 70/100/28
f 74/109/31 73/102/26 78/107/25 77/104/32
s 13
f 17/22/103 18/19/102 19/49/120 20/23/109
s 7
f 21/39/84 22/87/83 23/105/116 24/40/111
s 13
f 25/32/106 26/21/105 27/24/110 28/33/113
s 7
f 29/25/81 30/90/80 31/31/118 32/81/115
f 7/29/67 33/28/66 34/52/123 35/30/117
s 13
f 36/36/108 37/34/114 38/57/127 39/56/96 40/38/95
s 7
f 41/43/86 42/41/112 43/62/129 44/61/79 45/45/78
s 13
f 14/47/101 46/46/100 47/129/131 48/48/119
s 7
f 49/50/121 50/117/124 51/51/122
s 13
f 52/53/92 53/54/126 54/80/142 55/78/93
s 7
f 56/58/75 57/127/128 58/79/133 59/69/76
s 13
f 60/64/98 61/63/97 62/116/135 63/65/130
s 7
f 64/97/72 65/114/132 66/82/137 67/75/73
s 13
f 68/71/89 69/99/88 70/112/140 71/83/134
s 7
f 72/101/69 73/110/136 74/84/125 75/77/70
s 13
f 76/103/138 77/108/141 78/85/139
g default
v -158.500992 359.872467 8.025536
v -158.493469 359.869110 8.201950
v -158.432175 359.859375 8.367300
v -158.323135 359.844269 8.505390
v -158.177002 359.825165 8.602712
v -158.008102 359.804047 8.649737
v -157.832947 359.782898 8.641865
v -157.668671 359.763824 8.579863
v -157.531387 359.748718 8.469798
v -157.434525 359.738983 8.322447
v -157.387558 359.735657 8.152233
v -157.395081 359.738983 7.975820
v -157.456360 359.748718 7.810473
v -157.565414 359.763824 7.672379
v -157.711548 359.782898 7.575053
v -157.880447 359.804047 7.528032
v -158.055603 359.825165 7.535904
v -158.219879 359.844269 7.597907
v -158.357162 359.859375 7.707971
v -158.454025 359.869110 7.855323
v -158.125732 362.802032 8.068143
v -158.118256 362.798340 8.244549
v -158.057114 362.787506 8.409880
v -157.948288 362.770660 8.547946
v -157.802429 362.749420 8.645239
v -157.633835 362.725861 8.692228
v -157.458984 362.702301 8.684317
v -157.295013 362.681030 8.622282
v -157.157944 362.664124 8.512195
v -157.061234 362.653290 8.364827
v -157.014313 362.649506 8.194610
v -157.021790 362.653229 8.018200
v -157.082932 362.664062 7.852870
v -157.191757 362.680908 7.714803
v -157.337601 362.702179 7.617506
v -157.506210 362.725739 7.570516
v -157.681061 362.749298 7.578428
v -157.845032 362.770569 7.640466
v -157.982086 362.787445 7.750554
v -158.078827 362.798309 7.897922
v -157.704315 365.722290 8.115263
v -157.696884 365.718140 8.291665
v -157.635941 365.705933 8.456972
v -157.527451 365.686859 8.595003
v -157.382004 365.662811 8.692248
v -157.213852 365.636108 8.739190
v -157.039459 365.609344 8.731231
v -156.875900 365.585266 8.669148
v -156.739166 365.566040 8.559021
v -156.642685 365.553680 8.411630
v -156.595840 365.549377 8.241401
v -156.603256 365.553528 8.064999
v -156.664200 365.565704 7.899692
v -156.772705 365.584747 7.761658
v -156.918152 365.608826 7.664412
v -157.086304 365.635529 7.617470
v -157.260681 365.662231 7.625433
v -157.424255 365.686401 7.687515
v -157.560989 365.705597 7.797643
v -157.657486 365.717926 7.945034
v -157.219650 368.640259 8.167473
v -157.212311 368.635590 8.343867
v -157.151672 368.621613 8.509146
v -157.043671 368.599609 8.647125
v -156.898849 368.571747 8.744304
v -156.731415 368.540802 8.791170
v -156.557739 368.509766 8.783131
v -156.394836 368.481689 8.720978
v -156.258652 368.459290 8.610790
v -156.162506 368.444763 8.463363
v -156.115799 368.439606 8.293118
v -156.123138 368.444244 8.116724
v -156.183777 368.458252 7.951449
v -156.291809 368.480255 7.813470
v -156.436615 368.508057 7.716291
v -156.604050 368.539032 7.669425
v -156.777725 368.570068 7.677464
v -156.940628 368.598175 7.739618
v -157.076828 368.620544 7.849801
v -157.172974 368.635071 7.997232
v -156.641891 371.570770 8.225256
v -156.634659 371.565582 8.401638
v -156.574509 371.549103 8.566861
v -156.467316 371.522949 8.704765
v -156.323578 371.489716 8.801836
v -156.157364 371.452637 8.848576
v -155.984924 371.415314 8.840418
v -155.823166 371.381439 8.778149
v -155.687912 371.354309 8.667874
v -155.592422 371.336609 8.520380
v -155.546005 371.330017 8.350107
v -155.553223 371.335205 8.173725
v -155.613373 371.351685 8.008498
v -155.720581 371.377808 7.870602
v -155.864319 371.411041 7.773527
v -156.030533 371.448120 7.726784
v -156.202957 371.485443 7.734945
v -156.364716 371.519348 7.797214
v -156.499969 371.546448 7.907493
v -156.595474 371.564178 8.054983
v -155.931396 374.474915 8.286549
v -155.924301 374.469208 8.462918
v -155.865005 374.449280 8.628075
v -155.759323 374.417053 8.765843
v -155.617569 374.375702 8.862747
v -155.453659 374.329315 8.909296
v -155.283600 374.282410 8.900932
v -155.124054 374.239532 8.838477
v -154.990662 374.204956 8.728044
v -154.896439 374.182007 8.580441
v -154.850647 374.172943 8.410117
v -154.857742 374.178650 8.233747
v -154.917023 374.198608 8.068591
v -155.022720 374.230835 7.930822
v -155.164474 374.272156 7.833918
v -155.328384 374.318542 7.787369
v -155.498444 374.365448 7.795733
v -155.657990 374.408325 7.858189
v -155.791382 374.442932 7.968622
v -155.885605 374.465912 8.116224
v -155.000443 377.354095 8.343792
v -154.993332 377.348450 8.520162
v -154.935593 377.323792 8.685226
v -154.832855 377.282501 8.822824
v -154.695206 377.228668 8.919487
v -154.536118 377.167542 8.965757
v -154.371124 377.105133 8.957096
v -154.216431 377.047485 8.894359
v -154.087143 377.000336 8.783687
v -153.995911 376.968231 8.635910
v -153.951706 376.954315 8.465495
v -153.958817 376.959961 8.289121
v -154.016556 376.984650 8.124056
v -154.119293 377.025909 7.986458
v -154.256943 377.079742 7.889792
v -154.416031 377.140900 7.843529
v -154.581024 377.203278 7.852187
v -154.735718 377.260895 7.914920
v -154.865005 377.308105 8.025596
v -154.956238 377.340210 8.173376
v -153.750107 380.126129 8.361973
v -153.741653 380.123444 8.538355
v -153.685318 380.095612 8.703407
v -153.586655 380.045319 8.840974
v -153.455292 379.977539 8.937580
v -153.304077 379.898834 8.983784
v -153.147842 379.816956 8.975051
v -153.001846 379.739929 8.912242
v -152.880432 379.675262 8.801498
v -152.795425 379.629333 8.653667
v -152.755188 379.606537 8.483219
v -152.763657 379.609222 8.306833
v -152.819977 379.637085 8.141781
v -152.918640 379.687378 8.004219
v -153.050018 379.755188 7.907608
v -153.201233 379.833862 7.861408
v -153.357452 379.915741 7.870142
v -153.503448 379.992767 7.932950
v -153.624878 380.057434 8.043694
v -153.709869 380.103394 8.191525
v -152.105591 382.828735 8.281864
v -152.095398 382.828888 8.458175
v -152.041733 382.796722 8.623339
v -151.949890 382.735443 8.761183
v -151.828827 382.651093 8.858218
v -151.690414 382.551849 8.904945
v -151.548172 382.447510 8.896788
v -151.416046 382.348206 8.834547
v -151.306976 382.263672 8.724312
v -151.231613 382.202271 8.576880
v -151.197342 382.169891 8.406675
v -151.207550 382.169800 8.230365
v -151.261185 382.201935 8.065201
v -151.353027 382.263214 7.927357
v -151.474091 382.347595 7.830321
v -151.612518 382.446838 7.783598
v -151.754745 382.551178 7.791756
v -151.886871 382.650482 7.853997
v -151.995956 382.734955 7.964228
v -152.071320 382.796417 8.111663
v -149.728348 385.211548 8.260582
v -149.730789 385.199493 8.436758
v -149.702362 385.142975 8.601644
v -149.645798 385.047607 8.739103
v -149.566666 384.922699 8.835678
v -149.472733 384.780457 8.881917
v -149.373154 384.634827 8.873295
v -149.277695 384.500122 8.810653
v -149.195694 384.389435 8.700125
v -149.135178 384.313660 8.552526
v -149.102097 384.280212 8.382314
v -149.099640 384.292297 8.206138
v -149.128082 384.348785 8.041252
v -149.184647 384.444183 7.903789
v -149.263748 384.569061 7.807218
v -149.357712 384.711304 7.760975
v -149.457275 384.856934 7.769601
v -149.552750 384.991638 7.832243
v -149.634750 385.102325 7.942771
v -149.695236 385.178131 8.090365
v -146.502747 386.417542 8.803202
v -146.541748 386.391968 8.973534
v -146.571793 386.313934 9.129075
v -146.589935 386.191040 9.254601
v -146.594360 386.035278 9.337831
v -146.584671 385.862061 9.370608
v -146.561813 385.688171 9.349728
v -146.527985 385.530731 9.277237
v -146.486557 385.405090 9.160226
v -146.441544 385.323608 9.010155
v -146.397369 385.294189 8.841712
v -146.358337 385.319794 8.671380
v -146.328293 385.397858 8.515839
v -146.310181 385.520752 8.390308
v -146.305725 385.676453 8.307083
v -146.315430 385.849731 8.274305
v -146.338303 386.023560 8.295182
v -146.372101 386.181030 8.367673
v -146.413544 386.306671 8.484684
v -146.458557 386.388184 8.634755
v -143.102829 385.791168 9.638889
v -143.151978 385.767456 9.806851
v -143.219818 385.696228 9.953545
v -143.299744 385.584625 10.064609
v -143.383911 385.443390 10.129168
v -143.464096 385.286469 10.140914
v -143.532440 385.129211 10.098684
v -143.582260 384.986969 10.006619
v -143.608658 384.873688 9.873729
v -143.609070 384.800446 9.713023
v -143.583466 384.774445 9.540234
v -143.534332 384.798157 9.372268
v -143.466476 384.869354 9.225574
v -143.386551 384.981018 9.114514
v -143.302383 385.122223 9.049947
v -143.222198 385.279144 9.038209
v -143.153854 385.436401 9.080439
v -143.104050 385.578644 9.172503
v -143.077637 385.691925 9.305394
v -143.077209 385.765167 9.466096
v -140.451874 383.662292 10.063025
v -140.496964 383.635406 10.231650
v -140.578629 383.574890 10.376088
v -140.688843 383.486664 10.482190
v -140.816833 383.379364 10.539580
v -140.950073 383.263489 10.542641
v -141.075500 383.150360 10.491071
v -141.180862 383.051086 10.389911
v -141.255829 382.975372 10.249073
v -141.293091 382.930603 10.082337
v -141.288956 382.921204 9.906031
v -141.243851 382.948059 9.737410
v -141.162201 383.008606 9.592976
v -141.051987 383.096802 9.486869
v -140.923996 383.204132 9.429479
v -140.790756 383.320007 9.426418
v -140.665314 383.433136 9.477993
v -140.559952 383.532410 9.579149
v -140.485001 383.608124 9.719986
v -140.447739 383.652893 9.886722
v -138.600510 381.036682 10.125837
v -138.645126 381.009155 10.294478
v -138.732605 380.956757 10.438670
v -138.854385 380.884583 10.544296
v -138.998520 380.799744 10.601015
v -139.150909 380.710541 10.603278
v -139.296646 380.625641 10.550858
v -139.421463 380.553467 10.448893
v -139.513138 380.500977 10.307361
v -139.562683 380.473358 10.140113
v -139.565292 380.473328 9.963528
v -139.520660 380.500854 9.794883
v -139.433182 380.553253 9.650695
v -139.311417 380.625397 9.545069
v -139.167282 380.710266 9.488346
v -139.014877 380.799469 9.486087
v -138.869156 380.884338 9.538504
v -138.744339 380.956543 9.640469
v -138.652664 381.009033 9.782001
v -138.603104 381.036621 9.949245
v -137.190201 378.245361 10.060289
v -137.235825 378.219757 10.228974
v -137.327194 378.175018 10.373325
v -137.455383 378.115479 10.479221
v -137.607834 378.046967 10.536289
v -137.769623 377.976196 10.538945
v -137.924911 377.910126 10.486926
v -138.058517 377.855164 10.385329
v -138.157333 377.816742 10.244095
v -138.211716 377.798584 10.077049
v -138.216324 377.802521 9.900549
v -138.170700 377.828094 9.731864
v -138.079330 377.872833 9.587509
v -137.951141 377.932373 9.481613
v -137.798691 378.000885 9.424549
v -137.636902 378.071655 9.421893
v -137.481613 378.137726 9.473908
v -137.348007 378.192657 9.575509
v -137.249191 378.231110 9.716739
v -137.194809 378.249268 9.883784
v -136.087860 375.337585 9.954632
v -136.135056 375.316132 10.123460
v -136.229736 375.280121 10.268120
v -136.362671 375.233063 10.374449
v -136.520828 375.179596 10.432045
v -136.688736 375.124939 10.435265
v -136.849945 375.074432 10.383789
v -136.988678 375.033020 10.282665
v -137.091385 375.004761 10.141788
v -137.147964 374.992462 9.974945
v -137.152924 374.997284 9.798475
v -137.105728 375.018707 9.629647
v -137.011032 375.054718 9.484983
v -136.878098 375.101746 9.378654
v -136.719955 375.155243 9.321062
v -136.552048 375.209930 9.317846
v -136.390823 375.260406 9.369314
v -136.252090 375.301788 9.470443
v -136.149399 375.330017 9.611320
v -136.092819 375.342377 9.778158
v -135.295578 372.474701 9.859180
v -135.344162 372.458282 10.028178
v -135.441360 372.431244 10.173141
v -135.577652 372.396332 10.279870
v -135.739700 372.356812 10.337931
v -135.911636 372.316681 10.341631
v -136.076645 372.279816 10.290608
v -136.218552 372.249786 10.189865
v -136.323502 372.229614 10.049253
v -136.381195 372.221252 9.882545
v -136.385971 372.225464 9.706053
v -136.337402 372.241913 9.537058
v -136.240204 372.268921 9.392100
v -136.103897 372.303894 9.285367
v -135.941849 372.343353 9.227310
v -135.769913 372.383514 9.223610
v -135.604904 372.420380 9.274629
v -135.462997 372.450378 9.375372
v -135.358047 372.470581 9.515983
v -135.300369 372.478943 9.682691
v -134.719406 369.583527 9.780271
v -134.768753 369.570892 9.949372
v -134.867279 369.550476 10.094513
v -135.005341 369.524231 10.201480
v -135.169403 369.494659 10.259811
v -135.343399 369.464783 10.263793
v -135.510330 369.437439 10.213036
v -135.653839 369.415283 10.112503
v -135.759888 369.400543 9.972047
v -135.818069 369.394684 9.805403
v -135.822708 369.398193 9.628893
v -135.773346 369.410797 9.459792
v -135.674835 369.431244 9.314655
v -135.536789 369.457520 9.207684
v -135.372726 369.487030 9.149353
v -135.198715 369.516937 9.145370
v -135.031784 369.544312 9.196132
v -134.888275 369.566467 9.296660
v -134.782242 369.581146 9.437120
v -134.724060 369.587036 9.603762
v -134.279221 366.709442 9.716525
v -134.328934 366.699127 9.885678
v -134.428024 366.682465 10.030902
v -134.566849 366.661041 10.137980
v -134.731750 366.636932 10.196431
v -134.906601 366.612610 10.200536
v -135.074326 366.590332 10.149890
v -135.218475 366.572357 10.049452
v -135.324951 366.560364 9.909052
v -135.383301 366.555603 9.742439
v -135.387863 366.558533 9.565918
v -135.338135 366.568817 9.396761
v -135.239044 366.585480 9.251541
v -135.100250 366.606934 9.144462
v -134.935333 366.631012 9.086008
v -134.760468 366.655365 9.081907
v -134.592743 366.677643 9.132549
v -134.448608 366.695618 9.232986
v -134.342148 366.707611 9.373387
v -134.283768 366.712372 9.540000
v -133.902008 363.817474 9.663203
v -133.951889 363.808411 9.832376
v -134.051239 363.793610 9.977636
v -134.190338 363.774506 10.084755
v -134.355591 363.752991 10.143256
v -134.530777 363.731140 10.147408
v -134.698792 363.711182 10.096807
v -134.843185 363.694946 9.996401
v -134.949799 363.684082 9.856020
v -135.008194 363.679657 9.689411
v -135.012695 363.682068 9.512878
v -134.962814 363.691162 9.343705
v -134.863464 363.705963 9.198450
v -134.724365 363.725037 9.091328
v -134.559113 363.746582 9.032825
v -134.383911 363.768372 9.028673
v -134.215897 363.788391 9.079275
v -134.071518 363.804626 9.179681
v -133.964905 363.815491 9.320062
v -133.906509 363.819916 9.486670
v -133.553864 360.943695 9.617746
v -133.603821 360.935242 9.786932
v -133.703278 360.921265 9.932203
v -133.842484 360.903076 10.039337
v -134.007843 360.882477 10.097855
v -134.183151 360.861511 10.102019
v -134.351257 360.842224 10.051425
v -134.495682 360.826508 9.951031
v -134.602325 360.815857 9.810655
v -134.660721 360.811371 9.644046
v -134.665161 360.813446 9.467505
v -134.615219 360.821899 9.298324
v -134.515778 360.835938 9.153049
v -134.376556 360.854095 9.045914
v -134.211197 360.874664 8.987400
v -134.035889 360.895630 8.983236
v -133.867798 360.914917 9.033826
v -133.723358 360.930664 9.134224
v -133.616714 360.941284 9.274597
v -133.558319 360.945770 9.441206
v -156.749237 359.641937 9.330090
v -156.601318 359.625305 9.235063
v -156.489700 359.613647 9.098695
v -156.425323 359.608124 8.934329
v -156.414520 359.609222 8.758059
v -156.458298 359.616913 8.587138
v -156.552383 359.630371 8.438294
v -156.687592 359.648315 8.326102
v -156.850677 359.669006 8.261543
v -157.025665 359.690369 8.250932
v -157.195419 359.710327 8.295313
v -157.343353 359.726990 8.390341
v -157.454956 359.738647 8.526708
v -157.519333 359.744202 8.691073
v -157.530167 359.743073 8.867345
v -157.486389 359.735382 9.038268
v -157.392288 359.721924 9.187109
v -157.257080 359.703949 9.299300
v -157.093994 359.683319 9.363864
v -156.919006 359.661926 9.374471
v -156.377365 362.545227 9.372312
v -156.229675 362.526642 9.277257
v -156.118240 362.513611 9.140865
v -156.053955 362.507446 8.976492
v -156.043121 362.508667 8.800220
v -156.086792 362.517212 8.629313
v -156.180679 362.532227 8.480493
v -156.315643 362.552246 8.368332
v -156.478409 362.575256 8.303804
v -156.653076 362.599091 8.293229
v -156.822556 362.621368 8.337646
v -156.970230 362.639893 8.432701
v -157.081665 362.652924 8.569092
v -157.145950 362.659119 8.733466
v -157.156784 362.657867 8.909733
v -157.113113 362.649353 9.080645
v -157.019226 362.634369 9.229465
v -156.884277 362.614349 9.341625
v -156.721497 362.591309 9.406153
v -156.546829 362.567474 9.416728
v -155.960846 365.431519 9.418884
v -155.813538 365.410461 9.323793
v -155.702347 365.395660 9.187370
v -155.638199 365.388550 9.022981
v -155.627350 365.389893 8.846714
v -155.670868 365.399475 8.675822
v -155.764481 365.416443 8.527037
v -155.899048 365.439087 8.414913
v -156.061371 365.465179 8.350437
v -156.235580 365.492188 8.339917
v -156.404617 365.517456 8.384377
v -156.551926 365.538544 8.479476
v -156.663116 365.553375 8.615895
v -156.727264 365.560455 8.780281
v -156.738129 365.559113 8.956548
v -156.694595 365.549530 9.127443
v -156.600983 365.532562 9.276233
v -156.466415 365.509949 9.388349
v -156.304092 365.483826 9.452825
v -156.129883 365.456818 9.463348
v -155.483795 368.303925 9.470284
v -155.337051 368.279358 9.375126
v -155.226303 368.262054 9.238663
v -155.162354 368.253662 9.074249
v -155.151489 368.255035 8.897983
v -155.194778 368.266022 8.727115
v -155.287979 368.285553 8.578373
v -155.421951 368.311707 8.466316
v -155.583572 368.341949 8.401916
v -155.757065 368.373322 8.391472
v -155.925415 368.402740 8.436004
v -156.072159 368.427277 8.531166
v -156.182907 368.444611 8.667628
v -156.246857 368.453003 8.832042
v -156.257706 368.451630 9.008308
v -156.214432 368.440643 9.179177
v -156.121231 368.421112 9.327918
v -155.987259 368.394928 9.439975
v -155.825638 368.364685 9.504375
v -155.652145 368.333344 9.514820
v -154.918900 371.169525 9.526785
v -154.773193 371.139801 9.431527
v -154.663193 371.118713 9.294990
v -154.599655 371.108276 9.130536
v -154.588821 371.109528 8.954266
v -154.631729 371.122406 8.783437
v -154.724197 371.145538 8.634764
v -154.857162 371.176758 8.522805
v -155.017639 371.212952 8.458520
v -155.189880 371.250610 8.448203
v -155.357025 371.286011 8.492854
v -155.502731 371.315735 8.588115
v -155.612747 371.336823 8.724653
v -155.676270 371.347229 8.889107
v -155.687119 371.346008 9.065373
v -155.644196 371.333130 9.236206
v -155.551743 371.309998 9.384875
v -155.418762 371.278778 9.496833
v -155.258316 371.242554 9.561119
v -155.086075 371.204926 9.571440
v -154.232391 373.976624 9.586044
v -154.088684 373.938843 9.490617
v -153.980164 373.911713 9.353951
v -153.917480 373.897858 9.189426
v -153.906754 373.898621 9.013148
v -153.949051 373.914001 8.842371
v -154.040222 373.942383 8.693809
v -154.171341 373.981079 8.582009
v -154.329575 374.026306 8.517915
v -154.499435 374.073578 8.507792
v -154.664307 374.118286 8.552642
v -154.808014 374.156067 8.648073
v -154.916534 374.183197 8.784735
v -154.979233 374.197083 8.949260
v -154.989944 374.196289 9.125538
v -154.947647 374.180939 9.296319
v -154.856461 374.152496 9.444878
v -154.725357 374.113800 9.556677
v -154.567123 374.068604 9.620775
v -154.397247 374.021332 9.630894
v -153.350327 376.706482 9.640437
v -153.211014 376.655212 9.544751
v -153.105911 376.617676 9.407884
v -153.045303 376.597443 9.243240
v -153.035141 376.596558 9.066930
v -153.076385 376.615082 8.896213
v -153.165039 376.651184 8.747801
v -153.292404 376.701385 8.636216
v -153.446014 376.760712 8.572392
v -153.610825 376.823364 8.562566
v -153.770721 376.883270 8.607706
v -153.910034 376.934479 8.703387
v -154.015137 376.972076 8.840255
v -154.075760 376.992279 9.004899
v -154.085922 376.993164 9.181213
v -154.044662 376.974670 9.351931
v -153.956009 376.938538 9.500342
v -153.828644 376.888336 9.611923
v -153.675034 376.829041 9.675752
v -153.510223 376.766327 9.685576
v -152.173950 379.313934 9.657991
v -152.042862 379.244385 9.562234
v -151.944611 379.191589 9.425315
v -151.888779 379.160736 9.260624
v -151.880859 379.154846 9.084297
v -151.921600 379.174500 8.913584
v -152.007050 379.217743 8.765196
v -152.128815 379.280365 8.653663
v -152.274979 379.356262 8.589901
v -152.431259 379.437958 8.580148
v -152.582321 379.517456 8.625362
v -152.713394 379.587036 8.721116
v -152.811676 379.639832 8.858040
v -152.867493 379.670685 9.022727
v -152.875412 379.676575 9.199058
v -152.834656 379.656921 9.369771
v -152.749222 379.613678 9.518154
v -152.627441 379.551025 9.629691
v -152.481277 379.475128 9.693453
v -152.325012 379.393463 9.703206
v -150.651184 381.820953 9.582892
v -150.533096 381.730499 9.487671
v -150.445480 381.660614 9.351189
v -150.396942 381.618011 9.186803
v -150.392212 381.607025 9.010603
v -150.431747 381.628632 8.839838
v -150.511703 381.680695 8.691228
v -150.624222 381.758209 8.579314
v -150.758301 381.853516 8.515053
v -150.900833 381.957275 8.504735
v -151.037827 382.059387 8.549371
v -151.155914 382.149811 8.644592
v -151.243530 382.219727 8.781075
v -151.292068 382.262299 8.945460
v -151.296799 382.273315 9.121660
v -151.257263 382.251709 9.292425
v -151.177307 382.199585 9.441035
v -151.064789 382.122131 9.552949
v -150.930710 382.026825 9.617210
v -150.788177 381.923065 9.627528
v -148.785110 383.709656 9.556018
v -148.697662 383.589600 9.460466
v -148.629196 383.501190 9.323773
v -148.586472 383.453003 9.159325
v -148.573624 383.449829 8.983209
v -148.591934 383.491974 8.812681
v -148.639618 383.575256 8.664421
v -148.711975 383.691528 8.552943
v -148.801941 383.829498 8.489166
v -148.900726 383.975555 8.479329
v -148.998642 384.115448 8.524393
v -149.086105 384.235474 8.619945
v -149.154541 384.323944 8.756641
v -149.197281 384.372070 8.921090
v -149.210129 384.375244 9.097198
v -149.191803 384.333160 9.267734
v -149.144135 384.249878 9.415990
v -149.071777 384.133545 9.527468
v -148.981812 383.995605 9.591245
v -148.883026 383.849579 9.601086
v -146.587097 384.536926 9.934465
v -146.547791 384.399170 9.831218
v -146.503479 384.301819 9.690666
v -146.458527 384.254486 9.526570
v -146.417343 384.261749 9.354992
v -146.383911 384.322906 9.192725
v -146.361557 384.432037 9.055652
v -146.352448 384.578369 8.957195
v -146.357468 384.747589 8.906990
v -146.376144 384.923187 8.909947
v -146.406631 385.087952 8.965785
v -146.445938 385.225708 9.069034
v -146.490250 385.323059 9.209581
v -146.535187 385.370422 9.373677
v -146.576385 385.363098 9.545256
v -146.609802 385.301941 9.707525
v -146.632156 385.192841 9.844595
v -146.641266 385.046509 9.943052
v -146.636246 384.877289 9.993261
v -146.617584 384.701691 9.990299
v -144.147873 384.085297 10.545284
v -144.182495 383.960968 10.424732
v -144.191711 383.873383 10.271657
v -144.174622 383.831116 10.101039
v -144.132904 383.838287 9.929583
v -144.070633 383.894226 9.774070
v -143.993896 383.993439 9.649722
v -143.910233 384.126221 9.568716
v -143.827820 384.279541 9.538980
v -143.754715 384.438416 9.563417
v -143.698074 384.587341 9.639644
v -143.663467 384.711670 9.760196
v -143.654251 384.799286 9.913271
v -143.671341 384.841553 10.083889
v -143.713074 384.834381 10.255345
v -143.775345 384.778442 10.410862
v -143.852051 384.679230 10.535206
v -143.935730 384.546448 10.616216
v -144.018143 384.393127 10.645952
v -144.091248 384.234222 10.621515
v -142.017120 382.358765 10.884286
v -142.103210 382.274261 10.755306
v -142.153625 382.218536 10.595490
v -142.163452 382.197052 10.420465
v -142.131714 382.211945 10.247374
v -142.061508 382.261749 10.093159
v -141.959747 382.341583 9.972912
v -141.836349 382.443634 9.898409
v -141.703415 382.557892 9.876937
v -141.573944 382.673187 9.910600
v -141.460617 382.778259 9.996103
v -141.374542 382.862793 10.125083
v -141.324127 382.918488 10.284900
v -141.314301 382.939972 10.459924
v -141.346039 382.925079 10.633016
v -141.416245 382.875275 10.787230
v -141.518005 382.795441 10.907477
v -141.641403 382.693390 10.981980
v -141.774338 382.579132 11.003452
v -141.903809 382.463806 10.969790
v -140.358246 380.001007 10.939084
v -140.462158 379.941284 10.809370
v -140.526505 379.904968 10.648966
v -140.545013 379.895569 10.473584
v -140.515884 379.914093 10.300385
v -140.441910 379.958679 10.146325
v -140.330399 380.024933 10.026484
v -140.192230 380.106415 9.952591
v -140.040955 380.195160 9.931886
v -139.891342 380.282440 9.966390
v -139.758072 380.359741 10.052723
v -139.654160 380.419464 10.182438
v -139.589828 380.455811 10.342841
v -139.571304 380.465179 10.518223
v -139.600449 380.446655 10.691422
v -139.674408 380.402069 10.845482
v -139.785934 380.335815 10.965323
v -139.924088 380.254333 11.039212
v -140.075363 380.165619 11.059921
v -140.224976 380.078308 11.025417
v -139.048065 377.406433 10.877732
v -139.159744 377.361969 10.748340
v -139.229767 377.336792 10.588178
v -139.251251 377.333282 10.412915
v -139.222137 377.351807 10.239720
v -139.145218 377.390564 10.085537
v -139.028061 377.445770 9.965457
v -138.882141 377.511993 9.891243
v -138.721710 377.582794 9.870152
v -138.562500 377.651184 9.904252
v -138.420074 377.710510 9.990204
v -138.308411 377.754913 10.119596
v -138.238388 377.780182 10.279758
v -138.216888 377.783661 10.455017
v -138.246033 377.765106 10.628216
v -138.322937 377.726379 10.782399
v -138.440094 377.671173 10.902475
v -138.586014 377.604919 10.976693
v -138.746445 377.534149 10.997780
v -138.905655 377.465759 10.963684
v -138.015182 374.681580 10.778465
v -138.131210 374.648560 10.649474
v -138.204010 374.630707 10.489566
v -138.226486 374.629761 10.314399
v -138.196426 374.645813 10.141117
v -138.116745 374.677307 9.986679
v -137.995270 374.721130 9.866202
v -137.843903 374.773041 9.791485
v -137.677444 374.827881 9.769842
v -137.512177 374.880371 9.803382
v -137.364288 374.925323 9.888830
v -137.248276 374.958313 10.017821
v -137.175461 374.976166 10.177730
v -137.153000 374.977112 10.352897
v -137.183075 374.961029 10.526182
v -137.262741 374.929565 10.680620
v -137.384201 374.885712 10.801093
v -137.535583 374.833832 10.875811
v -137.702042 374.778961 10.897457
v -137.867310 374.726501 10.863914
v -137.270508 371.989746 10.688703
v -137.389114 371.966064 10.560024
v -137.463425 371.953583 10.400295
v -137.486160 371.953583 10.225156
v -137.455093 371.966064 10.051755
v -137.373260 371.989838 9.897059
v -137.248703 372.022461 9.776214
v -137.093567 372.060852 9.701047
v -136.923050 372.101227 9.678920
v -136.753876 372.139618 9.711995
v -136.602570 372.172272 9.797034
v -136.483978 372.195984 9.925720
v -136.409653 372.208466 10.085442
v -136.386917 372.208435 10.260581
v -136.417999 372.195953 10.433986
v -136.499817 372.172241 10.588681
v -136.624405 372.139587 10.709528
v -136.779526 372.101196 10.784690
v -136.950027 372.060791 10.806821
v -137.119202 372.022400 10.773746
v -136.718964 369.220551 10.613135
v -136.838852 369.203156 10.484624
v -136.913879 369.194214 10.324994
v -136.936676 369.194580 10.149866
v -136.905045 369.204254 9.976386
v -136.822067 369.222260 9.821535
v -136.695862 369.246887 9.700467
v -136.538773 369.275635 9.625039
v -136.366196 369.305725 9.602626
v -136.195023 369.334259 9.635431
v -136.042023 369.358398 9.720241
v -135.922134 369.375793 9.848752
v -135.847107 369.384705 10.008382
v -135.824295 369.384369 10.183505
v -135.855927 369.374664 10.356990
v -135.938919 369.356628 10.511840
v -136.065125 369.332092 10.632908
v -136.222198 369.303314 10.708337
v -136.394760 369.273193 10.730745
v -136.565933 369.244659 10.697944
v -136.289185 366.413544 10.550882
v -136.409561 366.399414 10.422446
v -136.484863 366.392181 10.262852
v -136.507660 366.392548 10.087729
v -136.475754 366.400452 9.914205
v -136.392258 366.415192 9.759278
v -136.265350 366.435211 9.638111
v -136.107437 366.458679 9.562564
v -135.934006 366.483215 9.540031
v -135.762009 366.506439 9.572718
v -135.608307 366.526062 9.657424
v -135.487915 366.540222 9.785860
v -135.412628 366.547455 9.945454
v -135.389832 366.547089 10.120582
v -135.421722 366.539185 10.294102
v -135.505219 366.524445 10.449027
v -135.632141 366.504425 10.570194
v -135.790039 366.480988 10.645746
v -135.963470 366.456451 10.668278
v -136.135468 366.433228 10.635592
v -135.916122 363.553162 10.498144
v -136.036697 363.540375 10.369732
v -136.112061 363.533752 10.210154
v -136.134827 363.533875 10.035019
v -136.102783 363.540802 9.861483
v -136.019073 363.553802 9.706525
v -135.891876 363.571686 9.585318
v -135.733658 363.592621 9.509723
v -135.559875 363.614563 9.487139
v -135.387558 363.635437 9.519786
v -135.233597 363.653107 9.604456
v -135.113022 363.665924 9.732868
v -135.037659 363.672546 9.892450
v -135.014877 363.672394 10.067582
v -135.046921 363.665497 10.241117
v -135.130630 363.652466 10.396075
v -135.257843 363.634613 10.517282
v -135.416077 363.613678 10.592877
v -135.589859 363.591705 10.615461
v -135.762146 363.570831 10.582814
v -135.569397 360.691040 10.452874
v -135.690018 360.678558 10.324470
v -135.765381 360.671967 10.164887
v -135.788116 360.671844 9.989752
v -135.756012 360.678253 9.816204
v -135.672195 360.690552 9.661235
v -135.544891 360.707489 9.540011
v -135.386551 360.727478 9.464404
v -135.212662 360.748566 9.441809
v -135.040268 360.768646 9.474436
v -134.886230 360.785706 9.559098
v -134.765610 360.798187 9.687506
v -134.690247 360.804840 9.847089
v -134.667511 360.804932 10.022224
v -134.699615 360.798553 10.195772
v -134.783432 360.786255 10.350738
v -134.910736 360.769287 10.471960
v -135.069077 360.749329 10.547571
v -135.242966 360.728241 10.570167
v -135.415359 360.708191 10.537536
v -156.500931 359.641937 7.147893
v -156.656387 359.661926 7.066510
v -156.829285 359.683319 7.037531
v -157.002701 359.703949 7.063803
v -157.159668 359.721924 7.142748
v -157.284790 359.735382 7.266647
v -157.365845 359.743073 7.423363
v -157.394913 359.744202 7.597562
v -157.369110 359.738647 7.772182
v -157.291000 359.726990 7.930144
v -157.168182 359.710327 8.055976
v -157.012741 359.690369 8.137362
v -156.839828 359.669006 8.166338
v -156.666412 359.648315 8.140070
v -156.509476 359.630371 8.061120
v -156.384323 359.616913 7.937222
v -156.303268 359.609222 7.780509
v -156.274231 359.608124 7.606311
v -156.300018 359.613647 7.431687
v -156.378143 359.625305 7.273725
v -156.129074 362.544952 7.190111
v -156.284241 362.567261 7.108756
v -156.456833 362.591064 7.079816
v -156.629929 362.614105 7.106123
v -156.786621 362.634155 7.185101
v -156.911560 362.649170 7.309020
v -156.992508 362.657745 7.465752
v -157.021545 362.658997 7.639950
v -156.995819 362.652832 7.814562
v -156.917877 362.639862 7.972505
v -156.795319 362.621338 8.098309
v -156.640152 362.599091 8.179660
v -156.467575 362.575256 8.208603
v -156.294464 362.552216 8.182296
v -156.137772 362.532166 8.103318
v -156.012848 362.517151 7.979400
v -155.931900 362.508575 7.822672
v -155.902863 362.507294 7.648473
v -155.928574 362.513458 7.473854
v -156.006531 362.526459 7.315915
v -155.712708 365.430359 7.236671
v -155.867447 365.455597 7.155364
v -156.039551 365.482605 7.126476
v -156.212219 365.508789 7.152835
v -156.368515 365.531494 7.231853
v -156.493149 365.548584 7.355806
v -156.573929 365.558380 7.512558
v -156.602921 365.559875 7.686757
v -156.577316 365.552979 7.861361
v -156.499603 365.538330 8.019276
v -156.377411 365.517365 8.145041
v -156.222672 365.492126 8.226344
v -156.050537 365.465118 8.255236
v -155.877884 365.438965 8.228880
v -155.721588 365.416229 8.149856
v -155.596954 365.399109 8.025906
v -155.516190 365.389374 7.869157
v -155.487198 365.387848 7.694954
v -155.512787 365.394775 7.520351
v -155.590500 365.409424 7.362436
v -155.236023 368.300507 7.288028
v -155.390091 368.329681 7.206791
v -155.561508 368.360992 7.177983
v -155.733459 368.391418 7.204413
v -155.889114 368.417877 7.283502
v -156.013275 368.437866 7.407504
v -156.093765 368.449341 7.564288
v -156.122696 368.451294 7.738494
v -156.097244 368.443420 7.913082
v -156.019913 368.426544 8.070957
v -155.898239 368.402313 8.196662
v -155.744171 368.373138 8.277899
v -155.572784 368.341827 8.306710
v -155.400833 368.311432 8.280276
v -155.245148 368.284943 8.201192
v -155.120987 368.264954 8.077186
v -155.040512 368.253479 7.920406
v -155.011566 368.251526 7.746196
v -155.037033 368.259399 7.571608
v -155.114365 368.276276 7.413736
v -154.672195 371.160797 7.344425
v -154.825134 371.195709 7.263300
v -154.995300 371.233276 7.234612
v -155.166031 371.269836 7.261168
v -155.320602 371.301788 7.340364
v -155.443909 371.326050 7.464453
v -155.523865 371.340179 7.621284
v -155.552658 371.342896 7.795511
v -155.527451 371.333801 7.970071
v -155.450714 371.313873 8.127887
v -155.329971 371.285065 8.253500
v -155.177032 371.250153 8.334625
v -155.006866 371.212555 8.363311
v -154.836136 371.175995 8.336758
v -154.681564 371.144012 8.257562
v -154.558243 371.119781 8.133476
v -154.478302 371.105621 7.976641
v -154.449509 371.102997 7.802419
v -154.474731 371.112030 7.627854
v -154.551453 371.131958 7.470043
v -153.988708 373.955627 7.403431
v -154.139526 373.999146 7.322485
v -154.307343 374.046234 7.293998
v -154.475708 374.092316 7.320750
v -154.628174 374.132843 7.400128
v -154.749817 374.163879 7.524356
v -154.828690 374.182404 7.681279
v -154.857101 374.186523 7.855533
v -154.832291 374.175964 8.030066
v -154.756638 374.151642 8.187786
v -154.637573 374.115967 8.313260
v -154.486755 374.072449 8.394203
v -154.318939 374.025391 8.422693
v -154.150558 373.979309 8.395942
v -153.998108 373.938782 8.316564
v -153.876480 373.907745 8.192335
v -153.797592 373.889221 8.035409
v -153.769180 373.885071 7.861155
v -153.794006 373.895630 7.686622
v -153.869644 373.919952 7.528902
v -153.116745 376.654572 7.457229
v -153.263184 376.711456 7.376544
v -153.426041 376.773743 7.348340
v -153.589371 376.835205 7.375389
v -153.737183 376.889923 7.455037
v -153.855042 376.932556 7.579488
v -153.931351 376.958862 7.736561
v -153.958694 376.966278 7.910875
v -153.934387 376.954163 8.085380
v -153.860779 376.923553 8.242981
v -153.745102 376.877594 8.368257
v -153.598679 376.820709 8.448945
v -153.435822 376.758423 8.477146
v -153.272491 376.696991 8.450096
v -153.124664 376.642212 8.370448
v -153.006821 376.599640 8.246001
v -152.930496 376.573303 8.088928
v -152.903152 376.565887 7.914607
v -152.927475 376.578033 7.740106
v -153.001068 376.608582 7.582505
v -151.973846 379.187561 7.474501
v -152.113388 379.259827 7.393872
v -152.267960 379.340454 7.365743
v -152.422470 379.421600 7.392864
v -152.561752 379.495300 7.472583
v -152.672211 379.554352 7.597097
v -152.742996 379.592957 7.754218
v -152.767212 379.607361 7.928560
v -152.742477 379.596130 8.103065
v -152.671204 379.560364 8.260646
v -152.560379 379.503632 8.385882
v -152.420837 379.431366 8.466511
v -152.266251 379.350739 8.494640
v -152.111771 379.269592 8.467520
v -151.972458 379.195892 8.387799
v -151.862000 379.136841 8.263286
v -151.791214 379.098236 8.106169
v -151.766998 379.083832 7.931823
v -151.791748 379.095062 7.757318
v -151.863007 379.130798 7.599733
v -150.499634 381.616577 7.401399
v -150.627899 381.706909 7.320305
v -150.769165 381.808990 7.291628
v -150.909546 381.912781 7.318170
v -151.035339 382.008148 7.397337
v -151.134232 382.085815 7.521375
v -151.196518 382.138062 7.678143
v -151.216125 382.159882 7.852298
v -151.191132 382.149078 8.026791
v -151.123962 382.106750 8.184543
v -151.021210 382.036957 8.310108
v -150.892929 381.946655 8.391202
v -150.751694 381.844574 8.419879
v -150.611298 381.740784 8.393337
v -150.485504 381.645386 8.314178
v -150.386627 381.567749 8.190140
v -150.324326 381.515472 8.033368
v -150.304718 381.493652 7.859213
v -150.329727 381.504456 7.684721
v -150.396881 381.546844 7.526968
v -148.561356 383.575073 7.375318
v -148.646362 383.707275 7.294701
v -148.743256 383.852203 7.266508
v -148.842545 383.995758 7.293498
v -148.934509 384.123779 7.373031
v -149.010147 384.223938 7.497323
v -149.062057 384.286224 7.654205
v -149.085144 384.304657 7.828321
v -149.077179 384.277405 8.002630
v -149.038910 384.207123 8.160066
v -148.974091 384.100708 8.285218
v -148.889069 383.968567 8.365835
v -148.792175 383.823578 8.394028
v -148.692886 383.680084 8.367038
v -148.600937 383.552002 8.287505
v -148.525284 383.451904 8.163214
v -148.473404 383.389557 8.006330
v -148.450302 383.371124 7.832215
v -148.458267 383.398407 7.657905
v -148.496536 383.468689 7.500471
v -146.063309 384.512939 7.801696
v -146.063614 384.676300 7.734612
v -146.077850 384.851746 7.719622
v -146.104691 385.021973 7.758188
v -146.141449 385.170410 7.846542
v -146.184555 385.282471 7.976030
v -146.229782 385.347260 8.133981
v -146.272705 385.358368 8.304928
v -146.309128 385.314758 8.472144
v -146.335480 385.220673 8.619258
v -146.349182 385.085327 8.731866
v -146.348877 384.921936 8.798954
v -146.334610 384.746521 8.813944
v -146.307800 384.576294 8.775374
v -146.271042 384.427887 8.687020
v -146.227921 384.315796 8.557532
v -146.182709 384.251007 8.399582
v -146.139771 384.239899 8.228630
v -146.103348 384.283508 8.061419
v -146.077011 384.377594 7.914305
v -143.677292 384.071045 8.400063
v -143.593552 384.219086 8.352652
v -143.516479 384.377899 8.359039
v -143.453659 384.531830 8.418589
v -143.411194 384.665833 8.525485
v -143.393295 384.766815 8.669256
v -143.401672 384.824890 8.835833
v -143.435516 384.834381 9.008904
v -143.491547 384.794312 9.171532
v -143.564224 384.708649 9.307799
v -143.646469 384.585785 9.404363
v -143.730209 384.437683 9.451773
v -143.807297 384.278931 9.445386
v -143.870117 384.124969 9.385836
v -143.912567 383.990967 9.278940
v -143.930481 383.889954 9.135169
v -143.922089 383.831879 8.968592
v -143.888245 383.822449 8.795521
v -143.832214 383.862488 8.632894
v -143.759537 383.948151 8.496625
v -141.707199 382.468719 8.712764
v -141.576035 382.580109 8.673119
v -141.443954 382.696350 8.688505
v -141.323914 382.806030 8.757423
v -141.227661 382.898468 8.873120
v -141.164627 382.964539 9.024279
v -141.140961 382.997833 9.196096
v -141.158997 382.995056 9.371759
v -141.216965 382.956512 9.534069
v -141.309189 382.885986 9.667137
v -141.426620 382.790283 9.757940
v -141.557816 382.678925 9.797586
v -141.689880 382.562683 9.782200
v -141.809921 382.453003 9.713282
v -141.906174 382.360565 9.597584
v -141.969208 382.294495 9.446429
v -141.992859 382.261200 9.274609
v -141.974838 382.263977 9.098946
v -141.916870 382.302490 8.936636
v -141.824661 382.373047 8.803567
v -140.093643 380.174072 8.765680
v -139.945129 380.261322 8.726753
v -139.793289 380.350067 8.742962
v -139.653030 380.431580 8.812721
v -139.538025 380.497894 8.929200
v -139.459595 380.542542 9.080998
v -139.425369 380.561157 9.253256
v -139.438705 380.551880 9.429113
v -139.498337 380.515625 9.591352
v -139.598373 380.455933 9.724095
v -139.729050 380.378723 9.814346
v -139.877579 380.291473 9.853273
v -140.029419 380.202698 9.837065
v -140.169693 380.121185 9.767309
v -140.284668 380.054840 9.650826
v -140.363113 380.010193 9.499032
v -140.397339 379.991577 9.326771
v -140.383987 380.000885 9.150917
v -140.324387 380.037140 8.988674
v -140.224335 380.096802 8.855931
v -138.789902 377.592102 8.704595
v -138.632599 377.662109 8.665302
v -138.471207 377.732086 8.681109
v -138.321533 377.795135 8.750472
v -138.198227 377.845123 8.866602
v -138.113327 377.877106 9.018134
v -138.075195 377.887939 9.190228
v -138.087509 377.876709 9.366039
v -138.149124 377.844360 9.528364
v -138.253952 377.794067 9.661310
v -138.391769 377.730835 9.751859
v -138.549057 377.660828 9.791155
v -138.710449 377.590881 9.775344
v -138.860123 377.527832 9.705981
v -138.983444 377.477875 9.589851
v -139.068329 377.445862 9.438324
v -139.106476 377.434998 9.266229
v -139.094131 377.446259 9.090414
v -139.032547 377.478638 8.928093
v -138.927704 377.528870 8.795147
v -137.749283 374.846863 8.604621
v -137.586075 374.901337 8.564781
v -137.418564 374.955200 8.580029
v -137.263184 375.003174 8.648864
v -137.135086 375.040588 8.764557
v -137.046860 375.063782 8.915779
v -137.007111 375.070435 9.087723
v -137.019745 375.059937 9.263565
v -137.083527 375.033325 9.426089
v -137.192200 374.993164 9.559387
v -137.335129 374.943451 9.650410
v -137.498337 374.888977 9.690246
v -137.665833 374.835114 9.675001
v -137.821243 374.787140 9.606163
v -137.949326 374.749725 9.490470
v -138.037552 374.726532 9.339252
v -138.077301 374.719879 9.167308
v -138.064667 374.730377 8.991462
v -138.000900 374.756989 8.828938
v -137.892212 374.797119 8.695642
v -136.994797 372.119812 8.513687
v -136.827606 372.159973 8.473371
v -136.656097 372.199432 8.488142
v -136.497070 372.234436 8.556548
v -136.366104 372.261383 8.671892
v -136.275970 372.277802 8.822887
v -136.235550 372.282013 8.994752
v -136.248764 372.273651 9.170666
v -136.314331 372.253448 9.333400
v -136.425827 372.223419 9.467032
v -136.572342 372.186523 9.558487
v -136.739532 372.146393 9.598799
v -136.911041 372.106903 9.584032
v -137.070053 372.071960 9.515626
v -137.201035 372.044952 9.400282
v -137.291153 372.028564 9.249286
v -137.331589 372.024323 9.077421
v -137.318375 372.032715 8.901512
v -137.252808 372.052917 8.738773
v -137.141312 372.082947 8.605137
v -136.437500 369.322083 8.437334
v -136.268250 369.352051 8.396744
v -136.094696 369.381439 8.411237
v -135.933853 369.407318 8.479389
v -135.801437 369.427185 8.594542
v -135.710403 369.439087 8.745411
v -135.669678 369.441864 8.917240
v -135.683258 369.435211 9.093197
v -135.749786 369.419830 9.256066
v -135.862762 369.397186 9.389901
v -136.011154 369.369537 9.481606
v -136.180389 369.339508 9.522196
v -136.353928 369.310181 9.507706
v -136.514771 369.284302 9.439550
v -136.647202 369.264404 9.324401
v -136.738220 369.252502 9.173528
v -136.778961 369.249756 9.001703
v -136.765381 369.256378 8.825742
v -136.698853 369.271759 8.662872
v -136.585861 369.294403 8.529034
v -136.004868 366.496796 8.374676
v -135.834763 366.521210 8.333962
v -135.660370 366.545166 8.348332
v -135.498764 366.566223 8.416378
v -135.365784 366.582367 8.531447
v -135.274399 366.592041 8.682269
v -135.233597 366.594238 8.854082
v -135.247345 366.588806 9.030066
v -135.314316 366.576263 9.193000
v -135.427948 366.557770 9.326925
v -135.577118 366.535217 9.418745
v -135.747208 366.510773 9.459462
v -135.921616 366.486816 9.445092
v -136.083206 366.465759 9.377039
v -136.216202 366.449615 9.261973
v -136.307571 366.439941 9.111152
v -136.348389 366.437714 8.939339
v -136.334625 366.443176 8.763354
v -136.267654 366.455750 8.600421
v -136.154022 366.474213 8.466492
v -135.630386 363.625580 8.321739
v -135.459946 363.647430 8.280975
v -135.285233 363.668915 8.295301
v -135.123352 363.687866 8.363307
v -134.990158 363.702423 8.478349
v -134.898666 363.711243 8.629154
v -134.857849 363.713379 8.800963
v -134.871704 363.708679 8.976964
v -134.938873 363.697571 9.139925
v -135.052765 363.681152 9.273890
v -135.202255 363.661072 9.365753
v -135.372696 363.639191 9.406514
v -135.547409 363.617706 9.392192
v -135.709290 363.598785 9.324183
v -135.842484 363.584167 9.209141
v -135.933975 363.575409 9.058339
v -135.974792 363.573212 8.886526
v -135.960938 363.577942 8.710526
v -135.893768 363.589020 8.547565
v -135.779877 363.605438 8.413603
v -135.282928 360.757416 8.276374
v -135.112381 360.778351 8.235593
v -134.937561 360.798981 8.249904
v -134.775604 360.817291 8.317905
v -134.642349 360.831482 8.432936
v -134.550858 360.840149 8.583740
v -134.510056 360.842468 8.755553
v -134.523956 360.838226 8.931562
v -134.591202 360.827789 9.094531
v -134.705215 360.812195 9.228513
v -134.854797 360.792999 9.320388
v -135.025360 360.772064 9.361164
v -135.200165 360.751465 9.346853
v -135.362137 360.733154 9.278852
v -135.495392 360.718964 9.163822
v -135.586884 360.710297 9.013017
v -135.627670 360.707977 8.841204
v -135.613785 360.712189 8.665199
v -135.546539 360.722656 8.502227
v -135.432526 360.738220 8.368249
vt 0.073595 0.325217
vt 0.074818 0.325221
vt 0.076041 0.325227
vt 0.077264 0.325236
vt 0.078486 0.325246
vt 0.079708 0.325257
vt 0.080930 0.325268
vt 0.082152 0.325278
vt 0.083373 0.325286
vt 0.084593 0.325291
vt 0.085814 0.325293
vt 0.087035 0.325292
vt 0.088256 0.325289
vt 0.089476 0.325282
vt 0.090698 0.325274
vt 0.091919 0.325264
vt 0.093141 0.325255
vt 0.094363 0.325246
vt 0.095586 0.325238
vt 0.096809 0.325233
vt 0.098032 0.325231
vt 0.073569 0.345649
vt 0.074793 0.345651
vt 0.076016 0.345653
vt 0.077239 0.345655
vt 0.078463 0.345658
vt 0.079686 0.345662
vt 0.080909 0.345664
vt 0.082133 0.345667
vt 0.083357 0.345669
vt 0.084580 0.345671
vt 0.085804 0.345672
vt 0.087028 0.345672
vt 0.088251 0.345672
vt 0.089475 0.345670
vt 0.090698 0.345669
vt 0.091921 0.345668
vt 0.093145 0.345666
vt 0.094368 0.345664
vt 0.095591 0.345662
vt 0.096814 0.345660
vt 0.098037 0.345660
vt 0.073565 0.366016
vt 0.074788 0.366018
vt 0.076012 0.366020
vt 0.077235 0.366022
vt 0.078458 0.366025
vt 0.079681 0.366028
vt 0.080904 0.366031
vt 0.082127 0.366034
vt 0.083350 0.366035
vt 0.084573 0.366038
vt 0.085796 0.366039
vt 0.087019 0.366039
vt 0.088242 0.366038
vt 0.089465 0.366037
vt 0.090688 0.366035
vt 0.091911 0.366034
vt 0.093133 0.366031
vt 0.094357 0.366029
vt 0.095580 0.366028
vt 0.096803 0.366026
vt 0.098026 0.366025
vt 0.073562 0.386403
vt 0.074785 0.386405
vt 0.076008 0.386408
vt 0.077231 0.386411
vt 0.078454 0.386415
vt 0.079677 0.386419
vt 0.080900 0.386424
vt 0.082122 0.386428
vt 0.083345 0.386432
vt 0.084568 0.386434
vt 0.085790 0.386436
vt 0.087013 0.386436
vt 0.088235 0.386435
vt 0.089458 0.386433
vt 0.090680 0.386430
vt 0.091902 0.386426
vt 0.093125 0.386422
vt 0.094348 0.386418
vt 0.095570 0.386415
vt 0.096793 0.386412
vt 0.098017 0.386410
vt 0.073561 0.406940
vt 0.074784 0.406943
vt 0.076007 0.406947
vt 0.077230 0.406952
vt 0.078453 0.406959
vt 0.079676 0.406966
vt 0.080898 0.406973
vt 0.082121 0.406980
vt 0.083343 0.406986
vt 0.084565 0.406990
vt 0.085787 0.406992
vt 0.087009 0.406993
vt 0.088231 0.406991
vt 0.089453 0.406987
vt 0.090675 0.406982
vt 0.091896 0.406976
vt 0.093118 0.406969
vt 0.094341 0.406962
vt 0.095563 0.406956
vt 0.096786 0.406950
vt 0.098009 0.406946
vt 0.073562 0.427411
vt 0.074785 0.427413
vt 0.076009 0.427419
vt 0.077232 0.427427
vt 0.078454 0.427437
vt 0.079677 0.427449
vt 0.080899 0.427461
vt 0.082121 0.427472
vt 0.083343 0.427482
vt 0.084566 0.427490
vt 0.085788 0.427495
vt 0.087011 0.427496
vt 0.088233 0.427494
vt 0.089454 0.427488
vt 0.090676 0.427479
vt 0.091897 0.427468
vt 0.093118 0.427456
vt 0.094340 0.427444
vt 0.095561 0.427433
vt 0.096784 0.427424
vt 0.098007 0.427416
vt 0.073572 0.448005
vt 0.074795 0.448005
vt 0.076018 0.448006
vt 0.077241 0.448011
vt 0.078462 0.448018
vt 0.079683 0.448028
vt 0.080904 0.448039
vt 0.082125 0.448050
vt 0.083347 0.448062
vt 0.084570 0.448072
vt 0.085793 0.448079
vt 0.087016 0.448084
vt 0.088239 0.448085
vt 0.089462 0.448082
vt 0.090683 0.448076
vt 0.091904 0.448066
vt 0.093124 0.448054
vt 0.094344 0.448041
vt 0.095565 0.448028
vt 0.096787 0.448016
vt 0.098010 0.448006
vt 0.073653 0.468579
vt 0.074876 0.468587
vt 0.076096 0.468596
vt 0.077314 0.468607
vt 0.078529 0.468619
vt 0.079741 0.468631
vt 0.080951 0.468642
vt 0.082160 0.468652
vt 0.083369 0.468659
vt 0.084581 0.468665
vt 0.085794 0.468666
vt 0.087008 0.468664
vt 0.088223 0.468659
vt 0.089438 0.468650
vt 0.090654 0.468638
vt 0.091870 0.468623
vt 0.093087 0.468609
vt 0.094305 0.468593
vt 0.095525 0.468578
vt 0.096746 0.468565
vt 0.097968 0.468553
vt 0.073700 0.489714
vt 0.074922 0.489758
vt 0.076139 0.489813
vt 0.077352 0.489877
vt 0.078560 0.489944
vt 0.079765 0.490008
vt 0.080969 0.490064
vt 0.082174 0.490105
vt 0.083383 0.490128
vt 0.084596 0.490132
vt 0.085811 0.490115
vt 0.087026 0.490079
vt 0.088240 0.490027
vt 0.089452 0.489963
vt 0.090661 0.489893
vt 0.091870 0.489822
vt 0.093080 0.489758
vt 0.094293 0.489705
vt 0.095510 0.489666
vt 0.096731 0.489644
vt 0.097954 0.489637
vt 0.073725 0.511439
vt 0.074945 0.511487
vt 0.076156 0.511543
vt 0.077360 0.511603
vt 0.078558 0.511663
vt 0.079758 0.511717
vt 0.080958 0.511762
vt 0.082170 0.511792
vt 0.083396 0.511802
vt 0.084628 0.511793
vt 0.085861 0.511766
vt 0.087089 0.511724
vt 0.088305 0.511671
vt 0.089501 0.511610
vt 0.090686 0.511547
vt 0.091869 0.511489
vt 0.093056 0.511442
vt 0.094255 0.511408
vt 0.095466 0.511389
vt 0.096686 0.511383
vt 0.097908 0.511387
vt 0.073787 0.533207
vt 0.075006 0.533172
vt 0.076214 0.533141
vt 0.077407 0.533119
vt 0.078589 0.533110
vt 0.079766 0.533118
vt 0.080958 0.533146
vt 0.082163 0.533187
vt 0.083379 0.533240
vt 0.084610 0.533295
vt 0.085846 0.533349
vt 0.087079 0.533398
vt 0.088296 0.533441
vt 0.089503 0.533468
vt 0.090693 0.533480
vt 0.091868 0.533470
vt 0.093044 0.533444
vt 0.094231 0.533407
vt 0.095434 0.533365
vt 0.096650 0.533320
vt 0.097871 0.533275
vt 0.073767 0.555405
vt 0.074989 0.555372
vt 0.076206 0.555331
vt 0.077411 0.555283
vt 0.078602 0.555233
vt 0.079782 0.555183
vt 0.080960 0.555140
vt 0.082146 0.555108
vt 0.083354 0.555093
vt 0.084577 0.555094
vt 0.085812 0.555109
vt 0.087049 0.555137
vt 0.088283 0.555178
vt 0.089504 0.555228
vt 0.090709 0.555283
vt 0.091908 0.555333
vt 0.093100 0.555377
vt 0.094295 0.555412
vt 0.095498 0.555435
vt 0.096712 0.555446
vt 0.097933 0.555448
vt 0.073723 0.577333
vt 0.074946 0.577320
vt 0.076167 0.577292
vt 0.077382 0.577248
vt 0.078591 0.577191
vt 0.079794 0.577125
vt 0.080994 0.577054
vt 0.082195 0.576985
vt 0.083399 0.576925
vt 0.084609 0.576880
vt 0.085825 0.576853
vt 0.087044 0.576847
vt 0.088261 0.576859
vt 0.089476 0.576894
vt 0.090685 0.576946
vt 0.091891 0.577011
vt 0.093094 0.577082
vt 0.094299 0.577153
vt 0.095509 0.577219
vt 0.096724 0.577273
vt 0.097944 0.577314
vt 0.073677 0.598592
vt 0.074900 0.598585
vt 0.076122 0.598571
vt 0.077342 0.598551
vt 0.078559 0.598527
vt 0.079774 0.598499
vt 0.080987 0.598469
vt 0.082199 0.598440
vt 0.083412 0.598414
vt 0.084625 0.598394
vt 0.085839 0.598380
vt 0.087053 0.598375
vt 0.088267 0.598378
vt 0.089478 0.598388
vt 0.090688 0.598406
vt 0.091898 0.598429
vt 0.093108 0.598457
vt 0.094321 0.598486
vt 0.095536 0.598513
vt 0.096755 0.598539
vt 0.097977 0.598559
vt 0.073640 0.619678
vt 0.074863 0.619677
vt 0.076085 0.619673
vt 0.077307 0.619667
vt 0.078527 0.619659
vt 0.079746 0.619650
vt 0.080965 0.619639
vt 0.082183 0.619628
vt 0.083402 0.619617
vt 0.084621 0.619608
vt 0.085840 0.619601
vt 0.087060 0.619597
vt 0.088278 0.619596
vt 0.089497 0.619598
vt 0.090715 0.619603
vt 0.091934 0.619610
vt 0.093153 0.619619
vt 0.094373 0.619629
vt 0.095594 0.619639
vt 0.096817 0.619649
vt 0.098040 0.619658
vt 0.073620 0.640809
vt 0.074844 0.640808
vt 0.076066 0.640805
vt 0.077289 0.640801
vt 0.078511 0.640796
vt 0.079732 0.640789
vt 0.080954 0.640783
vt 0.082176 0.640777
vt 0.083399 0.640771
vt 0.084622 0.640767
vt 0.085845 0.640763
vt 0.087067 0.640762
vt 0.088290 0.640763
vt 0.089512 0.640765
vt 0.090733 0.640769
vt 0.091954 0.640773
vt 0.093176 0.640779
vt 0.094398 0.640785
vt 0.095620 0.640791
vt 0.096843 0.640796
vt 0.098066 0.640800
vt 0.073613 0.661057
vt 0.074836 0.661053
vt 0.076059 0.661047
vt 0.077281 0.661039
vt 0.078504 0.661030
vt 0.079726 0.661021
vt 0.080949 0.661012
vt 0.082172 0.661005
vt 0.083395 0.661000
vt 0.084619 0.660997
vt 0.085843 0.660997
vt 0.087067 0.660999
vt 0.088290 0.661004
vt 0.089513 0.661011
vt 0.090736 0.661020
vt 0.091958 0.661029
vt 0.093181 0.661038
vt 0.094403 0.661046
vt 0.095626 0.661053
vt 0.096850 0.661059
vt 0.098073 0.661062
vt 0.073610 0.681247
vt 0.074833 0.681242
vt 0.076056 0.681236
vt 0.077278 0.681227
vt 0.078501 0.681219
vt 0.079723 0.681210
vt 0.080945 0.681202
vt 0.082168 0.681195
vt 0.083390 0.681190
vt 0.084613 0.681188
vt 0.085836 0.681190
vt 0.087058 0.681193
vt 0.088281 0.681199
vt 0.089504 0.681207
vt 0.090727 0.681216
vt 0.091949 0.681226
vt 0.093172 0.681236
vt 0.094395 0.681245
vt 0.095618 0.681252
vt 0.096841 0.681258
vt 0.098065 0.681261
vt 0.073599 0.701253
vt 0.074822 0.701250
vt 0.076045 0.701246
vt 0.077268 0.701241
vt 0.078490 0.701236
vt 0.079713 0.701230
vt 0.080935 0.701226
vt 0.082157 0.701222
vt 0.083380 0.701220
vt 0.084602 0.701219
vt 0.085824 0.701220
vt 0.087047 0.701223
vt 0.088269 0.701228
vt 0.089491 0.701234
vt 0.090714 0.701240
vt 0.091937 0.701247
vt 0.093160 0.701254
vt 0.094383 0.701261
vt 0.095606 0.701266
vt 0.096829 0.701270
vt 0.098052 0.701273
vt 0.073581 0.721391
vt 0.074805 0.721390
vt 0.076028 0.721388
vt 0.077251 0.721385
vt 0.078474 0.721382
vt 0.079696 0.721380
vt 0.080919 0.721377
vt 0.082141 0.721376
vt 0.083364 0.721375
vt 0.084587 0.721376
vt 0.085809 0.721377
vt 0.087032 0.721379
vt 0.088254 0.721383
vt 0.089477 0.721387
vt 0.090700 0.721391
vt 0.091923 0.721396
vt 0.093146 0.721401
vt 0.094369 0.721405
vt 0.095592 0.721409
vt 0.096815 0.721412
vt 0.098038 0.721414
vt 0.073571 0.741424
vt 0.074794 0.741421
vt 0.076016 0.741418
vt 0.077239 0.741416
vt 0.078461 0.741413
vt 0.079683 0.741410
vt 0.080905 0.741409
vt 0.082126 0.741407
vt 0.083348 0.741408
vt 0.084569 0.741409
vt 0.085791 0.741412
vt 0.087012 0.741416
vt 0.088234 0.741420
vt 0.089456 0.741425
vt 0.090678 0.741430
vt 0.091901 0.741435
vt 0.093123 0.741440
vt 0.094346 0.741443
vt 0.095569 0.741446
vt 0.096792 0.741448
vt 0.098016 0.741449
vt 0.127182 0.326218
vt 0.128459 0.326224
vt 0.129736 0.326226
vt 0.131013 0.326226
vt 0.132291 0.326223
vt 0.133568 0.326218
vt 0.134845 0.326209
vt 0.136122 0.326198
vt 0.137400 0.326187
vt 0.138678 0.326175
vt 0.139956 0.326164
vt 0.141235 0.326154
vt 0.142514 0.326146
vt 0.143794 0.326142
vt 0.145073 0.326141
vt 0.146352 0.326142
vt 0.147631 0.326147
vt 0.148910 0.326154
vt 0.150189 0.326162
vt 0.151467 0.326171
vt 0.152745 0.326179
vt 0.127208 0.347406
vt 0.128486 0.347405
vt 0.129764 0.347404
vt 0.131041 0.347402
vt 0.132319 0.347400
vt 0.133597 0.347397
vt 0.134874 0.347394
vt 0.136152 0.347391
vt 0.137429 0.347387
vt 0.138706 0.347383
vt 0.139984 0.347379
vt 0.141261 0.347376
vt 0.142538 0.347373
vt 0.143815 0.347371
vt 0.145092 0.347369
vt 0.146369 0.347369
vt 0.147646 0.347368
vt 0.148924 0.347368
vt 0.150201 0.347369
vt 0.151478 0.347369
vt 0.152756 0.347370
vt 0.127231 0.368537
vt 0.128508 0.368537
vt 0.129785 0.368536
vt 0.131063 0.368535
vt 0.132340 0.368533
vt 0.133618 0.368530
vt 0.134895 0.368528
vt 0.136173 0.368524
vt 0.137450 0.368520
vt 0.138727 0.368516
vt 0.140005 0.368513
vt 0.141282 0.368509
vt 0.142559 0.368506
vt 0.143837 0.368504
vt 0.145115 0.368502
vt 0.146392 0.368501
vt 0.147670 0.368501
vt 0.148948 0.368501
vt 0.150225 0.368502
vt 0.151503 0.368503
vt 0.152780 0.368503
vt 0.127252 0.389653
vt 0.128530 0.389653
vt 0.129807 0.389653
vt 0.131085 0.389652
vt 0.132362 0.389650
vt 0.133639 0.389648
vt 0.134917 0.389644
vt 0.136194 0.389639
vt 0.137471 0.389633
vt 0.138748 0.389628
vt 0.140026 0.389622
vt 0.141303 0.389618
vt 0.142581 0.389613
vt 0.143859 0.389611
vt 0.145137 0.389608
vt 0.146414 0.389607
vt 0.147692 0.389608
vt 0.148970 0.389609
vt 0.150247 0.389611
vt 0.151525 0.389613
vt 0.152803 0.389615
vt 0.127276 0.410854
vt 0.128553 0.410856
vt 0.129831 0.410857
vt 0.131108 0.410857
vt 0.132385 0.410855
vt 0.133662 0.410851
vt 0.134939 0.410846
vt 0.136216 0.410839
vt 0.137493 0.410830
vt 0.138770 0.410822
vt 0.140046 0.410814
vt 0.141324 0.410806
vt 0.142601 0.410800
vt 0.143879 0.410795
vt 0.145157 0.410792
vt 0.146435 0.410791
vt 0.147713 0.410793
vt 0.148991 0.410795
vt 0.150269 0.410799
vt 0.151546 0.410804
vt 0.152824 0.410808
vt 0.127303 0.431856
vt 0.128579 0.431863
vt 0.129856 0.431867
vt 0.131134 0.431869
vt 0.132411 0.431868
vt 0.133688 0.431864
vt 0.134964 0.431856
vt 0.136240 0.431846
vt 0.137516 0.431834
vt 0.138791 0.431820
vt 0.140067 0.431807
vt 0.141344 0.431794
vt 0.142620 0.431783
vt 0.143898 0.431776
vt 0.145175 0.431771
vt 0.146453 0.431769
vt 0.147731 0.431771
vt 0.149008 0.431776
vt 0.150285 0.431783
vt 0.151562 0.431792
vt 0.152839 0.431800
vt 0.127323 0.452717
vt 0.128599 0.452725
vt 0.129876 0.452733
vt 0.131154 0.452737
vt 0.132432 0.452740
vt 0.133710 0.452739
vt 0.134988 0.452735
vt 0.136265 0.452727
vt 0.137541 0.452717
vt 0.138816 0.452704
vt 0.140091 0.452690
vt 0.141366 0.452675
vt 0.142643 0.452663
vt 0.143919 0.452651
vt 0.145196 0.452643
vt 0.146473 0.452638
vt 0.147750 0.452636
vt 0.149026 0.452638
vt 0.150302 0.452643
vt 0.151577 0.452650
vt 0.152853 0.452658
vt 0.127325 0.473530
vt 0.128597 0.473529
vt 0.129872 0.473527
vt 0.131149 0.473522
vt 0.132426 0.473515
vt 0.133705 0.473506
vt 0.134985 0.473493
vt 0.136265 0.473479
vt 0.137545 0.473464
vt 0.138826 0.473449
vt 0.140108 0.473434
vt 0.141391 0.473422
vt 0.142675 0.473412
vt 0.143960 0.473406
vt 0.145246 0.473403
vt 0.146530 0.473405
vt 0.147812 0.473409
vt 0.149091 0.473416
vt 0.150367 0.473426
vt 0.151640 0.473436
vt 0.152912 0.473446
vt 0.127417 0.495054
vt 0.128687 0.495061
vt 0.129960 0.495049
vt 0.131237 0.495020
vt 0.132513 0.494975
vt 0.133789 0.494916
vt 0.135062 0.494846
vt 0.136333 0.494771
vt 0.137603 0.494697
vt 0.138873 0.494631
vt 0.140146 0.494579
vt 0.141422 0.494544
vt 0.142703 0.494529
vt 0.143987 0.494536
vt 0.145269 0.494562
vt 0.146548 0.494604
vt 0.147824 0.494659
vt 0.149093 0.494722
vt 0.150359 0.494788
vt 0.151624 0.494851
vt 0.152889 0.494903
vt 0.127693 0.514869
vt 0.128954 0.514863
vt 0.130222 0.514840
vt 0.131495 0.514802
vt 0.132764 0.514751
vt 0.134023 0.514691
vt 0.135268 0.514626
vt 0.136492 0.514557
vt 0.137710 0.514495
vt 0.138932 0.514445
vt 0.140164 0.514411
vt 0.141409 0.514394
vt 0.142667 0.514396
vt 0.143928 0.514409
vt 0.145190 0.514437
vt 0.146446 0.514477
vt 0.147693 0.514525
vt 0.148933 0.514577
vt 0.150173 0.514627
vt 0.151409 0.514674
vt 0.152658 0.514707
vt 0.127696 0.532708
vt 0.128944 0.532768
vt 0.130209 0.532830
vt 0.131484 0.532891
vt 0.132758 0.532946
vt 0.134019 0.532993
vt 0.135263 0.533030
vt 0.136498 0.533046
vt 0.137722 0.533044
vt 0.138934 0.533020
vt 0.140155 0.532984
vt 0.141393 0.532939
vt 0.142646 0.532891
vt 0.143909 0.532844
vt 0.145173 0.532798
vt 0.146428 0.532756
vt 0.147667 0.532721
vt 0.148893 0.532698
vt 0.150110 0.532690
vt 0.151340 0.532705
vt 0.152582 0.532734
vt 0.127501 0.551605
vt 0.128750 0.551607
vt 0.130016 0.551621
vt 0.131296 0.551649
vt 0.132583 0.551687
vt 0.133868 0.551736
vt 0.135143 0.551791
vt 0.136403 0.551850
vt 0.137646 0.551909
vt 0.138890 0.551954
vt 0.140133 0.551987
vt 0.141382 0.552006
vt 0.142643 0.552010
vt 0.143913 0.552001
vt 0.145185 0.551981
vt 0.146454 0.551951
vt 0.147712 0.551912
vt 0.148955 0.551865
vt 0.150184 0.551815
vt 0.151408 0.551768
vt 0.152636 0.551729
vt 0.127393 0.571839
vt 0.128655 0.571793
vt 0.129922 0.571757
vt 0.131195 0.571737
vt 0.132473 0.571736
vt 0.133749 0.571753
vt 0.135022 0.571788
vt 0.136293 0.571841
vt 0.137558 0.571907
vt 0.138821 0.571980
vt 0.140084 0.572052
vt 0.141351 0.572117
vt 0.142623 0.572169
vt 0.143902 0.572205
vt 0.145183 0.572223
vt 0.146465 0.572221
vt 0.147741 0.572200
vt 0.149011 0.572162
vt 0.150274 0.572110
vt 0.151533 0.572049
vt 0.152791 0.571986
vt 0.127343 0.592948
vt 0.128616 0.592929
vt 0.129890 0.592915
vt 0.131164 0.592907
vt 0.132439 0.592905
vt 0.133713 0.592911
vt 0.134988 0.592925
vt 0.136258 0.592945
vt 0.137528 0.592971
vt 0.138798 0.592999
vt 0.140069 0.593029
vt 0.141343 0.593058
vt 0.142620 0.593082
vt 0.143900 0.593101
vt 0.145182 0.593113
vt 0.146464 0.593116
vt 0.147744 0.593112
vt 0.149022 0.593101
vt 0.150297 0.593084
vt 0.151571 0.593064
vt 0.152844 0.593042
vt 0.127318 0.614212
vt 0.128593 0.614205
vt 0.129870 0.614198
vt 0.131146 0.614194
vt 0.132422 0.614192
vt 0.133698 0.614192
vt 0.134974 0.614196
vt 0.136249 0.614202
vt 0.137524 0.614210
vt 0.138799 0.614219
vt 0.140075 0.614230
vt 0.141352 0.614241
vt 0.142631 0.614251
vt 0.143909 0.614260
vt 0.145188 0.614266
vt 0.146467 0.614270
vt 0.147745 0.614270
vt 0.149022 0.614268
vt 0.150298 0.614264
vt 0.151573 0.614258
vt 0.152849 0.614251
vt 0.127319 0.635524
vt 0.128595 0.635520
vt 0.129872 0.635517
vt 0.131149 0.635515
vt 0.132426 0.635514
vt 0.133703 0.635515
vt 0.134979 0.635518
vt 0.136254 0.635522
vt 0.137529 0.635527
vt 0.138804 0.635533
vt 0.140079 0.635539
vt 0.141355 0.635545
vt 0.142632 0.635550
vt 0.143909 0.635554
vt 0.145186 0.635556
vt 0.146462 0.635557
vt 0.147738 0.635556
vt 0.149014 0.635553
vt 0.150290 0.635550
vt 0.151566 0.635545
vt 0.152841 0.635540
vt 0.127316 0.655936
vt 0.128593 0.655933
vt 0.129870 0.655932
vt 0.131148 0.655933
vt 0.132425 0.655936
vt 0.133702 0.655941
vt 0.134978 0.655949
vt 0.136255 0.655957
vt 0.137531 0.655966
vt 0.138807 0.655975
vt 0.140083 0.655983
vt 0.141359 0.655989
vt 0.142636 0.655994
vt 0.143913 0.655996
vt 0.145189 0.655994
vt 0.146465 0.655991
vt 0.147742 0.655985
vt 0.149018 0.655977
vt 0.150294 0.655969
vt 0.151570 0.655961
vt 0.152846 0.655953
vt 0.127312 0.676525
vt 0.128589 0.676522
vt 0.129866 0.676522
vt 0.131144 0.676523
vt 0.132421 0.676527
vt 0.133698 0.676533
vt 0.134976 0.676541
vt 0.136253 0.676549
vt 0.137531 0.676559
vt 0.138808 0.676568
vt 0.140085 0.676575
vt 0.141363 0.676582
vt 0.142641 0.676585
vt 0.143919 0.676585
vt 0.145196 0.676584
vt 0.146474 0.676580
vt 0.147751 0.676572
vt 0.149029 0.676564
vt 0.150305 0.676555
vt 0.151583 0.676546
vt 0.152860 0.676537
vt 0.127316 0.697174
vt 0.128593 0.697172
vt 0.129870 0.697172
vt 0.131148 0.697173
vt 0.132425 0.697175
vt 0.133703 0.697179
vt 0.134981 0.697184
vt 0.136258 0.697190
vt 0.137536 0.697195
vt 0.138814 0.697201
vt 0.140092 0.697206
vt 0.141370 0.697209
vt 0.142648 0.697211
vt 0.143927 0.697211
vt 0.145205 0.697209
vt 0.146483 0.697206
vt 0.147761 0.697201
vt 0.149038 0.697195
vt 0.150316 0.697189
vt 0.151593 0.697182
vt 0.152871 0.697177
vt 0.127326 0.718099
vt 0.128603 0.718098
vt 0.129881 0.718098
vt 0.131159 0.718098
vt 0.132436 0.718100
vt 0.133714 0.718102
vt 0.134991 0.718105
vt 0.136269 0.718108
vt 0.137547 0.718111
vt 0.138825 0.718113
vt 0.140103 0.718116
vt 0.141381 0.718117
vt 0.142659 0.718118
vt 0.143936 0.718118
vt 0.145214 0.718115
vt 0.146492 0.718113
vt 0.147770 0.718110
vt 0.149048 0.718105
vt 0.150326 0.718101
vt 0.151603 0.718097
vt 0.152880 0.718093
vt 0.127333 0.738975
vt 0.128611 0.738975
vt 0.129888 0.738975
vt 0.131166 0.738976
vt 0.132444 0.738978
vt 0.133722 0.738981
vt 0.135000 0.738985
vt 0.136278 0.738988
vt 0.137557 0.738992
vt 0.138836 0.738994
vt 0.140115 0.738996
vt 0.141394 0.738997
vt 0.142673 0.738996
vt 0.143952 0.738994
vt 0.145232 0.738991
vt 0.146510 0.738987
vt 0.147789 0.738982
vt 0.149067 0.738977
vt 0.150345 0.738973
vt 0.151623 0.738968
vt 0.152901 0.738965
vt 0.027868 0.324662
vt 0.029162 0.324652
vt 0.030456 0.324640
vt 0.031750 0.324629
vt 0.033046 0.324620
vt 0.034341 0.324612
vt 0.035637 0.324607
vt 0.036932 0.324606
vt 0.038228 0.324607
vt 0.039524 0.324612
vt 0.040820 0.324619
vt 0.042115 0.324628
vt 0.043410 0.324638
vt 0.044704 0.324647
vt 0.045998 0.324655
vt 0.047292 0.324661
vt 0.048586 0.324665
vt 0.049880 0.324666
vt 0.051173 0.324664
vt 0.052467 0.324658
vt 0.053760 0.324651
vt 0.027899 0.346123
vt 0.029192 0.346120
vt 0.030486 0.346117
vt 0.031779 0.346114
vt 0.033073 0.346111
vt 0.034366 0.346109
vt 0.035660 0.346107
vt 0.036953 0.346106
vt 0.038247 0.346106
vt 0.039541 0.346106
vt 0.040834 0.346107
vt 0.042128 0.346108
vt 0.043422 0.346109
vt 0.044716 0.346111
vt 0.046010 0.346112
vt 0.047304 0.346113
vt 0.048598 0.346114
vt 0.049892 0.346113
vt 0.051186 0.346113
vt 0.052481 0.346112
vt 0.053774 0.346111
vt 0.027912 0.367523
vt 0.029206 0.367521
vt 0.030500 0.367517
vt 0.031794 0.367514
vt 0.033088 0.367511
vt 0.034382 0.367509
vt 0.035676 0.367507
vt 0.036970 0.367506
vt 0.038264 0.367505
vt 0.039558 0.367506
vt 0.040852 0.367506
vt 0.042147 0.367507
vt 0.043441 0.367509
vt 0.044734 0.367511
vt 0.046029 0.367512
vt 0.047322 0.367513
vt 0.048616 0.367514
vt 0.049910 0.367514
vt 0.051204 0.367514
vt 0.052498 0.367512
vt 0.053792 0.367511
vt 0.027926 0.388899
vt 0.029220 0.388894
vt 0.030514 0.388889
vt 0.031808 0.388885
vt 0.033102 0.388880
vt 0.034396 0.388877
vt 0.035690 0.388874
vt 0.036985 0.388873
vt 0.038279 0.388872
vt 0.039574 0.388873
vt 0.040868 0.388875
vt 0.042162 0.388878
vt 0.043457 0.388882
vt 0.044751 0.388885
vt 0.046045 0.388888
vt 0.047339 0.388891
vt 0.048633 0.388893
vt 0.049927 0.388894
vt 0.051221 0.388894
vt 0.052515 0.388893
vt 0.053809 0.388891
vt 0.027938 0.410346
vt 0.029232 0.410339
vt 0.030525 0.410332
vt 0.031819 0.410324
vt 0.033113 0.410317
vt 0.034407 0.410312
vt 0.035702 0.410308
vt 0.036997 0.410306
vt 0.038292 0.410306
vt 0.039587 0.410308
vt 0.040881 0.410312
vt 0.042176 0.410318
vt 0.043470 0.410324
vt 0.044765 0.410331
vt 0.046059 0.410337
vt 0.047353 0.410343
vt 0.048647 0.410347
vt 0.049941 0.410350
vt 0.051235 0.410351
vt 0.052529 0.410351
vt 0.053822 0.410348
vt 0.027952 0.431570
vt 0.029245 0.431559
vt 0.030537 0.431547
vt 0.031830 0.431534
vt 0.033123 0.431522
vt 0.034417 0.431512
vt 0.035711 0.431505
vt 0.037006 0.431501
vt 0.038300 0.431501
vt 0.039595 0.431504
vt 0.040890 0.431511
vt 0.042184 0.431521
vt 0.043478 0.431532
vt 0.044772 0.431544
vt 0.046066 0.431556
vt 0.047360 0.431567
vt 0.048654 0.431576
vt 0.049948 0.431582
vt 0.051242 0.431585
vt 0.052536 0.431585
vt 0.053829 0.431583
vt 0.027975 0.452582
vt 0.029267 0.452573
vt 0.030558 0.452562
vt 0.031848 0.452549
vt 0.033139 0.452537
vt 0.034430 0.452526
vt 0.035722 0.452516
vt 0.037014 0.452510
vt 0.038307 0.452507
vt 0.039599 0.452507
vt 0.040891 0.452511
vt 0.042183 0.452518
vt 0.043474 0.452529
vt 0.044765 0.452542
vt 0.046057 0.452554
vt 0.047350 0.452568
vt 0.048643 0.452580
vt 0.049937 0.452590
vt 0.051232 0.452598
vt 0.052525 0.452601
vt 0.053818 0.452602
vt 0.027970 0.473243
vt 0.029263 0.473236
vt 0.030555 0.473227
vt 0.031848 0.473218
vt 0.033141 0.473212
vt 0.034436 0.473207
vt 0.035733 0.473205
vt 0.037029 0.473206
vt 0.038325 0.473211
vt 0.039619 0.473220
vt 0.040911 0.473230
vt 0.042199 0.473243
vt 0.043484 0.473256
vt 0.044768 0.473270
vt 0.046052 0.473283
vt 0.047336 0.473294
vt 0.048623 0.473303
vt 0.049911 0.473309
vt 0.051201 0.473313
vt 0.052492 0.473314
vt 0.053784 0.473312
vt 0.028025 0.494410
vt 0.029307 0.494354
vt 0.030589 0.494302
vt 0.031873 0.494260
vt 0.033160 0.494233
vt 0.034452 0.494224
vt 0.035748 0.494235
vt 0.037043 0.494264
vt 0.038336 0.494309
vt 0.039624 0.494368
vt 0.040908 0.494435
vt 0.042186 0.494506
vt 0.043462 0.494573
vt 0.044737 0.494632
vt 0.046016 0.494676
vt 0.047301 0.494702
vt 0.048587 0.494709
vt 0.049875 0.494696
vt 0.051163 0.494665
vt 0.052449 0.494622
vt 0.053734 0.494569
vt 0.028137 0.514882
vt 0.029386 0.514827
vt 0.030635 0.514781
vt 0.031893 0.514750
vt 0.033164 0.514736
vt 0.034447 0.514740
vt 0.035738 0.514758
vt 0.037031 0.514790
vt 0.038319 0.514835
vt 0.039598 0.514890
vt 0.040870 0.514950
vt 0.042138 0.515011
vt 0.043402 0.515070
vt 0.044675 0.515117
vt 0.045963 0.515147
vt 0.047260 0.515157
vt 0.048564 0.515150
vt 0.049867 0.515128
vt 0.051162 0.515093
vt 0.052442 0.515050
vt 0.053700 0.515000
vt 0.028211 0.534923
vt 0.029460 0.534923
vt 0.030694 0.534900
vt 0.031934 0.534863
vt 0.033189 0.534817
vt 0.034460 0.534768
vt 0.035745 0.534719
vt 0.037033 0.534671
vt 0.038314 0.534629
vt 0.039582 0.534593
vt 0.040834 0.534569
vt 0.042076 0.534560
vt 0.043327 0.534575
vt 0.044587 0.534607
vt 0.045854 0.534658
vt 0.047139 0.534717
vt 0.048436 0.534779
vt 0.049736 0.534841
vt 0.051026 0.534899
vt 0.052298 0.534952
vt 0.053559 0.534989
vt 0.028209 0.553796
vt 0.029463 0.553839
vt 0.030715 0.553874
vt 0.031963 0.553900
vt 0.033216 0.553914
vt 0.034478 0.553913
vt 0.035752 0.553901
vt 0.037030 0.553878
vt 0.038307 0.553845
vt 0.039576 0.553804
vt 0.040829 0.553755
vt 0.042068 0.553703
vt 0.043298 0.553652
vt 0.044529 0.553609
vt 0.045779 0.553581
vt 0.047045 0.553566
vt 0.048327 0.553566
vt 0.049617 0.553580
vt 0.050908 0.553606
vt 0.052191 0.553642
vt 0.053460 0.553685
vt 0.028003 0.573229
vt 0.029282 0.573282
vt 0.030558 0.573345
vt 0.031832 0.573409
vt 0.033109 0.573469
vt 0.034390 0.573517
vt 0.035678 0.573550
vt 0.036970 0.573565
vt 0.038263 0.573559
vt 0.039553 0.573535
vt 0.040836 0.573492
vt 0.042112 0.573433
vt 0.043383 0.573362
vt 0.044651 0.573287
vt 0.045922 0.573213
vt 0.047197 0.573147
vt 0.048479 0.573096
vt 0.049766 0.573061
vt 0.051057 0.573045
vt 0.052344 0.573046
vt 0.053629 0.573065
vt 0.027917 0.594266
vt 0.029205 0.594288
vt 0.030492 0.594314
vt 0.031780 0.594341
vt 0.033070 0.594367
vt 0.034363 0.594389
vt 0.035660 0.594405
vt 0.036959 0.594413
vt 0.038259 0.594413
vt 0.039557 0.594404
vt 0.040853 0.594387
vt 0.042146 0.594363
vt 0.043438 0.594334
vt 0.044728 0.594301
vt 0.046018 0.594269
vt 0.047308 0.594238
vt 0.048599 0.594212
vt 0.049891 0.594192
vt 0.051183 0.594178
vt 0.052476 0.594172
vt 0.053765 0.594172
vt 0.027919 0.615725
vt 0.029212 0.615733
vt 0.030504 0.615741
vt 0.031798 0.615751
vt 0.033092 0.615760
vt 0.034387 0.615768
vt 0.035683 0.615776
vt 0.036980 0.615780
vt 0.038277 0.615781
vt 0.039573 0.615780
vt 0.040868 0.615775
vt 0.042161 0.615767
vt 0.043455 0.615756
vt 0.044748 0.615744
vt 0.046041 0.615731
vt 0.047334 0.615718
vt 0.048628 0.615706
vt 0.049922 0.615696
vt 0.051215 0.615688
vt 0.052508 0.615682
vt 0.053801 0.615679
vt 0.027945 0.637405
vt 0.029237 0.637409
vt 0.030530 0.637414
vt 0.031822 0.637419
vt 0.033116 0.637424
vt 0.034410 0.637428
vt 0.035704 0.637431
vt 0.036999 0.637432
vt 0.038293 0.637432
vt 0.039587 0.637430
vt 0.040880 0.637425
vt 0.042174 0.637419
vt 0.043467 0.637413
vt 0.044760 0.637405
vt 0.046054 0.637397
vt 0.047349 0.637390
vt 0.048643 0.637384
vt 0.049938 0.637378
vt 0.051232 0.637374
vt 0.052525 0.637372
vt 0.053818 0.637371
vt 0.027966 0.658256
vt 0.029258 0.658263
vt 0.030551 0.658270
vt 0.031845 0.658276
vt 0.033138 0.658281
vt 0.034431 0.658284
vt 0.035725 0.658285
vt 0.037019 0.658282
vt 0.038312 0.658277
vt 0.039606 0.658270
vt 0.040899 0.658262
vt 0.042192 0.658251
vt 0.043485 0.658240
vt 0.044778 0.658230
vt 0.046072 0.658221
vt 0.047366 0.658213
vt 0.048660 0.658208
vt 0.049954 0.658205
vt 0.051249 0.658205
vt 0.052542 0.658206
vt 0.053836 0.658210
vt 0.027983 0.679233
vt 0.029276 0.679240
vt 0.030570 0.679247
vt 0.031864 0.679253
vt 0.033159 0.679257
vt 0.034453 0.679259
vt 0.035747 0.679259
vt 0.037041 0.679256
vt 0.038336 0.679250
vt 0.039629 0.679242
vt 0.040923 0.679232
vt 0.042217 0.679221
vt 0.043510 0.679210
vt 0.044803 0.679199
vt 0.046097 0.679190
vt 0.047391 0.679183
vt 0.048685 0.679178
vt 0.049978 0.679176
vt 0.051272 0.679176
vt 0.052566 0.679178
vt 0.053860 0.679182
vt 0.028005 0.700213
vt 0.029299 0.700217
vt 0.030593 0.700221
vt 0.031888 0.700224
vt 0.033182 0.700225
vt 0.034476 0.700226
vt 0.035771 0.700225
vt 0.037065 0.700222
vt 0.038360 0.700217
vt 0.039654 0.700211
vt 0.040948 0.700204
vt 0.042242 0.700196
vt 0.043536 0.700189
vt 0.044829 0.700181
vt 0.046123 0.700175
vt 0.047417 0.700170
vt 0.048711 0.700166
vt 0.050004 0.700164
vt 0.051298 0.700163
vt 0.052592 0.700164
vt 0.053886 0.700166
vt 0.028031 0.721442
vt 0.029325 0.721444
vt 0.030619 0.721445
vt 0.031913 0.721446
vt 0.033207 0.721446
vt 0.034501 0.721445
vt 0.035796 0.721444
vt 0.037090 0.721442
vt 0.038384 0.721438
vt 0.039678 0.721433
vt 0.040972 0.721428
vt 0.042266 0.721423
vt 0.043561 0.721418
vt 0.044855 0.721413
vt 0.046148 0.721409
vt 0.047442 0.721405
vt 0.048736 0.721403
vt 0.050030 0.721401
vt 0.051324 0.721400
vt 0.052618 0.721400
vt 0.053912 0.721400
vt 0.028054 0.742614
vt 0.029348 0.742616
vt 0.030642 0.742618
vt 0.031936 0.742618
vt 0.033231 0.742618
vt 0.034526 0.742616
vt 0.035821 0.742613
vt 0.037116 0.742609
vt 0.038410 0.742605
vt 0.039705 0.742600
vt 0.040999 0.742594
vt 0.042293 0.742588
vt 0.043586 0.742583
vt 0.044880 0.742579
vt 0.046174 0.742575
vt 0.047467 0.742573
vt 0.048760 0.742571
vt 0.050054 0.742571
vt 0.051347 0.742572
vt 0.052641 0.742573
vt 0.053935 0.742574
vn -0.985435 0.127854 -0.112126
vn -0.972183 0.121617 0.200174
vn -0.971187 0.129194 0.200262
vn -0.984391 0.135778 -0.111978
vn -0.863900 0.103490 0.492917
vn -0.863074 0.109980 0.492957
vn -0.671124 0.075237 0.737518
vn -0.670567 0.080011 0.737521
vn -0.412676 0.039626 0.910016
vn -0.412446 0.042212 0.910003
vn -0.113783 0.000127 0.993506
vn -0.113897 0.000274 0.993493
vn 0.196314 -0.039393 0.979750
vn 0.195878 -0.041703 0.979741
vn 0.487229 -0.075063 0.870042
vn 0.486528 -0.079603 0.870031
vn 0.730498 -0.103389 0.675044
vn 0.729598 -0.109713 0.675019
vn 0.902174 -0.121580 0.413884
vn 0.901168 -0.129070 0.413809
vn 0.985432 -0.127858 0.112141
vn 0.984385 -0.135773 0.112039
vn 0.972096 -0.121600 -0.200604
vn 0.971090 -0.129165 -0.200750
vn 0.863483 -0.103426 -0.493659
vn 0.862593 -0.109896 -0.493819
vn 0.670264 -0.075122 -0.738311
vn 0.669553 -0.079858 -0.738459
vn 0.411422 -0.039460 -0.910591
vn 0.410954 -0.041998 -0.910688
vn 0.112320 0.000062 -0.993672
vn 0.112175 -0.000035 -0.993689
vn -0.197676 0.039564 -0.979469
vn -0.197503 0.041919 -0.979406
vn -0.488274 0.075187 -0.869446
vn -0.487763 0.079760 -0.869325
vn -0.731069 0.103453 -0.674415
vn -0.730285 0.109797 -0.674261
vn -0.902357 0.121597 -0.413480
vn -0.901395 0.129098 -0.413306
vn -0.968616 0.146915 0.200500
vn -0.981704 0.154259 -0.111630
vn -0.860940 0.125224 0.493053
vn -0.669094 0.091291 0.737550
vn -0.411778 0.048423 0.909997
vn -0.114115 0.000807 0.993467
vn 0.194845 -0.046905 0.979712
vn 0.484802 -0.090037 0.869977
vn 0.727340 -0.124353 0.674917
vn 0.898584 -0.146481 0.413631
vn 0.981691 -0.154243 0.111769
vn 0.968498 -0.146873 -0.201099
vn 0.860304 -0.125096 -0.494195
vn 0.667760 -0.091055 -0.738787
vn 0.409821 -0.048099 -0.910897
vn 0.111826 -0.000444 -0.993728
vn -0.197013 0.047238 -0.979262
vn -0.486446 0.090280 -0.869034
vn -0.728275 0.124490 -0.673883
vn -0.898910 0.146530 -0.412904
vn -0.964509 0.171425 0.200839
vn -0.977435 0.179646 -0.111126
vn -0.857484 0.146487 0.493217
vn -0.666677 0.107231 0.737593
vn -0.410653 0.057481 0.909978
vn -0.114375 0.002096 0.993435
vn 0.193262 -0.053522 0.979686
vn 0.482108 -0.103921 0.869927
vn 0.723784 -0.144143 0.674803
vn 0.894498 -0.170229 0.413394
vn 0.977413 -0.179609 0.111372
vn 0.964357 -0.171350 -0.201631
vn 0.856602 -0.146268 -0.494812
vn 0.664838 -0.106844 -0.739307
vn 0.407945 -0.056953 -0.911229
vn 0.111170 -0.001499 -0.993800
vn -0.196324 0.054076 -0.979047
vn -0.484451 0.104336 -0.868575
vn -0.725153 0.144387 -0.673280
vn -0.894986 0.170333 -0.412294
vn -0.957336 0.207253 0.201380
vn -0.970050 0.216421 -0.110292
vn -0.851354 0.177888 0.493511
vn -0.662304 0.131165 0.737665
vn -0.408513 0.071620 0.909938
vn -0.114609 0.005036 0.993398
vn 0.190731 -0.062083 0.979677
vn 0.477600 -0.123155 0.869903
vn 0.717772 -0.172171 0.674656
vn 0.887511 -0.204289 0.413026
vn 0.970019 -0.216324 0.110755
vn 0.957146 -0.207087 -0.202450
vn 0.850129 -0.177489 -0.495760
vn 0.659628 -0.130465 -0.740182
vn 0.404497 -0.070661 -0.911805
vn 0.109846 -0.003953 -0.993941
vn -0.195334 0.063100 -0.978705
vn -0.481180 0.123941 -0.867816
vn -0.719889 0.172652 -0.672273
vn -0.888269 0.204505 -0.411285
vn -0.943187 0.263524 0.202371
vn -0.955718 0.273452 -0.108749
vn -0.839037 0.227985 0.494003
vn -0.653217 0.170247 0.737783
vn -0.403628 0.095888 0.909884
vn -0.114335 0.012094 0.993369
vn 0.186495 -0.072960 0.979743
vn 0.469401 -0.150932 0.869990
vn 0.706464 -0.214134 0.674578
vn 0.874112 -0.256278 0.412614
vn 0.955670 -0.273180 0.109854
vn 0.942990 -0.263148 -0.203772
vn 0.837308 -0.227174 -0.497300
vn 0.649179 -0.168838 -0.741661
vn 0.397387 -0.093945 -0.912830
vn 0.106829 -0.009883 -0.994228
vn -0.193857 0.075072 -0.978153
vn -0.475227 0.152613 -0.866527
vn -0.709949 0.215206 -0.670566
vn -0.875427 0.256831 -0.409470
vn -0.914176 0.350122 0.204197
vn -0.927160 0.359258 -0.106339
vn -0.812741 0.307103 0.495116
vn -0.632513 0.234292 0.738264
vn -0.390722 0.138670 0.910004
vn -0.110493 0.029393 0.993442
vn 0.181029 -0.082933 0.979975
vn 0.455363 -0.187316 0.870378
vn 0.685371 -0.273425 0.674911
vn 0.848024 -0.332629 0.412568
vn 0.926951 -0.358969 0.109099
vn 0.914079 -0.349756 -0.205257
vn 0.810659 -0.305915 -0.499247
vn 0.627109 -0.231841 -0.743629
vn 0.381947 -0.135006 -0.914270
vn 0.099576 -0.025030 -0.994715
vn -0.192048 0.087224 -0.977502
vn -0.464400 0.190783 -0.864832
vn -0.691071 0.275627 -0.668170
vn -0.850403 0.333634 -0.406820
vn -0.864249 0.459287 0.205255
vn -0.879640 0.463925 -0.104918
vn -0.765439 0.410309 0.495732
vn -0.592639 0.321654 0.738457
vn -0.362126 0.201714 0.910042
vn -0.095941 0.061941 0.993458
vn 0.180129 -0.084101 0.980041
vn 0.439092 -0.222139 0.870548
vn 0.655334 -0.338536 0.675227
vn 0.807209 -0.421685 0.413032
vn 0.879438 -0.463214 0.109643
vn 0.864573 -0.458907 -0.204738
vn 0.763988 -0.409128 -0.498936
vn 0.587645 -0.318783 -0.743674
vn 0.353339 -0.196969 -0.914525
vn 0.084516 -0.055860 -0.994855
vn -0.192084 0.090510 -0.977196
vn -0.449222 0.227718 -0.863912
vn -0.661991 0.342455 -0.666703
vn -0.810105 0.423752 -0.405171
vn -0.767640 0.610062 0.196351
vn -0.780854 0.614626 -0.111814
vn -0.681009 0.547145 0.486682
vn -0.528475 0.431513 0.731103
vn -0.323798 0.273765 0.905653
vn -0.086528 0.089046 0.992262
vn 0.160176 -0.104606 0.981530
vn 0.391748 -0.288053 0.873819
vn 0.584975 -0.443141 0.679287
vn 0.720258 -0.554475 0.416876
vn 0.783767 -0.610778 0.112519
vn 0.768836 -0.606202 -0.203497
vn 0.676847 -0.540857 -0.499352
vn 0.517253 -0.421208 -0.745006
vn 0.306659 -0.259471 -0.915770
vn 0.066856 -0.072349 -0.995136
vn -0.178063 0.121236 -0.976522
vn -0.404209 0.302185 -0.863307
vn -0.590465 0.453315 -0.667725
vn -0.719912 0.560761 -0.408991
vn -0.542349 0.817866 0.192233
vn -0.528924 0.841191 -0.112413
vn -0.504876 0.717533 0.479841
vn -0.419024 0.548613 0.723494
vn -0.291861 0.325887 0.899230
vn -0.134732 0.069921 0.988412
vn 0.037560 -0.194720 0.980139
vn 0.207696 -0.441385 0.872950
vn 0.357653 -0.644140 0.676143
vn 0.471117 -0.781336 0.409344
vn 0.535860 -0.838314 0.100422
vn 0.545392 -0.809352 -0.217938
vn 0.499617 -0.698253 -0.512665
vn 0.404373 -0.517613 -0.754029
vn 0.270161 -0.286519 -0.919195
vn 0.111018 -0.028807 -0.993401
vn -0.057453 0.230316 -0.971418
vn -0.219291 0.466090 -0.857130
vn -0.359687 0.657009 -0.662544
vn -0.466070 0.785954 -0.406270
vn -0.137726 0.955204 0.261947
vn -0.080399 0.996169 -0.034395
vn -0.182625 0.825138 0.534599
vn -0.210878 0.616730 0.758403
vn -0.219524 0.348035 0.911417
vn -0.207232 0.043314 0.977333
vn -0.174374 -0.268553 0.947351
vn -0.123455 -0.556165 0.821851
vn -0.058974 -0.788896 0.611691
vn 0.012411 -0.941229 0.337542
vn 0.082903 -0.996167 0.027891
vn 0.144512 -0.947817 -0.284182
vn 0.190543 -0.802295 -0.565699
vn 0.216422 -0.576411 -0.787979
vn 0.220160 -0.294664 -0.929894
vn 0.202293 0.013598 -0.979231
vn 0.165232 0.318168 -0.933524
vn 0.113038 0.590235 -0.799278
vn 0.050855 0.805408 -0.590536
vn -0.015616 0.944767 -0.327372
vn 0.318985 0.869874 0.376254
vn 0.398911 0.913041 0.085006
vn 0.209165 0.745361 0.632999
vn 0.079039 0.550338 0.831192
vn -0.059475 0.302183 0.951393
vn -0.193466 0.023755 0.980819
vn -0.309983 -0.258644 0.914885
vn -0.397145 -0.517249 0.758109
vn -0.445383 -0.725737 0.524347
vn -0.448751 -0.861986 0.235800
vn -0.405825 -0.910586 -0.078350
vn -0.320571 -0.865299 -0.385347
vn -0.202081 -0.730515 -0.652312
vn -0.063543 -0.521059 -0.851152
vn 0.080053 -0.259900 -0.962311
vn 0.213880 0.025186 -0.976535
vn 0.325059 0.305329 -0.895048
vn 0.403733 0.553720 -0.728281
vn 0.443588 0.747952 -0.493759
vn 0.441754 0.871228 -0.214047
vn 0.632176 0.642242 0.433451
vn 0.712084 0.687891 0.140508
vn 0.492593 0.535872 0.685706
vn 0.305860 0.378282 0.873701
vn 0.088855 0.183794 0.978941
vn -0.138158 -0.029378 0.989974
vn -0.353223 -0.240556 0.904083
vn -0.534687 -0.428521 0.728340
vn -0.663757 -0.574025 0.479502
vn -0.726882 -0.662179 0.182103
vn -0.717143 -0.683950 -0.133857
vn -0.635236 -0.637125 -0.436517
vn -0.489352 -0.526461 -0.695251
vn -0.294411 -0.363029 -0.884043
vn -0.070413 -0.163416 -0.984041
vn 0.159701 0.052243 -0.985782
vn 0.372713 0.262224 -0.890125
vn 0.547799 0.445787 -0.707948
vn 0.668682 0.585447 -0.458385
vn 0.724871 0.668517 -0.166271
vn 0.768947 0.462686 0.441184
vn 0.847722 0.510241 0.144989
vn 0.616116 0.370537 0.695057
vn 0.403639 0.242488 0.882199
vn 0.151605 0.090699 0.984271
vn -0.115896 -0.070275 0.990772
vn -0.372822 -0.224715 0.900282
vn -0.593722 -0.357316 0.720985
vn -0.756420 -0.454766 0.470125
vn -0.844417 -0.507230 0.172273
vn -0.848598 -0.509358 -0.142955
vn -0.768436 -0.460891 -0.443944
vn -0.612016 -0.366740 -0.700670
vn -0.394964 -0.236277 -0.887793
vn -0.139232 -0.082655 -0.986804
vn 0.129666 0.078877 -0.988416
vn 0.385198 0.232400 -0.893092
vn 0.602445 0.362955 -0.710861
vn 0.760627 0.458034 -0.460056
vn 0.844943 0.508670 -0.165306
vn 0.827028 0.351426 0.438777
vn 0.907374 0.395772 0.141555
vn 0.666540 0.273018 0.693675
vn 0.441187 0.168019 0.881546
vn 0.172572 0.046512 0.983898
vn -0.113392 -0.079744 0.990345
vn -0.388748 -0.198384 0.899733
vn -0.626322 -0.297680 0.720491
vn -0.802442 -0.367722 0.469965
vn -0.899433 -0.401474 0.172741
vn -0.907454 -0.395517 -0.141753
vn -0.825673 -0.350422 -0.442119
vn -0.662287 -0.270717 -0.698633
vn -0.433653 -0.164356 -0.885964
vn -0.162659 -0.041970 -0.985789
vn 0.123846 0.084349 -0.988710
vn 0.397767 0.202237 -0.894920
vn 0.632443 0.300231 -0.714057
vn 0.805284 0.368921 -0.464129
vn 0.899911 0.401802 -0.169455
vn 0.859673 0.267064 0.435476
vn 0.942472 0.304623 0.137668
vn 0.693374 0.203556 0.691229
vn 0.459470 0.120181 0.880025
vn 0.180455 0.024977 0.983266
vn -0.116672 -0.072820 0.990497
vn -0.402784 -0.163607 0.900554
vn -0.649645 -0.238412 0.721888
vn -0.832705 -0.289769 0.471845
vn -0.933650 -0.312540 0.174975
vn -0.942308 -0.304421 -0.139226
vn -0.857859 -0.266216 -0.439553
vn -0.688766 -0.201772 -0.696340
vn -0.452020 -0.117521 -0.884232
vn -0.171178 -0.021838 -0.984998
vn 0.126008 0.075850 -0.989125
vn 0.410474 0.166002 -0.896635
vn 0.654569 0.239872 -0.716938
vn 0.834777 0.290349 -0.467808
vn 0.933899 0.312647 -0.173451
vn 0.879654 0.196051 0.433327
vn 0.964887 0.225363 0.134923
vn 0.708808 0.147646 0.689777
vn 0.468753 0.084826 0.879247
vn 0.182695 0.013666 0.983075
vn -0.121639 -0.058908 0.990825
vn -0.414368 -0.125767 0.901377
vn -0.666651 -0.180311 0.723232
vn -0.853505 -0.217146 0.473684
vn -0.956284 -0.232584 0.177270
vn -0.964720 -0.225072 -0.136597
vn -0.878018 -0.195385 -0.436931
vn -0.704858 -0.146458 -0.694064
vn -0.462530 -0.083169 -0.882694
vn -0.175077 -0.011771 -0.984484
vn 0.129166 0.060708 -0.989763
vn 0.420436 0.127192 -0.898363
vn 0.670425 0.181221 -0.719507
vn 0.854992 0.217585 -0.470793
vn 0.956386 0.232779 -0.176464
vn 0.889681 0.146123 0.432569
vn 0.976549 0.168840 0.133587
vn 0.716012 0.109151 0.689502
vn 0.472346 0.061506 0.879264
vn 0.182384 0.007830 0.983196
vn -0.125700 -0.046649 0.990971
vn -0.421652 -0.096578 0.901600
vn -0.676389 -0.137045 0.723683
vn -0.864818 -0.164070 0.474522
vn -0.968234 -0.174966 0.178636
vn -0.976417 -0.168652 -0.134783
vn -0.888594 -0.145768 -0.434917
vn -0.713495 -0.108566 -0.692198
vn -0.468440 -0.060719 -0.881406
vn -0.177632 -0.006945 -0.984073
vn 0.130348 0.047480 -0.990331
vn 0.425359 0.097236 -0.899786
vn 0.678670 0.137480 -0.721461
vn 0.865669 0.164292 -0.472891
vn 0.968267 0.175096 -0.178329
vn 0.893906 0.117936 0.432461
vn 0.981665 0.136456 0.133092
vn 0.718774 0.087886 0.689667
vn 0.473303 0.049236 0.879523
vn 0.181501 0.005768 0.983374
vn -0.128224 -0.038288 0.991006
vn -0.425479 -0.078598 0.901549
vn -0.681102 -0.111214 0.723693
vn -0.870007 -0.132928 0.474783
vn -0.973555 -0.141602 0.179272
vn -0.981576 -0.136386 -0.133819
vn -0.893300 -0.117787 -0.433752
vn -0.717455 -0.087646 -0.691069
vn -0.471304 -0.048917 -0.880613
vn -0.179098 -0.005409 -0.983816
vn 0.130534 0.038616 -0.990691
vn 0.427282 0.078852 -0.900673
vn 0.682203 0.111374 -0.722631
vn 0.870381 0.133008 -0.474074
vn 0.973550 0.141649 -0.179264
vn 0.895436 0.105237 0.432574
vn 0.983649 0.121468 0.132964
vn 0.719637 0.078711 0.689874
vn 0.473377 0.044479 0.879736
vn 0.180778 0.005895 0.983506
vn -0.129591 -0.033277 0.991009
vn -0.427297 -0.069193 0.901460
vn -0.683178 -0.098333 0.723601
vn -0.872160 -0.117844 0.474816
vn -0.975677 -0.125811 0.179518
vn -0.983595 -0.121448 -0.133382
vn -0.895141 -0.105183 -0.433198
vn -0.719034 -0.078622 -0.690514
vn -0.472495 -0.044359 -0.880216
vn -0.179759 -0.005761 -0.983694
vn 0.130525 0.033395 -0.990882
vn 0.427995 0.069280 -0.901122
vn 0.683571 0.098385 -0.723223
vn 0.872268 0.117864 -0.474612
vn 0.975657 0.125816 -0.179619
vn 0.895801 0.101678 0.432668
vn 0.984178 0.117125 0.132951
vn 0.719788 0.076282 0.689990
vn 0.473274 0.043415 0.879845
vn 0.180433 0.006301 0.983567
vn -0.130100 -0.031434 0.991003
vn -0.427898 -0.066094 0.901407
vn -0.683818 -0.094283 0.723535
vn -0.872782 -0.113239 0.474793
vn -0.976260 -0.121109 0.179579
vn -0.984140 -0.117118 -0.133241
vn -0.895645 -0.101657 -0.432996
vn -0.719476 -0.076242 -0.690319
vn -0.472838 -0.043361 -0.880082
vn -0.179978 -0.006245 -0.983651
vn 0.130479 0.031480 -0.990951
vn 0.428160 0.066125 -0.901280
vn 0.683926 0.094295 -0.723432
vn 0.872793 0.113238 -0.474774
vn 0.976236 0.121105 -0.179711
vn 0.394251 -0.063832 0.916783
vn 0.656319 -0.094952 0.748485
vn 0.655463 -0.100735 0.748479
vn 0.393619 -0.067661 0.916780
vn 0.854100 -0.116776 0.506830
vn 0.853117 -0.123944 0.506783
vn 0.968205 -0.127154 0.215432
vn 0.967162 -0.135004 0.215341
vn 0.987389 -0.125064 -0.097065
vn 0.986361 -0.132823 -0.097207
vn 0.909817 -0.110725 -0.399966
vn 0.908869 -0.117626 -0.400151
vn 0.743052 -0.085529 -0.663746
vn 0.742265 -0.090895 -0.663913
vn 0.503512 -0.051954 -0.862425
vn 0.502967 -0.055263 -0.862537
vn 0.214750 -0.013305 -0.976579
vn 0.214490 -0.014229 -0.976623
vn -0.095026 0.026642 -0.995118
vn -0.094939 0.028190 -0.995084
vn -0.395404 0.063970 -0.916277
vn -0.395005 0.067842 -0.916171
vn -0.657039 0.095036 -0.747842
vn -0.656347 0.100849 -0.747688
vn -0.854404 0.116807 -0.506311
vn -0.853483 0.123992 -0.506155
vn -0.968228 0.127158 -0.215328
vn -0.967198 0.135015 -0.215173
vn -0.987418 0.125080 0.096749
vn -0.986394 0.132842 0.096854
vn -0.910096 0.110774 0.399317
vn -0.909202 0.117689 0.399376
vn -0.743762 0.085630 0.662937
vn -0.743112 0.091029 0.662947
vn -0.504658 0.052110 0.861745
vn -0.504310 0.055461 0.861740
vn -0.216163 0.013491 0.976264
vn -0.216161 0.014463 0.976251
vn 0.093602 -0.026464 0.995258
vn 0.093256 -0.027963 0.995249
vn 0.653352 -0.114108 0.748405
vn 0.392092 -0.076435 0.916745
vn 0.850616 -0.140602 0.506640
vn 0.964479 -0.153310 0.215120
vn 0.983713 -0.150980 -0.097535
vn 0.906445 -0.133833 -0.400558
vn 0.740278 -0.103564 -0.664277
vn 0.501611 -0.063155 -0.862785
vn 0.213860 -0.016566 -0.976724
vn -0.094725 0.031628 -0.995001
vn -0.393956 0.076715 -0.915922
vn -0.654550 0.114286 -0.747331
vn -0.851125 0.140682 -0.505762
vn -0.964544 0.153332 -0.214811
vn -0.983752 0.151003 0.097111
vn -0.906879 0.133930 0.399541
vn -0.741383 0.103767 0.663012
vn -0.503378 0.063453 0.861733
vn -0.216089 0.016922 0.976227
vn 0.092480 -0.031281 0.995223
vn 0.650065 -0.132108 0.748307
vn 0.389730 -0.088006 0.916714
vn 0.846681 -0.163259 0.506437
vn 0.960231 -0.178394 0.214784
vn 0.979496 -0.176012 -0.098018
vn 0.902570 -0.156343 -0.401155
vn 0.737077 -0.121337 -0.664828
vn 0.499355 -0.074441 -0.863193
vn 0.212762 -0.020262 -0.976894
vn -0.094494 0.035871 -0.994879
vn -0.392383 0.088476 -0.915537
vn -0.651769 0.132409 -0.746770
vn -0.847430 0.163404 -0.505135
vn -0.960341 0.178443 -0.214249
vn -0.979537 0.176066 0.097507
vn -0.903155 0.156509 0.399770
vn -0.738582 0.121666 0.663094
vn -0.501823 0.074931 0.861718
vn -0.215888 0.020851 0.976195
vn 0.091319 -0.035295 0.995196
vn 0.644500 -0.157431 0.748222
vn 0.385842 -0.103818 0.916705
vn 0.839962 -0.195603 0.506166
vn 0.952921 -0.214560 0.214254
vn 0.972175 -0.212412 -0.098782
vn 0.895815 -0.189387 -0.402056
vn 0.731424 -0.147749 -0.665724
vn 0.495274 -0.091619 -0.863892
vn 0.210692 -0.026531 -0.977192
vn -0.094289 0.041110 -0.994696
vn -0.389859 0.104696 -0.914904
vn -0.647129 0.158021 -0.745824
vn -0.841134 0.195902 -0.504099
vn -0.953098 0.214677 -0.213348
vn -0.972209 0.212544 0.098161
vn -0.896609 0.189688 0.400139
vn -0.733590 0.148347 0.663204
vn -0.498910 0.092510 0.861702
vn -0.215325 0.027597 0.976153
vn 0.089531 -0.040052 0.995178
vn 0.634154 -0.194968 0.748222
vn 0.378913 -0.126140 0.916795
vn 0.827179 -0.244650 0.505886
vn 0.938808 -0.270248 0.213555
vn 0.957881 -0.269203 -0.099972
vn 0.882478 -0.241628 -0.403545
vn 0.720135 -0.190243 -0.667243
vn 0.487001 -0.120167 -0.865095
vn 0.206275 -0.038347 -0.977742
vn -0.094327 0.047163 -0.994424
vn -0.385379 0.127992 -0.913839
vn -0.638486 0.196263 -0.744189
vn -0.829160 0.245359 -0.502287
vn -0.939124 0.270589 -0.211726
vn -0.957856 0.269522 0.099343
vn -0.883542 0.242265 0.400827
vn -0.723332 0.191450 0.663429
vn -0.492588 0.121964 0.861674
vn -0.213517 0.040507 0.976099
vn 0.086767 -0.044982 0.995213
vn 0.615179 -0.247281 0.748603
vn 0.367546 -0.154069 0.917155
vn 0.802498 -0.316221 0.505966
vn 0.910683 -0.353941 0.213029
vn 0.928746 -0.356633 -0.101214
vn 0.854797 -0.324004 -0.405394
vn 0.696267 -0.259321 -0.669302
vn 0.469146 -0.169118 -0.866776
vn 0.196166 -0.062386 -0.978584
vn -0.095582 0.050295 -0.994150
vn -0.377486 0.157893 -0.912455
vn -0.622094 0.249930 -0.741979
vn -0.805884 0.317583 -0.499691
vn -0.911404 0.354402 -0.209144
vn -0.928621 0.356896 0.101431
vn -0.855996 0.324862 0.402165
vn -0.700467 0.261346 0.664112
vn -0.476902 0.172431 0.861877
vn -0.206611 0.066617 0.976153
vn 0.084320 -0.045878 0.995382
vn 0.589576 -0.302660 0.748863
vn 0.356384 -0.177746 0.917277
vn 0.765012 -0.397901 0.506391
vn 0.865063 -0.453943 0.213545
vn 0.879522 -0.465086 -0.100676
vn 0.806798 -0.430164 -0.405013
vn 0.654065 -0.352593 -0.669236
vn 0.436669 -0.240148 -0.866977
vn 0.176397 -0.104087 -0.978800
vn -0.100736 0.042016 -0.994026
vn -0.367388 0.183736 -0.911739
vn -0.597504 0.307206 -0.740684
vn -0.769077 0.400585 -0.498048
vn -0.865944 0.455049 -0.207538
vn -0.879075 0.465484 0.102722
vn -0.807395 0.430988 0.402943
vn -0.657708 0.354847 0.664457
vn -0.444191 0.244276 0.861988
vn -0.187146 0.109809 0.976175
vn 0.088695 -0.035596 0.995423
vn 0.529926 -0.390772 0.752646
vn 0.320474 -0.225831 0.919944
vn 0.687081 -0.517207 0.510311
vn 0.775910 -0.592447 0.216726
vn 0.787117 -0.608822 -0.098910
vn 0.719428 -0.564304 -0.404950
vn 0.579788 -0.463122 -0.670346
vn 0.382679 -0.315488 -0.868345
vn 0.148587 -0.136554 -0.979426
vn -0.098648 0.055372 -0.993581
vn -0.334749 0.241210 -0.910912
vn -0.537270 0.402959 -0.740922
vn -0.687753 0.525594 -0.500746
vn -0.772664 0.597928 -0.213241
vn -0.784197 0.613254 0.094630
vn -0.720967 0.570036 0.394037
vn -0.588233 0.472024 0.656640
vn -0.397872 0.328236 0.856714
vn -0.167733 0.152300 0.973997
vn 0.079901 -0.038661 0.996053
vn 0.320282 -0.576411 0.751778
vn 0.158985 -0.357637 0.920228
vn 0.449106 -0.736865 0.505305
vn 0.531323 -0.821606 0.206541
vn 0.558313 -0.821942 -0.112685
vn 0.528253 -0.738540 -0.418935
vn 0.445670 -0.581105 -0.680951
vn 0.320068 -0.366530 -0.873620
vn 0.164723 -0.116965 -0.979380
vn -0.004880 0.142756 -0.989746
vn -0.172683 0.387666 -0.905481
vn -0.323220 0.594868 -0.735976
vn -0.442932 0.745552 -0.497960
vn -0.521320 0.826180 -0.213665
vn -0.551118 0.829497 0.090576
vn -0.529339 0.755044 0.386921
vn -0.457265 0.608928 0.648163
vn -0.340566 0.403979 0.849009
vn -0.189175 0.158681 0.969037
vn -0.016992 -0.103879 0.994445
vn -0.086623 -0.719204 0.689378
vn -0.146831 -0.464716 0.873201
vn -0.016335 -0.900968 0.433577
vn 0.056421 -0.989633 0.132071
vn 0.123288 -0.975384 -0.182829
vn 0.176592 -0.860543 -0.477788
vn 0.210789 -0.658753 -0.722227
vn 0.222928 -0.392432 -0.892357
vn 0.212727 -0.089576 -0.972997
vn 0.182136 0.219480 -0.958465
vn 0.134785 0.505292 -0.852357
vn 0.075520 0.741818 -0.666335
vn 0.009856 0.907989 -0.418878
vn -0.056296 0.989509 -0.133050
vn -0.117175 0.979293 0.165095
vn -0.167461 0.878073 0.448268
vn -0.202710 0.694182 0.690666
vn -0.219480 0.443303 0.869086
vn -0.215774 0.147629 0.965219
vn -0.191074 -0.165355 0.967548
vn -0.441039 -0.659658 0.608553
vn -0.376221 -0.433020 0.819116
vn -0.461935 -0.821238 0.334939
vn -0.435385 -0.899887 0.025363
vn -0.363262 -0.886055 -0.288007
vn -0.253080 -0.780439 -0.571722
vn -0.117219 -0.594465 -0.795532
vn 0.029201 -0.348711 -0.936775
vn 0.170631 -0.069660 -0.982870
vn 0.293103 0.213878 -0.931851
vn 0.385636 0.474387 -0.791355
vn 0.440606 0.687964 -0.576691
vn 0.453881 0.835736 -0.309090
vn 0.424969 0.905109 -0.013429
vn 0.356705 0.890137 0.283580
vn 0.255213 0.792065 0.554527
vn 0.129416 0.619466 0.774283
vn -0.009479 0.387595 0.921781
vn -0.148744 0.117660 0.981851
vn -0.275181 -0.164961 0.947134
vn -0.630150 -0.528519 0.568840
vn -0.480503 -0.368378 0.795874
vn -0.717483 -0.635875 0.284397
vn -0.733088 -0.679521 -0.028856
vn -0.674960 -0.655095 -0.339529
vn -0.548800 -0.565044 -0.616072
vn -0.367463 -0.418453 -0.830583
vn -0.149570 -0.230007 -0.961627
vn 0.082437 -0.018745 -0.996420
vn 0.304965 0.194040 -0.932387
vn 0.496030 0.387213 -0.777187
vn 0.637541 0.542120 -0.547401
vn 0.716866 0.644307 -0.266403
vn 0.727647 0.684862 0.038653
vn 0.669698 0.660512 0.339453
vn 0.548651 0.573711 0.608142
vn 0.375471 0.432325 0.819827
vn 0.165641 0.249075 0.954214
vn -0.061488 0.041001 0.997265
vn -0.284223 -0.171860 0.943229
vn -0.710188 -0.426288 0.560278
vn -0.525738 -0.316113 0.789729
vn -0.824633 -0.494347 0.274958
vn -0.857338 -0.513365 -0.037794
vn -0.804853 -0.481424 -0.347047
vn -0.672371 -0.401683 -0.621746
vn -0.473300 -0.282211 -0.834472
vn -0.227617 -0.134932 -0.964357
vn 0.040025 0.025434 -0.998875
vn 0.303081 0.183044 -0.935220
vn 0.535822 0.322495 -0.780315
vn 0.715859 0.430346 -0.549862
vn 0.826114 0.496346 -0.266788
vn 0.856549 0.514389 0.041580
vn 0.804515 0.482880 0.345805
vn 0.675077 0.404872 0.616725
vn 0.480450 0.287739 0.828477
vn 0.238939 0.142518 0.960519
vn -0.026418 -0.016861 0.999509
vn -0.289949 -0.174931 0.940919
vn -0.751854 -0.348019 0.559998
vn -0.552898 -0.267336 0.789199
vn -0.876757 -0.394400 0.275218
vn -0.914995 -0.401780 -0.036834
vn -0.862674 -0.369399 -0.345455
vn -0.725001 -0.300484 -0.619745
vn -0.515875 -0.201988 -0.832510
vn -0.256134 -0.083691 -0.963012
vn 0.028346 0.042650 -0.998688
vn 0.309533 0.164609 -0.936532
vn 0.560079 0.270348 -0.783086
vn 0.755763 0.349648 -0.553686
vn 0.877850 0.394952 -0.270912
vn 0.914867 0.401969 0.037927
vn 0.863359 0.370096 0.342987
vn 0.728243 0.302380 0.615003
vn 0.522375 0.205247 0.827646
vn 0.265451 0.088031 0.960097
vn -0.017816 -0.037958 0.999121
vn -0.299842 -0.160436 0.940402
vn -0.780093 -0.275583 0.561701
vn -0.573358 -0.215729 0.790393
vn -0.909961 -0.308260 0.277392
vn -0.949953 -0.310492 -0.034422
vn -0.896032 -0.282032 -0.342905
vn -0.753656 -0.225740 -0.617288
vn -0.537143 -0.147258 -0.830537
vn -0.268040 -0.054385 -0.961872
vn 0.026940 0.043691 -0.998682
vn 0.318812 0.137344 -0.937814
vn 0.579268 0.217511 -0.785582
vn 0.783036 0.276423 -0.557176
vn 0.910647 0.308472 -0.274896
vn 0.949931 0.310603 0.034005
vn 0.897147 0.282623 0.339486
vn 0.757289 0.227217 0.612280
vn 0.543695 0.149656 0.825832
vn 0.276895 0.057431 0.959183
vn -0.017384 -0.040548 0.999026
vn -0.310415 -0.134694 0.941010
vn -0.799860 -0.206897 0.563398
vn -0.588762 -0.163707 0.791555
vn -0.932238 -0.229710 0.279580
vn -0.972697 -0.229880 -0.031887
vn -0.917197 -0.207378 -0.340212
vn -0.771324 -0.164458 -0.614827
vn -0.549666 -0.105375 -0.828712
vn -0.274227 -0.035989 -0.960992
vn 0.027735 0.036853 -0.998936
vn 0.326618 0.106023 -0.939191
vn 0.593356 0.164800 -0.787889
vn 0.802033 0.207477 -0.560087
vn 0.932645 0.229975 -0.278001
vn 0.972666 0.230118 0.031099
vn 0.918204 0.207905 0.337160
vn 0.774451 0.165473 0.610610
vn 0.555186 0.106898 0.824828
vn 0.281530 0.037841 0.958806
vn -0.019990 -0.034980 0.999188
vn -0.319926 -0.104445 0.941668
vn -0.810720 -0.156610 0.564098
vn -0.597760 -0.124769 0.791907
vn -0.944047 -0.173066 0.280755
vn -0.984545 -0.172502 -0.030238
vn -0.928219 -0.154981 -0.338216
vn -0.780675 -0.122234 -0.612866
vn -0.556530 -0.077499 -0.827205
vn -0.277949 -0.025177 -0.960266
vn 0.027638 0.029580 -0.999180
vn 0.330321 0.081419 -0.940350
vn 0.600535 0.125280 -0.789723
vn 0.811989 0.156898 -0.562189
vn 0.944260 0.173213 -0.279945
vn 0.984538 0.172661 0.029553
vn 0.928898 0.155274 0.336213
vn 0.782690 0.122744 0.610189
vn 0.560046 0.078230 0.824759
vn 0.282523 0.026045 0.958907
vn -0.022854 -0.028715 0.999326
vn -0.326207 -0.080686 0.941849
vn -0.815763 -0.127007 0.564269
vn -0.602207 -0.101373 0.791878
vn -0.949340 -0.140187 0.281249
vn -0.989769 -0.139612 -0.029412
vn -0.933084 -0.125339 -0.337111
vn -0.784895 -0.098778 -0.611705
vn -0.559783 -0.062534 -0.826276
vn -0.279907 -0.020176 -0.959815
vn 0.027257 0.024145 -0.999337
vn 0.331661 0.066093 -0.941081
vn 0.603537 0.101570 -0.790839
vn 0.816347 0.127112 -0.563400
vn 0.949422 0.140235 -0.280950
vn 0.989777 0.139666 0.028897
vn 0.933475 0.125457 0.335983
vn 0.785956 0.098983 0.610308
vn 0.561606 0.062835 0.825015
vn 0.282244 0.020530 0.959123
vn -0.024866 -0.023798 0.999407
vn -0.329637 -0.065806 0.941812
vn -0.817892 -0.112536 0.564259
vn -0.604192 -0.089557 0.791790
vn -0.951482 -0.124494 0.281395
vn -0.991825 -0.124253 -0.029050
vn -0.934986 -0.111839 -0.336592
vn -0.786571 -0.088469 -0.611130
vn -0.561131 -0.056437 -0.825801
vn -0.280764 -0.018880 -0.959591
vn 0.027017 0.020518 -0.999424
vn 0.332129 0.057904 -0.941455
vn 0.604692 0.089618 -0.791402
vn 0.818081 0.112567 -0.563978
vn 0.951485 0.124508 -0.281379
vn 0.991833 0.124271 0.028703
vn 0.935190 0.111881 0.336010
vn 0.787054 0.088545 0.610497
vn 0.561924 0.056549 0.825254
vn 0.281764 0.019012 0.959295
vn -0.026038 -0.020392 0.999453
vn -0.331331 -0.057804 0.941742
vn -0.818515 -0.108081 0.564227
vn -0.604819 -0.085795 0.791728
vn -0.952082 -0.119785 0.281410
vn -0.992381 -0.119760 -0.028932
vn -0.935505 -0.108008 -0.336399
vn -0.787036 -0.085682 -0.610928
vn -0.561522 -0.054968 -0.825634
vn -0.281047 -0.018872 -0.959508
vn 0.026895 0.019068 -0.999456
vn 0.332234 0.055142 -0.941584
vn 0.604996 0.085810 -0.791591
vn 0.818542 0.108083 -0.564187
vn 0.952053 0.119789 -0.281507
vn 0.992387 0.119767 0.028696
vn 0.935620 0.108024 0.336075
vn 0.787284 0.085713 0.610604
vn 0.561915 0.055017 0.825364
vn 0.281498 0.018928 0.959375
vn -0.026499 -0.019018 0.999468
vn -0.331920 -0.055106 0.941697
vn 0.590141 -0.063890 -0.804768
vn 0.314790 -0.026524 -0.948791
vn 0.314431 -0.028265 -0.948860
vn 0.589499 -0.067930 -0.804908
vn 0.008696 0.013426 -0.999872
vn 0.008657 0.014157 -0.999862
vn -0.298177 0.052053 -0.953090
vn -0.297875 0.055180 -0.953009
vn -0.575807 0.085579 -0.813094
vn -0.575205 0.090800 -0.812955
vn -0.797117 0.110735 -0.593584
vn -0.796249 0.117534 -0.593442
vn -0.940438 0.125060 -0.316127
vn -0.939434 0.132777 -0.315964
vn -0.991852 0.127161 -0.007730
vn -0.990810 0.135044 -0.007597
vn -0.946306 0.116831 0.301424
vn -0.945361 0.124116 0.301476
vn -0.808244 0.095076 0.581122
vn -0.807513 0.101053 0.581130
vn -0.591132 0.064022 0.804030
vn -0.590671 0.068103 0.804034
vn -0.316156 0.026705 0.948331
vn -0.316028 0.028491 0.948322
vn -0.010154 -0.013239 0.999861
vn -0.010388 -0.013920 0.999849
vn 0.296915 -0.051898 0.953493
vn 0.296368 -0.054982 0.953490
vn 0.574937 -0.085478 0.813721
vn 0.574149 -0.090664 0.813715
vn 0.796657 -0.110681 0.594212
vn 0.795718 -0.117467 0.594166
vn 0.940354 -0.125048 0.316383
vn 0.939322 -0.132760 0.316304
vn 0.991853 -0.127162 0.007580
vn 0.990813 -0.135036 0.007471
vn 0.946138 -0.116804 -0.301959
vn 0.945163 -0.124071 -0.302113
vn 0.807713 -0.094999 -0.581872
vn 0.806856 -0.100947 -0.582060
vn 0.313546 -0.032506 -0.949017
vn 0.587904 -0.077523 -0.805208
vn 0.008580 0.015680 -0.999840
vn -0.297108 0.062315 -0.952808
vn -0.573654 0.102843 -0.812616
vn -0.794042 0.133308 -0.593066
vn -0.936844 0.150748 -0.315594
vn -0.988128 0.153459 -0.007306
vn -0.942905 0.141185 0.301658
vn -0.805569 0.115118 0.581212
vn -0.589454 0.077792 0.804047
vn -0.315663 0.032850 0.948303
vn -0.010883 -0.015320 0.999823
vn 0.295077 -0.062005 0.953460
vn 0.572203 -0.102628 0.813665
vn 0.793337 -0.133202 0.594032
vn 0.936680 -0.150719 0.316092
vn 0.988131 -0.153444 0.007176
vn 0.942652 -0.141119 -0.302478
vn 0.804707 -0.114952 -0.582437
vn 0.312044 -0.038809 -0.949275
vn 0.585299 -0.091127 -0.805680
vn 0.008363 0.017286 -0.999816
vn -0.295984 0.071663 -0.952501
vn -0.571262 0.119014 -0.812094
vn -0.790609 0.154723 -0.592451
vn -0.932749 0.175319 -0.315029
vn -0.983860 0.178809 -0.006876
vn -0.938959 0.164845 0.301963
vn -0.802411 0.134792 0.581351
vn -0.587462 0.091566 0.804055
vn -0.315013 0.039376 0.948270
vn -0.011597 -0.016691 0.999794
vn 0.293091 -0.071145 0.953434
vn 0.569180 -0.118648 0.813607
vn 0.789582 -0.154532 0.593868
vn 0.932498 -0.175254 0.315807
vn 0.983869 -0.178766 0.006701
vn 0.938625 -0.164727 -0.303066
vn 0.801260 -0.134524 -0.582997
vn 0.309281 -0.048833 -0.949716
vn 0.580640 -0.111611 -0.806474
vn 0.007796 0.018692 -0.999795
vn -0.294224 0.084347 -0.952007
vn -0.567286 0.141723 -0.811234
vn -0.784800 0.185236 -0.591420
vn -0.925739 0.210675 -0.314044
vn -0.976464 0.215594 -0.006121
vn -0.932065 0.199496 0.302418
vn -0.796819 0.163952 0.581549
vn -0.583808 0.112406 0.804072
vn -0.313655 0.049857 0.948227
vn -0.012620 -0.017609 0.999765
vn 0.289865 -0.083390 0.953428
vn 0.564146 -0.141031 0.813541
vn 0.783192 -0.184854 0.593666
vn 0.925320 -0.210510 0.315386
vn 0.976489 -0.215485 0.005995
vn 0.931614 -0.199262 -0.303958
vn 0.795164 -0.163464 -0.583947
vn 0.303501 -0.066413 -0.950514
vn 0.571261 -0.145151 -0.807832
vn 0.006262 0.018775 -0.999804
vn -0.291243 0.102056 -0.951190
vn -0.559941 0.175292 -0.809777
vn -0.773823 0.231392 -0.589623
vn -0.912298 0.264966 -0.312259
vn -0.962068 0.272767 -0.004770
vn -0.918422 0.254081 0.303223
vn -0.785497 0.210679 0.581902
vn -0.576099 0.146766 0.804096
vn -0.310315 0.068486 0.948164
vn -0.013890 -0.016557 0.999766
vn 0.284257 -0.100056 0.953513
vn 0.554850 -0.173805 0.813593
vn 0.771112 -0.230507 0.593509
vn 0.911551 -0.264526 0.314804
vn 0.962148 -0.272482 0.004959
vn 0.917853 -0.253567 -0.305367
vn 0.783065 -0.209669 -0.585533
vn 0.290679 -0.099032 -0.951682
vn 0.551228 -0.201304 -0.809707
vn 0.001993 0.012812 -0.999916
vn -0.286389 0.123236 -0.950155
vn -0.546273 0.221452 -0.807802
vn -0.752677 0.298032 -0.587072
vn -0.885822 0.345633 -0.309609
vn -0.933059 0.359716 -0.002550
vn -0.890033 0.339018 0.304807
vn -0.760861 0.285474 0.582747
vn -0.557879 0.204240 0.804398
vn -0.300402 0.103035 0.948231
vn -0.013245 -0.008362 0.999877
vn 0.275769 -0.119136 0.953812
vn 0.538225 -0.218371 0.814019
vn 0.748119 -0.296249 0.593763
vn 0.884371 -0.344916 0.314517
vn 0.933149 -0.359469 0.003941
vn 0.889498 -0.338409 -0.307040
vn 0.757764 -0.283855 -0.587554
vn 0.266391 -0.151227 -0.951928
vn 0.515107 -0.280787 -0.809829
vn -0.008184 -0.006910 -0.999943
vn -0.281381 0.137842 -0.949644
vn -0.526360 0.268796 -0.806656
vn -0.719595 0.373342 -0.585490
vn -0.842748 0.441523 -0.307950
vn -0.884292 0.466932 -0.001199
vn -0.840534 0.447273 0.305697
vn -0.715603 0.384399 0.583224
vn -0.521372 0.284323 0.804570
vn -0.276214 0.156484 0.948271
vn -0.003690 0.013218 0.999906
vn 0.269772 -0.131586 0.953891
vn 0.517249 -0.263682 0.814202
vn 0.714225 -0.370008 0.594118
vn 0.840955 -0.439940 0.315037
vn 0.884560 -0.466405 0.004566
vn 0.840536 -0.446693 -0.306537
vn 0.713134 -0.382691 -0.587356
vn 0.228960 -0.198876 -0.952904
vn 0.452833 -0.369863 -0.811261
vn -0.016186 -0.008570 -0.999832
vn -0.258223 0.181933 -0.948800
vn -0.473839 0.353976 -0.806336
vn -0.643146 0.491418 -0.587257
vn -0.750927 0.581635 -0.312746
vn -0.787372 0.616416 -0.008768
vn -0.748973 0.592460 0.296700
vn -0.638623 0.511696 0.574741
vn -0.466132 0.381457 0.798256
vn -0.247337 0.213951 0.945013
vn -0.003300 0.025369 0.999673
vn 0.241971 -0.165770 0.956018
vn 0.463948 -0.340589 0.817772
vn 0.640341 -0.481876 0.598130
vn 0.753147 -0.575538 0.318631
vn 0.790766 -0.612079 0.006907
vn 0.749147 -0.587511 -0.305956
vn 0.632453 -0.504006 -0.588202
vn 0.218992 -0.202355 -0.954513
vn 0.364563 -0.444040 -0.818488
vn 0.053769 0.057727 -0.996883
vn -0.115239 0.311060 -0.943378
vn -0.272269 0.533659 -0.800674
vn -0.403017 0.705300 -0.583206
vn -0.495970 0.810484 -0.311656
vn -0.542668 0.839873 -0.011180
vn -0.538732 0.790632 0.290978
vn -0.483914 0.666731 0.566831
vn -0.382371 0.478784 0.790290
vn -0.242554 0.243469 0.939090
vn -0.077105 -0.017179 0.996875
vn 0.098067 -0.277880 0.955597
vn 0.264926 -0.511909 0.817168
vn 0.405426 -0.694601 0.594272
vn 0.504150 -0.806142 0.309788
vn 0.550472 -0.834830 -0.006276
vn 0.540188 -0.778113 -0.320526
vn 0.475631 -0.642916 -0.600361
vn 0.218870 -0.192727 -0.956531
vn 0.225034 -0.486457 -0.844227
vn 0.191684 0.117231 -0.974430
vn 0.146810 0.413618 -0.898536
vn 0.088899 0.668925 -0.737995
vn 0.023406 0.860404 -0.509074
vn -0.043801 0.971395 -0.233394
vn -0.106858 0.992234 0.063659
vn -0.160261 0.920966 0.355158
vn -0.199238 0.763426 0.614398
vn -0.220050 0.532828 0.817112
vn -0.220267 0.249331 0.943036
vn -0.199165 -0.060900 0.978072
vn -0.157811 -0.368020 0.916328
vn -0.099493 -0.640481 0.761502
vn -0.029789 -0.848926 0.527672
vn 0.043980 -0.970185 0.238342
vn 0.113243 -0.990669 -0.075836
vn 0.170120 -0.908594 -0.381465
vn 0.208543 -0.733907 -0.646445
vn 0.126143 -0.164934 -0.978205
vn -0.017788 -0.436517 -0.899520
vn 0.255364 0.120723 -0.959279
vn 0.357953 0.392186 -0.847384
vn 0.425243 0.624097 -0.655493
vn 0.451974 0.795742 -0.403129
vn 0.436579 0.892411 -0.114025
vn 0.380771 0.905870 0.185509
vn 0.289579 0.834908 0.468051
vn 0.171090 0.685675 0.707516
vn 0.035712 0.471230 0.881287
vn -0.104188 0.210960 0.971926
vn -0.235532 -0.070799 0.969284
vn -0.345429 -0.347194 0.871857
vn -0.422487 -0.590898 0.687274
vn -0.457915 -0.776884 0.432163
vn -0.446717 -0.885004 0.131193
vn -0.388916 -0.902598 -0.184557
vn -0.290375 -0.826796 -0.481758
vn -0.161797 -0.665438 -0.728707
vn 0.004289 -0.089675 -0.995962
vn -0.226131 -0.295062 -0.928334
vn 0.233103 0.124428 -0.964459
vn 0.437401 0.325801 -0.838173
vn 0.597579 0.494827 -0.630908
vn 0.699008 0.615501 -0.364070
vn 0.733198 0.677005 -0.063919
vn 0.697941 0.674200 0.241523
vn 0.596912 0.607596 0.523950
vn 0.439419 0.483382 0.757134
vn 0.239554 0.312642 0.919167
vn 0.015456 0.111152 0.993683
vn -0.211689 -0.101939 0.972006
vn -0.419671 -0.305645 0.854668
vn -0.587372 -0.479333 0.652099
vn -0.697351 -0.605294 0.383824
vn -0.737834 -0.670623 0.076585
vn -0.704200 -0.668769 -0.238433
vn -0.599649 -0.599957 -0.529597
vn -0.434579 -0.471048 -0.767629
vn -0.050113 -0.028340 -0.998342
vn -0.313407 -0.185942 -0.931237
vn 0.217533 0.131821 -0.967111
vn 0.463170 0.278802 -0.841275
vn 0.663017 0.398355 -0.633815
vn 0.798108 0.479107 -0.365349
vn 0.855846 0.513473 -0.062238
vn 0.831148 0.498360 0.246637
vn 0.726448 0.435232 0.531833
vn 0.551756 0.330111 0.765893
vn 0.323459 0.192929 0.926365
vn 0.063212 0.036721 0.997324
vn -0.203924 -0.123401 0.971178
vn -0.451829 -0.271737 0.849712
vn -0.655812 -0.393497 0.644260
vn -0.795364 -0.476484 0.374645
vn -0.856184 -0.512240 0.067527
vn -0.831957 -0.497154 -0.246344
vn -0.725060 -0.432717 -0.535765
vn -0.546165 -0.325361 -0.771909
vn -0.067536 0.000437 -0.997717
vn -0.346854 -0.124546 -0.929613
vn 0.217929 0.125186 -0.967903
vn 0.481606 0.237515 -0.843589
vn 0.697949 0.326566 -0.637355
vn 0.846276 0.383828 -0.369450
vn 0.912441 0.403831 -0.066111
vn 0.890302 0.384775 0.243539
vn 0.781962 0.328439 0.529776
vn 0.597823 0.240242 0.764782
vn 0.355358 0.128591 0.925843
vn 0.077870 0.004231 0.996955
vn -0.207717 -0.120742 0.970709
vn -0.473426 -0.234058 0.849167
vn -0.692936 -0.324474 0.643860
vn -0.844358 -0.382957 0.374704
vn -0.912378 -0.403613 0.068283
vn -0.890119 -0.384317 -0.244925
vn -0.779755 -0.327010 -0.533898
vn -0.592413 -0.237428 -0.769854
vn -0.072489 0.011015 -0.997308
vn -0.362019 -0.086375 -0.928160
vn 0.223687 0.107187 -0.968749
vn 0.497612 0.192768 -0.845708
vn 0.722744 0.259485 -0.640553
vn 0.877517 0.300968 -0.373339
vn 0.947087 0.313231 -0.070095
vn 0.924855 0.295130 0.239879
vn 0.812915 0.248397 0.526752
vn 0.621987 0.177513 0.762641
vn 0.370257 0.089261 0.924631
vn 0.082015 -0.007837 0.996600
vn -0.214686 -0.104307 0.971097
vn -0.490755 -0.190667 0.850180
vn -0.718833 -0.258343 0.645397
vn -0.876206 -0.300586 0.376711
vn -0.947072 -0.313152 0.070641
vn -0.924318 -0.294756 -0.242393
vn -0.810245 -0.247247 -0.531386
vn -0.616354 -0.175399 -0.767687
vn -0.074049 0.012630 -0.997175
vn -0.370411 -0.059868 -0.926937
vn 0.229177 0.083817 -0.969769
vn 0.509704 0.146769 -0.847738
vn 0.740273 0.195353 -0.643298
vn 0.898726 0.224928 -0.376429
vn 0.969817 0.232633 -0.073057
vn 0.946706 0.217743 0.237352
vn 0.831598 0.181678 0.524821
vn 0.635496 0.127916 0.761435
vn 0.377240 0.061638 0.924062
vn 0.081818 -0.010727 0.996590
vn -0.221976 -0.082112 0.971589
vn -0.504330 -0.145500 0.851164
vn -0.737324 -0.194614 0.646899
vn -0.897837 -0.224597 0.378742
vn -0.969860 -0.232434 0.073118
vn -0.946191 -0.217341 -0.239761
vn -0.829237 -0.180834 -0.528834
vn -0.630728 -0.126553 -0.765615
vn -0.075386 0.011391 -0.997089
vn -0.375250 -0.043164 -0.925918
vn 0.231605 0.064797 -0.970649
vn 0.515789 0.111850 -0.849383
vn 0.749423 0.147960 -0.645347
vn 0.909927 0.169640 -0.378490
vn 0.981765 0.174785 -0.074756
vn 0.957955 0.162897 0.236193
vn 0.840792 0.135136 0.524221
vn 0.641548 0.094173 0.761280
vn 0.379543 0.043999 0.924127
vn 0.080214 -0.010507 0.996722
vn -0.227197 -0.064011 0.971743
vn -0.512526 -0.111263 0.851433
vn -0.747679 -0.147606 0.647448
vn -0.909436 -0.169455 0.379751
vn -0.981798 -0.174649 0.074642
vn -0.957589 -0.162662 -0.237834
vn -0.839247 -0.134694 -0.526804
vn -0.638526 -0.093511 -0.763898
vn -0.076321 0.009423 -0.997039
vn -0.377679 -0.034732 -0.925285
vn 0.232359 0.052640 -0.971205
vn 0.518270 0.090704 -0.850393
vn 0.753397 0.119889 -0.646544
vn 0.914892 0.137359 -0.379613
vn 0.987062 0.141414 -0.075574
vn 0.962835 0.131661 0.235828
vn 0.844560 0.109045 0.524240
vn 0.643723 0.075765 0.761499
vn 0.379882 0.035072 0.924370
vn 0.078756 -0.009067 0.996853
vn -0.230191 -0.052328 0.971737
vn -0.516696 -0.090478 0.851375
vn -0.752581 -0.119760 0.647518
vn -0.914688 -0.137297 0.380124
vn -0.987084 -0.141367 0.075368
vn -0.962615 -0.131568 -0.236777
vn -0.843732 -0.108868 -0.525609
vn -0.642142 -0.075496 -0.762859
vn -0.076786 0.007420 -0.997020
vn -0.378714 -0.031793 -0.924968
vn 0.232591 0.045898 -0.971491
vn 0.519203 0.079887 -0.850909
vn 0.754976 0.106056 -0.647119
vn 0.916886 0.121849 -0.380096
vn 0.989159 0.125730 -0.075878
vn 0.964700 0.117314 0.235780
vn 0.845883 0.097421 0.524396
vn 0.644317 0.068002 0.761729
vn 0.379658 0.031922 0.924576
vn 0.077797 -0.007289 0.996943
vn -0.231719 -0.045789 0.971705
vn -0.518602 -0.079812 0.851282
vn -0.754695 -0.106015 0.647454
vn -0.916846 -0.121836 0.380198
vn -0.989175 -0.125718 0.075680
vn -0.964583 -0.117280 -0.236274
vn -0.845490 -0.097354 -0.525043
vn -0.643590 -0.067896 -0.762353
vn -0.076961 0.006449 -0.997013
vn -0.379034 -0.031289 -0.924854
vn 0.232619 0.043547 -0.971593
vn 0.519423 0.076386 -0.851096
vn 0.755401 0.101753 -0.647314
vn 0.917443 0.117158 -0.380228
vn 0.989730 0.121104 -0.075955
vn 0.965187 0.113199 0.235798
vn 0.846178 0.094215 0.524505
vn 0.644373 0.066013 0.761856
vn 0.379463 0.031344 0.924676
vn 0.077400 -0.006392 0.996980
vn -0.232259 -0.043507 0.971680
vn -0.519211 -0.076362 0.851228
vn -0.755331 -0.101739 0.647398
vn -0.917462 -0.117157 0.380182
vn -0.989745 -0.121101 0.075760
vn -0.965117 -0.113180 -0.236091
vn -0.845977 -0.094179 -0.524837
vn -0.644001 -0.065962 -0.762176
s 1
g Lamp Pillar_1 sweep1 Lamp_Rope
usemtl openPBRSurface2SG
f 79/131/143 80/132/144 100/153/145 99/152/146
f 80/132/144 81/133/147 101/154/148 100/153/145
f 81/133/147 82/134/149 102/155/150 101/154/148
f 82/134/149 83/135/151 103/156/152 102/155/150
f 83/135/151 84/136/153 104/157/154 103/156/152
f 84/136/153 85/137/155 105/158/156 104/157/154
f 85/137/155 86/138/157 106/159/158 105/158/156
f 86/138/157 87/139/159 107/160/160 106/159/158
f 87/139/159 88/140/161 108/161/162 107/160/160
f 88/140/161 89/141/163 109/162/164 108/161/162
f 89/141/163 90/142/165 110/163/166 109/162/164
f 90/142/165 91/143/167 111/164/168 110/163/166
f 91/143/167 92/144/169 112/165/170 111/164/168
f 92/144/169 93/145/171 113/166/172 112/165/170
f 93/145/171 94/146/173 114/167/174 113/166/172
f 94/146/173 95/147/175 115/168/176 114/167/174
f 95/147/175 96/148/177 116/169/178 115/168/176
f 96/148/177 97/149/179 117/170/180 116/169/178
f 97/149/179 98/150/181 118/171/182 117/170/180
f 98/150/181 79/151/143 99/172/146 118/171/182
f 99/152/146 100/153/145 120/174/183 119/173/184
f 100/153/145 101/154/148 121/175/185 120/174/183
f 101/154/148 102/155/150 122/176/186 121/175/185
f 102/155/150 103/156/152 123/177/187 122/176/186
f 103/156/152 104/157/154 124/178/188 123/177/187
f 104/157/154 105/158/156 125/179/189 124/178/188
f 105/158/156 106/159/158 126/180/190 125/179/189
f 106/159/158 107/160/160 127/181/191 126/180/190
f 107/160/160 108/161/162 128/182/192 127/181/191
f 108/161/162 109/162/164 129/183/193 128/182/192
f 109/162/164 110/163/166 130/184/194 129/183/193
f 110/163/166 111/164/168 131/185/195 130/184/194
f 111/164/168 112/165/170 132/186/196 131/185/195
f 112/165/170 113/166/172 133/187/197 132/186/196
f 113/166/172 114/167/174 134/188/198 133/187/197
f 114/167/174 115/168/176 135/189/199 134/188/198
f 115/168/176 116/169/178 136/190/200 135/189/199
f 116/169/178 117/170/180 137/191/201 136/190/200
f 117/170/180 118/171/182 138/192/202 137/191/201
f 118/171/182 99/172/146 119/193/184 138/192/202
f 119/173/184 120/174/183 140/195/203 139/194/204
f 120/174/183 121/175/185 141/196/205 140/195/203
f 121/175/185 122/176/186 142/197/206 141/196/205
f 122/176/186 123/177/187 143/198/207 142/197/206
f 123/177/187 124/178/188 144/199/208 143/198/207
f 124/178/188 125/179/189 145/200/209 144/199/208
f 125/179/189 126/180/190 146/201/210 145/200/209
f 126/180/190 127/181/191 147/202/211 146/201/210
f 127/181/191 128/182/192 148/203/212 147/202/211
f 128/182/192 129/183/193 149/204/213 148/203/212
f 129/183/193 130/184/194 150/205/214 149/204/213
f 130/184/194 131/185/195 151/206/215 150/205/214
f 131/185/195 132/186/196 152/207/216 151/206/215
f 132/186/196 133/187/197 153/208/217 152/207/216
f 133/187/197 134/188/198 154/209/218 153/208/217
f 134/188/198 135/189/199 155/210/219 154/209/218
f 135/189/199 136/190/200 156/211/220 155/210/219
f 136/190/200 137/191/201 157/212/221 156/211/220
f 137/191/201 138/192/202 158/213/222 157/212/221
f 138/192/202 119/193/184 139/214/204 158/213/222
f 139/194/204 140/195/203 160/216/223 159/215/224
f 140/195/203 141/196/205 161/217/225 160/216/223
f 141/196/205 142/197/206 162/218/226 161/217/225
f 142/197/206 143/198/207 163/219/227 162/218/226
f 143/198/207 144/199/208 164/220/228 163/219/227
f 144/199/208 145/200/209 165/221/229 164/220/228
f 145/200/209 146/201/210 166/222/230 165/221/229
f 146/201/210 147/202/211 167/223/231 166/222/230
f 147/202/211 148/203/212 168/224/232 167/223/231
f 148/203/212 149/204/213 169/225/233 168/224/232
f 149/204/213 150/205/214 170/226/234 169/225/233
f 150/205/214 151/206/215 171/227/235 170/226/234
f 151/206/215 152/207/216 172/228/236 171/227/235
f 152/207/216 153/208/217 173/229/237 172/228/236
f 153/208/217 154/209/218 174/230/238 173/229/237
f 154/209/218 155/210/219 175/231/239 174/230/238
f 155/210/219 156/211/220 176/232/240 175/231/239
f 156/211/220 157/212/221 177/233/241 176/232/240
f 157/212/221 158/213/222 178/234/242 177/233/241
f 158/213/222 139/214/204 159/235/224 178/234/242
f 159/215/224 160/216/223 180/237/243 179/236/244
f 160/216/223 161/217/225 181/238/245 180/237/243
f 161/217/225 162/218/226 182/239/246 181/238/245
f 162/218/226 163/219/227 183/240/247 182/239/246
f 163/219/227 164/220/228 184/241/248 183/240/247
f 164/220/228 165/221/229 185/242/249 184/241/248
f 165/221/229 166/222/230 186/243/250 185/242/249
f 166/222/230 167/223/231 187/244/251 186/243/250
f 167/223/231 168/224/232 188/245/252 187/244/251
f 168/224/232 169/225/233 189/246/253 188/245/252
f 169/225/233 170/226/234 190/247/254 189/246/253
f 170/226/234 171/227/235 191/248/255 190/247/254
f 171/227/235 172/228/236 192/249/256 191/248/255
f 172/228/236 173/229/237 193/250/257 192/249/256
f 173/229/237 174/230/238 194/251/258 193/250/257
f 174/230/238 175/231/239 195/252/259 194/251/258
f 175/231/239 176/232/240 196/253/260 195/252/259
f 176/232/240 177/233/241 197/254/261 196/253/260
f 177/233/241 178/234/242 198/255/262 197/254/261
f 178/234/242 159/235/224 179/256/244 198/255/262
f 179/236/244 180/237/243 200/258/263 199/257/264
f 180/237/243 181/238/245 201/259/265 200/258/263
f 181/238/245 182/239/246 202/260/266 201/259/265
f 182/239/246 183/240/247 203/261/267 202/260/266
f 183/240/247 184/241/248 204/262/268 203/261/267
f 184/241/248 185/242/249 205/263/269 204/262/268
f 185/242/249 186/243/250 206/264/270 205/263/269
f 186/243/250 187/244/251 207/265/271 206/264/270
f 187/244/251 188/245/252 208/266/272 207/265/271
f 188/245/252 189/246/253 209/267/273 208/266/272
f 189/246/253 190/247/254 210/268/274 209/267/273
f 190/247/254 191/248/255 211/269/275 210/268/274
f 191/248/255 192/249/256 212/270/276 211/269/275
f 192/249/256 193/250/257 213/271/277 212/270/276
f 193/250/257 194/251/258 214/272/278 213/271/277
f 194/251/258 195/252/259 215/273/279 214/272/278
f 195/252/259 196/253/260 216/274/280 215/273/279
f 196/253/260 197/254/261 217/275/281 216/274/280
f 197/254/261 198/255/262 218/276/282 217/275/281
f 198/255/262 179/256/244 199/277/264 218/276/282
f 199/257/264 200/258/263 220/279/283 219/278/284
f 200/258/263 201/259/265 221/280/285 220/279/283
f 201/259/265 202/260/266 222/281/286 221/280/285
f 202/260/266 203/261/267 223/282/287 222/281/286
f 203/261/267 204/262/268 224/283/288 223/282/287
f 204/262/268 205/263/269 225/284/289 224/283/288
f 205/263/269 206/264/270 226/285/290 225/284/289
f 206/264/270 207/265/271 227/286/291 226/285/290
f 207/265/271 208/266/272 228/287/292 227/286/291
f 208/266/272 209/267/273 229/288/293 228/287/292
f 209/267/273 210/268/274 230/289/294 229/288/293
f 210/268/274 211/269/275 231/290/295 230/289/294
f 211/269/275 212/270/276 232/291/296 231/290/295
f 212/270/276 213/271/277 233/292/297 232/291/296
f 213/271/277 214/272/278 234/293/298 233/292/297
f 214/272/278 215/273/279 235/294/299 234/293/298
f 215/273/279 216/274/280 236/295/300 235/294/299
f 216/274/280 217/275/281 237/296/301 236/295/300
f 217/275/281 218/276/282 238/297/302 237/296/301
f 218/276/282 199/277/264 219/298/284 238/297/302
f 219/278/284 220/279/283 240/300/303 239/299/304
f 220/279/283 221/280/285 241/301/305 240/300/303
f 221/280/285 222/281/286 242/302/306 241/301/305
f 222/281/286 223/282/287 243/303/307 242/302/306
f 223/282/287 224/283/288 244/304/308 243/303/307
f 224/283/288 225/284/289 245/305/309 244/304/308
f 225/284/289 226/285/290 246/306/310 245/305/309
f 226/285/290 227/286/291 247/307/311 246/306/310
f 227/286/291 228/287/292 248/308/312 247/307/311
f 228/287/292 229/288/293 249/309/313 248/308/312
f 229/288/293 230/289/294 250/310/314 249/309/313
f 230/289/294 231/290/295 251/311/315 250/310/314
f 231/290/295 232/291/296 252/312/316 251/311/315
f 232/291/296 233/292/297 253/313/317 252/312/316
f 233/292/297 234/293/298 254/314/318 253/313/317
f 234/293/298 235/294/299 255/315/319 254/314/318
f 235/294/299 236/295/300 256/316/320 255/315/319
f 236/295/300 237/296/301 257/317/321 256/316/320
f 237/296/301 238/297/302 258/318/322 257/317/321
f 238/297/302 219/298/284 239/319/304 258/318/322
f 239/299/304 240/300/303 260/321/323 259/320/324
f 240/300/303 241/301/305 261/322/325 260/321/323
f 241/301/305 242/302/306 262/323/326 261/322/325
f 242/302/306 243/303/307 263/324/327 262/323/326
f 243/303/307 244/304/308 264/325/328 263/324/327
f 244/304/308 245/305/309 265/326/329 264/325/328
f 245/305/309 246/306/310 266/327/330 265/326/329
f 246/306/310 247/307/311 267/328/331 266/327/330
f 247/307/311 248/308/312 268/329/332 267/328/331
f 248/308/312 249/309/313 269/330/333 268/329/332
f 249/309/313 250/310/314 270/331/334 269/330/333
f 250/310/314 251/311/315 271/332/335 270/331/334
f 251/311/315 252/312/316 272/333/336 271/332/335
f 252/312/316 253/313/317 273/334/337 272/333/336
f 253/313/317 254/314/318 274/335/338 273/334/337
f 254/314/318 255/315/319 275/336/339 274/335/338
f 255/315/319 256/316/320 276/337/340 275/336/339
f 256/316/320 257/317/321 277/338/341 276/337/340
f 257/317/321 258/318/322 278/339/342 277/338/341
f 258/318/322 239/319/304 259/340/324 278/339/342
f 259/320/324 260/321/323 280/342/343 279/341/344
f 260/321/323 261/322/325 281/343/345 280/342/343
f 261/322/325 262/323/326 282/344/346 281/343/345
f 262/323/326 263/324/327 283/345/347 282/344/346
f 263/324/327 264/325/328 284/346/348 283/345/347
f 264/325/328 265/326/329 285/347/349 284/346/348
f 265/326/329 266/327/330 286/348/350 285/347/349
f 266/327/330 267/328/331 287/349/351 286/348/350
f 267/328/331 268/329/332 288/350/352 287/349/351
f 268/329/332 269/330/333 289/351/353 288/350/352
f 269/330/333 270/331/334 290/352/354 289/351/353
f 270/331/334 271/332/335 291/353/355 290/352/354
f 271/332/335 272/333/336 292/354/356 291/353/355
f 272/333/336 273/334/337 293/355/357 292/354/356
f 273/334/337 274/335/338 294/356/358 293/355/357
f 274/335/338 275/336/339 295/357/359 294/356/358
f 275/336/339 276/337/340 296/358/360 295/357/359
f 276/337/340 277/338/341 297/359/361 296/358/360
f 277/338/341 278/339/342 298/360/362 297/359/361
f 278/339/342 259/340/324 279/361/344 298/360/362
f 279/341/344 280/342/343 300/363/363 299/362/364
f 280/342/343 281/343/345 301/364/365 300/363/363
f 281/343/345 282/344/346 302/365/366 301/364/365
f 282/344/346 283/345/347 303/366/367 302/365/366
f 283/345/347 284/346/348 304/367/368 303/366/367
f 284/346/348 285/347/349 305/368/369 304/367/368
f 285/347/349 286/348/350 306/369/370 305/368/369
f 286/348/350 287/349/351 307/370/371 306/369/370
f 287/349/351 288/350/352 308/371/372 307/370/371
f 288/350/352 289/351/353 309/372/373 308/371/372
f 289/351/353 290/352/354 310/373/374 309/372/373
f 290/352/354 291/353/355 311/374/375 310/373/374
f 291/353/355 292/354/356 312/375/376 311/374/375
f 292/354/356 293/355/357 313/376/377 312/375/376
f 293/355/357 294/356/358 314/377/378 313/376/377
f 294/356/358 295/357/359 315/378/379 314/377/378
f 295/357/359 296/358/360 316/379/380 315/378/379
f 296/358/360 297/359/361 317/380/381 316/379/380
f 297/359/361 298/360/362 318/381/382 317/380/381
f 298/360/362 279/361/344 299/382/364 318/381/382
f 299/362/364 300/363/363 320/384/383 319/383/384
f 300/363/363 301/364/365 321/385/385 320/384/383
f 301/364/365 302/365/366 322/386/386 321/385/385
f 302/365/366 303/366/367 323/387/387 322/386/386
f 303/366/367 304/367/368 324/388/388 323/387/387
f 304/367/368 305/368/369 325/389/389 324/388/388
f 305/368/369 306/369/370 326/390/390 325/389/389
f 306/369/370 307/370/371 327/391/391 326/390/390
f 307/370/371 308/371/372 328/392/392 327/391/391
f 308/371/372 309/372/373 329/393/393 328/392/392
f 309/372/373 310/373/374 330/394/394 329/393/393
f 310/373/374 311/374/375 331/395/395 330/394/394
f 311/374/375 312/375/376 332/396/396 331/395/395
f 312/375/376 313/376/377 333/397/397 332/396/396
f 313/376/377 314/377/378 334/398/398 333/397/397
f 314/377/378 315/378/379 335/399/399 334/398/398
f 315/378/379 316/379/380 336/400/400 335/399/399
f 316/379/380 317/380/381 337/401/401 336/400/400
f 317/380/381 318/381/382 338/402/402 337/401/401
f 318/381/382 299/382/364 319/403/384 338/402/402
f 319/383/384 320/384/383 340/405/403 339/404/404
f 320/384/383 321/385/385 341/406/405 340/405/403
f 321/385/385 322/386/386 342/407/406 341/406/405
f 322/386/386 323/387/387 343/408/407 342/407/406
f 323/387/387 324/388/388 344/409/408 343/408/407
f 324/388/388 325/389/389 345/410/409 344/409/408
f 325/389/389 326/390/390 346/411/410 345/410/409
f 326/390/390 327/391/391 347/412/411 346/411/410
f 327/391/391 328/392/392 348/413/412 347/412/411
f 328/392/392 329/393/393 349/414/413 348/413/412
f 329/393/393 330/394/394 350/415/414 349/414/413
f 330/394/394 331/395/395 351/416/415 350/415/414
f 331/395/395 332/396/396 352/417/416 351/416/415
f 332/396/396 333/397/397 353/418/417 352/417/416
f 333/397/397 334/398/398 354/419/418 353/418/417
f 334/398/398 335/399/399 355/420/419 354/419/418
f 335/399/399 336/400/400 356/421/420 355/420/419
f 336/400/400 337/401/401 357/422/421 356/421/420
f 337/401/401 338/402/402 358/423/422 357/422/421
f 338/402/402 319/403/384 339/424/404 358/423/422
f 339/404/404 340/405/403 360/426/423 359/425/424
f 340/405/403 341/406/405 361/427/425 360/426/423
f 341/406/405 342/407/406 362/428/426 361/427/425
f 342/407/406 343/408/407 363/429/427 362/428/426
f 343/408/407 344/409/408 364/430/428 363/429/427
f 344/409/408 345/410/409 365/431/429 364/430/428
f 345/410/409 346/411/410 366/432/430 365/431/429
f 346/411/410 347/412/411 367/433/431 366/432/430
f 347/412/411 348/413/412 368/434/432 367/433/431
f 348/413/412 349/414/413 369/435/433 368/434/432
f 349/414/413 350/415/414 370/436/434 369/435/433
f 350/415/414 351/416/415 371/437/435 370/436/434
f 351/416/415 352/417/416 372/438/436 371/437/435
f 352/417/416 353/418/417 373/439/437 372/438/436
f 353/418/417 354/419/418 374/440/438 373/439/437
f 354/419/418 355/420/419 375/441/439 374/440/438
f 355/420/419 356/421/420 376/442/440 375/441/439
f 356/421/420 357/422/421 377/443/441 376/442/440
f 357/422/421 358/423/422 378/444/442 377/443/441
f 358/423/422 339/424/404 359/445/424 378/444/442
f 359/425/424 360/426/423 380/447/443 379/446/444
f 360/426/423 361/427/425 381/448/445 380/447/443
f 361/427/425 362/428/426 382/449/446 381/448/445
f 362/428/426 363/429/427 383/450/447 382/449/446
f 363/429/427 364/430/428 384/451/448 383/450/447
f 364/430/428 365/431/429 385/452/449 384/451/448
f 365/431/429 366/432/430 386/453/450 385/452/449
f 366/432/430 367/433/431 387/454/451 386/453/450
f 367/433/431 368/434/432 388/455/452 387/454/451
f 368/434/432 369/435/433 389/456/453 388/455/452
f 369/435/433 370/436/434 390/457/454 389/456/453
f 370/436/434 371/437/435 391/458/455 390/457/454
f 371/437/435 372/438/436 392/459/456 391/458/455
f 372/438/436 373/439/437 393/460/457 392/459/456
f 373/439/437 374/440/438 394/461/458 393/460/457
f 374/440/438 375/441/439 395/462/459 394/461/458
f 375/441/439 376/442/440 396/463/460 395/462/459
f 376/442/440 377/443/441 397/464/461 396/463/460
f 377/443/441 378/444/442 398/465/462 397/464/461
f 378/444/442 359/445/424 379/466/444 398/465/462
f 379/446/444 380/447/443 400/468/463 399/467/464
f 380/447/443 381/448/445 401/469/465 400/468/463
f 381/448/445 382/449/446 402/470/466 401/469/465
f 382/449/446 383/450/447 403/471/467 402/470/466
f 383/450/447 384/451/448 404/472/468 403/471/467
f 384/451/448 385/452/449 405/473/469 404/472/468
f 385/452/449 386/453/450 406/474/470 405/473/469
f 386/453/450 387/454/451 407/475/471 406/474/470
f 387/454/451 388/455/452 408/476/472 407/475/471
f 388/455/452 389/456/453 409/477/473 408/476/472
f 389/456/453 390/457/454 410/478/474 409/477/473
f 390/457/454 391/458/455 411/479/475 410/478/474
f 391/458/455 392/459/456 412/480/476 411/479/475
f 392/459/456 393/460/457 413/481/477 412/480/476
f 393/460/457 394/461/458 414/482/478 413/481/477
f 394/461/458 395/462/459 415/483/479 414/482/478
f 395/462/459 396/463/460 416/484/480 415/483/479
f 396/463/460 397/464/461 417/485/481 416/484/480
f 397/464/461 398/465/462 418/486/482 417/485/481
f 398/465/462 379/466/444 399/487/464 418/486/482
f 399/467/464 400/468/463 420/489/483 419/488/484
f 400/468/463 401/469/465 421/490/485 420/489/483
f 401/469/465 402/470/466 422/491/486 421/490/485
f 402/470/466 403/471/467 423/492/487 422/491/486
f 403/471/467 404/472/468 424/493/488 423/492/487
f 404/472/468 405/473/469 425/494/489 424/493/488
f 405/473/469 406/474/470 426/495/490 425/494/489
f 406/474/470 407/475/471 427/496/491 426/495/490
f 407/475/471 408/476/472 428/497/492 427/496/491
f 408/476/472 409/477/473 429/498/493 428/497/492
f 409/477/473 410/478/474 430/499/494 429/498/493
f 410/478/474 411/479/475 431/500/495 430/499/494
f 411/479/475 412/480/476 432/501/496 431/500/495
f 412/480/476 413/481/477 433/502/497 432/501/496
f 413/481/477 414/482/478 434/503/498 433/502/497
f 414/482/478 415/483/479 435/504/499 434/503/498
f 415/483/479 416/484/480 436/505/500 435/504/499
f 416/484/480 417/485/481 437/506/501 436/505/500
f 417/485/481 418/486/482 438/507/502 437/506/501
f 418/486/482 399/487/464 419/508/484 438/507/502
f 419/488/484 420/489/483 440/510/503 439/509/504
f 420/489/483 421/490/485 441/511/505 440/510/503
f 421/490/485 422/491/486 442/512/506 441/511/505
f 422/491/486 423/492/487 443/513/507 442/512/506
f 423/492/487 424/493/488 444/514/508 443/513/507
f 424/493/488 425/494/489 445/515/509 444/514/508
f 425/494/489 426/495/490 446/516/510 445/515/509
f 426/495/490 427/496/491 447/517/511 446/516/510
f 427/496/491 428/497/492 448/518/512 447/517/511
f 428/497/492 429/498/493 449/519/513 448/518/512
f 429/498/493 430/499/494 450/520/514 449/519/513
f 430/499/494 431/500/495 451/521/515 450/520/514
f 431/500/495 432/501/496 452/522/516 451/521/515
f 432/501/496 433/502/497 453/523/517 452/522/516
f 433/502/497 434/503/498 454/524/518 453/523/517
f 434/503/498 435/504/499 455/525/519 454/524/518
f 435/504/499 436/505/500 456/526/520 455/525/519
f 436/505/500 437/506/501 457/527/521 456/526/520
f 437/506/501 438/507/502 458/528/522 457/527/521
f 438/507/502 419/508/484 439/529/504 458/528/522
f 439/509/504 440/510/503 460/531/523 459/530/524
f 440/510/503 441/511/505 461/532/525 460/531/523
f 441/511/505 442/512/506 462/533/526 461/532/525
f 442/512/506 443/513/507 463/534/527 462/533/526
f 443/513/507 444/514/508 464/535/528 463/534/527
f 444/514/508 445/515/509 465/536/529 464/535/528
f 445/515/509 446/516/510 466/537/530 465/536/529
f 446/516/510 447/517/511 467/538/531 466/537/530
f 447/517/511 448/518/512 468/539/532 467/538/531
f 448/518/512 449/519/513 469/540/533 468/539/532
f 449/519/513 450/520/514 470/541/534 469/540/533
f 450/520/514 451/521/515 471/542/535 470/541/534
f 451/521/515 452/522/516 472/543/536 471/542/535
f 452/522/516 453/523/517 473/544/537 472/543/536
f 453/523/517 454/524/518 474/545/538 473/544/537
f 454/524/518 455/525/519 475/546/539 474/545/538
f 455/525/519 456/526/520 476/547/540 475/546/539
f 456/526/520 457/527/521 477/548/541 476/547/540
f 457/527/521 458/528/522 478/549/542 477/548/541
f 458/528/522 439/529/504 459/550/524 478/549/542
f 459/530/524 460/531/523 480/552/543 479/551/544
f 460/531/523 461/532/525 481/553/545 480/552/543
f 461/532/525 462/533/526 482/554/546 481/553/545
f 462/533/526 463/534/527 483/555/547 482/554/546
f 463/534/527 464/535/528 484/556/548 483/555/547
f 464/535/528 465/536/529 485/557/549 484/556/548
f 465/536/529 466/537/530 486/558/550 485/557/549
f 466/537/530 467/538/531 487/559/551 486/558/550
f 467/538/531 468/539/532 488/560/552 487/559/551
f 468/539/532 469/540/533 489/561/553 488/560/552
f 469/540/533 470/541/534 490/562/554 489/561/553
f 470/541/534 471/542/535 491/563/555 490/562/554
f 471/542/535 472/543/536 492/564/556 491/563/555
f 472/543/536 473/544/537 493/565/557 492/564/556
f 473/544/537 474/545/538 494/566/558 493/565/557
f 474/545/538 475/546/539 495/567/559 494/566/558
f 475/546/539 476/547/540 496/568/560 495/567/559
f 476/547/540 477/548/541 497/569/561 496/568/560
f 477/548/541 478/549/542 498/570/562 497/569/561
f 478/549/542 459/550/524 479/571/544 498/570/562
s 2
f 499/572/563 500/573/564 520/594/565 519/593/566
f 500/573/564 501/574/567 521/595/568 520/594/565
f 501/574/567 502/575/569 522/596/570 521/595/568
f 502/575/569 503/576/571 523/597/572 522/596/570
f 503/576/571 504/577/573 524/598/574 523/597/572
f 504/577/573 505/578/575 525/599/576 524/598/574
f 505/578/575 506/579/577 526/600/578 525/599/576
f 506/579/577 507/580/579 527/601/580 526/600/578
f 507/580/579 508/581/581 528/602/582 527/601/580
f 508/581/581 509/582/583 529/603/584 528/602/582
f 509/582/583 510/583/585 530/604/586 529/603/584
f 510/583/585 511/584/587 531/605/588 530/604/586
f 511/584/587 512/585/589 532/606/590 531/605/588
f 512/585/589 513/586/591 533/607/592 532/606/590
f 513/586/591 514/587/593 534/608/594 533/607/592
f 514/587/593 515/588/595 535/609/596 534/608/594
f 515/588/595 516/589/597 536/610/598 535/609/596
f 516/589/597 517/590/599 537/611/600 536/610/598
f 517/590/599 518/591/601 538/612/602 537/611/600
f 518/591/601 499/592/563 519/613/566 538/612/602
f 519/593/566 520/594/565 540/615/603 539/614/604
f 520/594/565 521/595/568 541/616/605 540/615/603
f 521/595/568 522/596/570 542/617/606 541/616/605
f 522/596/570 523/597/572 543/618/607 542/617/606
f 523/597/572 524/598/574 544/619/608 543/618/607
f 524/598/574 525/599/576 545/620/609 544/619/608
f 525/599/576 526/600/578 546/621/610 545/620/609
f 526/600/578 527/601/580 547/622/611 546/621/610
f 527/601/580 528/602/582 548/623/612 547/622/611
f 528/602/582 529/603/584 549/624/613 548/623/612
f 529/603/584 530/604/586 550/625/614 549/624/613
f 530/604/586 531/605/588 551/626/615 550/625/614
f 531/605/588 532/606/590 552/627/616 551/626/615
f 532/606/590 533/607/592 553/628/617 552/627/616
f 533/607/592 534/608/594 554/629/618 553/628/617
f 534/608/594 535/609/596 555/630/619 554/629/618
f 535/609/596 536/610/598 556/631/620 555/630/619
f 536/610/598 537/611/600 557/632/621 556/631/620
f 537/611/600 538/612/602 558/633/622 557/632/621
f 538/612/602 519/613/566 539/634/604 558/633/622
f 539/614/604 540/615/603 560/636/623 559/635/624
f 540/615/603 541/616/605 561/637/625 560/636/623
f 541/616/605 542/617/606 562/638/626 561/637/625
f 542/617/606 543/618/607 563/639/627 562/638/626
f 543/618/607 544/619/608 564/640/628 563/639/627
f 544/619/608 545/620/609 565/641/629 564/640/628
f 545/620/609 546/621/610 566/642/630 565/641/629
f 546/621/610 547/622/611 567/643/631 566/642/630
f 547/622/611 548/623/612 568/644/632 567/643/631
f 548/623/612 549/624/613 569/645/633 568/644/632
f 549/624/613 550/625/614 570/646/634 569/645/633
f 550/625/614 551/626/615 571/647/635 570/646/634
f 551/626/615 552/627/616 572/648/636 571/647/635
f 552/627/616 553/628/617 573/649/637 572/648/636
f 553/628/617 554/629/618 574/650/638 573/649/637
f 554/629/618 555/630/619 575/651/639 574/650/638
f 555/630/619 556/631/620 576/652/640 575/651/639
f 556/631/620 557/632/621 577/653/641 576/652/640
f 557/632/621 558/633/622 578/654/642 577/653/641
f 558/633/622 539/634/604 559/655/624 578/654/642
f 559/635/624 560/636/623 580/657/643 579/656/644
f 560/636/623 561/637/625 581/658/645 580/657/643
f 561/637/625 562/638/626 582/659/646 581/658/645
f 562/638/626 563/639/627 583/660/647 582/659/646
f 563/639/627 564/640/628 584/661/648 583/660/647
f 564/640/628 565/641/629 585/662/649 584/661/648
f 565/641/629 566/642/630 586/663/650 585/662/649
f 566/642/630 567/643/631 587/664/651 586/663/650
f 567/643/631 568/644/632 588/665/652 587/664/651
f 568/644/632 569/645/633 589/666/653 588/665/652
f 569/645/633 570/646/634 590/667/654 589/666/653
f 570/646/634 571/647/635 591/668/655 590/667/654
f 571/647/635 572/648/636 592/669/656 591/668/655
f 572/648/636 573/649/637 593/670/657 592/669/656
f 573/649/637 574/650/638 594/671/658 593/670/657
f 574/650/638 575/651/639 595/672/659 594/671/658
f 575/651/639 576/652/640 596/673/660 595/672/659
f 576/652/640 577/653/641 597/674/661 596/673/660
f 577/653/641 578/654/642 598/675/662 597/674/661
f 578/654/642 559/655/624 579/676/644 598/675/662
f 579/656/644 580/657/643 600/678/663 599/677/664
f 580/657/643 581/658/645 601/679/665 600/678/663
f 581/658/645 582/659/646 602/680/666 601/679/665
f 582/659/646 583/660/647 603/681/667 602/680/666
f 583/660/647 584/661/648 604/682/668 603/681/667
f 584/661/648 585/662/649 605/683/669 604/682/668
f 585/662/649 586/663/650 606/684/670 605/683/669
f 586/663/650 587/664/651 607/685/671 606/684/670
f 587/664/651 588/665/652 608/686/672 607/685/671
f 588/665/652 589/666/653 609/687/673 608/686/672
f 589/666/653 590/667/654 610/688/674 609/687/673
f 590/667/654 591/668/655 611/689/675 610/688/674
f 591/668/655 592/669/656 612/690/676 611/689/675
f 592/669/656 593/670/657 613/691/677 612/690/676
f 593/670/657 594/671/658 614/692/678 613/691/677
f 594/671/658 595/672/659 615/693/679 614/692/678
f 595/672/659 596/673/660 616/694/680 615/693/679
f 596/673/660 597/674/661 617/695/681 616/694/680
f 597/674/661 598/675/662 618/696/682 617/695/681
f 598/675/662 579/676/644 599/697/664 618/696/682
f 599/677/664 600/678/663 620/699/683 619/698/684
f 600/678/663 601/679/665 621/700/685 620/699/683
f 601/679/665 602/680/666 622/701/686 621/700/685
f 602/680/666 603/681/667 623/702/687 622/701/686
f 603/681/667 604/682/668 624/703/688 623/702/687
f 604/682/668 605/683/669 625/704/689 624/703/688
f 605/683/669 606/684/670 626/705/690 625/704/689
f 606/684/670 607/685/671 627/706/691 626/705/690
f 607/685/671 608/686/672 628/707/692 627/706/691
f 608/686/672 609/687/673 629/708/693 628/707/692
f 609/687/673 610/688/674 630/709/694 629/708/693
f 610/688/674 611/689/675 631/710/695 630/709/694
f 611/689/675 612/690/676 632/711/696 631/710/695
f 612/690/676 613/691/677 633/712/697 632/711/696
f 613/691/677 614/692/678 634/713/698 633/712/697
f 614/692/678 615/693/679 635/714/699 634/713/698
f 615/693/679 616/694/680 636/715/700 635/714/699
f 616/694/680 617/695/681 637/716/701 636/715/700
f 617/695/681 618/696/682 638/717/702 637/716/701
f 618/696/682 599/697/664 619/718/684 638/717/702
f 619/698/684 620/699/683 640/720/703 639/719/704
f 620/699/683 621/700/685 641/721/705 640/720/703
f 621/700/685 622/701/686 642/722/706 641/721/705
f 622/701/686 623/702/687 643/723/707 642/722/706
f 623/702/687 624/703/688 644/724/708 643/723/707
f 624/703/688 625/704/689 645/725/709 644/724/708
f 625/704/689 626/705/690 646/726/710 645/725/709
f 626/705/690 627/706/691 647/727/711 646/726/710
f 627/706/691 628/707/692 648/728/712 647/727/711
f 628/707/692 629/708/693 649/729/713 648/728/712
f 629/708/693 630/709/694 650/730/714 649/729/713
f 630/709/694 631/710/695 651/731/715 650/730/714
f 631/710/695 632/711/696 652/732/716 651/731/715
f 632/711/696 633/712/697 653/733/717 652/732/716
f 633/712/697 634/713/698 654/734/718 653/733/717
f 634/713/698 635/714/699 655/735/719 654/734/718
f 635/714/699 636/715/700 656/736/720 655/735/719
f 636/715/700 637/716/701 657/737/721 656/736/720
f 637/716/701 638/717/702 658/738/722 657/737/721
f 638/717/702 619/718/684 639/739/704 658/738/722
f 639/719/704 640/720/703 660/741/723 659/740/724
f 640/720/703 641/721/705 661/742/725 660/741/723
f 641/721/705 642/722/706 662/743/726 661/742/725
f 642/722/706 643/723/707 663/744/727 662/743/726
f 643/723/707 644/724/708 664/745/728 663/744/727
f 644/724/708 645/725/709 665/746/729 664/745/728
f 645/725/709 646/726/710 666/747/730 665/746/729
f 646/726/710 647/727/711 667/748/731 666/747/730
f 647/727/711 648/728/712 668/749/732 667/748/731
f 648/728/712 649/729/713 669/750/733 668/749/732
f 649/729/713 650/730/714 670/751/734 669/750/733
f 650/730/714 651/731/715 671/752/735 670/751/734
f 651/731/715 652/732/716 672/753/736 671/752/735
f 652/732/716 653/733/717 673/754/737 672/753/736
f 653/733/717 654/734/718 674/755/738 673/754/737
f 654/734/718 655/735/719 675/756/739 674/755/738
f 655/735/719 656/736/720 676/757/740 675/756/739
f 656/736/720 657/737/721 677/758/741 676/757/740
f 657/737/721 658/738/722 678/759/742 677/758/741
f 658/738/722 639/739/704 659/760/724 678/759/742
f 659/740/724 660/741/723 680/762/743 679/761/744
f 660/741/723 661/742/725 681/763/745 680/762/743
f 661/742/725 662/743/726 682/764/746 681/763/745
f 662/743/726 663/744/727 683/765/747 682/764/746
f 663/744/727 664/745/728 684/766/748 683/765/747
f 664/745/728 665/746/729 685/767/749 684/766/748
f 665/746/729 666/747/730 686/768/750 685/767/749
f 666/747/730 667/748/731 687/769/751 686/768/750
f 667/748/731 668/749/732 688/770/752 687/769/751
f 668/749/732 669/750/733 689/771/753 688/770/752
f 669/750/733 670/751/734 690/772/754 689/771/753
f 670/751/734 671/752/735 691/773/755 690/772/754
f 671/752/735 672/753/736 692/774/756 691/773/755
f 672/753/736 673/754/737 693/775/757 692/774/756
f 673/754/737 674/755/738 694/776/758 693/775/757
f 674/755/738 675/756/739 695/777/759 694/776/758
f 675/756/739 676/757/740 696/778/760 695/777/759
f 676/757/740 677/758/741 697/779/761 696/778/760
f 677/758/741 678/759/742 698/780/762 697/779/761
f 678/759/742 659/760/724 679/781/744 698/780/762
f 679/761/744 680/762/743 700/783/763 699/782/764
f 680/762/743 681/763/745 701/784/765 700/783/763
f 681/763/745 682/764/746 702/785/766 701/784/765
f 682/764/746 683/765/747 703/786/767 702/785/766
f 683/765/747 684/766/748 704/787/768 703/786/767
f 684/766/748 685/767/749 705/788/769 704/787/768
f 685/767/749 686/768/750 706/789/770 705/788/769
f 686/768/750 687/769/751 707/790/771 706/789/770
f 687/769/751 688/770/752 708/791/772 707/790/771
f 688/770/752 689/771/753 709/792/773 708/791/772
f 689/771/753 690/772/754 710/793/774 709/792/773
f 690/772/754 691/773/755 711/794/775 710/793/774
f 691/773/755 692/774/756 712/795/776 711/794/775
f 692/774/756 693/775/757 713/796/777 712/795/776
f 693/775/757 694/776/758 714/797/778 713/796/777
f 694/776/758 695/777/759 715/798/779 714/797/778
f 695/777/759 696/778/760 716/799/780 715/798/779
f 696/778/760 697/779/761 717/800/781 716/799/780
f 697/779/761 698/780/762 718/801/782 717/800/781
f 698/780/762 679/781/744 699/802/764 718/801/782
f 699/782/764 700/783/763 720/804/783 719/803/784
f 700/783/763 701/784/765 721/805/785 720/804/783
f 701/784/765 702/785/766 722/806/786 721/805/785
f 702/785/766 703/786/767 723/807/787 722/806/786
f 703/786/767 704/787/768 724/808/788 723/807/787
f 704/787/768 705/788/769 725/809/789 724/808/788
f 705/788/769 706/789/770 726/810/790 725/809/789
f 706/789/770 707/790/771 727/811/791 726/810/790
f 707/790/771 708/791/772 728/812/792 727/811/791
f 708/791/772 709/792/773 729/813/793 728/812/792
f 709/792/773 710/793/774 730/814/794 729/813/793
f 710/793/774 711/794/775 731/815/795 730/814/794
f 711/794/775 712/795/776 732/816/796 731/815/795
f 712/795/776 713/796/777 733/817/797 732/816/796
f 713/796/777 714/797/778 734/818/798 733/817/797
f 714/797/778 715/798/779 735/819/799 734/818/798
f 715/798/779 716/799/780 736/820/800 735/819/799
f 716/799/780 717/800/781 737/821/801 736/820/800
f 717/800/781 718/801/782 738/822/802 737/821/801
f 718/801/782 699/802/764 719/823/784 738/822/802
f 719/803/784 720/804/783 740/825/803 739/824/804
f 720/804/783 721/805/785 741/826/805 740/825/803
f 721/805/785 722/806/786 742/827/806 741/826/805
f 722/806/786 723/807/787 743/828/807 742/827/806
f 723/807/787 724/808/788 744/829/808 743/828/807
f 724/808/788 725/809/789 745/830/809 744/829/808
f 725/809/789 726/810/790 746/831/810 745/830/809
f 726/810/790 727/811/791 747/832/811 746/831/810
f 727/811/791 728/812/792 748/833/812 747/832/811
f 728/812/792 729/813/793 749/834/813 748/833/812
f 729/813/793 730/814/794 750/835/814 749/834/813
f 730/814/794 731/815/795 751/836/815 750/835/814
f 731/815/795 732/816/796 752/837/816 751/836/815
f 732/816/796 733/817/797 753/838/817 752/837/816
f 733/817/797 734/818/798 754/839/818 753/838/817
f 734/818/798 735/819/799 755/840/819 754/839/818
f 735/819/799 736/820/800 756/841/820 755/840/819
f 736/820/800 737/821/801 757/842/821 756/841/820
f 737/821/801 738/822/802 758/843/822 757/842/821
f 738/822/802 719/823/784 739/844/804 758/843/822
f 739/824/804 740/825/803 760/846/823 759/845/824
f 740/825/803 741/826/805 761/847/825 760/846/823
f 741/826/805 742/827/806 762/848/826 761/847/825
f 742/827/806 743/828/807 763/849/827 762/848/826
f 743/828/807 744/829/808 764/850/828 763/849/827
f 744/829/808 745/830/809 765/851/829 764/850/828
f 745/830/809 746/831/810 766/852/830 765/851/829
f 746/831/810 747/832/811 767/853/831 766/852/830
f 747/832/811 748/833/812 768/854/832 767/853/831
f 748/833/812 749/834/813 769/855/833 768/854/832
f 749/834/813 750/835/814 770/856/834 769/855/833
f 750/835/814 751/836/815 771/857/835 770/856/834
f 751/836/815 752/837/816 772/858/836 771/857/835
f 752/837/816 753/838/817 773/859/837 772/858/836
f 753/838/817 754/839/818 774/860/838 773/859/837
f 754/839/818 755/840/819 775/861/839 774/860/838
f 755/840/819 756/841/820 776/862/840 775/861/839
f 756/841/820 757/842/821 777/863/841 776/862/840
f 757/842/821 758/843/822 778/864/842 777/863/841
f 758/843/822 739/844/804 759/865/824 778/864/842
f 759/845/824 760/846/823 780/867/843 779/866/844
f 760/846/823 761/847/825 781/868/845 780/867/843
f 761/847/825 762/848/826 782/869/846 781/868/845
f 762/848/826 763/849/827 783/870/847 782/869/846
f 763/849/827 764/850/828 784/871/848 783/870/847
f 764/850/828 765/851/829 785/872/849 784/871/848
f 765/851/829 766/852/830 786/873/850 785/872/849
f 766/852/830 767/853/831 787/874/851 786/873/850
f 767/853/831 768/854/832 788/875/852 787/874/851
f 768/854/832 769/855/833 789/876/853 788/875/852
f 769/855/833 770/856/834 790/877/854 789/876/853
f 770/856/834 771/857/835 791/878/855 790/877/854
f 771/857/835 772/858/836 792/879/856 791/878/855
f 772/858/836 773/859/837 793/880/857 792/879/856
f 773/859/837 774/860/838 794/881/858 793/880/857
f 774/860/838 775/861/839 795/882/859 794/881/858
f 775/861/839 776/862/840 796/883/860 795/882/859
f 776/862/840 777/863/841 797/884/861 796/883/860
f 777/863/841 778/864/842 798/885/862 797/884/861
f 778/864/842 759/865/824 779/886/844 798/885/862
f 779/866/844 780/867/843 800/888/863 799/887/864
f 780/867/843 781/868/845 801/889/865 800/888/863
f 781/868/845 782/869/846 802/890/866 801/889/865
f 782/869/846 783/870/847 803/891/867 802/890/866
f 783/870/847 784/871/848 804/892/868 803/891/867
f 784/871/848 785/872/849 805/893/869 804/892/868
f 785/872/849 786/873/850 806/894/870 805/893/869
f 786/873/850 787/874/851 807/895/871 806/894/870
f 787/874/851 788/875/852 808/896/872 807/895/871
f 788/875/852 789/876/853 809/897/873 808/896/872
f 789/876/853 790/877/854 810/898/874 809/897/873
f 790/877/854 791/878/855 811/899/875 810/898/874
f 791/878/855 792/879/856 812/900/876 811/899/875
f 792/879/856 793/880/857 813/901/877 812/900/876
f 793/880/857 794/881/858 814/902/878 813/901/877
f 794/881/858 795/882/859 815/903/879 814/902/878
f 795/882/859 796/883/860 816/904/880 815/903/879
f 796/883/860 797/884/861 817/905/881 816/904/880
f 797/884/861 798/885/862 818/906/882 817/905/881
f 798/885/862 779/886/844 799/907/864 818/906/882
f 799/887/864 800/888/863 820/909/883 819/908/884
f 800/888/863 801/889/865 821/910/885 820/909/883
f 801/889/865 802/890/866 822/911/886 821/910/885
f 802/890/866 803/891/867 823/912/887 822/911/886
f 803/891/867 804/892/868 824/913/888 823/912/887
f 804/892/868 805/893/869 825/914/889 824/913/888
f 805/893/869 806/894/870 826/915/890 825/914/889
f 806/894/870 807/895/871 827/916/891 826/915/890
f 807/895/871 808/896/872 828/917/892 827/916/891
f 808/896/872 809/897/873 829/918/893 828/917/892
f 809/897/873 810/898/874 830/919/894 829/918/893
f 810/898/874 811/899/875 831/920/895 830/919/894
f 811/899/875 812/900/876 832/921/896 831/920/895
f 812/900/876 813/901/877 833/922/897 832/921/896
f 813/901/877 814/902/878 834/923/898 833/922/897
f 814/902/878 815/903/879 835/924/899 834/923/898
f 815/903/879 816/904/880 836/925/900 835/924/899
f 816/904/880 817/905/881 837/926/901 836/925/900
f 817/905/881 818/906/882 838/927/902 837/926/901
f 818/906/882 799/907/864 819/928/884 838/927/902
f 819/908/884 820/909/883 840/930/903 839/929/904
f 820/909/883 821/910/885 841/931/905 840/930/903
f 821/910/885 822/911/886 842/932/906 841/931/905
f 822/911/886 823/912/887 843/933/907 842/932/906
f 823/912/887 824/913/888 844/934/908 843/933/907
f 824/913/888 825/914/889 845/935/909 844/934/908
f 825/914/889 826/915/890 846/936/910 845/935/909
f 826/915/890 827/916/891 847/937/911 846/936/910
f 827/916/891 828/917/892 848/938/912 847/937/911
f 828/917/892 829/918/893 849/939/913 848/938/912
f 829/918/893 830/919/894 850/940/914 849/939/913
f 830/919/894 831/920/895 851/941/915 850/940/914
f 831/920/895 832/921/896 852/942/916 851/941/915
f 832/921/896 833/922/897 853/943/917 852/942/916
f 833/922/897 834/923/898 854/944/918 853/943/917
f 834/923/898 835/924/899 855/945/919 854/944/918
f 835/924/899 836/925/900 856/946/920 855/945/919
f 836/925/900 837/926/901 857/947/921 856/946/920
f 837/926/901 838/927/902 858/948/922 857/947/921
f 838/927/902 819/928/884 839/949/904 858/948/922
f 839/929/904 840/930/903 860/951/923 859/950/924
f 840/930/903 841/931/905 861/952/925 860/951/923
f 841/931/905 842/932/906 862/953/926 861/952/925
f 842/932/906 843/933/907 863/954/927 862/953/926
f 843/933/907 844/934/908 864/955/928 863/954/927
f 844/934/908 845/935/909 865/956/929 864/955/928
f 845/935/909 846/936/910 866/957/930 865/956/929
f 846/936/910 847/937/911 867/958/931 866/957/930
f 847/937/911 848/938/912 868/959/932 867/958/931
f 848/938/912 849/939/913 869/960/933 868/959/932
f 849/939/913 850/940/914 870/961/934 869/960/933
f 850/940/914 851/941/915 871/962/935 870/961/934
f 851/941/915 852/942/916 872/963/936 871/962/935
f 852/942/916 853/943/917 873/964/937 872/963/936
f 853/943/917 854/944/918 874/965/938 873/964/937
f 854/944/918 855/945/919 875/966/939 874/965/938
f 855/945/919 856/946/920 876/967/940 875/966/939
f 856/946/920 857/947/921 877/968/941 876/967/940
f 857/947/921 858/948/922 878/969/942 877/968/941
f 858/948/922 839/949/904 859/970/924 878/969/942
f 859/950/924 860/951/923 880/972/943 879/971/944
f 860/951/923 861/952/925 881/973/945 880/972/943
f 861/952/925 862/953/926 882/974/946 881/973/945
f 862/953/926 863/954/927 883/975/947 882/974/946
f 863/954/927 864/955/928 884/976/948 883/975/947
f 864/955/928 865/956/929 885/977/949 884/976/948
f 865/956/929 866/957/930 886/978/950 885/977/949
f 866/957/930 867/958/931 887/979/951 886/978/950
f 867/958/931 868/959/932 888/980/952 887/979/951
f 868/959/932 869/960/933 889/981/953 888/980/952
f 869/960/933 870/961/934 890/982/954 889/981/953
f 870/961/934 871/962/935 891/983/955 890/982/954
f 871/962/935 872/963/936 892/984/956 891/983/955
f 872/963/936 873/964/937 893/985/957 892/984/956
f 873/964/937 874/965/938 894/986/958 893/985/957
f 874/965/938 875/966/939 895/987/959 894/986/958
f 875/966/939 876/967/940 896/988/960 895/987/959
f 876/967/940 877/968/941 897/989/961 896/988/960
f 877/968/941 878/969/942 898/990/962 897/989/961
f 878/969/942 859/970/924 879/991/944 898/990/962
f 879/971/944 880/972/943 900/993/963 899/992/964
f 880/972/943 881/973/945 901/994/965 900/993/963
f 881/973/945 882/974/946 902/995/966 901/994/965
f 882/974/946 883/975/947 903/996/967 902/995/966
f 883/975/947 884/976/948 904/997/968 903/996/967
f 884/976/948 885/977/949 905/998/969 904/997/968
f 885/977/949 886/978/950 906/999/970 905/998/969
f 886/978/950 887/979/951 907/1000/971 906/999/970
f 887/979/951 888/980/952 908/1001/972 907/1000/971
f 888/980/952 889/981/953 909/1002/973 908/1001/972
f 889/981/953 890/982/954 910/1003/974 909/1002/973
f 890/982/954 891/983/955 911/1004/975 910/1003/974
f 891/983/955 892/984/956 912/1005/976 911/1004/975
f 892/984/956 893/985/957 913/1006/977 912/1005/976
f 893/985/957 894/986/958 914/1007/978 913/1006/977
f 894/986/958 895/987/959 915/1008/979 914/1007/978
f 895/987/959 896/988/960 916/1009/980 915/1008/979
f 896/988/960 897/989/961 917/1010/981 916/1009/980
f 897/989/961 898/990/962 918/1011/982 917/1010/981
f 898/990/962 879/991/944 899/1012/964 918/1011/982
s 3
f 919/1013/983 920/1014/984 940/1035/985 939/1034/986
f 920/1014/984 921/1015/987 941/1036/988 940/1035/985
f 921/1015/987 922/1016/989 942/1037/990 941/1036/988
f 922/1016/989 923/1017/991 943/1038/992 942/1037/990
f 923/1017/991 924/1018/993 944/1039/994 943/1038/992
f 924/1018/993 925/1019/995 945/1040/996 944/1039/994
f 925/1019/995 926/1020/997 946/1041/998 945/1040/996
f 926/1020/997 927/1021/999 947/1042/1000 946/1041/998
f 927/1021/999 928/1022/1001 948/1043/1002 947/1042/1000
f 928/1022/1001 929/1023/1003 949/1044/1004 948/1043/1002
f 929/1023/1003 930/1024/1005 950/1045/1006 949/1044/1004
f 930/1024/1005 931/1025/1007 951/1046/1008 950/1045/1006
f 931/1025/1007 932/1026/1009 952/1047/1010 951/1046/1008
f 932/1026/1009 933/1027/1011 953/1048/1012 952/1047/1010
f 933/1027/1011 934/1028/1013 954/1049/1014 953/1048/1012
f 934/1028/1013 935/1029/1015 955/1050/1016 954/1049/1014
f 935/1029/1015 936/1030/1017 956/1051/1018 955/1050/1016
f 936/1030/1017 937/1031/1019 957/1052/1020 956/1051/1018
f 937/1031/1019 938/1032/1021 958/1053/1022 957/1052/1020
f 938/1032/1021 919/1033/983 939/1054/986 958/1053/1022
f 939/1034/986 940/1035/985 960/1056/1023 959/1055/1024
f 940/1035/985 941/1036/988 961/1057/1025 960/1056/1023
f 941/1036/988 942/1037/990 962/1058/1026 961/1057/1025
f 942/1037/990 943/1038/992 963/1059/1027 962/1058/1026
f 943/1038/992 944/1039/994 964/1060/1028 963/1059/1027
f 944/1039/994 945/1040/996 965/1061/1029 964/1060/1028
f 945/1040/996 946/1041/998 966/1062/1030 965/1061/1029
f 946/1041/998 947/1042/1000 967/1063/1031 966/1062/1030
f 947/1042/1000 948/1043/1002 968/1064/1032 967/1063/1031
f 948/1043/1002 949/1044/1004 969/1065/1033 968/1064/1032
f 949/1044/1004 950/1045/1006 970/1066/1034 969/1065/1033
f 950/1045/1006 951/1046/1008 971/1067/1035 970/1066/1034
f 951/1046/1008 952/1047/1010 972/1068/1036 971/1067/1035
f 952/1047/1010 953/1048/1012 973/1069/1037 972/1068/1036
f 953/1048/1012 954/1049/1014 974/1070/1038 973/1069/1037
f 954/1049/1014 955/1050/1016 975/1071/1039 974/1070/1038
f 955/1050/1016 956/1051/1018 976/1072/1040 975/1071/1039
f 956/1051/1018 957/1052/1020 977/1073/1041 976/1072/1040
f 957/1052/1020 958/1053/1022 978/1074/1042 977/1073/1041
f 958/1053/1022 939/1054/986 959/1075/1024 978/1074/1042
f 959/1055/1024 960/1056/1023 980/1077/1043 979/1076/1044
f 960/1056/1023 961/1057/1025 981/1078/1045 980/1077/1043
f 961/1057/1025 962/1058/1026 982/1079/1046 981/1078/1045
f 962/1058/1026 963/1059/1027 983/1080/1047 982/1079/1046
f 963/1059/1027 964/1060/1028 984/1081/1048 983/1080/1047
f 964/1060/1028 965/1061/1029 985/1082/1049 984/1081/1048
f 965/1061/1029 966/1062/1030 986/1083/1050 985/1082/1049
f 966/1062/1030 967/1063/1031 987/1084/1051 986/1083/1050
f 967/1063/1031 968/1064/1032 988/1085/1052 987/1084/1051
f 968/1064/1032 969/1065/1033 989/1086/1053 988/1085/1052
f 969/1065/1033 970/1066/1034 990/1087/1054 989/1086/1053
f 970/1066/1034 971/1067/1035 991/1088/1055 990/1087/1054
f 971/1067/1035 972/1068/1036 992/1089/1056 991/1088/1055
f 972/1068/1036 973/1069/1037 993/1090/1057 992/1089/1056
f 973/1069/1037 974/1070/1038 994/1091/1058 993/1090/1057
f 974/1070/1038 975/1071/1039 995/1092/1059 994/1091/1058
f 975/1071/1039 976/1072/1040 996/1093/1060 995/1092/1059
f 976/1072/1040 977/1073/1041 997/1094/1061 996/1093/1060
f 977/1073/1041 978/1074/1042 998/1095/1062 997/1094/1061
f 978/1074/1042 959/1075/1024 979/1096/1044 998/1095/1062
f 979/1076/1044 980/1077/1043 1000/1098/1063 999/1097/1064
f 980/1077/1043 981/1078/1045 1001/1099/1065 1000/1098/1063
f 981/1078/1045 982/1079/1046 1002/1100/1066 1001/1099/1065
f 982/1079/1046 983/1080/1047 1003/1101/1067 1002/1100/1066
f 983/1080/1047 984/1081/1048 1004/1102/1068 1003/1101/1067
f 984/1081/1048 985/1082/1049 1005/1103/1069 1004/1102/1068
f 985/1082/1049 986/1083/1050 1006/1104/1070 1005/1103/1069
f 986/1083/1050 987/1084/1051 1007/1105/1071 1006/1104/1070
f 987/1084/1051 988/1085/1052 1008/1106/1072 1007/1105/1071
f 988/1085/1052 989/1086/1053 1009/1107/1073 1008/1106/1072
f 989/1086/1053 990/1087/1054 1010/1108/1074 1009/1107/1073
f 990/1087/1054 991/1088/1055 1011/1109/1075 1010/1108/1074
f 991/1088/1055 992/1089/1056 1012/1110/1076 1011/1109/1075
f 992/1089/1056 993/1090/1057 1013/1111/1077 1012/1110/1076
f 993/1090/1057 994/1091/1058 1014/1112/1078 1013/1111/1077
f 994/1091/1058 995/1092/1059 1015/1113/1079 1014/1112/1078
f 995/1092/1059 996/1093/1060 1016/1114/1080 1015/1113/1079
f 996/1093/1060 997/1094/1061 1017/1115/1081 1016/1114/1080
f 997/1094/1061 998/1095/1062 1018/1116/1082 1017/1115/1081
f 998/1095/1062 979/1096/1044 999/1117/1064 1018/1116/1082
f 999/1097/1064 1000/1098/1063 1020/1119/1083 1019/1118/1084
f 1000/1098/1063 1001/1099/1065 1021/1120/1085 1020/1119/1083
f 1001/1099/1065 1002/1100/1066 1022/1121/1086 1021/1120/1085
f 1002/1100/1066 1003/1101/1067 1023/1122/1087 1022/1121/1086
f 1003/1101/1067 1004/1102/1068 1024/1123/1088 1023/1122/1087
f 1004/1102/1068 1005/1103/1069 1025/1124/1089 1024/1123/1088
f 1005/1103/1069 1006/1104/1070 1026/1125/1090 1025/1124/1089
f 1006/1104/1070 1007/1105/1071 1027/1126/1091 1026/1125/1090
f 1007/1105/1071 1008/1106/1072 1028/1127/1092 1027/1126/1091
f 1008/1106/1072 1009/1107/1073 1029/1128/1093 1028/1127/1092
f 1009/1107/1073 1010/1108/1074 1030/1129/1094 1029/1128/1093
f 1010/1108/1074 1011/1109/1075 1031/1130/1095 1030/1129/1094
f 1011/1109/1075 1012/1110/1076 1032/1131/1096 1031/1130/1095
f 1012/1110/1076 1013/1111/1077 1033/1132/1097 1032/1131/1096
f 1013/1111/1077 1014/1112/1078 1034/1133/1098 1033/1132/1097
f 1014/1112/1078 1015/1113/1079 1035/1134/1099 1034/1133/1098
f 1015/1113/1079 1016/1114/1080 1036/1135/1100 1035/1134/1099
f 1016/1114/1080 1017/1115/1081 1037/1136/1101 1036/1135/1100
f 1017/1115/1081 1018/1116/1082 1038/1137/1102 1037/1136/1101
f 1018/1116/1082 999/1117/1064 1019/1138/1084 1038/1137/1102
f 1019/1118/1084 1020/1119/1083 1040/1140/1103 1039/1139/1104
f 1020/1119/1083 1021/1120/1085 1041/1141/1105 1040/1140/1103
f 1021/1120/1085 1022/1121/1086 1042/1142/1106 1041/1141/1105
f 1022/1121/1086 1023/1122/1087 1043/1143/1107 1042/1142/1106
f 1023/1122/1087 1024/1123/1088 1044/1144/1108 1043/1143/1107
f 1024/1123/1088 1025/1124/1089 1045/1145/1109 1044/1144/1108
f 1025/1124/1089 1026/1125/1090 1046/1146/1110 1045/1145/1109
f 1026/1125/1090 1027/1126/1091 1047/1147/1111 1046/1146/1110
f 1027/1126/1091 1028/1127/1092 1048/1148/1112 1047/1147/1111
f 1028/1127/1092 1029/1128/1093 1049/1149/1113 1048/1148/1112
f 1029/1128/1093 1030/1129/1094 1050/1150/1114 1049/1149/1113
f 1030/1129/1094 1031/1130/1095 1051/1151/1115 1050/1150/1114
f 1031/1130/1095 1032/1131/1096 1052/1152/1116 1051/1151/1115
f 1032/1131/1096 1033/1132/1097 1053/1153/1117 1052/1152/1116
f 1033/1132/1097 1034/1133/1098 1054/1154/1118 1053/1153/1117
f 1034/1133/1098 1035/1134/1099 1055/1155/1119 1054/1154/1118
f 1035/1134/1099 1036/1135/1100 1056/1156/1120 1055/1155/1119
f 1036/1135/1100 1037/1136/1101 1057/1157/1121 1056/1156/1120
f 1037/1136/1101 1038/1137/1102 1058/1158/1122 1057/1157/1121
f 1038/1137/1102 1019/1138/1084 1039/1159/1104 1058/1158/1122
f 1039/1139/1104 1040/1140/1103 1060/1161/1123 1059/1160/1124
f 1040/1140/1103 1041/1141/1105 1061/1162/1125 1060/1161/1123
f 1041/1141/1105 1042/1142/1106 1062/1163/1126 1061/1162/1125
f 1042/1142/1106 1043/1143/1107 1063/1164/1127 1062/1163/1126
f 1043/1143/1107 1044/1144/1108 1064/1165/1128 1063/1164/1127
f 1044/1144/1108 1045/1145/1109 1065/1166/1129 1064/1165/1128
f 1045/1145/1109 1046/1146/1110 1066/1167/1130 1065/1166/1129
f 1046/1146/1110 1047/1147/1111 1067/1168/1131 1066/1167/1130
f 1047/1147/1111 1048/1148/1112 1068/1169/1132 1067/1168/1131
f 1048/1148/1112 1049/1149/1113 1069/1170/1133 1068/1169/1132
f 1049/1149/1113 1050/1150/1114 1070/1171/1134 1069/1170/1133
f 1050/1150/1114 1051/1151/1115 1071/1172/1135 1070/1171/1134
f 1051/1151/1115 1052/1152/1116 1072/1173/1136 1071/1172/1135
f 1052/1152/1116 1053/1153/1117 1073/1174/1137 1072/1173/1136
f 1053/1153/1117 1054/1154/1118 1074/1175/1138 1073/1174/1137
f 1054/1154/1118 1055/1155/1119 1075/1176/1139 1074/1175/1138
f 1055/1155/1119 1056/1156/1120 1076/1177/1140 1075/1176/1139
f 1056/1156/1120 1057/1157/1121 1077/1178/1141 1076/1177/1140
f 1057/1157/1121 1058/1158/1122 1078/1179/1142 1077/1178/1141
f 1058/1158/1122 1039/1159/1104 1059/1180/1124 1078/1179/1142
f 1059/1160/1124 1060/1161/1123 1080/1182/1143 1079/1181/1144
f 1060/1161/1123 1061/1162/1125 1081/1183/1145 1080/1182/1143
f 1061/1162/1125 1062/1163/1126 1082/1184/1146 1081/1183/1145
f 1062/1163/1126 1063/1164/1127 1083/1185/1147 1082/1184/1146
f 1063/1164/1127 1064/1165/1128 1084/1186/1148 1083/1185/1147
f 1064/1165/1128 1065/1166/1129 1085/1187/1149 1084/1186/1148
f 1065/1166/1129 1066/1167/1130 1086/1188/1150 1085/1187/1149
f 1066/1167/1130 1067/1168/1131 1087/1189/1151 1086/1188/1150
f 1067/1168/1131 1068/1169/1132 1088/1190/1152 1087/1189/1151
f 1068/1169/1132 1069/1170/1133 1089/1191/1153 1088/1190/1152
f 1069/1170/1133 1070/1171/1134 1090/1192/1154 1089/1191/1153
f 1070/1171/1134 1071/1172/1135 1091/1193/1155 1090/1192/1154
f 1071/1172/1135 1072/1173/1136 1092/1194/1156 1091/1193/1155
f 1072/1173/1136 1073/1174/1137 1093/1195/1157 1092/1194/1156
f 1073/1174/1137 1074/1175/1138 1094/1196/1158 1093/1195/1157
f 1074/1175/1138 1075/1176/1139 1095/1197/1159 1094/1196/1158
f 1075/1176/1139 1076/1177/1140 1096/1198/1160 1095/1197/1159
f 1076/1177/1140 1077/1178/1141 1097/1199/1161 1096/1198/1160
f 1077/1178/1141 1078/1179/1142 1098/1200/1162 1097/1199/1161
f 1078/1179/1142 1059/1180/1124 1079/1201/1144 1098/1200/1162
f 1079/1181/1144 1080/1182/1143 1100/1203/1163 1099/1202/1164
f 1080/1182/1143 1081/1183/1145 1101/1204/1165 1100/1203/1163
f 1081/1183/1145 1082/1184/1146 1102/1205/1166 1101/1204/1165
f 1082/1184/1146 1083/1185/1147 1103/1206/1167 1102/1205/1166
f 1083/1185/1147 1084/1186/1148 1104/1207/1168 1103/1206/1167
f 1084/1186/1148 1085/1187/1149 1105/1208/1169 1104/1207/1168
f 1085/1187/1149 1086/1188/1150 1106/1209/1170 1105/1208/1169
f 1086/1188/1150 1087/1189/1151 1107/1210/1171 1106/1209/1170
f 1087/1189/1151 1088/1190/1152 1108/1211/1172 1107/1210/1171
f 1088/1190/1152 1089/1191/1153 1109/1212/1173 1108/1211/1172
f 1089/1191/1153 1090/1192/1154 1110/1213/1174 1109/1212/1173
f 1090/1192/1154 1091/1193/1155 1111/1214/1175 1110/1213/1174
f 1091/1193/1155 1092/1194/1156 1112/1215/1176 1111/1214/1175
f 1092/1194/1156 1093/1195/1157 1113/1216/1177 1112/1215/1176
f 1093/1195/1157 1094/1196/1158 1114/1217/1178 1113/1216/1177
f 1094/1196/1158 1095/1197/1159 1115/1218/1179 1114/1217/1178
f 1095/1197/1159 1096/1198/1160 1116/1219/1180 1115/1218/1179
f 1096/1198/1160 1097/1199/1161 1117/1220/1181 1116/1219/1180
f 1097/1199/1161 1098/1200/1162 1118/1221/1182 1117/1220/1181
f 1098/1200/1162 1079/1201/1144 1099/1222/1164 1118/1221/1182
f 1099/1202/1164 1100/1203/1163 1120/1224/1183 1119/1223/1184
f 1100/1203/1163 1101/1204/1165 1121/1225/1185 1120/1224/1183
f 1101/1204/1165 1102/1205/1166 1122/1226/1186 1121/1225/1185
f 1102/1205/1166 1103/1206/1167 1123/1227/1187 1122/1226/1186
f 1103/1206/1167 1104/1207/1168 1124/1228/1188 1123/1227/1187
f 1104/1207/1168 1105/1208/1169 1125/1229/1189 1124/1228/1188
f 1105/1208/1169 1106/1209/1170 1126/1230/1190 1125/1229/1189
f 1106/1209/1170 1107/1210/1171 1127/1231/1191 1126/1230/1190
f 1107/1210/1171 1108/1211/1172 1128/1232/1192 1127/1231/1191
f 1108/1211/1172 1109/1212/1173 1129/1233/1193 1128/1232/1192
f 1109/1212/1173 1110/1213/1174 1130/1234/1194 1129/1233/1193
f 1110/1213/1174 1111/1214/1175 1131/1235/1195 1130/1234/1194
f 1111/1214/1175 1112/1215/1176 1132/1236/1196 1131/1235/1195
f 1112/1215/1176 1113/1216/1177 1133/1237/1197 1132/1236/1196
f 1113/1216/1177 1114/1217/1178 1134/1238/1198 1133/1237/1197
f 1114/1217/1178 1115/1218/1179 1135/1239/1199 1134/1238/1198
f 1115/1218/1179 1116/1219/1180 1136/1240/1200 1135/1239/1199
f 1116/1219/1180 1117/1220/1181 1137/1241/1201 1136/1240/1200
f 1117/1220/1181 1118/1221/1182 1138/1242/1202 1137/1241/1201
f 1118/1221/1182 1099/1222/1164 1119/1243/1184 1138/1242/1202
f 1119/1223/1184 1120/1224/1183 1140/1245/1203 1139/1244/1204
f 1120/1224/1183 1121/1225/1185 1141/1246/1205 1140/1245/1203
f 1121/1225/1185 1122/1226/1186 1142/1247/1206 1141/1246/1205
f 1122/1226/1186 1123/1227/1187 1143/1248/1207 1142/1247/1206
f 1123/1227/1187 1124/1228/1188 1144/1249/1208 1143/1248/1207
f 1124/1228/1188 1125/1229/1189 1145/1250/1209 1144/1249/1208
f 1125/1229/1189 1126/1230/1190 1146/1251/1210 1145/1250/1209
f 1126/1230/1190 1127/1231/1191 1147/1252/1211 1146/1251/1210
f 1127/1231/1191 1128/1232/1192 1148/1253/1212 1147/1252/1211
f 1128/1232/1192 1129/1233/1193 1149/1254/1213 1148/1253/1212
f 1129/1233/1193 1130/1234/1194 1150/1255/1214 1149/1254/1213
f 1130/1234/1194 1131/1235/1195 1151/1256/1215 1150/1255/1214
f 1131/1235/1195 1132/1236/1196 1152/1257/1216 1151/1256/1215
f 1132/1236/1196 1133/1237/1197 1153/1258/1217 1152/1257/1216
f 1133/1237/1197 1134/1238/1198 1154/1259/1218 1153/1258/1217
f 1134/1238/1198 1135/1239/1199 1155/1260/1219 1154/1259/1218
f 1135/1239/1199 1136/1240/1200 1156/1261/1220 1155/1260/1219
f 1136/1240/1200 1137/1241/1201 1157/1262/1221 1156/1261/1220
f 1137/1241/1201 1138/1242/1202 1158/1263/1222 1157/1262/1221
f 1138/1242/1202 1119/1243/1184 1139/1264/1204 1158/1263/1222
f 1139/1244/1204 1140/1245/1203 1160/1266/1223 1159/1265/1224
f 1140/1245/1203 1141/1246/1205 1161/1267/1225 1160/1266/1223
f 1141/1246/1205 1142/1247/1206 1162/1268/1226 1161/1267/1225
f 1142/1247/1206 1143/1248/1207 1163/1269/1227 1162/1268/1226
f 1143/1248/1207 1144/1249/1208 1164/1270/1228 1163/1269/1227
f 1144/1249/1208 1145/1250/1209 1165/1271/1229 1164/1270/1228
f 1145/1250/1209 1146/1251/1210 1166/1272/1230 1165/1271/1229
f 1146/1251/1210 1147/1252/1211 1167/1273/1231 1166/1272/1230
f 1147/1252/1211 1148/1253/1212 1168/1274/1232 1167/1273/1231
f 1148/1253/1212 1149/1254/1213 1169/1275/1233 1168/1274/1232
f 1149/1254/1213 1150/1255/1214 1170/1276/1234 1169/1275/1233
f 1150/1255/1214 1151/1256/1215 1171/1277/1235 1170/1276/1234
f 1151/1256/1215 1152/1257/1216 1172/1278/1236 1171/1277/1235
f 1152/1257/1216 1153/1258/1217 1173/1279/1237 1172/1278/1236
f 1153/1258/1217 1154/1259/1218 1174/1280/1238 1173/1279/1237
f 1154/1259/1218 1155/1260/1219 1175/1281/1239 1174/1280/1238
f 1155/1260/1219 1156/1261/1220 1176/1282/1240 1175/1281/1239
f 1156/1261/1220 1157/1262/1221 1177/1283/1241 1176/1282/1240
f 1157/1262/1221 1158/1263/1222 1178/1284/1242 1177/1283/1241
f 1158/1263/1222 1139/1264/1204 1159/1285/1224 1178/1284/1242
f 1159/1265/1224 1160/1266/1223 1180/1287/1243 1179/1286/1244
f 1160/1266/1223 1161/1267/1225 1181/1288/1245 1180/1287/1243
f 1161/1267/1225 1162/1268/1226 1182/1289/1246 1181/1288/1245
f 1162/1268/1226 1163/1269/1227 1183/1290/1247 1182/1289/1246
f 1163/1269/1227 1164/1270/1228 1184/1291/1248 1183/1290/1247
f 1164/1270/1228 1165/1271/1229 1185/1292/1249 1184/1291/1248
f 1165/1271/1229 1166/1272/1230 1186/1293/1250 1185/1292/1249
f 1166/1272/1230 1167/1273/1231 1187/1294/1251 1186/1293/1250
f 1167/1273/1231 1168/1274/1232 1188/1295/1252 1187/1294/1251
f 1168/1274/1232 1169/1275/1233 1189/1296/1253 1188/1295/1252
f 1169/1275/1233 1170/1276/1234 1190/1297/1254 1189/1296/1253
f 1170/1276/1234 1171/1277/1235 1191/1298/1255 1190/1297/1254
f 1171/1277/1235 1172/1278/1236 1192/1299/1256 1191/1298/1255
f 1172/1278/1236 1173/1279/1237 1193/1300/1257 1192/1299/1256
f 1173/1279/1237 1174/1280/1238 1194/1301/1258 1193/1300/1257
f 1174/1280/1238 1175/1281/1239 1195/1302/1259 1194/1301/1258
f 1175/1281/1239 1176/1282/1240 1196/1303/1260 1195/1302/1259
f 1176/1282/1240 1177/1283/1241 1197/1304/1261 1196/1303/1260
f 1177/1283/1241 1178/1284/1242 1198/1305/1262 1197/1304/1261
f 1178/1284/1242 1159/1285/1224 1179/1306/1244 1198/1305/1262
f 1179/1286/1244 1180/1287/1243 1200/1308/1263 1199/1307/1264
f 1180/1287/1243 1181/1288/1245 1201/1309/1265 1200/1308/1263
f 1181/1288/1245 1182/1289/1246 1202/1310/1266 1201/1309/1265
f 1182/1289/1246 1183/1290/1247 1203/1311/1267 1202/1310/1266
f 1183/1290/1247 1184/1291/1248 1204/1312/1268 1203/1311/1267
f 1184/1291/1248 1185/1292/1249 1205/1313/1269 1204/1312/1268
f 1185/1292/1249 1186/1293/1250 1206/1314/1270 1205/1313/1269
f 1186/1293/1250 1187/1294/1251 1207/1315/1271 1206/1314/1270
f 1187/1294/1251 1188/1295/1252 1208/1316/1272 1207/1315/1271
f 1188/1295/1252 1189/1296/1253 1209/1317/1273 1208/1316/1272
f 1189/1296/1253 1190/1297/1254 1210/1318/1274 1209/1317/1273
f 1190/1297/1254 1191/1298/1255 1211/1319/1275 1210/1318/1274
f 1191/1298/1255 1192/1299/1256 1212/1320/1276 1211/1319/1275
f 1192/1299/1256 1193/1300/1257 1213/1321/1277 1212/1320/1276
f 1193/1300/1257 1194/1301/1258 1214/1322/1278 1213/1321/1277
f 1194/1301/1258 1195/1302/1259 1215/1323/1279 1214/1322/1278
f 1195/1302/1259 1196/1303/1260 1216/1324/1280 1215/1323/1279
f 1196/1303/1260 1197/1304/1261 1217/1325/1281 1216/1324/1280
f 1197/1304/1261 1198/1305/1262 1218/1326/1282 1217/1325/1281
f 1198/1305/1262 1179/1306/1244 1199/1327/1264 1218/1326/1282
f 1199/1307/1264 1200/1308/1263 1220/1329/1283 1219/1328/1284
f 1200/1308/1263 1201/1309/1265 1221/1330/1285 1220/1329/1283
f 1201/1309/1265 1202/1310/1266 1222/1331/1286 1221/1330/1285
f 1202/1310/1266 1203/1311/1267 1223/1332/1287 1222/1331/1286
f 1203/1311/1267 1204/1312/1268 1224/1333/1288 1223/1332/1287
f 1204/1312/1268 1205/1313/1269 1225/1334/1289 1224/1333/1288
f 1205/1313/1269 1206/1314/1270 1226/1335/1290 1225/1334/1289
f 1206/1314/1270 1207/1315/1271 1227/1336/1291 1226/1335/1290
f 1207/1315/1271 1208/1316/1272 1228/1337/1292 1227/1336/1291
f 1208/1316/1272 1209/1317/1273 1229/1338/1293 1228/1337/1292
f 1209/1317/1273 1210/1318/1274 1230/1339/1294 1229/1338/1293
f 1210/1318/1274 1211/1319/1275 1231/1340/1295 1230/1339/1294
f 1211/1319/1275 1212/1320/1276 1232/1341/1296 1231/1340/1295
f 1212/1320/1276 1213/1321/1277 1233/1342/1297 1232/1341/1296
f 1213/1321/1277 1214/1322/1278 1234/1343/1298 1233/1342/1297
f 1214/1322/1278 1215/1323/1279 1235/1344/1299 1234/1343/1298
f 1215/1323/1279 1216/1324/1280 1236/1345/1300 1235/1344/1299
f 1216/1324/1280 1217/1325/1281 1237/1346/1301 1236/1345/1300
f 1217/1325/1281 1218/1326/1282 1238/1347/1302 1237/1346/1301
f 1218/1326/1282 1199/1327/1264 1219/1348/1284 1238/1347/1302
f 1219/1328/1284 1220/1329/1283 1240/1350/1303 1239/1349/1304
f 1220/1329/1283 1221/1330/1285 1241/1351/1305 1240/1350/1303
f 1221/1330/1285 1222/1331/1286 1242/1352/1306 1241/1351/1305
f 1222/1331/1286 1223/1332/1287 1243/1353/1307 1242/1352/1306
f 1223/1332/1287 1224/1333/1288 1244/1354/1308 1243/1353/1307
f 1224/1333/1288 1225/1334/1289 1245/1355/1309 1244/1354/1308
f 1225/1334/1289 1226/1335/1290 1246/1356/1310 1245/1355/1309
f 1226/1335/1290 1227/1336/1291 1247/1357/1311 1246/1356/1310
f 1227/1336/1291 1228/1337/1292 1248/1358/1312 1247/1357/1311
f 1228/1337/1292 1229/1338/1293 1249/1359/1313 1248/1358/1312
f 1229/1338/1293 1230/1339/1294 1250/1360/1314 1249/1359/1313
f 1230/1339/1294 1231/1340/1295 1251/1361/1315 1250/1360/1314
f 1231/1340/1295 1232/1341/1296 1252/1362/1316 1251/1361/1315
f 1232/1341/1296 1233/1342/1297 1253/1363/1317 1252/1362/1316
f 1233/1342/1297 1234/1343/1298 1254/1364/1318 1253/1363/1317
f 1234/1343/1298 1235/1344/1299 1255/1365/1319 1254/1364/1318
f 1235/1344/1299 1236/1345/1300 1256/1366/1320 1255/1365/1319
f 1236/1345/1300 1237/1346/1301 1257/1367/1321 1256/1366/1320
f 1237/1346/1301 1238/1347/1302 1258/1368/1322 1257/1367/1321
f 1238/1347/1302 1219/1348/1284 1239/1369/1304 1258/1368/1322
f 1239/1349/1304 1240/1350/1303 1260/1371/1323 1259/1370/1324
f 1240/1350/1303 1241/1351/1305 1261/1372/1325 1260/1371/1323
f 1241/1351/1305 1242/1352/1306 1262/1373/1326 1261/1372/1325
f 1242/1352/1306 1243/1353/1307 1263/1374/1327 1262/1373/1326
f 1243/1353/1307 1244/1354/1308 1264/1375/1328 1263/1374/1327
f 1244/1354/1308 1245/1355/1309 1265/1376/1329 1264/1375/1328
f 1245/1355/1309 1246/1356/1310 1266/1377/1330 1265/1376/1329
f 1246/1356/1310 1247/1357/1311 1267/1378/1331 1266/1377/1330
f 1247/1357/1311 1248/1358/1312 1268/1379/1332 1267/1378/1331
f 1248/1358/1312 1249/1359/1313 1269/1380/1333 1268/1379/1332
f 1249/1359/1313 1250/1360/1314 1270/1381/1334 1269/1380/1333
f 1250/1360/1314 1251/1361/1315 1271/1382/1335 1270/1381/1334
f 1251/1361/1315 1252/1362/1316 1272/1383/1336 1271/1382/1335
f 1252/1362/1316 1253/1363/1317 1273/1384/1337 1272/1383/1336
f 1253/1363/1317 1254/1364/1318 1274/1385/1338 1273/1384/1337
f 1254/1364/1318 1255/1365/1319 1275/1386/1339 1274/1385/1338
f 1255/1365/1319 1256/1366/1320 1276/1387/1340 1275/1386/1339
f 1256/1366/1320 1257/1367/1321 1277/1388/1341 1276/1387/1340
f 1257/1367/1321 1258/1368/1322 1278/1389/1342 1277/1388/1341
f 1258/1368/1322 1239/1369/1304 1259/1390/1324 1278/1389/1342
f 1259/1370/1324 1260/1371/1323 1280/1392/1343 1279/1391/1344
f 1260/1371/1323 1261/1372/1325 1281/1393/1345 1280/1392/1343
f 1261/1372/1325 1262/1373/1326 1282/1394/1346 1281/1393/1345
f 1262/1373/1326 1263/1374/1327 1283/1395/1347 1282/1394/1346
f 1263/1374/1327 1264/1375/1328 1284/1396/1348 1283/1395/1347
f 1264/1375/1328 1265/1376/1329 1285/1397/1349 1284/1396/1348
f 1265/1376/1329 1266/1377/1330 1286/1398/1350 1285/1397/1349
f 1266/1377/1330 1267/1378/1331 1287/1399/1351 1286/1398/1350
f 1267/1378/1331 1268/1379/1332 1288/1400/1352 1287/1399/1351
f 1268/1379/1332 1269/1380/1333 1289/1401/1353 1288/1400/1352
f 1269/1380/1333 1270/1381/1334 1290/1402/1354 1289/1401/1353
f 1270/1381/1334 1271/1382/1335 1291/1403/1355 1290/1402/1354
f 1271/1382/1335 1272/1383/1336 1292/1404/1356 1291/1403/1355
f 1272/1383/1336 1273/1384/1337 1293/1405/1357 1292/1404/1356
f 1273/1384/1337 1274/1385/1338 1294/1406/1358 1293/1405/1357
f 1274/1385/1338 1275/1386/1339 1295/1407/1359 1294/1406/1358
f 1275/1386/1339 1276/1387/1340 1296/1408/1360 1295/1407/1359
f 1276/1387/1340 1277/1388/1341 1297/1409/1361 1296/1408/1360
f 1277/1388/1341 1278/1389/1342 1298/1410/1362 1297/1409/1361
f 1278/1389/1342 1259/1390/1324 1279/1411/1344 1298/1410/1362
f 1279/1391/1344 1280/1392/1343 1300/1413/1363 1299/1412/1364
f 1280/1392/1343 1281/1393/1345 1301/1414/1365 1300/1413/1363
f 1281/1393/1345 1282/1394/1346 1302/1415/1366 1301/1414/1365
f 1282/1394/1346 1283/1395/1347 1303/1416/1367 1302/1415/1366
f 1283/1395/1347 1284/1396/1348 1304/1417/1368 1303/1416/1367
f 1284/1396/1348 1285/1397/1349 1305/1418/1369 1304/1417/1368
f 1285/1397/1349 1286/1398/1350 1306/1419/1370 1305/1418/1369
f 1286/1398/1350 1287/1399/1351 1307/1420/1371 1306/1419/1370
f 1287/1399/1351 1288/1400/1352 1308/1421/1372 1307/1420/1371
f 1288/1400/1352 1289/1401/1353 1309/1422/1373 1308/1421/1372
f 1289/1401/1353 1290/1402/1354 1310/1423/1374 1309/1422/1373
f 1290/1402/1354 1291/1403/1355 1311/1424/1375 1310/1423/1374
f 1291/1403/1355 1292/1404/1356 1312/1425/1376 1311/1424/1375
f 1292/1404/1356 1293/1405/1357 1313/1426/1377 1312/1425/1376
f 1293/1405/1357 1294/1406/1358 1314/1427/1378 1313/1426/1377
f 1294/1406/1358 1295/1407/1359 1315/1428/1379 1314/1427/1378
f 1295/1407/1359 1296/1408/1360 1316/1429/1380 1315/1428/1379
f 1296/1408/1360 1297/1409/1361 1317/1430/1381 1316/1429/1380
f 1297/1409/1361 1298/1410/1362 1318/1431/1382 1317/1430/1381
f 1298/1410/1362 1279/1411/1344 1299/1432/1364 1318/1431/1382
f 1299/1412/1364 1300/1413/1363 1320/1434/1383 1319/1433/1384
f 1300/1413/1363 1301/1414/1365 1321/1435/1385 1320/1434/1383
f 1301/1414/1365 1302/1415/1366 1322/1436/1386 1321/1435/1385
f 1302/1415/1366 1303/1416/1367 1323/1437/1387 1322/1436/1386
f 1303/1416/1367 1304/1417/1368 1324/1438/1388 1323/1437/1387
f 1304/1417/1368 1305/1418/1369 1325/1439/1389 1324/1438/1388
f 1305/1418/1369 1306/1419/1370 1326/1440/1390 1325/1439/1389
f 1306/1419/1370 1307/1420/1371 1327/1441/1391 1326/1440/1390
f 1307/1420/1371 1308/1421/1372 1328/1442/1392 1327/1441/1391
f 1308/1421/1372 1309/1422/1373 1329/1443/1393 1328/1442/1392
f 1309/1422/1373 1310/1423/1374 1330/1444/1394 1329/1443/1393
f 1310/1423/1374 1311/1424/1375 1331/1445/1395 1330/1444/1394
f 1311/1424/1375 1312/1425/1376 1332/1446/1396 1331/1445/1395
f 1312/1425/1376 1313/1426/1377 1333/1447/1397 1332/1446/1396
f 1313/1426/1377 1314/1427/1378 1334/1448/1398 1333/1447/1397
f 1314/1427/1378 1315/1428/1379 1335/1449/1399 1334/1448/1398
f 1315/1428/1379 1316/1429/1380 1336/1450/1400 1335/1449/1399
f 1316/1429/1380 1317/1430/1381 1337/1451/1401 1336/1450/1400
f 1317/1430/1381 1318/1431/1382 1338/1452/1402 1337/1451/1401
f 1318/1431/1382 1299/1432/1364 1319/1453/1384 1338/1452/1402
