# This file uses centimeters as units for non-parametric coordinates.

mtllib Lamp_2_001.mtl
g default
v 12.936366 352.833740 25.440453
v 23.751690 352.833740 25.440453
v 29.158272 352.833740 30.847034
v 29.158272 352.833740 45.370419
v 23.751690 352.833740 50.777004
v 12.936366 352.833740 50.777004
v 7.529685 352.833740 45.370495
v 7.529786 352.833740 30.847034
v 12.936366 306.679321 25.440453
v 7.529786 306.679321 30.847034
v 7.529786 306.679321 45.370419
v 12.936366 306.679321 50.777004
v 23.751690 306.679321 50.777004
v 29.158371 306.679321 45.370495
v 29.158272 306.679321 30.847034
v 23.751690 306.679321 25.440453
v 23.851070 306.679321 51.009823
v 25.877090 306.679321 51.126110
v 25.822088 306.679321 52.033421
v 23.226479 306.679321 53.108555
v 23.881107 352.833740 51.080189
v 22.583269 352.833740 52.681416
v 23.226479 352.833740 53.108555
v 25.822088 352.833740 52.033421
v 12.806950 306.679321 51.080189
v 14.104788 306.679321 52.681416
v 13.461578 306.679321 53.108555
v 10.865969 306.679321 52.033421
v 12.836986 352.833740 51.009823
v 10.810966 352.833740 51.126110
v 10.865969 352.833740 52.033421
v 13.461578 352.833740 53.108555
v 5.837954 352.833740 44.328396
v 5.539463 352.833740 45.186451
v 6.614600 352.833740 47.782055
v 6.770186 306.679321 47.384113
v 6.614600 306.679321 47.782055
v 5.539463 306.679321 45.186451
v 5.714376 306.679321 45.313114
v 6.705666 306.679321 45.923824
v 29.917870 352.833740 47.384113
v 30.073456 352.833740 47.782055
v 31.148594 352.833740 45.186451
v 30.973680 352.833740 45.313114
v 29.982391 352.833740 45.923824
v 30.850103 306.679321 44.328396
v 31.148594 306.679321 45.186451
v 30.073456 306.679321 47.782055
v 6.705668 352.833740 30.293644
v 6.614599 352.833740 28.435406
v 5.539463 352.833740 31.031025
v 7.243304 306.679321 30.654667
v 5.539463 306.679321 31.031025
v 6.614599 306.679321 28.435406
v 7.337567 306.679321 28.521152
v 29.444752 352.833740 30.654667
v 31.148594 352.833740 31.031025
v 30.073458 352.833740 28.435406
v 29.350491 352.833740 28.521152
v 29.444752 306.679321 30.654667
v 29.350491 306.679321 28.521152
v 30.073458 306.679321 28.435406
v 31.148594 306.679321 31.031025
v 23.881109 352.833740 25.137268
v 25.822088 352.833740 24.184040
v 23.226479 352.833740 23.108898
v 22.583271 352.833740 23.536041
v 23.881109 306.679321 25.137268
v 22.583271 306.679321 23.536041
v 23.226479 306.679321 23.108898
v 25.822088 306.679321 24.184040
v 12.836985 352.833740 25.207638
v 13.461578 352.833740 23.108898
v 10.865969 352.833740 24.184040
v 10.810966 352.833740 25.091339
v 12.492596 306.679321 24.400848
v 10.865969 306.679321 24.184040
v 13.461578 306.679321 23.108898
vt 0.681622 0.011482
vt 0.679407 0.226489
vt 0.629024 0.225970
vt 0.631240 0.010963
vt 0.717240 0.011850
vt 0.715025 0.226856
vt 0.593405 0.225602
vt 0.595621 0.010596
vt 0.784896 0.012547
vt 0.782681 0.227553
vt 0.527965 0.009899
vt 0.525750 0.224906
vt 0.406346 0.008646
vt 0.441964 0.009013
vt 0.439749 0.224020
vt 0.404131 0.223653
vt 0.492346 0.009532
vt 0.490131 0.224539
vt 0.547462 0.578662
vt 0.534851 0.577001
vt 0.477530 0.586632
vt 0.535485 0.577866
vt 0.531626 0.589324
vt 0.473924 0.588921
vt 0.652714 0.443898
vt 0.653309 0.445089
vt 0.620928 0.546983
vt 0.610793 0.478356
vt 0.620846 0.472785
vt 0.615603 0.459638
vt 0.638160 0.435917
vt 0.470043 0.578367
vt 0.459130 0.583519
vt 0.433513 0.561918
vt 0.470841 0.577001
vt 0.434323 0.559864
vt 0.438843 0.549685
vt 0.433773 0.552409
vt 0.718858 0.443538
vt 0.733232 0.435917
vt 0.755847 0.460354
vt 0.718083 0.445089
vt 0.755030 0.462434
vt 0.750464 0.472730
vt 0.755597 0.469977
vt 0.576863 0.544124
vt 0.566930 0.549632
vt 0.572116 0.562624
vt 0.547066 0.583632
vt 0.615924 0.549689
vt 0.609001 0.545810
vt 0.609101 0.473671
vt 0.436919 0.475364
vt 0.427545 0.477141
vt 0.438843 0.476309
vt 0.428198 0.549419
vt 0.427211 0.548795
vt 0.752415 0.547939
vt 0.761901 0.546145
vt 0.750464 0.546983
vt 0.761244 0.472995
vt 0.762243 0.473625
vt 0.568103 0.464590
vt 0.568772 0.475363
vt 0.578145 0.477143
vt 0.578537 0.548754
vt 0.566849 0.476309
vt 0.718083 0.574624
vt 0.751728 0.558839
vt 0.470841 0.448994
vt 0.535617 0.447462
vt 0.399434 0.239221
vt 0.534851 0.448994
vt 0.653309 0.574624
vt 0.711085 0.584361
vt 0.512732 0.432534
vt 0.640579 0.576410
vt 0.437591 0.464591
vt 0.755735 0.559333
vt 0.433631 0.464106
vt 0.656454 0.433168
vt 0.714938 0.586545
vt 0.547105 0.442646
vt 0.640909 0.581048
vt 0.473950 0.437214
vt 0.685692 0.240868
vt 0.711085 0.435352
vt 0.672857 0.433455
vt 0.633205 0.240566
vt 0.640579 0.443304
vt 0.620370 0.433153
vt 0.583546 0.432941
vt 0.596382 0.240354
vt 0.709680 0.433667
vt 0.722516 0.241079
vt 0.525568 0.239946
vt 0.780494 0.434074
vt 0.793329 0.241487
vt 0.718859 0.576174
vt 0.423422 0.432020
vt 0.527935 0.439372
vt 0.436258 0.239432
vt 0.652713 0.575815
vt 0.475909 0.432322
vt 0.468215 0.443742
vt 0.488745 0.239734
vt 0.632097 0.433221
vt 0.684584 0.433523
vt 0.714938 0.433168
vt 0.477018 0.239667
vt 0.458588 0.442646
vt 0.487636 0.432389
vt 0.656454 0.586545
vt 0.424531 0.239365
vt 0.531743 0.437214
vt 0.435149 0.432087
vt 0.730483 0.581048
vt 0.513841 0.239879
vt 0.398326 0.431875
vt 0.572063 0.464106
vt 0.615590 0.559790
vt 0.781602 0.241419
vt 0.792221 0.434141
vt 0.524460 0.432601
vt 0.710789 0.241012
vt 0.721407 0.433734
vt 0.584655 0.240286
vt 0.595273 0.433009
vt 0.621478 0.240498
vt 0.673965 0.240800
vn -0.086654 0.000000 0.996238
vn -0.086654 0.000000 0.996238
vn 0.086654 0.000000 0.996238
vn 0.086654 0.000000 0.996238
vn -0.789292 0.000000 0.614019
vn -0.789292 0.000000 0.614019
vn -0.614018 0.000000 0.789292
vn -0.614018 0.000000 0.789292
vn 0.614018 0.000000 0.789292
vn 0.614018 0.000000 0.789292
vn 0.789292 0.000000 0.614019
vn 0.789292 0.000000 0.614019
vn -0.997947 0.000000 -0.064051
vn -0.997947 0.000000 -0.064051
vn -0.997947 0.000000 0.064052
vn -0.997947 0.000000 0.064052
vn 0.997947 0.000000 -0.064051
vn 0.997947 0.000000 -0.064051
vn 0.997947 0.000000 0.064052
vn 0.997947 0.000000 0.064052
vn 0.614018 0.000000 -0.789292
vn 0.614018 0.000000 -0.789292
vn 0.789292 0.000000 -0.614018
vn 0.789292 0.000000 -0.614018
vn -0.086655 0.000000 -0.996238
vn -0.086655 0.000000 -0.996238
vn 0.086655 0.000000 -0.996238
vn 0.086655 0.000000 -0.996238
vn -0.789292 0.000000 -0.614018
vn -0.789292 0.000000 -0.614018
vn -0.614018 0.000000 -0.789292
vn -0.614018 0.000000 -0.789292
vn 0.000000 0.000000 -1.000000
vn 0.000000 0.000000 -1.000000
vn 0.000000 0.000000 -1.000000
vn 0.000000 0.000000 -1.000000
vn 0.707107 0.000000 -0.707107
vn 0.707107 0.000000 -0.707107
vn 0.707107 0.000000 -0.707107
vn 0.707107 0.000000 -0.707107
vn -0.707107 0.000000 -0.707107
vn -0.707107 0.000000 -0.707107
vn -0.707107 0.000000 -0.707107
vn -0.707107 0.000000 -0.707107
vn 1.000000 0.000000 0.000000
vn 1.000000 0.000000 0.000000
vn 1.000000 0.000000 0.000000
vn 1.000000 0.000000 0.000000
vn -1.000000 0.000000 0.000000
vn -1.000000 0.000000 0.000000
vn -1.000000 0.000000 0.000000
vn -1.000000 0.000000 0.000000
vn 0.707107 -0.000000 0.707107
vn 0.707107 -0.000000 0.707107
vn 0.707107 -0.000000 0.707107
vn 0.707107 -0.000000 0.707107
vn -0.707107 -0.000000 0.707107
vn -0.707107 -0.000000 0.707107
vn -0.707107 -0.000000 0.707107
vn -0.707107 -0.000000 0.707107
vn 0.000000 -0.000000 1.000000
vn 0.000000 -0.000000 1.000000
vn 0.000000 -0.000000 1.000000
vn 0.000000 -0.000000 1.000000
vn 0.000000 1.000000 0.000000
vn 0.000000 1.000000 -0.000001
vn 0.000000 1.000000 0.000000
vn 0.000000 1.000000 0.000000
vn 0.000000 1.000000 0.000005
vn 0.000000 1.000000 0.000006
vn 0.000000 1.000000 0.000000
vn 0.000000 1.000000 -0.000001
vn 0.000000 1.000000 -0.000001
vn 0.000000 1.000000 0.000000
vn 0.000000 1.000000 0.000000
vn 0.000000 1.000000 0.000002
vn 0.000000 1.000000 0.000000
vn 0.000000 1.000000 -0.000003
vn 0.000000 1.000000 -0.000003
vn 0.000000 1.000000 0.000001
vn 0.000000 1.000000 0.000006
vn 0.000000 1.000000 0.000000
vn 0.000000 1.000000 0.000004
vn 0.000000 1.000000 0.000001
vn 0.000000 1.000000 0.000000
vn 0.000000 1.000000 -0.000000
vn 0.000000 -1.000000 -0.000000
vn 0.000000 -1.000000 0.000009
vn 0.000000 -1.000000 0.000002
vn 0.000000 -1.000000 -0.000000
vn 0.000000 -1.000000 -0.000000
vn 0.000000 -1.000000 0.000001
vn 0.000000 -1.000000 -0.000008
vn 0.000000 -1.000000 -0.000000
vn 0.000000 -1.000000 -0.000002
vn 0.000000 -1.000000 0.000001
vn 0.000000 -1.000000 0.000002
vn 0.000000 -1.000000 -0.000000
vn 0.000000 -1.000000 -0.000000
vn 0.000000 -1.000000 0.000000
vn 0.000000 -1.000000 -0.000001
vn 0.000000 -1.000000 0.000002
vn 0.000000 -1.000000 -0.000006
vn 0.000000 -1.000000 -0.000000
vn 0.000000 -1.000000 -0.000015
vn 0.000000 -1.000000 -0.000015
vn 0.000000 -1.000000 -0.000000
vn 0.000000 -1.000000 -0.000007
vn 0.000000 -1.000000 -0.000009
vn 0.000000 -1.000000 -0.000007
vn 0.000000 1.000000 0.000001
vn 0.000000 1.000000 0.000001
vn 0.000000 -1.000000 -0.000010
vn 0.000000 -1.000000 -0.000011
vn 0.000000 1.000000 0.000008
vn 0.000000 1.000000 0.000004
vn 0.000000 1.000000 0.000000
vn 0.000000 1.000000 0.000005
vn 0.000000 -1.000000 0.000000
vn 0.000000 -1.000000 0.000007
vn 0.000000 1.000000 0.000000
vn 0.000000 1.000000 0.000000
vn 0.000000 1.000000 0.000000
vn 0.000000 1.000000 0.000000
vn 0.000000 1.000000 0.000000
vn 0.000000 -1.000000 0.000002
vn 0.000000 -1.000000 0.000003
vn 0.000000 1.000000 0.000000
vn 0.000000 1.000000 -0.000001
vn 0.000000 -1.000000 0.000000
vn 0.000000 -1.000000 0.000001
vn 0.000000 1.000000 -0.000001
vn 0.000000 1.000000 0.000005
vn 0.000000 -1.000000 0.000005
vn 0.000000 -1.000000 -0.000003
vn 0.000000 1.000000 0.000000
vn 0.000000 1.000000 -0.000005
vn 0.000000 -1.000000 0.000004
vn 0.000000 -1.000000 0.000017
vn 0.000000 -1.000000 0.000001
vn 0.000000 -1.000000 -0.000014
vn 0.000000 -1.000000 -0.000013
s 1
g Lamp_2 Pillar_2
usemtl openPBRSurface5SG
f 32/107/1 27/89/2 20/130/3 23/88/4
f 35/128/5 37/93/6 28/129/7 31/91/8
f 24/108/9 19/86/10 48/125/11 42/94/12
f 51/124/13 53/96/14 38/127/15 34/92/16
f 63/122/17 57/97/18 43/126/19 47/95/20
f 71/114/21 65/100/22 58/119/23 62/72/24
f 78/110/25 73/104/26 66/116/27 70/102/28
f 54/118/29 50/76/30 74/112/31 77/106/32
s off
f 12/1/33 6/2/34 5/3/35 13/4/36
f 11/5/37 7/6/38 6/2/39 12/1/40
f 13/4/41 5/3/42 4/7/43 14/8/44
f 10/9/45 8/10/46 7/6/47 11/5/48
f 15/11/49 14/8/50 4/7/51 3/12/52
f 10/13/53 9/14/54 1/15/55 8/16/56
f 16/17/57 15/11/58 3/12/59 2/18/60
f 9/14/61 16/17/62 2/18/63 1/15/64
s 7
f 8/27/65 33/28/66 7/29/67
f 8/27/65 1/74/68 72/103/69 75/77/70
f 1/74/68 2/68/71 64/99/72 67/75/73
f 2/68/71 3/60/74 56/58/75 59/69/76
f 3/60/74 4/44/77 45/45/78 44/61/79
f 7/29/67 30/90/80 29/25/81 6/26/82
f 6/26/82 22/87/83 21/39/84 5/42/85
f 4/44/77 5/42/85 41/43/86 45/45/78
s 13
f 9/70/87 69/101/88 68/71/89 16/73/90
f 9/70/87 10/55/91 52/53/92 55/78/93
f 10/55/91 11/37/94 40/38/95 39/56/96
f 16/73/90 61/63/97 60/64/98 15/67/99
f 15/67/99 46/46/100 14/47/101
f 14/47/101 18/19/102 17/22/103 13/20/104
f 13/20/104 26/21/105 25/32/106 12/35/107
f 11/37/94 12/35/107 36/36/108 40/38/95
f 17/22/103 20/23/109 27/24/110 26/21/105 13/20/104
s 7
f 21/39/84 24/40/111 42/41/112 41/43/86 5/42/85
s 13
f 25/32/106 28/33/113 37/34/114 36/36/108 12/35/107
s 7
f 29/25/81 32/81/115 23/109/116 22/87/83 6/26/82
f 7/29/67 35/30/117 31/31/118 30/90/80
s 13
f 14/47/101 48/48/119 19/49/120 18/19/102
s 7
f 49/50/121 51/51/122 34/52/123 33/28/66 8/27/65
f 50/121/124 49/50/121 8/27/65 75/77/70 74/84/125
s 13
f 53/54/126 52/53/92 10/55/91 39/56/96 38/57/127
s 7
f 57/59/128 56/58/75 3/60/74 44/61/79 43/62/129
s 13
f 60/64/98 63/65/130 47/66/131 46/46/100 15/67/99
s 7
f 65/117/132 64/99/72 2/68/71 59/69/76 58/79/133
s 13
f 68/71/89 71/83/134 62/120/135 61/63/97 16/73/90
s 7
f 73/113/136 72/103/69 1/74/68 67/75/73 66/82/137
s 13
f 76/105/138 78/85/139 70/115/140 69/101/88 9/70/87
f 77/111/141 76/105/138 9/70/87 55/78/93 54/80/142
s 1
f 20/130/3 19/86/10 24/108/9 23/88/4
f 28/129/7 27/89/2 32/107/1 31/91/8
f 35/128/5 34/92/16 38/127/15 37/93/6
f 43/126/19 42/94/12 48/125/11 47/95/20
f 51/124/13 50/76/30 54/118/29 53/96/14
f 58/123/23 57/97/18 63/122/17 62/98/24
f 66/116/27 65/100/22 71/114/21 70/102/28
f 74/112/31 73/104/26 78/110/25 77/106/32
s 13
f 17/22/103 18/19/102 19/49/120 20/23/109
s 7
f 21/39/84 22/87/83 23/109/116 24/40/111
s 13
f 25/32/106 26/21/105 27/24/110 28/33/113
s 7
f 29/25/81 30/90/80 31/31/118 32/81/115
f 7/29/67 33/28/66 34/52/123 35/30/117
s 13
f 36/36/108 37/34/114 38/57/127 39/56/96 40/38/95
s 7
f 41/43/86 42/41/112 43/62/129 44/61/79 45/45/78
s 13
f 14/47/101 46/46/100 47/66/131 48/48/119
s 7
f 49/50/121 50/121/124 51/51/122
s 13
f 52/53/92 53/54/126 54/80/142 55/78/93
s 7
f 56/58/75 57/59/128 58/79/133 59/69/76
s 13
f 60/64/98 61/63/97 62/120/135 63/65/130
s 7
f 64/99/72 65/117/132 66/82/137 67/75/73
s 13
f 68/71/89 69/101/88 70/115/140 71/83/134
s 7
f 72/103/69 73/113/136 74/84/125 75/77/70
s 13
f 76/105/138 77/111/141 78/85/139
g default
v 6.126746 347.275970 36.630749
v 6.134101 347.272614 36.807163
v 6.193994 347.262878 36.972511
v 6.300560 347.247772 37.110607
v 6.443367 347.228668 37.207928
v 6.608438 347.207550 37.254955
v 6.779614 347.186401 37.247078
v 6.940139 347.167328 37.185078
v 7.074301 347.152222 37.075016
v 7.168964 347.142487 36.927658
v 7.214865 347.139160 36.757446
v 7.207510 347.142487 36.581032
v 7.147618 347.152222 36.415688
v 7.041051 347.167328 36.277596
v 6.898243 347.186401 36.180267
v 6.733172 347.207550 36.133240
v 6.561996 347.228668 36.141117
v 6.401472 347.247772 36.203125
v 6.267310 347.262878 36.313187
v 6.172647 347.272614 36.460537
v 6.493472 357.318848 36.673351
v 6.500782 357.315155 36.849766
v 6.560535 357.304352 37.015095
v 6.666884 357.287476 37.153164
v 6.809419 357.266235 37.250454
v 6.974186 357.242676 37.297440
v 7.145059 357.219116 37.289532
v 7.305308 357.197815 37.227501
v 7.439249 357.180969 37.117405
v 7.533772 357.170105 36.970039
v 7.579621 357.166351 36.799820
v 7.572313 357.170074 36.623413
v 7.512558 357.180878 36.458084
v 7.406208 357.197723 36.320015
v 7.263674 357.218994 36.222717
v 7.098906 357.242554 36.175732
v 6.928035 357.266113 36.183640
v 6.767786 357.287384 36.245678
v 6.633844 357.304260 36.355766
v 6.539322 357.315125 36.503132
v 6.905308 363.352600 36.720474
v 6.912558 363.348450 36.896877
v 6.972116 363.336243 37.062183
v 7.078153 363.317200 37.200218
v 7.220291 363.293121 37.297462
v 7.384614 363.266449 37.344406
v 7.555038 363.239685 37.336445
v 7.714880 363.215576 37.274364
v 7.848495 363.196350 37.164230
v 7.942804 363.183990 37.016842
v 7.988573 363.179688 36.846615
v 7.981324 363.183838 36.670216
v 7.921764 363.196014 36.504902
v 7.815728 363.215057 36.366867
v 7.673590 363.239136 36.269623
v 7.509267 363.265839 36.222687
v 7.338843 363.292542 36.230644
v 7.179000 363.316711 36.292728
v 7.045384 363.335938 36.402855
v 6.951077 363.348267 36.550251
v 7.378943 368.401367 36.772690
v 7.386111 368.396729 36.949081
v 7.445375 368.382721 37.114365
v 7.550935 368.360718 37.252342
v 7.692456 368.332886 37.349522
v 7.856085 368.301910 37.396378
v 8.025806 368.270905 37.388344
v 8.185005 368.242798 37.326187
v 8.318099 368.220398 37.216003
v 8.412060 368.205872 37.068577
v 8.457687 368.200714 36.898331
v 8.450520 368.205383 36.721943
v 8.391255 368.219360 36.556660
v 8.285695 368.241364 36.418678
v 8.144176 368.269226 36.321503
v 7.980546 368.300140 36.274643
v 7.810825 368.331207 36.282677
v 7.651625 368.359283 36.344833
v 7.518532 368.381653 36.455017
v 7.424572 368.396179 36.602444
v 7.943568 371.714752 36.830467
v 7.950628 371.709595 37.006847
v 8.009413 371.693085 37.172073
v 8.114170 371.666931 37.309975
v 8.254643 371.633728 37.407051
v 8.417085 371.596649 37.453789
v 8.585590 371.559296 37.445625
v 8.743669 371.525421 37.383366
v 8.875843 371.498291 37.273087
v 8.969177 371.480591 37.125595
v 9.014535 371.473969 36.955322
v 9.007475 371.479218 36.778938
v 8.948690 371.495667 36.613712
v 8.843932 371.521790 36.475811
v 8.703460 371.555023 36.378735
v 8.541018 371.592133 36.331997
v 8.372513 371.629456 36.340160
v 8.214435 371.663330 36.402428
v 8.082260 371.690430 36.512707
v 7.988926 371.708160 36.660198
v 8.637897 374.618896 36.891758
v 8.644831 374.613190 37.068130
v 8.702778 374.593262 37.233288
v 8.806067 374.561066 37.371059
v 8.944590 374.519684 37.467960
v 9.104782 374.473297 37.514511
v 9.270967 374.426422 37.506149
v 9.426876 374.383514 37.443691
v 9.557247 374.348938 37.333260
v 9.649320 374.325989 37.185658
v 9.694079 374.316956 37.015335
v 9.687147 374.322662 36.838959
v 9.629199 374.342590 36.673805
v 9.525909 374.374817 36.536034
v 9.387388 374.416168 36.439133
v 9.227195 374.462555 36.392582
v 9.061010 374.509430 36.400944
v 8.905101 374.552338 36.463402
v 8.774731 374.586914 36.573830
v 8.682658 374.609894 36.721432
v 9.547679 377.498108 36.949009
v 9.554631 377.492432 37.125374
v 9.611065 377.467804 37.290443
v 9.711454 377.426514 37.428040
v 9.845976 377.372620 37.524704
v 10.001459 377.311523 37.570969
v 10.162686 377.249115 37.562313
v 10.313872 377.191467 37.499577
v 10.440221 377.144318 37.388901
v 10.529364 377.112183 37.241123
v 10.572573 377.098328 37.070705
v 10.565621 377.103973 36.894337
v 10.509189 377.128662 36.729271
v 10.408799 377.169891 36.591671
v 10.274277 377.223724 36.495010
v 10.118793 377.284851 36.448738
v 9.957569 377.347260 36.457401
v 9.806381 377.404907 36.520138
v 9.680032 377.452087 36.630814
v 9.590890 377.484192 36.778587
v 10.769584 380.270142 36.967190
v 10.777846 380.267456 37.143570
v 10.832888 380.239594 37.308624
v 10.929318 380.189301 37.446182
v 11.057701 380.121490 37.542797
v 11.205469 380.042816 37.588997
v 11.358155 379.960968 37.580265
v 11.500814 379.883911 37.517456
v 11.619484 379.819244 37.406715
v 11.702547 379.773285 37.258884
v 11.741871 379.750519 37.088432
v 11.733608 379.753204 36.912052
v 11.678568 379.781067 36.746998
v 11.582135 379.831360 36.609432
v 11.453753 379.899170 36.512817
v 11.305986 379.977844 36.466625
v 11.153299 380.059723 36.475357
v 11.010640 380.136749 36.538166
v 10.891971 380.201416 36.648907
v 10.808908 380.247375 36.796738
v 12.376709 382.972717 36.887081
v 12.386667 382.972870 37.063393
v 12.439092 382.940704 37.228546
v 12.528851 382.879425 37.366398
v 12.647159 382.795074 37.463428
v 12.782434 382.695862 37.510159
v 12.921435 382.591492 37.501999
v 13.050556 382.492188 37.439758
v 13.157156 382.407654 37.329529
v 13.230803 382.346283 37.182095
v 13.264286 382.313873 37.011890
v 13.254327 382.313782 36.835579
v 13.201902 382.345917 36.670414
v 13.112143 382.407196 36.532570
v 12.993835 382.491608 36.435535
v 12.858560 382.590790 36.388813
v 12.719559 382.695160 36.396965
v 12.590438 382.794464 36.459209
v 12.483838 382.878937 36.569443
v 12.410192 382.940369 36.716877
v 14.699875 385.355530 36.865795
v 14.697484 385.343475 37.041969
v 14.725283 385.286987 37.206856
v 14.780547 385.191589 37.344311
v 14.857869 385.066681 37.440895
v 14.949681 384.924438 37.487125
v 15.046994 384.778809 37.478512
v 15.140283 384.644104 37.415871
v 15.220415 384.533417 37.305336
v 15.279549 384.457672 37.157745
v 15.311893 384.424164 36.987522
v 15.314283 384.436279 36.811356
v 15.286486 384.492767 36.646461
v 15.231222 384.588165 36.509007
v 15.153898 384.713074 36.412430
v 15.062087 384.855255 36.366192
v 14.964775 385.000885 36.374813
v 14.871487 385.135651 36.437454
v 14.791353 385.246307 36.547981
v 14.732221 385.322113 36.695583
v 17.852125 386.561523 37.408417
v 17.813992 386.535950 37.578747
v 17.784630 386.457916 37.734287
v 17.766914 386.335022 37.859818
v 17.762581 386.179260 37.943039
v 17.772053 386.006042 37.975822
v 17.794401 385.832184 37.954941
v 17.827442 385.674713 37.882446
v 17.867939 385.549072 37.765442
v 17.911926 385.467621 37.615372
v 17.955101 385.438202 37.446922
v 17.993237 385.463806 37.276596
v 18.022598 385.541870 37.121048
v 18.040312 385.664734 36.995518
v 18.044645 385.820465 36.912296
v 18.035173 385.993713 36.879524
v 18.012823 386.167542 36.900394
v 17.979784 386.325043 36.972889
v 17.939289 386.450684 37.089893
v 17.895300 386.532135 37.239971
v 21.174704 385.935150 38.244102
v 21.126684 385.911438 38.412060
v 21.060377 385.840271 38.558758
v 20.982273 385.728607 38.669823
v 20.900015 385.587372 38.734386
v 20.821659 385.430481 38.746128
v 20.754871 385.273193 38.703899
v 20.706190 385.130951 38.611832
v 20.680384 385.017670 38.478943
v 20.679976 384.944397 38.318241
v 20.705006 384.918427 38.145447
v 20.753023 384.942169 37.977482
v 20.819332 385.013336 37.830791
v 20.897436 385.125000 37.719727
v 20.979694 385.266205 37.655163
v 21.058050 385.423096 37.643421
v 21.124838 385.580383 37.685650
v 21.173519 385.722626 37.777718
v 21.199326 385.835907 37.910606
v 21.199734 385.909180 38.071308
v 23.765371 383.806274 38.668243
v 23.721298 383.779419 38.836868
v 23.641500 383.718872 38.981300
v 23.533792 383.630646 39.087402
v 23.408712 383.523346 39.144798
v 23.278511 383.407501 39.147854
v 23.155926 383.294373 39.096279
v 23.052961 383.195068 38.995125
v 22.979694 383.119354 38.854286
v 22.943296 383.074615 38.687550
v 22.947334 383.065186 38.511246
v 22.991407 383.092041 38.342621
v 23.071203 383.152588 38.198189
v 23.178913 383.240784 38.092079
v 23.303993 383.348114 38.034691
v 23.434195 383.464020 38.031635
v 23.556780 383.577148 38.083202
v 23.659744 383.676392 38.184364
v 23.733011 383.752106 38.325203
v 23.769409 383.796875 38.491932
v 25.574633 381.180664 38.731049
v 25.531021 381.153168 38.899693
v 25.445534 381.100769 39.043880
v 25.326538 381.028564 39.149506
v 25.185680 380.943726 39.206226
v 25.036753 380.854523 39.208488
v 24.894329 380.769623 39.156071
v 24.772352 380.697449 39.054104
v 24.682764 380.644989 38.912579
v 24.634329 380.617340 38.745327
v 24.631794 380.617310 38.568745
v 24.675406 380.644836 38.400097
v 24.760891 380.697266 38.255909
v 24.879889 380.769379 38.150284
v 25.020744 380.854248 38.093563
v 25.169674 380.943481 38.091301
v 25.312098 381.028320 38.143715
v 25.434074 381.100525 38.245682
v 25.523663 381.153015 38.387218
v 25.572096 381.180603 38.554462
v 26.952862 378.389343 38.665504
v 26.908283 378.363739 38.834183
v 26.818991 378.319000 38.978539
v 26.693722 378.259491 39.084435
v 26.544739 378.190948 39.141502
v 26.386627 378.120209 39.144154
v 26.234865 378.054138 39.092144
v 26.104303 377.999146 38.990543
v 26.007727 377.960724 38.849308
v 25.954584 377.942596 38.682262
v 25.950085 377.946503 38.505760
v 25.994663 377.972076 38.337074
v 26.083956 378.016846 38.192726
v 26.209227 378.076385 38.086830
v 26.358210 378.144867 38.029762
v 26.516319 378.215637 38.027103
v 26.668083 378.281738 38.079121
v 26.798645 378.336639 38.180721
v 26.895222 378.375092 38.321957
v 26.948360 378.393250 38.489002
v 28.030128 375.481567 38.559845
v 27.984018 375.460144 38.728676
v 27.891483 375.424103 38.873333
v 27.761574 375.377014 38.979664
v 27.607014 375.323608 39.037258
v 27.442930 375.268951 39.040474
v 27.285381 375.218414 38.989002
v 27.149796 375.177002 38.887878
v 27.049440 375.148773 38.747002
v 26.994139 375.136444 38.580162
v 26.989307 375.141266 38.403694
v 27.035416 375.162689 38.234859
v 27.127953 375.198700 38.090199
v 27.257860 375.245728 37.983864
v 27.412422 375.299225 37.926281
v 27.576506 375.353882 37.923058
v 27.734053 375.404388 37.974525
v 27.869640 375.445801 38.075653
v 27.969994 375.474060 38.216530
v 28.025297 375.486359 38.383377
v 28.804394 372.618683 38.464397
v 28.756918 372.602264 38.633389
v 28.661934 372.575256 38.778355
v 28.528744 372.540283 38.885082
v 28.370380 372.500824 38.943146
v 28.202347 372.460663 38.946842
v 28.041092 372.423798 38.895824
v 27.902401 372.393799 38.795074
v 27.799852 372.373627 38.654469
v 27.743479 372.365234 38.487755
v 27.738802 372.369476 38.311268
v 27.786280 372.385895 38.142273
v 27.881264 372.412903 37.997314
v 28.014454 372.447845 37.890575
v 28.172817 372.487335 37.832523
v 28.340849 372.527496 37.828823
v 28.502106 372.564362 37.879841
v 28.640795 372.594360 37.980583
v 28.743343 372.614532 38.121201
v 28.799717 372.622925 38.287903
v 29.367462 369.344666 38.385487
v 29.319233 369.332031 38.554588
v 29.222950 369.311584 38.699730
v 29.088039 369.285339 38.806698
v 28.927715 369.255798 38.865028
v 28.757662 369.225891 38.869007
v 28.594532 369.198547 38.818249
v 28.454288 369.176392 38.717720
v 28.350660 369.161682 38.577255
v 28.293797 369.155792 38.410614
v 28.289257 369.159302 38.234108
v 28.337488 369.171936 38.065006
v 28.433771 369.192383 37.919865
v 28.568678 369.218628 37.812897
v 28.729006 369.248169 37.754566
v 28.899057 369.278076 37.750587
v 29.062189 369.305420 37.801346
v 29.202433 369.327576 37.901875
v 29.306059 369.342285 38.042332
v 29.362925 369.348145 38.208977
v 29.797642 364.339752 38.321743
v 29.749060 364.329468 38.490891
v 29.652208 364.312775 38.636112
v 29.516567 364.291351 38.743191
v 29.355413 364.267273 38.801647
v 29.184521 364.242920 38.805752
v 29.020618 364.220673 38.755100
v 28.879751 364.202667 38.654667
v 28.775705 364.190674 38.514263
v 28.718666 364.185913 38.347649
v 28.714222 364.188843 38.171131
v 28.762804 364.199127 38.001972
v 28.859653 364.215790 37.856754
v 28.995296 364.237274 37.749676
v 29.156452 364.261322 37.691223
v 29.327343 364.285706 37.687119
v 29.491243 364.307953 37.737766
v 29.632111 364.325958 37.838200
v 29.736156 364.337952 37.978600
v 29.793196 364.342682 38.145218
v 30.166269 358.334290 38.268421
v 30.117531 358.325226 38.437595
v 30.020437 358.310425 38.582844
v 29.884499 358.291351 38.689972
v 29.723013 358.269806 38.748470
v 29.551796 358.247986 38.752621
v 29.387600 358.227997 38.702015
v 29.246506 358.211761 38.601616
v 29.142319 358.200897 38.461239
v 29.085239 358.196472 38.294628
v 29.080856 358.198914 38.118095
v 29.129595 358.207977 37.948921
v 29.226686 358.222778 37.803661
v 29.362629 358.241852 37.696537
v 29.524113 358.263397 37.638039
v 29.695330 358.285217 37.633888
v 29.859524 358.305206 37.684494
v 30.000618 358.321442 37.784893
v 30.104807 358.332306 37.925270
v 30.161886 358.336731 38.091888
v 30.506495 348.347198 38.222961
v 30.457682 348.338745 38.392147
v 30.360495 348.324738 38.537415
v 30.224447 348.306549 38.644550
v 30.062851 348.285980 38.703064
v 29.891529 348.264984 38.707233
v 29.727251 348.245728 38.656643
v 29.586098 348.230011 38.556240
v 29.481884 348.219360 38.415863
v 29.424812 348.214874 38.249256
v 29.420471 348.216949 38.072723
v 29.469282 348.225403 37.903534
v 29.566469 348.239410 37.758266
v 29.702518 348.257599 37.651123
v 29.864115 348.278168 37.592609
v 30.035437 348.299133 37.588448
v 30.199713 348.318420 37.639038
v 30.340868 348.334137 37.739433
v 30.445082 348.344788 37.879810
v 30.502153 348.349274 38.046417
v 7.838659 347.045441 37.935307
v 7.983224 347.028809 37.840279
v 8.092298 347.017151 37.703903
v 8.155202 347.011627 37.539543
v 8.165779 347.012726 37.363270
v 8.122994 347.020416 37.192352
v 8.031035 347.033875 37.043510
v 7.898906 347.051819 36.931320
v 7.739537 347.072510 36.866756
v 7.568529 347.093872 36.856148
v 7.402623 347.113831 36.900524
v 7.258059 347.130493 36.995556
v 7.148985 347.142151 37.131924
v 7.086081 347.147705 37.296288
v 7.075503 347.146545 37.472557
v 7.118289 347.138885 37.643486
v 7.210245 347.125397 37.792324
v 7.342377 347.107452 37.904518
v 7.501746 347.086823 37.969082
v 7.672753 347.065430 37.979687
v 8.202081 357.062042 37.977520
v 8.346406 357.043488 37.882469
v 8.455309 357.030457 37.746078
v 8.518130 357.024261 37.581699
v 8.528723 357.025513 37.405437
v 8.486046 357.034027 37.234528
v 8.394280 357.049042 37.085701
v 8.262406 357.069061 36.973541
v 8.103334 357.092072 36.909019
v 7.932635 357.115936 36.898441
v 7.767017 357.138184 36.942863
v 7.622693 357.156738 37.037914
v 7.513790 357.169769 37.174305
v 7.450967 357.175964 37.338684
v 7.440376 357.174713 37.514946
v 7.483053 357.166168 37.685860
v 7.574819 357.151184 37.834682
v 7.706693 357.131165 37.946842
v 7.865765 357.108124 38.011368
v 8.036464 357.084290 38.021942
v 8.609122 363.061829 38.024101
v 8.753089 363.040771 37.929001
v 8.861737 363.025970 37.792587
v 8.924433 363.018890 37.628193
v 8.935037 363.020203 37.451931
v 8.892513 363.029785 37.281036
v 8.801023 363.046753 37.132252
v 8.669522 363.069397 37.020130
v 8.510883 363.095490 36.955654
v 8.340635 363.122528 36.945133
v 8.175443 363.147797 36.989594
v 8.031476 363.168854 37.084686
v 7.922827 363.183685 37.221107
v 7.860132 363.190765 37.385494
v 7.849528 363.189453 37.561764
v 7.892052 363.179840 37.732655
v 7.983542 363.162903 37.881447
v 8.115043 363.140259 37.993565
v 8.273682 363.114166 38.058041
v 8.443930 363.087128 38.068562
v 9.075331 368.065033 38.075493
v 9.218729 368.040497 37.980339
v 9.326967 368.023193 37.843876
v 9.389450 368.014771 37.679459
v 9.400061 368.016144 37.503197
v 9.357762 368.027130 37.332333
v 9.266693 368.046661 37.183586
v 9.135770 368.072845 37.071529
v 8.977806 368.103088 37.007126
v 8.808266 368.134430 36.996685
v 8.643744 368.163849 37.041218
v 8.500345 368.188416 37.136379
v 8.392107 368.205719 37.272842
v 8.329624 368.214142 37.437260
v 8.319013 368.212769 37.613522
v 8.361311 368.201782 37.784386
v 8.452380 368.182220 37.933132
v 8.583303 368.156067 38.045189
v 8.741268 368.125824 38.109592
v 8.910809 368.094452 38.120033
v 9.627363 371.313538 38.131996
v 9.769763 371.283783 38.036739
v 9.877270 371.262695 37.900200
v 9.939359 371.252289 37.735748
v 9.949951 371.253540 37.559479
v 9.908011 371.266418 37.388645
v 9.817645 371.289551 37.239979
v 9.687696 371.320740 37.128017
v 9.530887 371.356934 37.063732
v 9.362565 371.394592 37.053413
v 9.199209 371.429993 37.098072
v 9.056808 371.459717 37.193329
v 8.949302 371.480835 37.329865
v 8.887214 371.491211 37.494320
v 8.876620 371.489960 37.670589
v 8.918560 371.477112 37.841423
v 9.008926 371.453979 37.990089
v 9.138876 371.422760 38.102051
v 9.295686 371.386536 38.166336
v 9.464005 371.348938 38.176651
v 10.298263 374.120605 38.191257
v 10.438716 374.082825 38.095833
v 10.544764 374.055695 37.959164
v 10.606024 374.041840 37.794643
v 10.616500 374.042633 37.618366
v 10.575166 374.057983 37.447578
v 10.486071 374.086395 37.299026
v 10.357931 374.125061 37.187222
v 10.203295 374.170288 37.123127
v 10.037295 374.217560 37.113007
v 9.876184 374.262299 37.157856
v 9.735730 374.300049 37.253288
v 9.629683 374.327209 37.389950
v 9.568423 374.341095 37.554478
v 9.557946 374.340240 37.730755
v 9.599279 374.324890 37.901531
v 9.688376 374.296478 38.050087
v 9.816516 374.257782 38.161888
v 9.971152 374.212585 38.225994
v 10.137151 374.165344 38.236107
v 11.160271 376.850464 38.245651
v 11.296421 376.799225 38.149963
v 11.399136 376.761658 38.013096
v 11.458362 376.741425 37.848450
v 11.468302 376.740570 37.672138
v 11.427981 376.759094 37.501427
v 11.341347 376.795166 37.353012
v 11.216881 376.845367 37.241432
v 11.066765 376.904694 37.177608
v 10.905696 376.967346 37.167778
v 10.749438 377.027252 37.212914
v 10.613288 377.078461 37.308601
v 10.510573 377.116058 37.445469
v 10.451346 377.136261 37.610115
v 10.441409 377.137146 37.786427
v 10.481729 377.118622 37.957142
v 10.568362 377.082550 38.105553
v 10.692828 377.032318 38.217133
v 10.842943 376.973022 38.280964
v 11.004012 376.910339 38.290787
v 12.309902 379.457947 38.263203
v 12.438001 379.388367 38.167446
v 12.534028 379.335571 38.030525
v 12.588583 379.304718 37.865837
v 12.596325 379.298828 37.689510
v 12.556498 379.318481 37.518795
v 12.472999 379.361725 37.370411
v 12.354001 379.424377 37.258877
v 12.211155 379.500244 37.195114
v 12.058441 379.581970 37.185364
v 11.910809 379.661499 37.230572
v 11.782710 379.731018 37.326328
v 11.686684 379.783844 37.463253
v 11.632129 379.814667 37.627941
v 11.624386 379.820557 37.804268
v 11.664213 379.800934 37.974987
v 11.747712 379.757660 38.123367
v 11.866710 379.695007 38.234901
v 12.009557 379.619110 38.298660
v 12.162270 379.537476 38.308418
v 13.798034 381.964935 38.188107
v 13.913432 381.874481 38.092888
v 13.999043 381.804596 37.956402
v 14.046481 381.762024 37.792015
v 14.051106 381.750977 37.615818
v 14.012466 381.772644 37.445057
v 13.934343 381.824677 37.296436
v 13.824381 381.902191 37.184525
v 13.693345 381.997498 37.120270
v 13.554066 382.101257 37.109947
v 13.420173 382.203339 37.154583
v 13.304773 382.293823 37.249802
v 13.219164 382.363708 37.386288
v 13.171724 382.406281 37.550674
v 13.167099 382.417297 37.726871
v 13.205740 382.395691 37.897633
v 13.283864 382.343567 38.046253
v 13.393826 382.266113 38.158165
v 13.524859 382.170807 38.222420
v 13.664141 382.067047 38.232742
v 15.621654 383.853668 38.161232
v 15.707124 383.733582 38.065681
v 15.774015 383.645172 37.928986
v 15.815781 383.597015 37.764538
v 15.828330 383.593842 37.588425
v 15.810436 383.635956 37.417896
v 15.763849 383.719238 37.269634
v 15.693131 383.835510 37.158157
v 15.605205 383.973480 37.094379
v 15.508676 384.119568 37.084541
v 15.412992 384.259460 37.129608
v 15.327521 384.379456 37.225159
v 15.260630 384.467957 37.361851
v 15.218864 384.516083 37.526306
v 15.206315 384.519257 37.702412
v 15.224209 384.477142 37.872944
v 15.270796 384.393890 38.021202
v 15.341514 384.277527 38.132679
v 15.429440 384.139587 38.196457
v 15.525970 383.993561 38.206295
v 17.769676 384.680939 38.539680
v 17.808098 384.543152 38.436436
v 17.851393 384.445801 38.295883
v 17.895323 384.398468 38.131783
v 17.935583 384.405762 37.960205
v 17.968237 384.466888 37.797939
v 17.990089 384.576019 37.660866
v 17.998995 384.722351 37.562408
v 17.994089 384.891571 37.512207
v 17.975849 385.067169 37.515160
v 17.946058 385.231903 37.570999
v 17.907637 385.369690 37.674244
v 17.864342 385.467072 37.814793
v 17.820412 385.514404 37.978893
v 17.780151 385.507111 38.150475
v 17.747498 385.445923 38.312740
v 17.725647 385.336823 38.449814
v 17.716738 385.190491 38.548267
v 17.721645 385.021271 38.598469
v 17.739885 384.845642 38.595516
v 20.153423 384.229309 39.150497
v 20.119593 384.104950 39.029945
v 20.110586 384.017365 38.876873
v 20.127289 383.975128 38.706257
v 20.168066 383.982300 38.534798
v 20.228920 384.038239 38.379280
v 20.303900 384.137451 38.254940
v 20.385664 384.270203 38.173927
v 20.466208 384.423523 38.144192
v 20.537649 384.582428 38.168629
v 20.592993 384.731323 38.244858
v 20.626823 384.855682 38.365410
v 20.635828 384.943237 38.518490
v 20.619125 384.985535 38.689106
v 20.578352 384.978363 38.860558
v 20.517496 384.922424 39.016075
v 20.442516 384.823212 39.140423
v 20.360752 384.690460 39.221428
v 20.280209 384.537079 39.251163
v 20.208765 384.378204 39.226723
v 22.235716 382.502777 39.489494
v 22.151592 382.418213 39.360519
v 22.102322 382.362518 39.200699
v 22.092726 382.341034 39.025681
v 22.123743 382.355927 38.852589
v 22.192339 382.405731 38.698372
v 22.291801 382.485565 38.578129
v 22.412390 382.587616 38.503616
v 22.542303 382.701874 38.482151
v 22.668821 382.817169 38.515812
v 22.779564 382.922272 38.601322
v 22.863689 383.006775 38.730297
v 22.912960 383.062500 38.890118
v 22.922556 383.083954 39.065140
v 22.891539 383.069061 39.238228
v 22.822941 383.019257 39.392445
v 22.723478 382.939423 39.512695
v 22.602890 382.837372 39.587196
v 22.472979 382.723114 39.608665
v 22.346458 382.607788 39.575005
v 23.856863 380.144989 39.544292
v 23.755325 380.085266 39.414577
v 23.692434 380.048950 39.254177
v 23.674345 380.039581 39.078796
v 23.702829 380.058105 38.905598
v 23.775099 380.102661 38.751534
v 23.884079 380.168945 38.631699
v 24.019098 380.250397 38.557804
v 24.166948 380.339172 38.537098
v 24.313150 380.426453 38.571602
v 24.443394 380.503723 38.657936
v 24.544931 380.563477 38.787651
v 24.607822 380.599792 38.948051
v 24.625912 380.609161 39.123440
v 24.597427 380.590668 39.296631
v 24.525158 380.546051 39.450695
v 24.416180 380.479797 39.570534
v 24.281157 380.398315 39.644424
v 24.133308 380.309601 39.665131
v 23.987106 380.222321 39.630634
v 25.137249 377.550415 39.482944
v 25.028105 377.505951 39.353550
v 24.959684 377.480774 39.193386
v 24.938681 377.477264 39.018131
v 24.967150 377.495789 38.844933
v 25.042309 377.534546 38.690750
v 25.156796 377.589752 38.570675
v 25.299408 377.655975 38.496456
v 25.456181 377.726746 38.475361
v 25.611774 377.795166 38.509460
v 25.750952 377.854462 38.595413
v 25.860096 377.898926 38.724812
v 25.928516 377.924164 38.884972
v 25.949520 377.927643 39.060234
v 25.921051 377.909088 39.233425
v 25.845892 377.870361 39.387608
v 25.731405 377.815155 39.507690
v 25.588793 377.748932 39.581902
v 25.432018 377.678162 39.602997
v 25.276426 377.609772 39.568897
v 26.146641 374.825592 39.383678
v 26.033255 374.792542 39.254688
v 25.962101 374.774689 39.094780
v 25.940145 374.773743 38.919613
v 25.969532 374.789825 38.746326
v 26.047388 374.821320 38.591888
v 26.166096 374.865143 38.471416
v 26.314028 374.917023 38.396698
v 26.476709 374.971863 38.375053
v 26.638214 375.024384 38.408600
v 26.782730 375.069336 38.494041
v 26.896114 375.102295 38.623035
v 26.967270 375.120178 38.782944
v 26.989225 375.121094 38.958111
v 26.959837 375.105011 39.131397
v 26.881979 375.073547 39.285831
v 26.763275 375.029694 39.406307
v 26.615341 374.977844 39.481026
v 26.452662 374.922974 39.502674
v 26.291157 374.870514 39.469124
v 26.874380 372.133728 39.293915
v 26.758469 372.110046 39.165234
v 26.685852 372.097534 39.005508
v 26.663635 372.097595 38.830372
v 26.693996 372.110046 38.656967
v 26.773964 372.133820 38.502270
v 26.895704 372.166473 38.381432
v 27.047308 372.204865 38.306259
v 27.213932 372.245209 38.284134
v 27.379265 372.283600 38.317207
v 27.527124 372.316284 38.402248
v 27.643034 372.339966 38.530930
v 27.715652 372.352478 38.690655
v 27.737869 372.352417 38.865799
v 27.707506 372.339966 39.039204
v 27.627541 372.316223 39.193893
v 27.505798 372.283539 39.314739
v 27.354195 372.245148 39.389904
v 27.187571 372.204803 39.412037
v 27.022240 372.166412 39.378963
v 27.413383 368.981659 39.218349
v 27.296221 368.964294 39.089840
v 27.222912 368.955322 38.930210
v 27.200621 368.955719 38.755074
v 27.231537 368.965363 38.581600
v 27.312632 368.983398 38.426750
v 27.435968 369.007996 38.305679
v 27.589474 369.036743 38.230247
v 27.758120 369.066864 38.207844
v 27.925400 369.095398 38.240650
v 28.074938 369.119507 38.325459
v 28.192099 369.136902 38.453964
v 28.265411 369.145844 38.613594
v 28.287701 369.145477 38.788723
v 28.256783 369.135803 38.962200
v 28.175688 369.117767 39.117058
v 28.052353 369.093201 39.238117
v 27.898849 369.064423 39.313549
v 27.730202 369.034302 39.335957
v 27.562922 369.005798 39.303158
v 27.833393 364.043854 39.156094
v 27.715740 364.029724 39.027660
v 27.642170 364.022491 38.868069
v 27.619884 364.022858 38.692940
v 27.651068 364.030762 38.519417
v 27.732662 364.045502 38.364494
v 27.856686 364.065521 38.243324
v 28.010994 364.088989 38.167782
v 28.180487 364.113556 38.145241
v 28.348570 364.136749 38.177937
v 28.498789 364.156372 38.262642
v 28.616442 364.170563 38.391075
v 28.690012 364.177765 38.550667
v 28.712297 364.177399 38.725796
v 28.681114 364.169495 38.899319
v 28.599518 364.154785 39.054241
v 28.475494 364.134735 39.175411
v 28.321186 364.111298 39.250954
v 28.151695 364.086761 39.273487
v 27.983614 364.063538 39.240803
v 28.197964 358.069977 39.103363
v 28.080139 358.057190 38.974949
v 28.006491 358.050568 38.815369
v 27.984234 358.050690 38.640232
v 28.015543 358.057617 38.466698
v 28.097355 358.070648 38.311737
v 28.221663 358.088501 38.190529
v 28.376293 358.109436 38.114937
v 28.546116 358.131378 38.092358
v 28.714504 358.152252 38.124996
v 28.864977 358.169922 38.209667
v 28.982803 358.182739 38.338081
v 29.056448 358.189362 38.497662
v 29.078707 358.189209 38.672791
v 29.047396 358.182312 38.846333
v 28.965584 358.169250 39.001293
v 28.841278 358.151428 39.122498
v 28.686646 358.130493 39.198093
v 28.516823 358.108551 39.220673
v 28.348434 358.087677 39.188026
v 28.536800 348.094543 39.058090
v 28.418938 348.082062 38.929680
v 28.345287 348.075470 38.770103
v 28.323063 348.075348 38.594971
v 28.354435 348.081757 38.421413
v 28.436337 348.094025 38.266453
v 28.560745 348.110992 38.145226
v 28.715490 348.130981 38.069618
v 28.885420 348.152069 38.047024
v 29.053900 348.172150 38.079655
v 29.204441 348.189209 38.164310
v 29.322304 348.201691 38.292725
v 29.395952 348.208313 38.452305
v 29.418180 348.208435 38.627441
v 29.386805 348.202057 38.800980
v 29.304907 348.189758 38.955952
v 29.180494 348.172791 39.077179
v 29.025753 348.152802 39.152786
v 28.855824 348.131744 39.175381
v 28.687342 348.111664 39.142750
v 8.081321 347.045441 35.753109
v 7.929399 347.065430 35.671722
v 7.760435 347.086823 35.642746
v 7.590965 347.107452 35.669014
v 7.437581 347.125397 35.747967
v 7.315293 347.138885 35.871861
v 7.236075 347.146545 36.028576
v 7.207681 347.147705 36.202774
v 7.232889 347.142151 36.377396
v 7.309232 347.130493 36.535358
v 7.429237 347.113831 36.661190
v 7.581159 347.093872 36.742577
v 7.750124 347.072510 36.771553
v 7.919593 347.051819 36.745285
v 8.072979 347.033875 36.666332
v 8.195265 347.020416 36.542439
v 8.274482 347.012726 36.385723
v 8.302877 347.011627 36.211525
v 8.277670 347.017151 36.036896
v 8.201326 347.028809 35.878941
v 8.444715 357.061768 35.795322
v 8.293080 357.084076 35.713970
v 8.124423 357.107880 35.685028
v 7.955252 357.130951 35.711334
v 7.802126 357.150970 35.790314
v 7.680035 357.165985 35.914234
v 7.600930 357.174561 36.070965
v 7.572553 357.175812 36.245163
v 7.597683 357.169647 36.419777
v 7.673862 357.156677 36.577721
v 7.793628 357.138153 36.703522
v 7.945262 357.115906 36.784878
v 8.113919 357.092072 36.813816
v 8.283092 357.069031 36.787514
v 8.436217 357.048981 36.708530
v 8.558308 357.033966 36.584614
v 8.637414 357.025421 36.427879
v 8.665790 357.024139 36.253681
v 8.640660 357.030273 36.079071
v 8.564482 357.043304 35.921131
v 8.851625 363.060669 35.841881
v 8.700409 363.085938 35.760582
v 8.532201 363.112915 35.731689
v 8.363469 363.139099 35.758049
v 8.210727 363.161804 35.837070
v 8.088928 363.178894 35.961021
v 8.009995 363.188690 36.117767
v 7.981652 363.190186 36.291973
v 8.006677 363.183289 36.466572
v 8.082617 363.168640 36.624485
v 8.202040 363.147675 36.750252
v 8.353256 363.122437 36.831562
v 8.521463 363.095459 36.860443
v 8.690196 363.069275 36.834095
v 8.842938 363.046539 36.755074
v 8.964737 363.029449 36.631115
v 9.043671 363.019684 36.474365
v 9.072012 363.018158 36.300167
v 9.046988 363.025085 36.125565
v 8.971047 363.039734 35.967648
v 9.317457 368.061615 35.893242
v 9.166891 368.090820 35.812004
v 8.999389 368.122131 35.783192
v 8.831346 368.152527 35.809631
v 8.679214 368.179016 35.888714
v 8.557882 368.198975 36.012722
v 8.479231 368.210449 36.169502
v 8.450955 368.212402 36.343708
v 8.475825 368.204529 36.518295
v 8.551407 368.187683 36.676170
v 8.670300 368.163452 36.801876
v 8.820867 368.134277 36.883110
v 8.988369 368.102936 36.911922
v 9.156411 368.072571 36.885494
v 9.308543 368.046082 36.806400
v 9.429873 368.026093 36.682404
v 9.508526 368.014618 36.525616
v 9.536800 368.012665 36.351410
v 9.511931 368.020538 36.176823
v 9.436351 368.037384 36.018944
v 9.868467 371.304810 35.949635
v 9.719006 371.339691 35.868519
v 9.552714 371.377258 35.839825
v 9.385869 371.413818 35.866383
v 9.234802 371.445801 35.945576
v 9.114301 371.470032 36.069664
v 9.036160 371.484192 36.226498
v 9.008032 371.486877 36.400719
v 9.032667 371.477783 36.575283
v 9.107655 371.457886 36.733097
v 9.225653 371.429047 36.858715
v 9.375113 371.394135 36.939838
v 9.541405 371.356567 36.968525
v 9.708251 371.319977 36.941975
v 9.859317 371.288025 36.862770
v 9.979818 371.263794 36.738686
v 10.057958 371.249634 36.581860
v 10.086086 371.246948 36.407627
v 10.061452 371.256042 36.233063
v 9.986465 371.275970 36.075260
v 10.536407 374.099640 36.008640
v 10.389020 374.143127 35.927696
v 10.225025 374.190186 35.899212
v 10.060475 374.236298 35.925961
v 9.911478 374.276855 36.005337
v 9.792618 374.307861 36.129566
v 9.715529 374.326385 36.286488
v 9.687758 374.330505 36.460751
v 9.712025 374.319946 36.635281
v 9.785951 374.295624 36.792999
v 9.902303 374.259949 36.918472
v 10.049690 374.216461 36.999416
v 10.213684 374.169373 37.027905
v 10.378234 374.123322 37.001156
v 10.527231 374.082764 36.921776
v 10.646092 374.051727 36.797546
v 10.723180 374.033203 36.640617
v 10.750950 374.029053 36.466370
v 10.726684 374.039642 36.291840
v 10.652758 374.063965 36.134113
v 11.388536 376.798584 36.062447
v 11.245434 376.855438 35.981758
v 11.086286 376.917725 35.953556
v 10.926668 376.979218 35.980606
v 10.782209 377.033905 36.060253
v 10.667047 377.076538 36.184696
v 10.592454 377.102875 36.341770
v 10.565733 377.110260 36.516087
v 10.589499 377.098114 36.690598
v 10.661426 377.067535 36.848194
v 10.774474 377.021576 36.973469
v 10.917575 376.964661 37.054157
v 11.076725 376.902435 37.082359
v 11.236341 376.840942 37.055309
v 11.380800 376.786255 36.975662
v 11.495963 376.743652 36.851212
v 11.570557 376.717316 36.694138
v 11.597278 376.709900 36.519821
v 11.573511 376.722046 36.345318
v 11.501583 376.752563 36.187721
v 12.505452 379.331573 36.079712
v 12.369089 379.403809 35.999081
v 12.218021 379.484467 35.970951
v 12.067036 379.565613 35.998081
v 11.930909 379.639313 36.077793
v 11.822970 379.698364 36.202305
v 11.753783 379.736938 36.359428
v 11.730121 379.751343 36.533775
v 11.754298 379.740112 36.708279
v 11.823949 379.704346 36.865860
v 11.932257 379.647614 36.991096
v 12.068618 379.575348 37.071728
v 12.219687 379.494720 37.099857
v 12.370673 379.413574 37.072735
v 12.506798 379.339874 36.993008
v 12.614738 379.280823 36.868496
v 12.683924 379.242249 36.711380
v 12.707588 379.227844 36.537033
v 12.683410 379.239075 36.362534
v 12.613759 379.274780 36.204948
v 13.946132 381.760559 36.006615
v 13.820773 381.850891 35.925522
v 13.682739 381.952972 35.896847
v 13.545541 382.056763 35.923386
v 13.422607 382.152161 36.002552
v 13.325973 382.229797 36.126587
v 13.265098 382.282043 36.283360
v 13.245937 382.303894 36.457512
v 13.270371 382.293091 36.632004
v 13.336006 382.250732 36.789761
v 13.436416 382.180969 36.915321
v 13.561773 382.090637 36.996414
v 13.699807 381.988586 37.025093
v 13.837007 381.884766 36.998550
v 13.959939 381.789368 36.919388
v 14.056574 381.711731 36.795349
v 14.117451 381.659454 36.638584
v 14.136609 381.637665 36.464428
v 14.112177 381.648468 36.289932
v 14.046541 381.690796 36.132187
v 15.840332 383.719055 35.980534
v 15.757252 383.851257 35.899910
v 15.662562 383.996185 35.871716
v 15.565534 384.139740 35.898712
v 15.475660 384.267822 35.978241
v 15.401743 384.367920 36.102539
v 15.351017 384.430206 36.259422
v 15.328445 384.448639 36.433533
v 15.336241 384.421387 36.607845
v 15.373637 384.351074 36.765282
v 15.436976 384.244720 36.890430
v 15.520056 384.112549 36.971050
v 15.614745 383.967590 36.999241
v 15.711774 383.824066 36.972256
v 15.801646 383.695984 36.892719
v 15.875564 383.595886 36.768425
v 15.926291 383.533569 36.611542
v 15.948862 383.515137 36.437424
v 15.941066 383.542389 36.263123
v 15.903669 383.612671 36.105682
v 18.281559 384.656952 36.406906
v 18.281271 384.820282 36.339825
v 18.267338 384.995697 36.324837
v 18.241125 385.165955 36.363403
v 18.205196 385.314392 36.451756
v 18.163071 385.426483 36.581245
v 18.118870 385.491241 36.739193
v 18.076921 385.502380 36.910145
v 18.041330 385.458740 37.077358
v 18.015585 385.364624 37.224476
v 18.002201 385.229279 37.337078
v 18.002489 385.065948 37.404167
v 18.016420 384.890533 37.419159
v 18.042635 384.720337 37.380589
v 18.078562 384.571899 37.292229
v 18.120689 384.459778 37.162746
v 18.164890 384.394989 37.004799
v 18.206839 384.383850 36.833847
v 18.242426 384.427490 36.666634
v 18.268173 384.521606 36.519516
v 20.613304 384.214996 37.005276
v 20.695154 384.363098 36.957863
v 20.770466 384.521881 36.964252
v 20.831869 384.675842 37.023808
v 20.873350 384.809845 37.130695
v 20.890852 384.910797 37.274467
v 20.882662 384.968903 37.441048
v 20.849577 384.978363 37.614117
v 20.794840 384.938293 37.776749
v 20.723806 384.852631 37.913013
v 20.643433 384.729767 38.009579
v 20.561583 384.581696 38.056988
v 20.486273 384.422882 38.050602
v 20.424868 384.268982 37.991051
v 20.383387 384.134949 37.884151
v 20.365885 384.033936 37.740387
v 20.374077 383.975861 37.573811
v 20.407160 383.966431 37.400738
v 20.461897 384.006470 37.238106
v 20.532930 384.092133 37.101841
v 22.538591 382.612732 37.317978
v 22.666790 382.724091 37.278328
v 22.795858 382.840332 37.293713
v 22.913164 382.950043 37.362637
v 23.007225 383.042419 37.478336
v 23.068830 383.108490 37.629490
v 23.091953 383.141815 37.801311
v 23.074329 383.139038 37.976974
v 23.017685 383.100494 38.139286
v 22.927561 383.029968 38.272350
v 22.812782 382.934265 38.363155
v 22.684586 382.822906 38.402802
v 22.555517 382.706665 38.387417
v 22.438210 382.597015 38.318493
v 22.344151 382.504578 38.202793
v 22.282543 382.438507 38.051643
v 22.259422 382.405182 37.879818
v 22.277046 382.407959 37.704159
v 22.333693 382.446503 37.541851
v 22.423815 382.517029 37.408779
v 24.115450 380.318085 37.370892
v 24.260597 380.405304 37.331966
v 24.408976 380.494049 37.348179
v 24.546061 380.575562 37.417934
v 24.658432 380.641907 37.534412
v 24.735094 380.686554 37.686214
v 24.768538 380.705170 37.858467
v 24.755491 380.695892 38.034328
v 24.697233 380.659607 38.196568
v 24.599464 380.599945 38.329308
v 24.471754 380.522705 38.419563
v 24.326609 380.435455 38.458488
v 24.178228 380.346680 38.442280
v 24.041143 380.265167 38.372520
v 23.928772 380.198822 38.256042
v 23.852112 380.154175 38.104240
v 23.818668 380.135559 37.931988
v 23.831713 380.144867 37.756130
v 23.889971 380.181122 37.593887
v 23.987741 380.240784 37.461140
v 25.389551 377.736084 37.309807
v 25.543274 377.806152 37.270515
v 25.700991 377.876068 37.286324
v 25.847261 377.939148 37.355690
v 25.967773 377.989105 37.471821
v 26.050726 378.021118 37.623352
v 26.088003 378.031921 37.795437
v 26.075953 378.020691 37.971256
v 26.015755 377.988342 38.133579
v 25.913301 377.938049 38.266521
v 25.778624 377.874847 38.357071
v 25.624905 377.804810 38.396374
v 25.467188 377.734863 38.380558
v 25.320915 377.671814 38.311192
v 25.200405 377.621857 38.195061
v 25.117451 377.589844 38.043537
v 25.080175 377.579010 37.871441
v 25.092226 377.590271 37.695625
v 25.152422 377.622620 37.533302
v 25.254875 377.672882 37.400356
v 26.406498 374.990845 37.209835
v 26.565994 375.045319 37.169994
v 26.729685 375.099152 37.185238
v 26.881548 375.147156 37.254082
v 27.006721 375.184570 37.369766
v 27.092947 375.207764 37.520996
v 27.131790 375.214417 37.692940
v 27.119444 375.203949 37.868782
v 27.057117 375.177307 38.031303
v 26.950916 375.137146 38.164597
v 26.811232 375.087433 38.255623
v 26.651737 375.032959 38.295464
v 26.488047 374.979095 38.280212
v 26.336180 374.931122 38.211376
v 26.211010 374.893707 38.095684
v 26.124783 374.870514 37.944469
v 26.085939 374.863892 37.772518
v 26.098288 374.874359 37.596676
v 26.160610 374.900970 37.434155
v 26.266813 374.941101 37.300854
v 27.143827 372.263824 37.118904
v 27.307217 372.303955 37.078587
v 27.474817 372.343445 37.093353
v 27.630222 372.378418 37.161762
v 27.758224 372.405365 37.277103
v 27.846292 372.421783 37.428097
v 27.885803 372.426025 37.599968
v 27.872890 372.417633 37.775875
v 27.808819 372.397430 37.938610
v 27.699858 372.367401 38.072247
v 27.556677 372.330536 38.163700
v 27.393288 372.290405 38.204010
v 27.225687 372.250916 38.189247
v 27.070278 372.215973 38.120842
v 26.942278 372.188934 38.005489
v 26.854212 372.172516 37.854500
v 26.814701 372.168335 37.682636
v 26.827612 372.176727 37.506721
v 26.891685 372.196899 37.343987
v 27.000645 372.226959 37.210350
v 27.688456 369.083191 37.042549
v 27.853849 369.113159 37.001957
v 28.023443 369.142578 37.016445
v 28.180639 369.168457 37.084606
v 28.310051 369.188324 37.199753
v 28.399010 369.200195 37.350624
v 28.438805 369.202972 37.522449
v 28.425543 369.196350 37.698410
v 28.360523 369.180939 37.861279
v 28.250107 369.158325 37.995113
v 28.105108 369.130646 38.086823
v 27.939716 369.100647 38.127407
v 27.770121 369.071289 38.112919
v 27.612923 369.045410 38.044758
v 27.483513 369.025513 37.929615
v 27.394556 369.013641 37.778740
v 27.354761 369.010864 37.606915
v 27.368023 369.017487 37.430954
v 27.433043 369.032898 37.268085
v 27.543455 369.055542 37.134251
v 28.111240 364.127106 36.979893
v 28.277475 364.151520 36.939171
v 28.447895 364.175476 36.953541
v 28.605822 364.196564 37.021591
v 28.735794 364.212677 37.136658
v 28.825092 364.222351 37.287483
v 28.864969 364.224579 37.459290
v 28.851528 364.219116 37.635284
v 28.786083 364.206573 37.798210
v 28.675035 364.188080 37.932140
v 28.529264 364.165527 38.023956
v 28.363029 364.141083 38.064671
v 28.192608 364.117126 38.050301
v 28.034683 364.096069 37.982254
v 27.904711 364.079926 37.867188
v 27.815413 364.070251 37.716370
v 27.775534 364.068054 37.544552
v 27.788975 364.073486 37.368568
v 27.854422 364.086060 37.205635
v 27.965469 364.104553 37.071705
v 28.477200 358.142395 36.926952
v 28.643766 358.164246 36.886192
v 28.814505 358.185730 36.900513
v 28.972702 358.204681 36.968525
v 29.102877 358.219238 37.083565
v 29.192284 358.228058 37.234367
v 29.232170 358.230225 37.406178
v 29.218634 358.225494 37.582176
v 29.152998 358.214386 37.745140
v 29.041689 358.197968 37.879105
v 28.895601 358.177856 37.970970
v 28.729038 358.156036 38.011730
v 28.558298 358.134552 37.997402
v 28.400099 358.115631 37.929398
v 28.269926 358.101013 37.814358
v 28.180521 358.092224 37.663548
v 28.140633 358.090027 37.491737
v 28.154169 358.094757 37.315739
v 28.219805 358.105865 37.152782
v 28.331116 358.122253 37.018810
v 28.816759 348.160919 36.881588
v 28.983435 348.181854 36.840801
v 29.154270 348.202484 36.855118
v 29.312550 348.220795 36.923119
v 29.442770 348.234955 37.038143
v 29.532190 348.243622 37.188953
v 29.572058 348.245972 37.360771
v 29.558468 348.241730 37.536781
v 29.492752 348.231262 37.699745
v 29.381342 348.215698 37.833729
v 29.235146 348.196503 37.925606
v 29.068468 348.175568 37.966381
v 28.897633 348.154938 37.952068
v 28.739357 348.136627 37.884064
v 28.609135 348.122467 37.769039
v 28.519714 348.113770 37.618229
v 28.479845 348.111450 37.446423
v 28.493435 348.115692 37.270412
v 28.559153 348.126160 37.107441
v 28.670561 348.141724 36.973461
vt 0.379457 0.981234
vt 0.378572 0.981251
vt 0.377691 0.981290
vt 0.376815 0.981348
vt 0.375947 0.981420
vt 0.375085 0.981499
vt 0.374224 0.981579
vt 0.373360 0.981652
vt 0.372489 0.981710
vt 0.371612 0.981750
vt 0.370729 0.981766
vt 0.369845 0.981760
vt 0.368964 0.981731
vt 0.368089 0.981682
vt 0.367220 0.981620
vt 0.366357 0.981551
vt 0.365495 0.981481
vt 0.364630 0.981418
vt 0.363758 0.981370
vt 0.362880 0.981341
vt 0.361996 0.981334
vt 0.379175 0.930923
vt 0.378290 0.930939
vt 0.377409 0.930979
vt 0.376533 0.931039
vt 0.375666 0.931112
vt 0.374802 0.931194
vt 0.373941 0.931275
vt 0.373077 0.931350
vt 0.372206 0.931409
vt 0.371327 0.931450
vt 0.370443 0.931467
vt 0.369558 0.931460
vt 0.368675 0.931430
vt 0.367799 0.931381
vt 0.366930 0.931317
vt 0.366066 0.931245
vt 0.365204 0.931173
vt 0.364339 0.931109
vt 0.363467 0.931059
vt 0.362589 0.931029
vt 0.361705 0.931022
vt 0.379001 0.900708
vt 0.378117 0.900722
vt 0.377234 0.900757
vt 0.376359 0.900808
vt 0.375490 0.900871
vt 0.374627 0.900941
vt 0.373765 0.901012
vt 0.372901 0.901076
vt 0.372031 0.901129
vt 0.371154 0.901164
vt 0.370272 0.901180
vt 0.369388 0.901175
vt 0.368507 0.901150
vt 0.367631 0.901108
vt 0.366762 0.901055
vt 0.365899 0.900994
vt 0.365036 0.900933
vt 0.364171 0.900879
vt 0.363299 0.900837
vt 0.362421 0.900812
vt 0.361537 0.900806
vt 0.378877 0.875434
vt 0.377992 0.875445
vt 0.377110 0.875471
vt 0.376233 0.875510
vt 0.375364 0.875557
vt 0.374499 0.875610
vt 0.373635 0.875663
vt 0.372768 0.875712
vt 0.371895 0.875752
vt 0.371015 0.875780
vt 0.370130 0.875793
vt 0.369243 0.875791
vt 0.368360 0.875774
vt 0.367482 0.875745
vt 0.366611 0.875705
vt 0.365745 0.875662
vt 0.364881 0.875618
vt 0.364015 0.875579
vt 0.363143 0.875549
vt 0.362264 0.875532
vt 0.361380 0.875528
vt 0.378784 0.858804
vt 0.377899 0.858810
vt 0.377017 0.858822
vt 0.376140 0.858837
vt 0.375269 0.858856
vt 0.374403 0.858876
vt 0.373539 0.858897
vt 0.372672 0.858916
vt 0.371800 0.858933
vt 0.370923 0.858945
vt 0.370040 0.858953
vt 0.369156 0.858955
vt 0.368275 0.858952
vt 0.367398 0.858945
vt 0.366528 0.858935
vt 0.365662 0.858923
vt 0.364798 0.858911
vt 0.363931 0.858901
vt 0.363058 0.858893
vt 0.362179 0.858890
vt 0.361296 0.858891
vt 0.378711 0.844048
vt 0.377827 0.844053
vt 0.376944 0.844059
vt 0.376067 0.844066
vt 0.375195 0.844074
vt 0.374329 0.844081
vt 0.373464 0.844089
vt 0.372597 0.844096
vt 0.371725 0.844103
vt 0.370848 0.844108
vt 0.369966 0.844112
vt 0.369082 0.844114
vt 0.368201 0.844116
vt 0.367325 0.844117
vt 0.366455 0.844117
vt 0.365589 0.844117
vt 0.364725 0.844117
vt 0.363857 0.844118
vt 0.362985 0.844120
vt 0.362106 0.844123
vt 0.361223 0.844128
vt 0.378648 0.829170
vt 0.377763 0.829179
vt 0.376881 0.829189
vt 0.376003 0.829200
vt 0.375131 0.829213
vt 0.374264 0.829225
vt 0.373398 0.829235
vt 0.372530 0.829245
vt 0.371657 0.829253
vt 0.370778 0.829258
vt 0.369894 0.829261
vt 0.369009 0.829262
vt 0.368125 0.829260
vt 0.367247 0.829258
vt 0.366375 0.829254
vt 0.365508 0.829251
vt 0.364642 0.829248
vt 0.363775 0.829248
vt 0.362902 0.829249
vt 0.362023 0.829252
vt 0.361140 0.829258
vt 0.378526 0.814302
vt 0.377641 0.814310
vt 0.376760 0.814322
vt 0.375884 0.814336
vt 0.375014 0.814352
vt 0.374149 0.814369
vt 0.373287 0.814386
vt 0.372423 0.814402
vt 0.371555 0.814418
vt 0.370681 0.814431
vt 0.369803 0.814441
vt 0.368923 0.814447
vt 0.368045 0.814451
vt 0.367170 0.814452
vt 0.366300 0.814450
vt 0.365434 0.814447
vt 0.364568 0.814444
vt 0.363700 0.814442
vt 0.362826 0.814441
vt 0.361947 0.814443
vt 0.361064 0.814447
vt 0.378360 0.799057
vt 0.377476 0.799048
vt 0.376596 0.799034
vt 0.375723 0.799017
vt 0.374857 0.799001
vt 0.373996 0.798989
vt 0.373137 0.798982
vt 0.372274 0.798983
vt 0.371406 0.798993
vt 0.370532 0.799012
vt 0.369652 0.799038
vt 0.368772 0.799071
vt 0.367895 0.799108
vt 0.367023 0.799147
vt 0.366156 0.799184
vt 0.365292 0.799219
vt 0.364429 0.799248
vt 0.363562 0.799269
vt 0.362688 0.799282
vt 0.361808 0.799287
vt 0.360924 0.799283
vt 0.378194 0.783554
vt 0.377312 0.783535
vt 0.376436 0.783515
vt 0.375568 0.783496
vt 0.374712 0.783479
vt 0.373857 0.783470
vt 0.372998 0.783469
vt 0.372129 0.783477
vt 0.371249 0.783494
vt 0.370362 0.783519
vt 0.369472 0.783551
vt 0.368586 0.783587
vt 0.367709 0.783624
vt 0.366847 0.783660
vt 0.365995 0.783692
vt 0.365146 0.783717
vt 0.364293 0.783733
vt 0.363432 0.783740
vt 0.362560 0.783738
vt 0.361680 0.783729
vt 0.360797 0.783714
vt 0.378142 0.768277
vt 0.377262 0.768296
vt 0.376390 0.768312
vt 0.375529 0.768322
vt 0.374671 0.768323
vt 0.373818 0.768315
vt 0.372960 0.768298
vt 0.372092 0.768276
vt 0.371218 0.768249
vt 0.370332 0.768220
vt 0.369442 0.768192
vt 0.368555 0.768166
vt 0.367678 0.768143
vt 0.366810 0.768127
vt 0.365952 0.768118
vt 0.365100 0.768118
vt 0.364246 0.768127
vt 0.363390 0.768143
vt 0.362522 0.768164
vt 0.361644 0.768187
vt 0.360762 0.768209
vt 0.378164 0.752637
vt 0.377282 0.752645
vt 0.376404 0.752656
vt 0.375537 0.752670
vt 0.374681 0.752685
vt 0.373832 0.752700
vt 0.372984 0.752713
vt 0.372130 0.752722
vt 0.371259 0.752726
vt 0.370377 0.752725
vt 0.369487 0.752719
vt 0.368595 0.752710
vt 0.367709 0.752696
vt 0.366832 0.752680
vt 0.365967 0.752663
vt 0.365112 0.752646
vt 0.364260 0.752630
vt 0.363399 0.752620
vt 0.362531 0.752614
vt 0.361654 0.752612
vt 0.360772 0.752616
vt 0.378136 0.736978
vt 0.377253 0.736972
vt 0.376374 0.736975
vt 0.375501 0.736987
vt 0.374636 0.737006
vt 0.373776 0.737033
vt 0.372917 0.737065
vt 0.372055 0.737099
vt 0.371187 0.737132
vt 0.370311 0.737163
vt 0.369432 0.737187
vt 0.368551 0.737205
vt 0.367674 0.737215
vt 0.366803 0.737215
vt 0.365938 0.737208
vt 0.365077 0.737193
vt 0.364215 0.737173
vt 0.363350 0.737150
vt 0.362478 0.737128
vt 0.361600 0.737110
vt 0.360716 0.737098
vt 0.378045 0.721680
vt 0.377161 0.721679
vt 0.376282 0.721679
vt 0.375408 0.721679
vt 0.374540 0.721681
vt 0.373675 0.721686
vt 0.372809 0.721693
vt 0.371941 0.721703
vt 0.371068 0.721715
vt 0.370190 0.721730
vt 0.369310 0.721746
vt 0.368431 0.721763
vt 0.367556 0.721779
vt 0.366687 0.721794
vt 0.365822 0.721807
vt 0.364958 0.721818
vt 0.364094 0.721826
vt 0.363224 0.721832
vt 0.362348 0.721835
vt 0.361466 0.721836
vt 0.360583 0.721837
vt 0.377938 0.706473
vt 0.377054 0.706474
vt 0.376175 0.706472
vt 0.375302 0.706468
vt 0.374434 0.706464
vt 0.373568 0.706461
vt 0.372701 0.706459
vt 0.371830 0.706459
vt 0.370953 0.706463
vt 0.370073 0.706471
vt 0.369189 0.706482
vt 0.368308 0.706496
vt 0.367430 0.706512
vt 0.366559 0.706530
vt 0.365692 0.706548
vt 0.364827 0.706565
vt 0.363960 0.706581
vt 0.363089 0.706594
vt 0.362212 0.706605
vt 0.361329 0.706612
vt 0.360444 0.706616
vt 0.377829 0.691222
vt 0.376945 0.691224
vt 0.376067 0.691224
vt 0.375194 0.691221
vt 0.374326 0.691219
vt 0.373461 0.691216
vt 0.372594 0.691213
vt 0.371723 0.691212
vt 0.370846 0.691214
vt 0.369964 0.691219
vt 0.369081 0.691227
vt 0.368198 0.691238
vt 0.367321 0.691251
vt 0.366449 0.691265
vt 0.365582 0.691281
vt 0.364717 0.691296
vt 0.363851 0.691311
vt 0.362980 0.691323
vt 0.362102 0.691333
vt 0.361220 0.691341
vt 0.360335 0.691345
vt 0.377737 0.676636
vt 0.376854 0.676635
vt 0.375975 0.676630
vt 0.375103 0.676621
vt 0.374236 0.676610
vt 0.373372 0.676599
vt 0.372506 0.676589
vt 0.371634 0.676581
vt 0.370757 0.676578
vt 0.369874 0.676579
vt 0.368990 0.676586
vt 0.368106 0.676597
vt 0.367228 0.676613
vt 0.366356 0.676633
vt 0.365489 0.676654
vt 0.364625 0.676675
vt 0.363759 0.676695
vt 0.362888 0.676712
vt 0.362011 0.676725
vt 0.361128 0.676734
vt 0.360243 0.676737
vt 0.377650 0.660255
vt 0.376767 0.660241
vt 0.375889 0.660215
vt 0.375018 0.660181
vt 0.374152 0.660141
vt 0.373287 0.660100
vt 0.372422 0.660064
vt 0.371550 0.660034
vt 0.370671 0.660016
vt 0.369787 0.660011
vt 0.368901 0.660020
vt 0.368016 0.660043
vt 0.367138 0.660078
vt 0.366266 0.660122
vt 0.365400 0.660170
vt 0.364537 0.660218
vt 0.363672 0.660263
vt 0.362802 0.660300
vt 0.361925 0.660326
vt 0.361042 0.660339
vt 0.360158 0.660338
vt 0.377511 0.635223
vt 0.376628 0.635203
vt 0.375750 0.635167
vt 0.374880 0.635120
vt 0.374014 0.635066
vt 0.373152 0.635012
vt 0.372288 0.634962
vt 0.371418 0.634922
vt 0.370542 0.634897
vt 0.369660 0.634889
vt 0.368777 0.634900
vt 0.367895 0.634930
vt 0.367019 0.634975
vt 0.366149 0.635031
vt 0.365285 0.635094
vt 0.364423 0.635158
vt 0.363559 0.635216
vt 0.362689 0.635264
vt 0.361812 0.635297
vt 0.360930 0.635313
vt 0.360044 0.635311
vt 0.377357 0.605149
vt 0.376474 0.605125
vt 0.375597 0.605082
vt 0.374726 0.605024
vt 0.373861 0.604959
vt 0.372999 0.604893
vt 0.372134 0.604832
vt 0.371264 0.604784
vt 0.370386 0.604753
vt 0.369503 0.604743
vt 0.368618 0.604755
vt 0.367735 0.604790
vt 0.366857 0.604842
vt 0.365987 0.604909
vt 0.365123 0.604983
vt 0.364261 0.605058
vt 0.363397 0.605128
vt 0.362528 0.605186
vt 0.361651 0.605226
vt 0.360769 0.605245
vt 0.359884 0.605242
vt 0.377083 0.555114
vt 0.376200 0.555088
vt 0.375322 0.555043
vt 0.374452 0.554982
vt 0.373588 0.554913
vt 0.372726 0.554842
vt 0.371863 0.554777
vt 0.370993 0.554725
vt 0.370116 0.554691
vt 0.369235 0.554679
vt 0.368350 0.554691
vt 0.367468 0.554726
vt 0.366592 0.554781
vt 0.365722 0.554851
vt 0.364859 0.554929
vt 0.363998 0.555009
vt 0.363135 0.555084
vt 0.362265 0.555145
vt 0.361389 0.555188
vt 0.360507 0.555209
vt 0.359622 0.555207
vt 0.426008 0.992034
vt 0.425084 0.992104
vt 0.424153 0.992154
vt 0.423214 0.992182
vt 0.422273 0.992185
vt 0.421333 0.992163
vt 0.420398 0.992119
vt 0.419471 0.992058
vt 0.418551 0.991988
vt 0.417633 0.991914
vt 0.416713 0.991845
vt 0.415788 0.991790
vt 0.414855 0.991752
vt 0.413915 0.991738
vt 0.412973 0.991749
vt 0.412033 0.991784
vt 0.411099 0.991842
vt 0.410172 0.991915
vt 0.409252 0.992000
vt 0.408336 0.992086
vt 0.407417 0.992169
vt 0.425620 0.938577
vt 0.424696 0.938648
vt 0.423764 0.938700
vt 0.422826 0.938729
vt 0.421884 0.938732
vt 0.420944 0.938710
vt 0.420009 0.938664
vt 0.419082 0.938602
vt 0.418162 0.938529
vt 0.417244 0.938453
vt 0.416326 0.938384
vt 0.415401 0.938326
vt 0.414469 0.938288
vt 0.413531 0.938273
vt 0.412589 0.938284
vt 0.411650 0.938321
vt 0.410717 0.938379
vt 0.409791 0.938455
vt 0.408872 0.938542
vt 0.407956 0.938631
vt 0.407038 0.938715
vt 0.425385 0.906458
vt 0.424461 0.906521
vt 0.423528 0.906568
vt 0.422590 0.906594
vt 0.421649 0.906598
vt 0.420709 0.906581
vt 0.419774 0.906544
vt 0.418847 0.906492
vt 0.417925 0.906431
vt 0.417006 0.906368
vt 0.416086 0.906309
vt 0.415160 0.906262
vt 0.414226 0.906230
vt 0.413287 0.906219
vt 0.412344 0.906230
vt 0.411404 0.906262
vt 0.410468 0.906314
vt 0.409541 0.906380
vt 0.408620 0.906456
vt 0.407703 0.906534
vt 0.406783 0.906608
vt 0.425158 0.879592
vt 0.424233 0.879642
vt 0.423301 0.879681
vt 0.422362 0.879704
vt 0.421419 0.879711
vt 0.420479 0.879702
vt 0.419544 0.879678
vt 0.418615 0.879643
vt 0.417694 0.879601
vt 0.416775 0.879557
vt 0.415856 0.879517
vt 0.414931 0.879485
vt 0.413999 0.879465
vt 0.413062 0.879459
vt 0.412122 0.879470
vt 0.411183 0.879497
vt 0.410249 0.879538
vt 0.409323 0.879591
vt 0.408403 0.879650
vt 0.407485 0.879712
vt 0.406566 0.879771
vt 0.425014 0.861928
vt 0.424088 0.861950
vt 0.423155 0.861968
vt 0.422217 0.861981
vt 0.421275 0.861989
vt 0.420336 0.861991
vt 0.419400 0.861988
vt 0.418471 0.861982
vt 0.417548 0.861973
vt 0.416627 0.861964
vt 0.415705 0.861956
vt 0.414778 0.861950
vt 0.413844 0.861949
vt 0.412905 0.861953
vt 0.411962 0.861962
vt 0.411021 0.861977
vt 0.410085 0.861996
vt 0.409155 0.862019
vt 0.408232 0.862044
vt 0.407311 0.862070
vt 0.406390 0.862096
vt 0.424878 0.846443
vt 0.423952 0.846455
vt 0.423019 0.846466
vt 0.422081 0.846476
vt 0.421140 0.846484
vt 0.420200 0.846491
vt 0.419264 0.846497
vt 0.418336 0.846503
vt 0.417412 0.846508
vt 0.416491 0.846513
vt 0.415569 0.846519
vt 0.414641 0.846525
vt 0.413708 0.846534
vt 0.412768 0.846543
vt 0.411825 0.846554
vt 0.410884 0.846566
vt 0.409947 0.846579
vt 0.409017 0.846592
vt 0.408093 0.846606
vt 0.407172 0.846619
vt 0.406249 0.846632
vt 0.424727 0.831087
vt 0.423800 0.831102
vt 0.422867 0.831114
vt 0.421928 0.831123
vt 0.420986 0.831131
vt 0.420045 0.831136
vt 0.419109 0.831140
vt 0.418179 0.831142
vt 0.417255 0.831145
vt 0.416333 0.831149
vt 0.415412 0.831154
vt 0.414485 0.831162
vt 0.413552 0.831172
vt 0.412614 0.831184
vt 0.411673 0.831199
vt 0.410732 0.831217
vt 0.409797 0.831235
vt 0.408868 0.831255
vt 0.407944 0.831275
vt 0.407023 0.831294
vt 0.406101 0.831312
vt 0.424570 0.815799
vt 0.423643 0.815821
vt 0.422710 0.815842
vt 0.421771 0.815860
vt 0.420830 0.815874
vt 0.419889 0.815886
vt 0.418951 0.815894
vt 0.418019 0.815900
vt 0.417090 0.815904
vt 0.416163 0.815908
vt 0.415235 0.815912
vt 0.414302 0.815918
vt 0.413363 0.815926
vt 0.412419 0.815937
vt 0.411472 0.815951
vt 0.410527 0.815967
vt 0.409588 0.815987
vt 0.408655 0.816009
vt 0.407728 0.816032
vt 0.406805 0.816056
vt 0.405882 0.816080
vt 0.424312 0.800018
vt 0.423386 0.800042
vt 0.422452 0.800072
vt 0.421513 0.800111
vt 0.420572 0.800156
vt 0.419633 0.800204
vt 0.418699 0.800253
vt 0.417770 0.800301
vt 0.416846 0.800345
vt 0.415924 0.800383
vt 0.414998 0.800413
vt 0.414067 0.800434
vt 0.413129 0.800446
vt 0.412184 0.800449
vt 0.411239 0.800445
vt 0.410297 0.800435
vt 0.409361 0.800423
vt 0.408433 0.800410
vt 0.407511 0.800401
vt 0.406592 0.800397
vt 0.405671 0.800401
vt 0.423922 0.785556
vt 0.422998 0.785595
vt 0.422065 0.785640
vt 0.421128 0.785690
vt 0.420192 0.785743
vt 0.419263 0.785795
vt 0.418352 0.785845
vt 0.417452 0.785890
vt 0.416557 0.785928
vt 0.415661 0.785955
vt 0.414757 0.785973
vt 0.413841 0.785982
vt 0.412915 0.785983
vt 0.411983 0.785978
vt 0.411051 0.785969
vt 0.410123 0.785957
vt 0.409203 0.785946
vt 0.408296 0.785938
vt 0.407393 0.785936
vt 0.406488 0.785943
vt 0.405574 0.785961
vt 0.423759 0.772648
vt 0.422841 0.772628
vt 0.421910 0.772608
vt 0.420972 0.772587
vt 0.420033 0.772570
vt 0.419104 0.772556
vt 0.418182 0.772549
vt 0.417272 0.772550
vt 0.416371 0.772560
vt 0.415470 0.772581
vt 0.414570 0.772611
vt 0.413658 0.772646
vt 0.412734 0.772685
vt 0.411803 0.772723
vt 0.410872 0.772760
vt 0.409948 0.772793
vt 0.409034 0.772819
vt 0.408126 0.772835
vt 0.407223 0.772842
vt 0.406318 0.772839
vt 0.405405 0.772829
vt 0.423792 0.759086
vt 0.422873 0.759078
vt 0.421941 0.759066
vt 0.420998 0.759052
vt 0.420052 0.759035
vt 0.419107 0.759016
vt 0.418171 0.758997
vt 0.417248 0.758977
vt 0.416336 0.758958
vt 0.415430 0.758942
vt 0.414517 0.758932
vt 0.413597 0.758927
vt 0.412668 0.758926
vt 0.411732 0.758930
vt 0.410795 0.758938
vt 0.409863 0.758949
vt 0.408940 0.758962
vt 0.408030 0.758976
vt 0.407129 0.758988
vt 0.406233 0.759000
vt 0.405332 0.759007
vt 0.423912 0.744446
vt 0.422987 0.744459
vt 0.422055 0.744469
vt 0.421117 0.744477
vt 0.420175 0.744478
vt 0.419237 0.744473
vt 0.418304 0.744460
vt 0.417377 0.744439
vt 0.416456 0.744410
vt 0.415537 0.744376
vt 0.414614 0.744339
vt 0.413685 0.744300
vt 0.412749 0.744265
vt 0.411808 0.744234
vt 0.410865 0.744211
vt 0.409924 0.744196
vt 0.408991 0.744190
vt 0.408065 0.744192
vt 0.407146 0.744202
vt 0.406229 0.744218
vt 0.405310 0.744237
vt 0.424025 0.728995
vt 0.423094 0.728992
vt 0.422158 0.728991
vt 0.421219 0.728992
vt 0.420280 0.728994
vt 0.419344 0.728996
vt 0.418413 0.728998
vt 0.417488 0.728998
vt 0.416566 0.728995
vt 0.415643 0.728989
vt 0.414716 0.728981
vt 0.413783 0.728970
vt 0.412844 0.728956
vt 0.411901 0.728941
vt 0.410956 0.728926
vt 0.410015 0.728910
vt 0.409081 0.728896
vt 0.408152 0.728884
vt 0.407227 0.728874
vt 0.406303 0.728866
vt 0.405377 0.728861
vt 0.424053 0.713360
vt 0.423121 0.713355
vt 0.422183 0.713355
vt 0.421243 0.713357
vt 0.420302 0.713362
vt 0.419366 0.713371
vt 0.418435 0.713381
vt 0.417509 0.713392
vt 0.416587 0.713403
vt 0.415665 0.713411
vt 0.414738 0.713417
vt 0.413806 0.713421
vt 0.412867 0.713420
vt 0.411925 0.713416
vt 0.410983 0.713409
vt 0.410044 0.713399
vt 0.409112 0.713388
vt 0.408185 0.713375
vt 0.407262 0.713364
vt 0.406339 0.713353
vt 0.405412 0.713345
vt 0.424011 0.697671
vt 0.423079 0.697669
vt 0.422141 0.697670
vt 0.421200 0.697674
vt 0.420260 0.697681
vt 0.419323 0.697691
vt 0.418393 0.697702
vt 0.417468 0.697715
vt 0.416546 0.697728
vt 0.415625 0.697740
vt 0.414699 0.697750
vt 0.413767 0.697757
vt 0.412828 0.697762
vt 0.411886 0.697764
vt 0.410945 0.697763
vt 0.410007 0.697759
vt 0.409075 0.697753
vt 0.408149 0.697746
vt 0.407227 0.697739
vt 0.406305 0.697732
vt 0.405379 0.697728
vt 0.423944 0.682618
vt 0.423013 0.682611
vt 0.422075 0.682609
vt 0.421134 0.682612
vt 0.420193 0.682621
vt 0.419256 0.682635
vt 0.418327 0.682653
vt 0.417403 0.682673
vt 0.416482 0.682694
vt 0.415562 0.682714
vt 0.414638 0.682732
vt 0.413706 0.682745
vt 0.412769 0.682754
vt 0.411827 0.682757
vt 0.410886 0.682755
vt 0.409949 0.682748
vt 0.409019 0.682737
vt 0.408095 0.682723
vt 0.407175 0.682708
vt 0.406254 0.682694
vt 0.405329 0.682681
vt 0.423870 0.665387
vt 0.422940 0.665361
vt 0.422002 0.665348
vt 0.421060 0.665351
vt 0.420119 0.665369
vt 0.419183 0.665400
vt 0.418254 0.665443
vt 0.417332 0.665492
vt 0.416415 0.665543
vt 0.415496 0.665592
vt 0.414573 0.665633
vt 0.413644 0.665664
vt 0.412708 0.665681
vt 0.411768 0.665683
vt 0.410829 0.665671
vt 0.409893 0.665645
vt 0.408965 0.665608
vt 0.408044 0.665564
vt 0.407125 0.665518
vt 0.406206 0.665474
vt 0.405282 0.665437
vt 0.423768 0.638848
vt 0.422836 0.638816
vt 0.421899 0.638801
vt 0.420958 0.638806
vt 0.420017 0.638831
vt 0.419082 0.638873
vt 0.418153 0.638929
vt 0.417230 0.638995
vt 0.416311 0.639063
vt 0.415392 0.639127
vt 0.414467 0.639182
vt 0.413536 0.639224
vt 0.412597 0.639247
vt 0.411655 0.639250
vt 0.410713 0.639235
vt 0.409775 0.639201
vt 0.408845 0.639154
vt 0.407922 0.639098
vt 0.407002 0.639038
vt 0.406083 0.638982
vt 0.405158 0.638935
vt 0.423591 0.606865
vt 0.422660 0.606826
vt 0.421722 0.606808
vt 0.420781 0.606813
vt 0.419840 0.606842
vt 0.418905 0.606892
vt 0.417976 0.606959
vt 0.417056 0.607036
vt 0.416138 0.607117
vt 0.415221 0.607195
vt 0.414298 0.607261
vt 0.413368 0.607311
vt 0.412431 0.607339
vt 0.411490 0.607343
vt 0.410550 0.607325
vt 0.409614 0.607285
vt 0.408685 0.607228
vt 0.407764 0.607161
vt 0.406846 0.607090
vt 0.405927 0.607022
vt 0.405003 0.606966
vt 0.423291 0.553625
vt 0.422361 0.553582
vt 0.421423 0.553561
vt 0.420482 0.553566
vt 0.419541 0.553595
vt 0.418606 0.553647
vt 0.417678 0.553717
vt 0.416757 0.553799
vt 0.415840 0.553885
vt 0.414922 0.553968
vt 0.413999 0.554038
vt 0.413068 0.554092
vt 0.412130 0.554123
vt 0.411188 0.554129
vt 0.410247 0.554110
vt 0.409311 0.554069
vt 0.408382 0.554009
vt 0.407460 0.553938
vt 0.406542 0.553862
vt 0.405623 0.553790
vt 0.404700 0.553730
vt 0.402048 0.989912
vt 0.401125 0.989841
vt 0.400207 0.989765
vt 0.399288 0.989692
vt 0.398365 0.989629
vt 0.397434 0.989583
vt 0.396496 0.989558
vt 0.395554 0.989558
vt 0.394612 0.989584
vt 0.393675 0.989632
vt 0.392745 0.989699
vt 0.391823 0.989779
vt 0.390905 0.989863
vt 0.389987 0.989946
vt 0.389065 0.990018
vt 0.388135 0.990073
vt 0.387198 0.990107
vt 0.386257 0.990116
vt 0.385316 0.990100
vt 0.384379 0.990061
vt 0.383449 0.990003
vt 0.401780 0.936436
vt 0.400857 0.936363
vt 0.399939 0.936284
vt 0.399021 0.936209
vt 0.398099 0.936144
vt 0.397169 0.936096
vt 0.396232 0.936070
vt 0.395291 0.936070
vt 0.394350 0.936096
vt 0.393414 0.936145
vt 0.392485 0.936213
vt 0.391564 0.936294
vt 0.390646 0.936381
vt 0.389729 0.936465
vt 0.388807 0.936539
vt 0.387877 0.936596
vt 0.386940 0.936630
vt 0.385998 0.936639
vt 0.385056 0.936623
vt 0.384119 0.936582
vt 0.383189 0.936523
vt 0.401645 0.904317
vt 0.400721 0.904254
vt 0.399802 0.904187
vt 0.398882 0.904123
vt 0.397958 0.904067
vt 0.397027 0.904026
vt 0.396089 0.904004
vt 0.395146 0.904004
vt 0.394204 0.904025
vt 0.393266 0.904067
vt 0.392336 0.904125
vt 0.391412 0.904195
vt 0.390493 0.904269
vt 0.389575 0.904342
vt 0.388651 0.904406
vt 0.387721 0.904455
vt 0.386784 0.904485
vt 0.385843 0.904494
vt 0.384902 0.904479
vt 0.383965 0.904445
vt 0.383034 0.904394
vt 0.401535 0.877474
vt 0.400611 0.877427
vt 0.399692 0.877377
vt 0.398773 0.877328
vt 0.397850 0.877286
vt 0.396920 0.877255
vt 0.395984 0.877239
vt 0.395044 0.877237
vt 0.394103 0.877253
vt 0.393167 0.877283
vt 0.392238 0.877326
vt 0.391315 0.877377
vt 0.390396 0.877432
vt 0.389477 0.877486
vt 0.388553 0.877534
vt 0.387623 0.877571
vt 0.386685 0.877593
vt 0.385742 0.877599
vt 0.384801 0.877589
vt 0.383863 0.877564
vt 0.382932 0.877526
vt 0.401491 0.859801
vt 0.400566 0.859787
vt 0.399644 0.859773
vt 0.398722 0.859759
vt 0.397797 0.859747
vt 0.396864 0.859739
vt 0.395926 0.859736
vt 0.394983 0.859738
vt 0.394041 0.859745
vt 0.393102 0.859757
vt 0.392170 0.859774
vt 0.391244 0.859794
vt 0.390322 0.859815
vt 0.389400 0.859836
vt 0.388475 0.859855
vt 0.387544 0.859870
vt 0.386607 0.859881
vt 0.385665 0.859886
vt 0.384724 0.859886
vt 0.383786 0.859881
vt 0.382854 0.859871
vt 0.401436 0.844356
vt 0.400510 0.844354
vt 0.399587 0.844353
vt 0.398665 0.844352
vt 0.397738 0.844352
vt 0.396806 0.844353
vt 0.395867 0.844355
vt 0.394924 0.844358
vt 0.393981 0.844363
vt 0.393041 0.844368
vt 0.392108 0.844375
vt 0.391181 0.844382
vt 0.390258 0.844389
vt 0.389336 0.844395
vt 0.388410 0.844401
vt 0.387478 0.844406
vt 0.386541 0.844410
vt 0.385600 0.844412
vt 0.384658 0.844414
vt 0.383720 0.844413
vt 0.382788 0.844412
vt 0.401382 0.829114
vt 0.400456 0.829106
vt 0.399534 0.829099
vt 0.398612 0.829094
vt 0.397687 0.829090
vt 0.396756 0.829088
vt 0.395818 0.829089
vt 0.394877 0.829092
vt 0.393936 0.829097
vt 0.392998 0.829105
vt 0.392066 0.829112
vt 0.391140 0.829121
vt 0.390218 0.829129
vt 0.389297 0.829136
vt 0.388371 0.829141
vt 0.387439 0.829144
vt 0.386502 0.829144
vt 0.385561 0.829142
vt 0.384618 0.829138
vt 0.383680 0.829132
vt 0.382748 0.829126
vt 0.401403 0.814168
vt 0.400475 0.814154
vt 0.399551 0.814139
vt 0.398625 0.814124
vt 0.397696 0.814111
vt 0.396762 0.814099
vt 0.395821 0.814089
vt 0.394877 0.814083
vt 0.393933 0.814079
vt 0.392994 0.814079
vt 0.392061 0.814080
vt 0.391135 0.814084
vt 0.390213 0.814089
vt 0.389292 0.814094
vt 0.388369 0.814098
vt 0.387440 0.814100
vt 0.386507 0.814099
vt 0.385568 0.814095
vt 0.384628 0.814088
vt 0.383692 0.814077
vt 0.382759 0.814064
vt 0.401473 0.798896
vt 0.400550 0.798909
vt 0.399629 0.798919
vt 0.398707 0.798922
vt 0.397780 0.798917
vt 0.396846 0.798903
vt 0.395906 0.798881
vt 0.394963 0.798849
vt 0.394022 0.798812
vt 0.393086 0.798772
vt 0.392158 0.798731
vt 0.391237 0.798691
vt 0.390321 0.798657
vt 0.389404 0.798630
vt 0.388483 0.798611
vt 0.387555 0.798601
vt 0.386621 0.798599
vt 0.385683 0.798603
vt 0.384745 0.798613
vt 0.383811 0.798624
vt 0.382882 0.798635
vt 0.401542 0.784141
vt 0.400639 0.784156
vt 0.399737 0.784163
vt 0.398829 0.784161
vt 0.397910 0.784149
vt 0.396981 0.784129
vt 0.396043 0.784101
vt 0.395104 0.784068
vt 0.394166 0.784031
vt 0.393236 0.783994
vt 0.392314 0.783958
vt 0.391402 0.783927
vt 0.390489 0.783903
vt 0.389569 0.783889
vt 0.388637 0.783884
vt 0.387695 0.783887
vt 0.386747 0.783897
vt 0.385799 0.783912
vt 0.384858 0.783929
vt 0.383927 0.783945
vt 0.383015 0.783959
vt 0.401524 0.769731
vt 0.400618 0.769731
vt 0.399715 0.769739
vt 0.398816 0.769759
vt 0.397905 0.769785
vt 0.396982 0.769817
vt 0.396049 0.769850
vt 0.395113 0.769885
vt 0.394181 0.769917
vt 0.393259 0.769944
vt 0.392348 0.769965
vt 0.391438 0.769975
vt 0.390529 0.769975
vt 0.389614 0.769966
vt 0.388693 0.769948
vt 0.387759 0.769925
vt 0.386817 0.769901
vt 0.385872 0.769876
vt 0.384935 0.769852
vt 0.384011 0.769830
vt 0.383095 0.769815
vt 0.401343 0.756160
vt 0.400435 0.756162
vt 0.399536 0.756164
vt 0.398629 0.756170
vt 0.397718 0.756180
vt 0.396798 0.756195
vt 0.395870 0.756216
vt 0.394939 0.756240
vt 0.394009 0.756269
vt 0.393087 0.756300
vt 0.392177 0.756333
vt 0.391279 0.756367
vt 0.390386 0.756399
vt 0.389492 0.756429
vt 0.388582 0.756454
vt 0.387660 0.756474
vt 0.386726 0.756492
vt 0.385787 0.756506
vt 0.384849 0.756517
vt 0.383918 0.756527
vt 0.383000 0.756536
vt 0.401225 0.742167
vt 0.400304 0.742170
vt 0.399386 0.742165
vt 0.398466 0.742157
vt 0.397541 0.742146
vt 0.396609 0.742137
vt 0.395671 0.742132
vt 0.394728 0.742134
vt 0.393788 0.742144
vt 0.392854 0.742162
vt 0.391928 0.742190
vt 0.391009 0.742225
vt 0.390094 0.742268
vt 0.389179 0.742315
vt 0.388259 0.742364
vt 0.387332 0.742414
vt 0.386399 0.742460
vt 0.385461 0.742502
vt 0.384524 0.742538
vt 0.383592 0.742567
vt 0.382665 0.742589
vt 0.401038 0.726998
vt 0.400114 0.727016
vt 0.399191 0.727032
vt 0.398265 0.727044
vt 0.397332 0.727054
vt 0.396394 0.727062
vt 0.395450 0.727068
vt 0.394504 0.727074
vt 0.393560 0.727080
vt 0.392622 0.727086
vt 0.391690 0.727094
vt 0.390764 0.727104
vt 0.389839 0.727116
vt 0.388913 0.727132
vt 0.387983 0.727151
vt 0.387048 0.727172
vt 0.386108 0.727196
vt 0.385168 0.727222
vt 0.384229 0.727248
vt 0.383295 0.727273
vt 0.382367 0.727297
vt 0.400853 0.711488
vt 0.399929 0.711509
vt 0.399007 0.711529
vt 0.398081 0.711547
vt 0.397150 0.711562
vt 0.396212 0.711574
vt 0.395270 0.711582
vt 0.394326 0.711587
vt 0.393385 0.711589
vt 0.392449 0.711589
vt 0.391520 0.711587
vt 0.390594 0.711585
vt 0.389671 0.711585
vt 0.388745 0.711586
vt 0.387814 0.711590
vt 0.386878 0.711597
vt 0.385937 0.711609
vt 0.384995 0.711623
vt 0.384056 0.711641
vt 0.383122 0.711660
vt 0.382194 0.711681
vt 0.400720 0.695778
vt 0.399798 0.695795
vt 0.398876 0.695811
vt 0.397951 0.695827
vt 0.397020 0.695840
vt 0.396083 0.695850
vt 0.395141 0.695858
vt 0.394198 0.695863
vt 0.393258 0.695864
vt 0.392323 0.695864
vt 0.391395 0.695862
vt 0.390472 0.695859
vt 0.389550 0.695857
vt 0.388625 0.695855
vt 0.387694 0.695856
vt 0.386758 0.695859
vt 0.385817 0.695866
vt 0.384875 0.695875
vt 0.383936 0.695886
vt 0.383003 0.695901
vt 0.382076 0.695916
vt 0.400599 0.680613
vt 0.399678 0.680638
vt 0.398757 0.680663
vt 0.397834 0.680687
vt 0.396904 0.680706
vt 0.395968 0.680722
vt 0.395027 0.680732
vt 0.394085 0.680737
vt 0.393146 0.680737
vt 0.392213 0.680731
vt 0.391286 0.680724
vt 0.390364 0.680714
vt 0.389444 0.680704
vt 0.388520 0.680696
vt 0.387590 0.680691
vt 0.386653 0.680691
vt 0.385713 0.680696
vt 0.384770 0.680707
vt 0.383832 0.680723
vt 0.382898 0.680744
vt 0.381973 0.680767
vt 0.400437 0.663312
vt 0.399518 0.663370
vt 0.398600 0.663427
vt 0.397678 0.663478
vt 0.396750 0.663519
vt 0.395815 0.663548
vt 0.394875 0.663562
vt 0.393934 0.663561
vt 0.392996 0.663546
vt 0.392065 0.663520
vt 0.391140 0.663485
vt 0.390220 0.663446
vt 0.389301 0.663408
vt 0.388377 0.663374
vt 0.387448 0.663351
vt 0.386511 0.663341
vt 0.385569 0.663346
vt 0.384627 0.663366
vt 0.383688 0.663400
vt 0.382756 0.663446
vt 0.381831 0.663500
vt 0.400220 0.636770
vt 0.399300 0.636840
vt 0.398382 0.636910
vt 0.397459 0.636972
vt 0.396530 0.637021
vt 0.395593 0.637054
vt 0.394651 0.637067
vt 0.393708 0.637061
vt 0.392769 0.637036
vt 0.391836 0.636996
vt 0.390911 0.636945
vt 0.389990 0.636889
vt 0.389071 0.636834
vt 0.388148 0.636787
vt 0.387219 0.636752
vt 0.386283 0.636733
vt 0.385343 0.636735
vt 0.384401 0.636756
vt 0.383464 0.636796
vt 0.382532 0.636851
vt 0.381608 0.636917
vt 0.399982 0.604773
vt 0.399064 0.604855
vt 0.398146 0.604936
vt 0.397225 0.605008
vt 0.396297 0.605065
vt 0.395362 0.605102
vt 0.394421 0.605116
vt 0.393479 0.605107
vt 0.392541 0.605075
vt 0.391610 0.605025
vt 0.390685 0.604962
vt 0.389766 0.604893
vt 0.388847 0.604825
vt 0.387925 0.604765
vt 0.386996 0.604721
vt 0.386060 0.604696
vt 0.385119 0.604695
vt 0.384177 0.604718
vt 0.383239 0.604762
vt 0.382308 0.604825
vt 0.381384 0.604901
vt 0.399631 0.551497
vt 0.398712 0.551583
vt 0.397795 0.551669
vt 0.396874 0.551745
vt 0.395946 0.551806
vt 0.395010 0.551846
vt 0.394069 0.551861
vt 0.393126 0.551851
vt 0.392188 0.551818
vt 0.391256 0.551765
vt 0.390331 0.551697
vt 0.389412 0.551623
vt 0.388494 0.551550
vt 0.387572 0.551486
vt 0.386643 0.551437
vt 0.385708 0.551410
vt 0.384767 0.551407
vt 0.383825 0.551429
vt 0.382887 0.551475
vt 0.381957 0.551540
vt 0.381034 0.551620
vn -0.993202 0.036735 -0.110455
vn -0.979872 0.034942 0.196545
vn -0.980053 0.046481 0.193226
vn -0.992692 0.048812 -0.110368
vn -0.873090 0.029806 0.486648
vn -0.875922 0.039763 0.480812
vn -0.679854 0.021700 0.733027
vn -0.686572 0.029135 0.726478
vn -0.415808 0.011313 0.909382
vn -0.426326 0.015475 0.904437
vn -0.106779 -0.000316 0.994283
vn -0.119459 0.000115 0.992839
vn 0.213264 -0.011901 0.976922
vn 0.201044 -0.015268 0.979463
vn 0.508629 -0.022157 0.860701
vn 0.499282 -0.028959 0.865956
vn 0.749206 -0.030061 0.661654
vn 0.743783 -0.039563 0.667250
vn 0.914475 -0.034974 0.403129
vn 0.912408 -0.046175 0.406668
vn 0.993210 -0.036598 0.110428
vn 0.992711 -0.048374 0.110389
vn 0.980867 -0.034876 -0.191530
vn 0.979647 -0.046072 -0.195370
vn 0.877854 -0.029925 -0.477992
vn 0.873883 -0.039432 -0.484534
vn 0.690029 -0.022060 -0.723445
vn 0.682228 -0.028905 -0.730568
vn 0.431017 -0.011880 -0.902265
vn 0.419796 -0.015327 -0.907489
vn 0.124505 -0.000335 -0.992219
vn 0.111831 0.000002 -0.993727
vn -0.196695 0.011328 -0.980399
vn -0.208188 0.015414 -0.977967
vn -0.496371 0.021789 -0.867837
vn -0.504548 0.029186 -0.862890
vn -0.742471 0.029939 -0.669208
vn -0.746640 0.039887 -0.664032
vn -0.912349 0.035041 -0.407910
vn -0.913295 0.046584 -0.404626
vn -0.977963 0.076465 0.194271
vn -0.990677 0.080230 -0.110102
vn -0.873536 0.065480 0.482335
vn -0.683958 0.048060 0.727936
vn -0.423846 0.025641 0.905371
vn -0.117634 0.000402 0.993057
vn 0.201818 -0.024914 0.979106
vn 0.498922 -0.047500 0.865344
vn 0.742505 -0.065037 0.666676
vn 0.910597 -0.076025 0.406242
vn 0.990712 -0.079730 0.110147
vn 0.977779 -0.075995 -0.195381
vn 0.872493 -0.065098 -0.484271
vn 0.681674 -0.047789 -0.730094
vn 0.420384 -0.025463 -0.906989
vn 0.113584 -0.000263 -0.993528
vn -0.205613 0.025083 -0.978312
vn -0.501722 0.047756 -0.863710
vn -0.744032 0.065407 -0.664935
vn -0.911059 0.076485 -0.405119
vn -0.973724 0.118481 0.194481
vn -0.986210 0.124066 -0.109537
vn -0.870188 0.101737 0.482102
vn -0.682227 0.075041 0.727279
vn -0.424304 0.040592 0.904610
vn -0.120403 0.001705 0.992724
vn 0.197256 -0.037443 0.979637
vn 0.493546 -0.072531 0.866690
vn 0.737224 -0.099941 0.668216
vn 0.905820 -0.117253 0.407115
vn 0.986291 -0.123261 0.109713
vn 0.973284 -0.117669 -0.197158
vn 0.867647 -0.100907 -0.486834
vn 0.676629 -0.074193 -0.732577
vn 0.415847 -0.039723 -0.908567
vn 0.110485 -0.000826 -0.993877
vn -0.206596 0.038307 -0.977676
vn -0.500489 0.073364 -0.862629
vn -0.741028 0.100745 -0.663873
vn -0.906986 0.118058 -0.404276
vn -0.961696 0.191009 0.196615
vn -0.973943 0.199329 -0.108179
vn -0.859109 0.164679 0.484574
vn -0.673055 0.122268 0.729416
vn -0.418210 0.067259 0.905857
vn -0.118416 0.004901 0.992952
vn 0.194697 -0.058169 0.979137
vn 0.486823 -0.115044 0.865892
vn 0.727398 -0.159829 0.667344
vn 0.894148 -0.188496 0.406164
vn 0.973981 -0.198912 0.108609
vn 0.961437 -0.190523 -0.198341
vn 0.857383 -0.163981 -0.487857
vn 0.669138 -0.121285 -0.733174
vn 0.412190 -0.066019 -0.908703
vn 0.111277 -0.003545 -0.993783
vn -0.201528 0.059449 -0.977677
vn -0.492020 0.116083 -0.862810
vn -0.730324 0.160571 -0.663961
vn -0.895113 0.189006 -0.403794
vn -0.945519 0.258211 0.198293
vn -0.957571 0.267795 -0.106508
vn -0.844655 0.224314 0.486047
vn -0.661764 0.168548 0.730521
vn -0.411368 0.095469 0.906456
vn -0.116889 0.012028 0.993072
vn 0.190742 -0.072960 0.978925
vn 0.477907 -0.150195 0.865475
vn 0.714599 -0.211671 0.666741
vn 0.878814 -0.251768 0.405337
vn 0.957555 -0.267452 0.107511
vn 0.945353 -0.257767 -0.199657
vn 0.843039 -0.223502 -0.489216
vn 0.657877 -0.167211 -0.734328
vn 0.405190 -0.093644 -0.909424
vn 0.109356 -0.009942 -0.993953
vn -0.198130 0.074947 -0.977306
vn -0.483657 0.151769 -0.861999
vn -0.717976 0.212691 -0.662776
vn -0.880037 0.252339 -0.402317
vn -0.917529 0.343494 0.200382
vn -0.930067 0.352277 -0.104286
vn -0.818970 0.302473 0.487646
vn -0.641149 0.232091 0.731479
vn -0.398288 0.138080 0.906808
vn -0.112967 0.029274 0.993167
vn 0.185153 -0.082975 0.979200
vn 0.463766 -0.186484 0.866109
vn 0.693765 -0.270482 0.667480
vn 0.853498 -0.327104 0.405641
vn 0.929930 -0.351857 0.106901
vn 0.917505 -0.343004 -0.201329
vn 0.817048 -0.301265 -0.491601
vn 0.635941 -0.229755 -0.736744
vn 0.389567 -0.134623 -0.911106
vn 0.101947 -0.025134 -0.994472
vn -0.196295 0.087042 -0.976674
vn -0.472742 0.189742 -0.860531
vn -0.699283 0.272556 -0.660845
vn -0.855689 0.328121 -0.400166
vn -0.869132 0.451516 0.201848
vn -0.884096 0.455790 -0.103100
vn -0.772588 0.404819 0.489111
vn -0.601347 0.318986 0.732550
vn -0.369303 0.200966 0.907319
vn -0.098089 0.061775 0.993258
vn 0.184222 -0.084190 0.979272
vn 0.447310 -0.221242 0.866583
vn 0.663940 -0.335202 0.668448
vn 0.813649 -0.415313 0.406805
vn 0.883997 -0.454915 0.107716
vn 0.869583 -0.450949 -0.201172
vn 0.771326 -0.403570 -0.492125
vn 0.596584 -0.316243 -0.737617
vn 0.360599 -0.196499 -0.911788
vn 0.086524 -0.055996 -0.994675
vn -0.196331 0.090271 -0.976374
vn -0.457469 0.226529 -0.859888
vn -0.670461 0.338936 -0.660003
vn -0.816367 0.417378 -0.399175
vn -0.774680 0.601950 0.193717
vn -0.787630 0.606192 -0.110322
vn -0.689275 0.541335 0.481514
vn -0.537189 0.428589 0.726457
vn -0.330570 0.272884 0.903470
vn -0.088615 0.088773 0.992102
vn 0.163713 -0.104762 0.980930
vn 0.399408 -0.287144 0.870645
vn 0.593915 -0.439619 0.673796
vn 0.728305 -0.547701 0.411819
vn 0.790811 -0.601928 0.110908
vn 0.776138 -0.597762 -0.200724
vn 0.685334 -0.535035 -0.494020
vn 0.525984 -0.418619 -0.740337
vn 0.313107 -0.259140 -0.913680
vn 0.068343 -0.072623 -0.995015
vn -0.182086 0.120861 -0.975827
vn -0.412016 0.300860 -0.860074
vn -0.599238 0.449648 -0.662367
vn -0.727685 0.554151 -0.404218
vn -0.550888 0.812516 0.190632
vn -0.537277 0.835961 -0.111816
vn -0.513483 0.713433 0.476810
vn -0.427225 0.546380 0.720380
vn -0.298525 0.325226 0.897280
vn -0.138324 0.069821 0.987923
vn 0.038043 -0.194757 0.980114
vn 0.212184 -0.440916 0.872107
vn 0.365061 -0.642131 0.674091
vn 0.479944 -0.777154 0.407045
vn 0.545066 -0.832455 0.099613
vn 0.554498 -0.803486 -0.216660
vn 0.508342 -0.694035 -0.509808
vn 0.411953 -0.515510 -0.751361
vn 0.275583 -0.286118 -0.917709
vn 0.113064 -0.028912 -0.993167
vn -0.059168 0.230132 -0.971359
vn -0.224270 0.465545 -0.856137
vn -0.366825 0.655132 -0.660486
vn -0.474153 0.782155 -0.404242
vn -0.140566 0.954925 0.261458
vn -0.082082 0.996031 -0.034422
vn -0.186397 0.824750 0.533895
vn -0.215310 0.616458 0.757378
vn -0.224343 0.348164 0.910194
vn -0.212014 0.043794 0.976285
vn -0.178642 -0.267933 0.946731
vn -0.126606 -0.555675 0.821703
vn -0.060565 -0.788690 0.611800
vn 0.012662 -0.941226 0.337541
vn 0.084961 -0.995997 0.027766
vn 0.148088 -0.947271 -0.284162
vn 0.195123 -0.801449 -0.565337
vn 0.221431 -0.575346 -0.787367
vn 0.225078 -0.293858 -0.928971
vn 0.206608 0.014126 -0.978322
vn 0.168628 0.318364 -0.932850
vn 0.115271 0.590347 -0.798876
vn 0.051751 0.805526 -0.590297
vn -0.016063 0.944818 -0.327201
vn 0.325409 0.867911 0.375285
vn 0.406258 0.909820 0.084747
vn 0.213816 0.744630 0.632305
vn 0.081207 0.550246 0.831044
vn -0.060292 0.302238 0.951324
vn -0.197260 0.023865 0.980061
vn -0.316134 -0.257843 0.913004
vn -0.404831 -0.515067 0.755525
vn -0.453857 -0.722096 0.522102
vn -0.457432 -0.857690 0.234783
vn -0.414053 -0.906896 -0.078097
vn -0.327497 -0.863168 -0.384300
vn -0.206614 -0.729844 -0.651643
vn -0.064700 -0.520982 -0.851112
vn 0.082411 -0.259812 -0.962136
vn 0.219123 0.025279 -0.975370
vn 0.332113 0.304729 -0.892660
vn 0.411606 0.551823 -0.725308
vn 0.451601 0.744790 -0.491268
vn 0.449546 0.867523 -0.212865
vn 0.640644 0.636467 0.429518
vn 0.719874 0.680066 0.138897
vn 0.501017 0.532806 0.681982
vn 0.312257 0.377278 0.871870
vn 0.091048 0.183511 0.978792
vn -0.141124 -0.029657 0.989548
vn -0.360190 -0.240050 0.901465
vn -0.543394 -0.425723 0.723521
vn -0.672349 -0.568100 0.474563
vn -0.734886 -0.653905 0.179863
vn -0.725341 -0.675578 -0.132197
vn -0.644167 -0.630996 -0.432311
vn -0.498091 -0.523493 -0.691275
vn -0.300654 -0.362409 -0.882194
vn -0.071900 -0.163616 -0.983901
vn 0.163518 0.051942 -0.985172
vn 0.380307 0.261144 -0.887226
vn 0.556715 0.442591 -0.702981
vn 0.677096 0.579445 -0.453636
vn 0.732554 0.660608 -0.164202
vn 0.776032 0.456475 0.435208
vn 0.853061 0.501950 0.142595
vn 0.624799 0.367268 0.689014
vn 0.411382 0.241451 0.878900
vn 0.155031 0.090488 0.983757
vn -0.118565 -0.070434 0.990445
vn -0.380252 -0.224117 0.897318
vn -0.602606 -0.354457 0.715001
vn -0.763879 -0.448753 0.463800
vn -0.849985 -0.498827 0.169401
vn -0.854070 -0.500816 -0.140530
vn -0.775694 -0.454521 -0.437847
vn -0.620857 -0.363529 -0.694538
vn -0.402767 -0.235507 -0.884486
vn -0.142437 -0.082775 -0.986337
vn 0.132632 0.078665 -0.988039
vn 0.392809 0.231461 -0.890015
vn 0.611224 0.359820 -0.704937
vn 0.767852 0.451924 -0.454057
vn 0.850362 0.500432 -0.162645
vn 0.832930 0.345953 0.431908
vn 0.910967 0.388396 0.138882
vn 0.674985 0.270200 0.686577
vn 0.449336 0.167180 0.877581
vn 0.176415 0.046368 0.983223
vn -0.116036 -0.079832 0.990032
vn -0.396415 -0.197757 0.896520
vn -0.635103 -0.294994 0.713879
vn -0.808997 -0.362244 0.462930
vn -0.903357 -0.393980 0.169489
vn -0.911114 -0.387990 -0.139049
vn -0.831694 -0.344883 -0.435134
vn -0.670858 -0.267969 -0.691479
vn -0.441878 -0.163709 -0.882011
vn -0.166395 -0.042056 -0.985162
vn 0.126637 0.084198 -0.988369
vn 0.405475 0.201406 -0.891642
vn 0.641088 0.297408 -0.707499
vn 0.811669 0.363439 -0.457281
vn 0.903749 0.394423 -0.166336
vn 0.864721 0.262567 0.428154
vn 0.944829 0.298497 0.134898
vn 0.701537 0.201264 0.683622
vn 0.467763 0.119517 0.875736
vn 0.184414 0.024865 0.982534
vn -0.119443 -0.072888 0.990162
vn -0.410665 -0.163043 0.897090
vn -0.658318 -0.236093 0.714758
vn -0.838567 -0.285134 0.464224
vn -0.936378 -0.306263 0.171462
vn -0.944716 -0.298200 -0.136342
vn -0.863042 -0.261702 -0.432054
vn -0.697134 -0.199581 -0.688601
vn -0.460424 -0.117024 -0.879952
vn -0.175127 -0.021913 -0.984302
vn 0.128798 0.075725 -0.988775
vn 0.418259 0.165272 -0.893165
vn 0.663057 0.237462 -0.709907
vn 0.840487 0.285733 -0.460367
vn 0.936579 0.306464 -0.170001
vn 0.886930 0.181213 0.424872
vn 0.969350 0.207566 0.131443
vn 0.719324 0.137339 0.680964
vn 0.479198 0.079474 0.874102
vn 0.188075 0.012988 0.982069
vn -0.124094 -0.055175 0.990735
vn -0.423112 -0.117535 0.898422
vn -0.677064 -0.167501 0.716609
vn -0.861516 -0.200417 0.466500
vn -0.961258 -0.213752 0.174051
vn -0.969223 -0.206772 -0.133613
vn -0.884939 -0.180126 -0.429462
vn -0.714321 -0.135841 -0.686508
vn -0.471079 -0.077579 -0.878673
vn -0.178054 -0.010892 -0.983960
vn 0.133967 0.057177 -0.989335
vn 0.430875 0.119192 -0.894506
vn 0.681666 0.168728 -0.711943
vn 0.863191 0.201288 -0.463017
vn 0.961256 0.214468 -0.173180
vn 0.900974 0.100854 0.421988
vn 0.984870 0.116100 0.128658
vn 0.730575 0.075840 0.678608
vn 0.486223 0.043080 0.872772
vn 0.189765 0.005648 0.981813
vn -0.128111 -0.032488 0.991228
vn -0.432231 -0.067113 0.899262
vn -0.689959 -0.094583 0.717643
vn -0.876615 -0.112424 0.467874
vn -0.977141 -0.119342 0.175935
vn -0.984647 -0.114999 -0.131323
vn -0.898680 -0.099804 -0.427099
vn -0.725052 -0.074841 -0.684615
vn -0.477464 -0.042109 -0.877642
vn -0.179084 -0.004696 -0.983823
vn 0.138510 0.033439 -0.989796
vn 0.440269 0.068077 -0.895282
vn 0.694602 0.095599 -0.713014
vn 0.878221 0.113485 -0.464595
vn 0.977100 0.120427 -0.175424
vn 0.904354 0.061132 0.422383
vn 0.989210 0.070468 0.128445
vn 0.732233 0.045843 0.679509
vn 0.485557 0.025838 0.873823
vn 0.186644 0.003008 0.982423
vn -0.133108 -0.020203 0.990896
vn -0.438053 -0.041211 0.898004
vn -0.695622 -0.057823 0.716077
vn -0.881642 -0.068559 0.466913
vn -0.981648 -0.072680 0.176311
vn -0.989111 -0.070002 -0.129454
vn -0.903512 -0.060753 -0.424236
vn -0.730223 -0.045579 -0.681687
vn -0.482394 -0.025671 -0.875578
vn -0.182821 -0.002884 -0.983142
vn 0.136806 0.020355 -0.990389
vn 0.440892 0.041452 -0.896603
vn 0.697241 0.058178 -0.714472
vn 0.882192 0.069015 -0.465805
vn 0.981633 0.073176 -0.176190
vn 0.906205 0.037597 0.421165
vn 0.990871 0.043215 0.127702
vn 0.734292 0.028321 0.678243
vn 0.487576 0.016128 0.872932
vn 0.188178 0.002168 0.982133
vn -0.132433 -0.012059 0.991119
vn -0.438347 -0.024966 0.898459
vn -0.696675 -0.035199 0.716523
vn -0.883143 -0.041851 0.467234
vn -0.983299 -0.044465 0.176481
vn -0.990660 -0.042924 -0.129420
vn -0.904702 -0.037359 -0.424404
vn -0.730767 -0.028147 -0.682046
vn -0.482001 -0.016006 -0.876024
vn -0.181399 -0.002068 -0.983407
vn 0.138986 0.012180 -0.990219
vn 0.443381 0.025139 -0.895981
vn 0.699594 0.035438 -0.713662
vn 0.884174 0.042143 -0.465253
vn 0.983328 0.044777 -0.176240
vn 0.903986 0.028849 0.426588
vn 0.990903 0.033163 0.130428
vn 0.728453 0.021692 0.684753
vn 0.477932 0.012277 0.878311
vn 0.176034 0.001515 0.984383
vn -0.144620 -0.009420 0.989443
vn -0.448104 -0.019309 0.893773
vn -0.702662 -0.027138 0.711006
vn -0.885615 -0.032235 0.463301
vn -0.983825 -0.034269 0.175823
vn -0.991436 -0.033158 -0.126315
vn -0.907819 -0.028990 -0.418359
vn -0.737515 -0.022031 -0.674971
vn -0.492281 -0.012799 -0.870342
vn -0.193579 -0.002128 -0.981082
vn 0.127422 0.008853 -0.991809
vn 0.434696 0.018906 -0.900379
vn 0.694772 0.026940 -0.718725
vn 0.882709 0.032207 -0.468815
vn 0.983637 0.034317 -0.176862
vn 0.415003 -0.018889 0.909624
vn 0.676597 -0.027637 0.735835
vn 0.669832 -0.036302 0.741625
vn 0.404475 -0.024589 0.914218
vn 0.868614 -0.033573 0.494350
vn 0.865583 -0.044283 0.498803
vn 0.976977 -0.036299 0.210235
vn 0.976204 -0.047963 0.211484
vn 0.995177 -0.035690 -0.091368
vn 0.994455 -0.047158 -0.093999
vn 0.922050 -0.031806 -0.385763
vn 0.919174 -0.041949 -0.391611
vn 0.761419 -0.024887 -0.647782
vn 0.754924 -0.032682 -0.654998
vn 0.524022 -0.015425 -0.851565
vn 0.513790 -0.020047 -0.857682
vn 0.230094 -0.004248 -0.973159
vn 0.217594 -0.005185 -0.976026
vn -0.090238 0.007483 -0.995892
vn -0.102430 0.010339 -0.994686
vn -0.401003 0.018446 -0.915891
vn -0.410468 0.024784 -0.911538
vn -0.668002 0.027435 -0.743654
vn -0.673506 0.036594 -0.738275
vn -0.865172 0.033588 -0.500349
vn -0.867036 0.044669 -0.496240
vn -0.976598 0.036429 -0.211966
vn -0.976342 0.048400 -0.210747
vn -0.994854 0.035796 0.094788
vn -0.994571 0.047583 0.092546
vn -0.918789 0.031759 0.393470
vn -0.920561 0.042309 0.388302
vn -0.753117 0.024608 0.657426
vn -0.758488 0.032946 0.650854
vn -0.510333 0.014918 0.859848
vn -0.519692 0.020217 0.854115
vn -0.212805 0.003609 0.977088
vn -0.225036 0.005305 0.974336
vn 0.107665 -0.008099 0.994154
vn 0.094964 -0.010210 0.995428
vn 0.668838 -0.059641 0.741012
vn 0.404480 -0.040284 0.913659
vn 0.863929 -0.072878 0.498312
vn 0.974246 -0.079028 0.211185
vn 0.992523 -0.077768 -0.094075
vn 0.917597 -0.069233 -0.391437
vn 0.754073 -0.053999 -0.654567
vn 0.514003 -0.033222 -0.857145
vn 0.218986 -0.008789 -0.975688
vn -0.100075 0.016737 -0.994839
vn -0.407671 0.040507 -0.912230
vn -0.670796 0.059972 -0.739213
vn -0.864688 0.073316 -0.496930
vn -0.974299 0.079526 -0.210753
vn -0.992552 0.078258 0.093359
vn -0.918295 0.069650 0.389722
vn -0.755934 0.054309 0.652392
vn -0.517109 0.033427 0.855266
vn -0.222929 0.008933 0.974794
vn 0.096112 -0.016585 0.995232
vn 0.663478 -0.091523 0.742577
vn 0.399262 -0.061323 0.914784
vn 0.859003 -0.112322 0.499497
vn 0.969775 -0.122128 0.211237
vn 0.988128 -0.120397 -0.095436
vn 0.912894 -0.107312 -0.393838
vn 0.749055 -0.083804 -0.657187
vn 0.509190 -0.051714 -0.859099
vn 0.215299 -0.013986 -0.976448
vn -0.101823 0.025427 -0.994478
vn -0.407170 0.062169 -0.911234
vn -0.668341 0.092342 -0.738101
vn -0.860932 0.113124 -0.495984
vn -0.969921 0.122944 -0.210091
vn -0.988195 0.121214 0.093689
vn -0.914599 0.108142 0.389633
vn -0.753618 0.084648 0.651840
vn -0.516818 0.052579 0.854479
vn -0.224986 0.014863 0.974249
vn 0.092021 -0.024558 0.995454
vn 0.654539 -0.146329 0.741732
vn 0.393820 -0.097039 0.914051
vn 0.847814 -0.180647 0.498576
vn 0.957558 -0.197252 0.210178
vn 0.976010 -0.195106 -0.096634
vn 0.901969 -0.174498 -0.394972
vn 0.740514 -0.136928 -0.657944
vn 0.504162 -0.085413 -0.859375
vn 0.214586 -0.024727 -0.976392
vn -0.098114 0.038787 -0.994419
vn -0.399704 0.098175 -0.911372
vn -0.658243 0.147178 -0.738278
vn -0.849345 0.181232 -0.495751
vn -0.957714 0.197685 -0.209058
vn -0.976020 0.195568 0.095595
vn -0.903108 0.175119 0.392084
vn -0.743673 0.137821 0.654183
vn -0.509565 0.086583 0.856065
vn -0.221545 0.026071 0.974802
vn 0.090978 -0.037459 0.995148
vn 0.642894 -0.193163 0.741199
vn 0.386463 -0.125755 0.913692
vn 0.833156 -0.240792 0.497866
vn 0.941349 -0.264774 0.209183
vn 0.959672 -0.263530 -0.097886
vn 0.886920 -0.237286 -0.396318
vn 0.728100 -0.187971 -0.659195
vn 0.495648 -0.119541 -0.860258
vn 0.210926 -0.038365 -0.976749
vn -0.096452 0.047092 -0.994223
vn -0.392913 0.127500 -0.910694
vn -0.647100 0.194381 -0.737210
vn -0.835015 0.241498 -0.494397
vn -0.941620 0.265185 -0.207433
vn -0.959620 0.263919 0.097345
vn -0.887914 0.237961 0.393680
vn -0.731174 0.189131 0.655450
vn -0.501136 0.121234 0.856834
vn -0.218198 0.040409 0.975067
vn 0.088836 -0.045037 0.995028
vn 0.623998 -0.245146 0.741977
vn 0.374965 -0.153668 0.914214
vn 0.809031 -0.311508 0.498429
vn 0.914241 -0.347162 0.208908
vn 0.931654 -0.349528 -0.099251
vn 0.860065 -0.318523 -0.398536
vn 0.704543 -0.256413 -0.661719
vn 0.477662 -0.168308 -0.862271
vn 0.200614 -0.062433 -0.977679
vn -0.097718 0.050167 -0.993949
vn -0.384918 0.157270 -0.909453
vn -0.630791 0.247645 -0.735374
vn -0.812272 0.312862 -0.492272
vn -0.914865 0.347736 -0.205185
vn -0.931474 0.349943 0.099480
vn -0.861149 0.319445 0.395447
vn -0.708568 0.258381 0.656636
vn -0.485322 0.171444 0.857362
vn -0.211145 0.066449 0.975193
vn 0.086330 -0.045982 0.995205
vn 0.598458 -0.300281 0.742751
vn 0.363633 -0.177350 0.914504
vn 0.772308 -0.392528 0.499462
vn 0.870050 -0.446071 0.209840
vn 0.884089 -0.456741 -0.098860
vn 0.813288 -0.423657 -0.398845
vn 0.662750 -0.349100 -0.662489
vn 0.444896 -0.239146 -0.863063
vn 0.180439 -0.104144 -0.978057
vn -0.103001 0.041846 -0.993801
vn -0.374696 0.183016 -0.908905
vn -0.606289 0.304581 -0.734605
vn -0.776196 0.395140 -0.491309
vn -0.870802 0.447288 -0.204053
vn -0.883557 0.457344 0.100816
vn -0.813720 0.424610 0.396947
vn -0.666182 0.351291 0.657873
vn -0.452342 0.243066 0.858082
vn -0.191282 0.109583 0.975399
vn 0.090771 -0.035737 0.995230
vn 0.538724 -0.388224 0.747702
vn 0.327044 -0.225397 0.917735
vn 0.695503 -0.511450 0.504673
vn 0.783083 -0.584046 0.213709
vn 0.794093 -0.599922 -0.097521
vn 0.727473 -0.557451 -0.400041
vn 0.588688 -0.459511 -0.665054
vn 0.390151 -0.314518 -0.865368
vn 0.151840 -0.136694 -0.978907
vn -0.101057 0.055144 -0.993351
vn -0.341691 0.240401 -0.908546
vn -0.546031 0.400218 -0.735986
vn -0.695954 0.519941 -0.495288
vn -0.779606 0.589881 -0.210369
vn -0.790930 0.604759 0.093253
vn -0.728771 0.563301 0.389340
vn -0.597062 0.468210 0.651380
vn -0.405687 0.326878 0.853562
vn -0.171673 0.152009 0.973356
vn 0.081566 -0.038822 0.995912
vn 0.326975 -0.574917 0.750039
vn 0.162330 -0.357379 0.919744
vn 0.457691 -0.733191 0.502942
vn 0.540501 -0.815971 0.205062
vn 0.567489 -0.815723 -0.112035
vn 0.537202 -0.733555 -0.416306
vn 0.453804 -0.578309 -0.677953
vn 0.326317 -0.365613 -0.871691
vn 0.167901 -0.116929 -0.978845
vn -0.005504 0.142715 -0.989749
vn -0.176856 0.387393 -0.904792
vn -0.329853 0.593400 -0.734216
vn -0.450861 0.742291 -0.495710
vn -0.529658 0.821205 -0.212332
vn -0.559581 0.823891 0.089845
vn -0.537974 0.750264 0.384302
vn -0.465749 0.606037 0.644823
vn -0.347944 0.402890 0.846531
vn -0.193962 0.158541 0.968113
vn -0.017880 -0.103848 0.994433
vn -0.088921 -0.718875 0.689428
vn -0.150497 -0.464169 0.872868
vn -0.016816 -0.900967 0.433561
vn 0.057838 -0.989571 0.131925
vn 0.126332 -0.974991 -0.182848
vn 0.180894 -0.859750 -0.477605
vn 0.215729 -0.657722 -0.721708
vn 0.227945 -0.391490 -0.891503
vn 0.217323 -0.088938 -0.972040
vn 0.185936 0.219822 -0.957657
vn 0.137500 0.505501 -0.851800
vn 0.076951 0.741818 -0.666172
vn 0.009966 0.907981 -0.418893
vn -0.057514 0.989436 -0.133076
vn -0.119585 0.979049 0.164810
vn -0.170898 0.877699 0.447703
vn -0.206931 0.693882 0.689716
vn -0.224233 0.443287 0.867880
vn -0.220663 0.147996 0.964056
vn -0.195628 -0.164743 0.966742
vn -0.449383 -0.656343 0.606027
vn -0.383535 -0.431344 0.816604
vn -0.470685 -0.816912 0.333333
vn -0.443934 -0.895704 0.025235
vn -0.370886 -0.883188 -0.287093
vn -0.258642 -0.779169 -0.570964
vn -0.119671 -0.594204 -0.795362
vn 0.030347 -0.348616 -0.936774
vn 0.175041 -0.069456 -0.982108
vn 0.299766 0.213659 -0.929780
vn 0.393436 0.473017 -0.788329
vn 0.448655 0.685103 -0.573883
vn 0.461822 0.831938 -0.307571
vn 0.432578 0.901497 -0.013380
vn 0.363618 0.887631 0.282653
vn 0.260730 0.790963 0.553532
vn 0.132674 0.619304 0.773860
vn -0.009186 0.387677 0.921750
vn -0.151543 0.117756 0.981411
vn -0.280648 -0.164455 0.945617
vn -0.638870 -0.523588 0.563650
vn -0.488893 -0.366496 0.791621
vn -0.725574 -0.628141 0.281036
vn -0.741046 -0.670849 -0.028517
vn -0.683609 -0.647977 -0.335866
vn -0.557779 -0.560981 -0.611706
vn -0.374829 -0.417154 -0.827941
vn -0.152827 -0.230043 -0.961106
vn 0.084595 -0.018941 -0.996235
vn 0.311621 0.193420 -0.930312
vn 0.504795 0.384896 -0.772681
vn 0.646204 0.537022 -0.542243
vn 0.724691 0.636827 -0.263201
vn 0.735243 0.676721 0.038288
vn 0.677911 0.653855 0.336022
vn 0.557321 0.569778 0.603942
vn 0.382903 0.430821 0.817177
vn 0.169492 0.248698 0.953636
vn -0.062685 0.040756 0.997201
vn -0.290055 -0.171738 0.941474
vn -0.718283 -0.421319 0.553678
vn -0.534509 -0.314159 0.784605
vn -0.830696 -0.486532 0.270611
vn -0.862560 -0.504583 -0.037232
vn -0.811383 -0.474142 -0.341828
vn -0.680914 -0.397446 -0.615137
vn -0.481843 -0.280787 -0.830052
vn -0.232671 -0.134902 -0.963154
vn 0.040973 0.025271 -0.998841
vn 0.309504 0.182513 -0.933218
vn 0.544623 0.320251 -0.775130
vn 0.723759 0.425233 -0.543461
vn 0.832038 0.488644 -0.262564
vn 0.861649 0.505845 0.041006
vn 0.810877 0.475796 0.340730
vn 0.683406 0.400628 0.610290
vn 0.488896 0.286112 0.824088
vn 0.244135 0.142181 0.959262
vn -0.027017 -0.017028 0.999490
vn -0.296092 -0.174733 0.939041
vn -0.759366 -0.343471 0.552622
vn -0.561766 -0.265478 0.783543
vn -0.881392 -0.387389 0.270328
vn -0.918394 -0.394006 -0.036209
vn -0.867724 -0.363029 -0.339507
vn -0.732956 -0.296841 -0.612095
vn -0.524667 -0.200788 -0.827290
vn -0.261759 -0.083665 -0.961500
vn 0.028957 0.042532 -0.998675
vn 0.316006 0.164153 -0.934449
vn 0.568897 0.268323 -0.777405
vn 0.763080 0.345036 -0.546497
vn 0.882375 0.388035 -0.266164
vn 0.918205 0.394354 0.037203
vn 0.868303 0.363822 0.337171
vn 0.736009 0.298684 0.607519
vn 0.531080 0.203891 0.822425
vn 0.271132 0.087792 0.958530
vn -0.018258 -0.038068 0.999108
vn -0.306204 -0.160192 0.938391
vn -0.787102 -0.271701 0.553760
vn -0.582264 -0.214109 0.784300
vn -0.913532 -0.302377 0.272079
vn -0.952061 -0.304039 -0.033775
vn -0.900067 -0.276814 -0.336532
vn -0.761166 -0.222792 -0.609090
vn -0.546013 -0.146315 -0.824901
vn -0.273905 -0.054379 -0.960218
vn 0.027476 0.043595 -0.998671
vn 0.325361 0.136940 -0.935622
vn 0.588036 0.215779 -0.779521
vn 0.789885 0.272526 -0.549373
vn 0.914131 0.302670 -0.269731
vn 0.952006 0.304262 0.033299
vn 0.901070 0.277450 0.333309
vn 0.764612 0.224206 0.604235
vn 0.552471 0.148579 0.820183
vn 0.282748 0.057245 0.957485
vn -0.017875 -0.040641 0.999014
vn -0.317002 -0.134463 0.938845
vn -0.808986 -0.190994 0.555934
vn -0.599193 -0.152120 0.786020
vn -0.938136 -0.210944 0.274596
vn -0.977050 -0.210737 -0.031044
vn -0.923173 -0.190532 -0.333841
vn -0.780195 -0.151921 -0.606808
vn -0.559062 -0.097950 -0.823320
vn -0.279486 -0.033529 -0.959564
vn 0.030036 0.034730 -0.998945
vn 0.335728 0.099369 -0.936703
vn 0.604944 0.153525 -0.781328
vn 0.811560 0.191985 -0.551826
vn 0.938500 0.211729 -0.272743
vn 0.976922 0.211497 0.029886
vn 0.924372 0.191543 0.329920
vn 0.784162 0.153303 0.601322
vn 0.566268 0.099742 0.818164
vn 0.289156 0.035597 0.956620
vn -0.019747 -0.032650 0.999272
vn -0.326998 -0.097562 0.939976
vn -0.823500 -0.106942 0.557146
vn -0.610996 -0.085834 0.786967
vn -0.953869 -0.117497 0.276275
vn -0.992724 -0.116909 -0.028833
vn -0.937585 -0.105315 -0.331425
vn -0.792068 -0.083583 -0.604684
vn -0.567016 -0.053357 -0.821977
vn -0.282344 -0.017335 -0.959157
vn 0.032769 0.020785 -0.999247
vn 0.343644 0.056806 -0.937380
vn 0.616833 0.086837 -0.782289
vn 0.826008 0.108000 -0.553216
vn 0.954175 0.118603 -0.274741
vn 0.992638 0.118022 0.027208
vn 0.939025 0.106405 0.326972
vn 0.796481 0.084610 0.598714
vn 0.574835 0.054339 0.816463
vn 0.292696 0.018289 0.956031
vn -0.021881 -0.019834 0.999564
vn -0.334539 -0.055840 0.940726
vn -0.828694 -0.065367 0.555872
vn -0.616755 -0.052619 0.785395
vn -0.958438 -0.071705 0.276143
vn -0.997078 -0.071288 -0.027452
vn -0.942211 -0.064214 -0.328809
vn -0.797130 -0.050983 -0.601652
vn -0.572108 -0.032570 -0.819532
vn -0.286612 -0.010605 -0.957988
vn 0.030255 0.012659 -0.999462
vn 0.343426 0.034638 -0.938541
vn 0.618793 0.052937 -0.783768
vn 0.829550 0.065796 -0.554542
vn 0.958538 0.072195 -0.275667
vn 0.997061 0.071773 0.026811
vn 0.942752 0.064631 0.327173
vn 0.798734 0.051285 0.599495
vn 0.574917 0.032765 0.817556
vn 0.290294 0.010736 0.956877
vn -0.026395 -0.012523 0.999573
vn -0.340202 -0.034430 0.939722
vn -0.830062 -0.039956 0.556238
vn -0.617559 -0.032061 0.785871
vn -0.960047 -0.043934 0.276368
vn -0.998666 -0.043773 -0.027381
vn -0.943533 -0.039533 -0.328911
vn -0.797899 -0.031500 -0.601968
vn -0.572031 -0.020262 -0.819981
vn -0.285535 -0.006808 -0.958344
vn 0.032204 0.007475 -0.999453
vn 0.345842 0.020997 -0.938058
vn 0.621213 0.032278 -0.782977
vn 0.831648 0.040234 -0.553844
vn 0.960284 0.044242 -0.275495
vn 0.998682 0.044076 0.026292
vn 0.944507 0.039793 0.326073
vn 0.800724 0.031693 0.598195
vn 0.576974 0.020398 0.816508
vn 0.292031 0.006912 0.956384
vn -0.025409 -0.007366 0.999650
vn -0.340160 -0.020843 0.940137
vn -0.833577 -0.030815 0.551543
vn -0.624862 -0.024767 0.780342
vn -0.960987 -0.033885 0.274510
vn -0.999103 -0.033821 -0.025495
vn -0.945672 -0.030657 -0.323674
vn -0.803364 -0.024595 -0.594981
vn -0.581245 -0.016059 -0.813570
vn -0.297353 -0.005771 -0.954750
vn 0.020119 0.005226 -0.999784
vn 0.336003 0.015705 -0.941730
vn 0.615089 0.024501 -0.788077
vn 0.829193 0.030740 -0.558116
vn 0.960213 0.033921 -0.277201
vn 0.999037 0.033853 0.027919
vn 0.943225 0.030574 0.330744
vn 0.796172 0.024325 0.604581
vn 0.568519 0.015591 0.822522
vn 0.280495 0.005175 0.959842
vn -0.037891 -0.005824 0.999265
vn -0.350968 -0.016173 0.936248
vn 0.610654 -0.018817 -0.791674
vn 0.332671 -0.008098 -0.943008
vn 0.320673 -0.010296 -0.947134
vn 0.601577 -0.024569 -0.798437
vn 0.017307 0.003592 -0.999844
vn 0.004702 0.005198 -0.999975
vn -0.300723 0.014956 -0.953594
vn -0.311303 0.020191 -0.950096
vn -0.585692 0.024719 -0.810157
vn -0.592550 0.033028 -0.804856
vn -0.808389 0.031889 -0.587784
vn -0.811344 0.042435 -0.583027
vn -0.949583 0.035864 -0.311457
vn -0.949821 0.047654 -0.309143
vn -0.999306 0.036391 -0.007894
vn -0.998790 0.048357 -0.008968
vn -0.954464 0.033469 0.296441
vn -0.955343 0.044543 0.292122
vn -0.817711 0.027308 0.574981
vn -0.821773 0.036482 0.568646
vn -0.598644 0.018380 0.800804
vn -0.606734 0.024769 0.794519
vn -0.316257 0.007487 0.948644
vn -0.327745 0.010427 0.944709
vn 0.000483 -0.004234 0.999991
vn -0.012370 -0.005078 0.999911
vn 0.316168 -0.015470 0.948577
vn 0.304653 -0.020023 0.952253
vn 0.596164 -0.025003 0.802473
vn 0.588079 -0.032767 0.808139
vn 0.813397 -0.031936 0.580831
vn 0.809231 -0.042079 0.585982
vn 0.950681 -0.035759 0.308103
vn 0.949379 -0.047230 0.310563
vn 0.999296 -0.036263 0.009591
vn 0.998817 -0.047921 0.008244
vn 0.956451 -0.033452 -0.289968
vn 0.954509 -0.044154 -0.294896
vn 0.824198 -0.027505 -0.565633
vn 0.819001 -0.036188 -0.572649
vn 0.321683 -0.017190 -0.946691
vn 0.601401 -0.040655 -0.797912
vn 0.006764 0.008282 -0.999943
vn -0.308597 0.032944 -0.950622
vn -0.589763 0.054084 -0.805763
vn -0.808871 0.069615 -0.583851
vn -0.947703 0.078269 -0.309407
vn -0.996799 0.079499 -0.008421
vn -0.953184 0.073297 0.293373
vn -0.819305 0.060102 0.570199
vn -0.604124 0.040894 0.795840
vn -0.325422 0.017347 0.945410
vn -0.010844 -0.008140 0.999908
vn 0.305029 -0.032749 0.951780
vn 0.587378 -0.053790 0.807523
vn 0.807754 -0.069210 0.585443
vn 0.947483 -0.077785 0.310202
vn 0.996842 -0.078998 0.008081
vn 0.952774 -0.072849 -0.294814
vn 0.817864 -0.059755 -0.572300
vn 0.317520 -0.026953 -0.947869
vn 0.596429 -0.063189 -0.800175
vn 0.004302 0.012371 -0.999914
vn -0.308844 0.050466 -0.949773
vn -0.587894 0.083194 -0.804648
vn -0.805469 0.107339 -0.582837
vn -0.943462 0.120908 -0.308643
vn -0.992369 0.123048 -0.007970
vn -0.949194 0.113688 0.293437
vn -0.816447 0.093524 0.569796
vn -0.603105 0.064047 0.795087
vn -0.326706 0.027829 0.944716
vn -0.014326 -0.011492 0.999831
vn 0.300087 -0.049612 0.952621
vn 0.581952 -0.082367 0.809041
vn 0.802644 -0.106523 0.586870
vn 0.942891 -0.120107 0.310693
vn 0.992477 -0.122223 0.007186
vn 0.948202 -0.112865 -0.296942
vn 0.812915 -0.092682 -0.574960
vn 0.315316 -0.045597 -0.947891
vn 0.590119 -0.103855 -0.800609
vn 0.006592 0.017731 -0.999821
vn -0.302491 0.079236 -0.949853
vn -0.578545 0.132297 -0.804850
vn -0.794271 0.171707 -0.582795
vn -0.931379 0.194209 -0.307923
vn -0.980119 0.198310 -0.006345
vn -0.937399 0.183870 0.295763
vn -0.805871 0.151951 0.572261
vn -0.594812 0.104937 0.796986
vn -0.321880 0.046902 0.945618
vn -0.013865 -0.016369 0.999770
vn 0.296066 -0.078021 0.951976
vn 0.574082 -0.131352 0.808194
vn 0.792065 -0.171048 0.585983
vn 0.930889 -0.193739 0.309696
vn 0.980209 -0.197874 0.006017
vn 0.936756 -0.183319 -0.298130
vn 0.803441 -0.151152 -0.575879
vn 0.309957 -0.066321 -0.948435
vn 0.580191 -0.144082 -0.801635
vn 0.006462 0.018715 -0.999804
vn -0.297345 0.101792 -0.949329
vn -0.568738 0.173984 -0.803907
vn -0.780864 0.228199 -0.581529
vn -0.915727 0.259951 -0.306383
vn -0.963672 0.267048 -0.004645
vn -0.921654 0.249212 0.297402
vn -0.792324 0.207692 0.573661
vn -0.584904 0.145603 0.797927
vn -0.316762 0.068280 0.946044
vn -0.014171 -0.016616 0.999762
vn 0.290381 -0.099922 0.951680
vn 0.563765 -0.172593 0.807701
vn 0.778277 -0.227344 0.585320
vn 0.915053 -0.259466 0.308796
vn 0.963770 -0.266690 0.004834
vn 0.921135 -0.248652 -0.299471
vn 0.790008 -0.206702 -0.577201
vn 0.296926 -0.098927 -0.949763
vn 0.560171 -0.199941 -0.803886
vn 0.002076 0.012705 -0.999917
vn -0.292421 0.122894 -0.948360
vn -0.555050 0.219854 -0.802237
vn -0.760077 0.294133 -0.579456
vn -0.890098 0.339471 -0.304112
vn -0.935757 0.352637 -0.002436
vn -0.894173 0.332925 0.299359
vn -0.768097 0.281674 0.575053
vn -0.566655 0.202710 0.798631
vn -0.306688 0.102721 0.946251
vn -0.013497 -0.008476 0.999873
vn 0.281738 -0.119020 0.952081
vn 0.547123 -0.216974 0.808442
vn 0.755705 -0.292424 0.586002
vn 0.888771 -0.338679 0.308842
vn 0.935901 -0.352243 0.003861
vn 0.893739 -0.332218 -0.301434
vn 0.765191 -0.280078 -0.579689
vn 0.272205 -0.151088 -0.950304
vn 0.523943 -0.279117 -0.804722
vn -0.008341 -0.007055 -0.999940
vn -0.287334 0.137432 -0.947919
vn -0.535073 0.266956 -0.801519
vn -0.727486 0.368859 -0.578539
vn -0.848246 0.434378 -0.302977
vn -0.888607 0.458669 -0.001084
vn -0.846043 0.440090 0.300885
vn -0.723496 0.379872 0.576412
vn -0.530016 0.282454 0.799564
vn -0.282054 0.156073 0.946619
vn -0.003718 0.013059 0.999908
vn 0.275608 -0.131499 0.952233
vn 0.526018 -0.262129 0.809069
vn 0.722278 -0.365662 0.587031
vn 0.846594 -0.432738 0.309866
vn 0.888969 -0.457945 0.004451
vn 0.846191 -0.439355 -0.301541
vn 0.721252 -0.378165 -0.580333
vn 0.233897 -0.198826 -0.951715
vn 0.461111 -0.368184 -0.807352
vn -0.016678 -0.008807 -0.999822
vn -0.263839 0.181408 -0.947354
vn -0.482271 0.352001 -0.802191
vn -0.651686 0.486730 -0.581721
vn -0.758235 0.574211 -0.308808
vn -0.794030 0.607818 -0.008576
vn -0.756319 0.584916 0.293012
vn -0.647248 0.506884 0.569331
vn -0.474561 0.379402 0.794258
vn -0.252826 0.213432 0.943677
vn -0.003514 0.025154 0.999677
vn 0.247165 -0.165703 0.954700
vn 0.472355 -0.338945 0.813632
vn 0.649088 -0.477229 0.592400
vn 0.760749 -0.567854 0.314331
vn 0.797661 -0.603069 0.006707
vn 0.756777 -0.579765 -0.301930
vn 0.641266 -0.499307 -0.582641
vn 0.223354 -0.202191 -0.953537
vn 0.371569 -0.442611 -0.816108
vn 0.054496 0.057633 -0.996849
vn -0.118199 0.310848 -0.943081
vn -0.278105 0.532685 -0.799315
vn -0.410593 0.702695 -0.581062
vn -0.504190 0.806059 -0.309938
vn -0.551096 0.834367 -0.011191
vn -0.547301 0.785500 0.288879
vn -0.492503 0.663211 0.563553
vn -0.390220 0.477170 0.787424
vn -0.248384 0.243145 0.937649
vn -0.079415 -0.017214 0.996693
vn 0.100001 -0.277820 0.955414
vn 0.270591 -0.511018 0.815868
vn 0.413500 -0.691758 0.592020
vn 0.513197 -0.801180 0.307797
vn 0.559670 -0.828691 -0.006383
vn 0.549256 -0.772611 -0.318418
vn 0.484111 -0.639388 -0.597344
vn 0.223680 -0.191987 -0.955567
vn 0.230168 -0.485451 -0.843422
vn 0.195731 0.117679 -0.973571
vn 0.149789 0.413797 -0.897962
vn 0.090591 0.669028 -0.737696
vn 0.023734 0.860516 -0.508870
vn -0.044816 0.971370 -0.233305
vn -0.109111 0.991999 0.063507
vn -0.163591 0.920554 0.354709
vn -0.203363 0.762980 0.613600
vn -0.224703 0.532667 0.815950
vn -0.225173 0.249631 0.941797
vn -0.203858 -0.060328 0.977140
vn -0.161724 -0.367417 0.915888
vn -0.102107 -0.640007 0.761555
vn -0.030648 -0.848753 0.527900
vn 0.044981 -0.970113 0.238449
vn 0.116030 -0.990344 -0.075866
vn 0.174270 -0.907823 -0.381427
vn 0.213461 -0.732870 -0.646016
vn 0.129573 -0.164755 -0.977787
vn -0.017801 -0.436455 -0.899550
vn 0.261407 0.120720 -0.957650
vn 0.365427 0.391199 -0.844646
vn 0.433249 0.621734 -0.652489
vn 0.459991 0.792211 -0.401011
vn 0.444299 0.888665 -0.113462
vn 0.387917 0.902973 0.184825
vn 0.295585 0.833364 0.467049
vn 0.175098 0.685215 0.706980
vn 0.037016 0.471278 0.881208
vn -0.105992 0.211035 0.971715
vn -0.240172 -0.070525 0.968165
vn -0.352235 -0.346032 0.869593
vn -0.430554 -0.588125 0.684640
vn -0.466574 -0.772786 0.430245
vn -0.455384 -0.880644 0.130733
vn -0.396922 -0.899237 -0.183915
vn -0.296671 -0.825065 -0.480888
vn -0.165335 -0.665012 -0.728301
vn 0.004631 -0.089845 -0.995945
vn -0.230989 -0.294816 -0.927215
vn 0.238492 0.124073 -0.963186
vn 0.445759 0.324208 -0.834379
vn 0.606472 0.490716 -0.625612
vn 0.707083 0.608656 -0.359961
vn 0.740735 0.668833 -0.063045
vn 0.705876 0.666829 0.238908
vn 0.605549 0.602714 0.519660
vn 0.447538 0.481184 0.753772
vn 0.244905 0.312088 0.917945
vn 0.016053 0.110938 0.993698
vn -0.216124 -0.102039 0.971019
vn -0.427492 -0.304524 0.851185
vn -0.596178 -0.475490 0.646901
vn -0.705653 -0.598356 0.379504
vn -0.745708 -0.661962 0.075675
vn -0.712542 -0.660859 -0.235691
vn -0.608631 -0.594800 -0.525150
vn -0.442792 -0.468946 -0.764215
vn -0.051252 -0.028486 -0.998279
vn -0.319994 -0.185623 -0.929058
vn 0.222368 0.131512 -0.966052
vn 0.471578 0.277289 -0.837093
vn 0.671525 0.394281 -0.627373
vn 0.804629 0.472135 -0.360085
vn 0.860972 0.504959 -0.061177
vn 0.836894 0.490559 0.242820
vn 0.734192 0.429972 0.525440
vn 0.560503 0.327743 0.760540
vn 0.330151 0.192348 0.924122
vn 0.064703 0.036563 0.997235
vn -0.208443 -0.123443 0.970213
vn -0.460126 -0.270544 0.845630
vn -0.664422 -0.389612 0.637767
vn -0.802088 -0.469496 0.369092
vn -0.861439 -0.503502 0.066398
vn -0.837862 -0.489131 -0.242362
vn -0.732986 -0.427383 -0.529222
vn -0.555042 -0.323106 -0.766506
vn -0.069128 0.000329 -0.997608
vn -0.353981 -0.124269 -0.926960
vn 0.222722 0.124942 -0.966843
vn 0.490089 0.236158 -0.839072
vn 0.706095 0.322866 -0.630228
vn 0.851668 0.377557 -0.363474
vn 0.915864 0.396211 -0.064884
vn 0.894446 0.377858 0.239143
vn 0.788831 0.323839 0.522373
vn 0.606574 0.238205 0.758503
vn 0.362502 0.128130 0.923133
vn 0.079643 0.004119 0.996815
vn -0.212381 -0.120732 0.969700
vn -0.481962 -0.232903 0.844671
vn -0.701235 -0.320886 0.636632
vn -0.849907 -0.376648 0.368501
vn -0.915870 -0.395852 0.066957
vn -0.894348 -0.377275 -0.240427
vn -0.786772 -0.322396 -0.526357
vn -0.601311 -0.235523 -0.763514
vn -0.074263 0.010918 -0.997179
vn -0.369398 -0.086185 -0.925266
vn 0.228538 0.106974 -0.967640
vn 0.506134 0.191594 -0.840905
vn 0.730576 0.256348 -0.632886
vn 0.882055 0.295691 -0.366805
vn 0.949268 0.306873 -0.068703
vn 0.927854 0.289414 0.235218
vn 0.819140 0.244628 0.518813
vn 0.630656 0.175876 0.755870
vn 0.377563 0.088898 0.921707
vn 0.083818 -0.007931 0.996450
vn -0.219552 -0.104281 0.970012
vn -0.499447 -0.189648 0.845332
vn -0.726835 -0.255266 0.637613
vn -0.880857 -0.295261 0.370016
vn -0.949294 -0.306686 0.069170
vn -0.927384 -0.288951 -0.237628
vn -0.816616 -0.243505 -0.523301
vn -0.625218 -0.173894 -0.760831
vn -0.074454 0.012006 -0.997152
vn -0.377568 -0.055821 -0.924298
vn 0.236343 0.078718 -0.968476
vn 0.521018 0.137078 -0.842467
vn 0.750857 0.181235 -0.635112
vn 0.905713 0.207446 -0.369663
vn 0.974192 0.213927 -0.072008
vn 0.951894 0.200437 0.231784
vn 0.840165 0.168022 0.515647
vn 0.646574 0.119112 0.753495
vn 0.386558 0.057819 0.920451
vn 0.084736 -0.009905 0.996354
vn -0.226904 -0.076794 0.970885
vn -0.514209 -0.135540 0.846887
vn -0.747280 -0.180120 0.639632
vn -0.904774 -0.206627 0.372410
vn -0.974365 -0.213186 0.071870
vn -0.951322 -0.199538 -0.234884
vn -0.837219 -0.166777 -0.520816
vn -0.640414 -0.117454 -0.758996
vn -0.073603 0.008111 -0.997255
vn -0.382227 -0.029824 -0.923587
vn 0.242612 0.045358 -0.969062
vn 0.531751 0.077818 -0.843318
vn 0.764616 0.102222 -0.636328
vn 0.921109 0.116479 -0.371472
vn 0.990020 0.119649 -0.074466
vn 0.967033 0.111641 0.228876
vn 0.853414 0.093067 0.512858
vn 0.656542 0.065334 0.751454
vn 0.391891 0.030785 0.919497
vn 0.084513 -0.007165 0.996397
vn -0.232737 -0.044400 0.971526
vn -0.524749 -0.076832 0.847783
vn -0.761064 -0.101178 0.640738
vn -0.920254 -0.115396 0.373920
vn -0.990194 -0.118540 0.073914
vn -0.966299 -0.110545 -0.232479
vn -0.850104 -0.092023 -0.518513
vn -0.649832 -0.064335 -0.757351
vn -0.076774 0.004924 -0.997036
vn -0.386875 -0.018220 -0.921952
vn 0.241629 0.027651 -0.969975
vn 0.533052 0.047441 -0.844752
vn 0.767729 0.062279 -0.637741
vn 0.925299 0.070915 -0.372548
vn 0.994521 0.072779 -0.075044
vn 0.971090 0.067831 0.228872
vn 0.856253 0.056453 0.513463
vn 0.657421 0.039482 0.752488
vn 0.390334 0.018365 0.920490
vn 0.080630 -0.004800 0.996733
vn -0.238142 -0.027473 0.970842
vn -0.530589 -0.047160 0.846316
vn -0.766505 -0.061887 0.639250
vn -0.925016 -0.070438 0.373340
vn -0.994575 -0.072285 0.074797
vn -0.970805 -0.067389 -0.230211
vn -0.855041 -0.056109 -0.515516
vn -0.654990 -0.039253 -0.754618
vn -0.075055 0.002722 -0.997176
vn -0.386131 -0.011473 -0.922373
vn 0.243974 0.016690 -0.969638
vn 0.535516 0.028875 -0.844031
vn 0.769951 0.038039 -0.636969
vn 0.927155 0.043411 -0.372155
vn 0.996158 0.044646 -0.075332
vn 0.972782 0.041708 0.227938
vn 0.858173 0.034824 0.512178
vn 0.659500 0.024491 0.751306
vn 0.392234 0.011583 0.919793
vn 0.081887 -0.002619 0.996638
vn -0.237797 -0.016553 0.971174
vn -0.531149 -0.028680 0.846793
vn -0.767734 -0.037780 0.639654
vn -0.926581 -0.043110 0.373617
vn -0.996203 -0.044334 0.074923
vn -0.972247 -0.041433 -0.230260
vn -0.856033 -0.034607 -0.515761
vn -0.655229 -0.024337 -0.755038
vn -0.087330 0.001558 -0.996178
vn -0.397294 -0.009344 -0.917644
vn 0.233160 0.012357 -0.972360
vn 0.528079 0.021837 -0.848915
vn 0.766372 0.029008 -0.641742
vn 0.926489 0.033245 -0.374851
vn 0.996606 0.034267 -0.074846
vn 0.972259 0.032040 0.231701
vn 0.854842 0.026737 0.518199
vn 0.652341 0.018752 0.757693
vn 0.381539 0.008778 0.924311
vn 0.069425 -0.002171 0.997585
vn -0.249430 -0.012880 0.968307
vn -0.539725 -0.022172 0.841549
vn -0.772440 -0.029140 0.634419
vn -0.928183 -0.033235 0.370638
vn -0.996556 -0.034221 0.075527
vn -0.973595 -0.032074 -0.226016
vn -0.860276 -0.026940 -0.509116
vn -0.663241 -0.019157 -0.748160
s 1
g Lamp_2 Pillar_2 sweep1 Lamp_Rope
usemtl openPBRSurface5SG
f 79/131/143 80/132/144 100/153/145 99/152/146
f 80/132/144 81/133/147 101/154/148 100/153/145
f 81/133/147 82/134/149 102/155/150 101/154/148
f 82/134/149 83/135/151 103/156/152 102/155/150
f 83/135/151 84/136/153 104/157/154 103/156/152
f 84/136/153 85/137/155 105/158/156 104/157/154
f 85/137/155 86/138/157 106/159/158 105/158/156
f 86/138/157 87/139/159 107/160/160 106/159/158
f 87/139/159 88/140/161 108/161/162 107/160/160
f 88/140/161 89/141/163 109/162/164 108/161/162
f 89/141/163 90/142/165 110/163/166 109/162/164
f 90/142/165 91/143/167 111/164/168 110/163/166
f 91/143/167 92/144/169 112/165/170 111/164/168
f 92/144/169 93/145/171 113/166/172 112/165/170
f 93/145/171 94/146/173 114/167/174 113/166/172
f 94/146/173 95/147/175 115/168/176 114/167/174
f 95/147/175 96/148/177 116/169/178 115/168/176
f 96/148/177 97/149/179 117/170/180 116/169/178
f 97/149/179 98/150/181 118/171/182 117/170/180
f 98/150/181 79/151/143 99/172/146 118/171/182
f 99/152/146 100/153/145 120/174/183 119/173/184
f 100/153/145 101/154/148 121/175/185 120/174/183
f 101/154/148 102/155/150 122/176/186 121/175/185
f 102/155/150 103/156/152 123/177/187 122/176/186
f 103/156/152 104/157/154 124/178/188 123/177/187
f 104/157/154 105/158/156 125/179/189 124/178/188
f 105/158/156 106/159/158 126/180/190 125/179/189
f 106/159/158 107/160/160 127/181/191 126/180/190
f 107/160/160 108/161/162 128/182/192 127/181/191
f 108/161/162 109/162/164 129/183/193 128/182/192
f 109/162/164 110/163/166 130/184/194 129/183/193
f 110/163/166 111/164/168 131/185/195 130/184/194
f 111/164/168 112/165/170 132/186/196 131/185/195
f 112/165/170 113/166/172 133/187/197 132/186/196
f 113/166/172 114/167/174 134/188/198 133/187/197
f 114/167/174 115/168/176 135/189/199 134/188/198
f 115/168/176 116/169/178 136/190/200 135/189/199
f 116/169/178 117/170/180 137/191/201 136/190/200
f 117/170/180 118/171/182 138/192/202 137/191/201
f 118/171/182 99/172/146 119/193/184 138/192/202
f 119/173/184 120/174/183 140/195/203 139/194/204
f 120/174/183 121/175/185 141/196/205 140/195/203
f 121/175/185 122/176/186 142/197/206 141/196/205
f 122/176/186 123/177/187 143/198/207 142/197/206
f 123/177/187 124/178/188 144/199/208 143/198/207
f 124/178/188 125/179/189 145/200/209 144/199/208
f 125/179/189 126/180/190 146/201/210 145/200/209
f 126/180/190 127/181/191 147/202/211 146/201/210
f 127/181/191 128/182/192 148/203/212 147/202/211
f 128/182/192 129/183/193 149/204/213 148/203/212
f 129/183/193 130/184/194 150/205/214 149/204/213
f 130/184/194 131/185/195 151/206/215 150/205/214
f 131/185/195 132/186/196 152/207/216 151/206/215
f 132/186/196 133/187/197 153/208/217 152/207/216
f 133/187/197 134/188/198 154/209/218 153/208/217
f 134/188/198 135/189/199 155/210/219 154/209/218
f 135/189/199 136/190/200 156/211/220 155/210/219
f 136/190/200 137/191/201 157/212/221 156/211/220
f 137/191/201 138/192/202 158/213/222 157/212/221
f 138/192/202 119/193/184 139/214/204 158/213/222
f 139/194/204 140/195/203 160/216/223 159/215/224
f 140/195/203 141/196/205 161/217/225 160/216/223
f 141/196/205 142/197/206 162/218/226 161/217/225
f 142/197/206 143/198/207 163/219/227 162/218/226
f 143/198/207 144/199/208 164/220/228 163/219/227
f 144/199/208 145/200/209 165/221/229 164/220/228
f 145/200/209 146/201/210 166/222/230 165/221/229
f 146/201/210 147/202/211 167/223/231 166/222/230
f 147/202/211 148/203/212 168/224/232 167/223/231
f 148/203/212 149/204/213 169/225/233 168/224/232
f 149/204/213 150/205/214 170/226/234 169/225/233
f 150/205/214 151/206/215 171/227/235 170/226/234
f 151/206/215 152/207/216 172/228/236 171/227/235
f 152/207/216 153/208/217 173/229/237 172/228/236
f 153/208/217 154/209/218 174/230/238 173/229/237
f 154/209/218 155/210/219 175/231/239 174/230/238
f 155/210/219 156/211/220 176/232/240 175/231/239
f 156/211/220 157/212/221 177/233/241 176/232/240
f 157/212/221 158/213/222 178/234/242 177/233/241
f 158/213/222 139/214/204 159/235/224 178/234/242
f 159/215/224 160/216/223 180/237/243 179/236/244
f 160/216/223 161/217/225 181/238/245 180/237/243
f 161/217/225 162/218/226 182/239/246 181/238/245
f 162/218/226 163/219/227 183/240/247 182/239/246
f 163/219/227 164/220/228 184/241/248 183/240/247
f 164/220/228 165/221/229 185/242/249 184/241/248
f 165/221/229 166/222/230 186/243/250 185/242/249
f 166/222/230 167/223/231 187/244/251 186/243/250
f 167/223/231 168/224/232 188/245/252 187/244/251
f 168/224/232 169/225/233 189/246/253 188/245/252
f 169/225/233 170/226/234 190/247/254 189/246/253
f 170/226/234 171/227/235 191/248/255 190/247/254
f 171/227/235 172/228/236 192/249/256 191/248/255
f 172/228/236 173/229/237 193/250/257 192/249/256
f 173/229/237 174/230/238 194/251/258 193/250/257
f 174/230/238 175/231/239 195/252/259 194/251/258
f 175/231/239 176/232/240 196/253/260 195/252/259
f 176/232/240 177/233/241 197/254/261 196/253/260
f 177/233/241 178/234/242 198/255/262 197/254/261
f 178/234/242 159/235/224 179/256/244 198/255/262
f 179/236/244 180/237/243 200/258/263 199/257/264
f 180/237/243 181/238/245 201/259/265 200/258/263
f 181/238/245 182/239/246 202/260/266 201/259/265
f 182/239/246 183/240/247 203/261/267 202/260/266
f 183/240/247 184/241/248 204/262/268 203/261/267
f 184/241/248 185/242/249 205/263/269 204/262/268
f 185/242/249 186/243/250 206/264/270 205/263/269
f 186/243/250 187/244/251 207/265/271 206/264/270
f 187/244/251 188/245/252 208/266/272 207/265/271
f 188/245/252 189/246/253 209/267/273 208/266/272
f 189/246/253 190/247/254 210/268/274 209/267/273
f 190/247/254 191/248/255 211/269/275 210/268/274
f 191/248/255 192/249/256 212/270/276 211/269/275
f 192/249/256 193/250/257 213/271/277 212/270/276
f 193/250/257 194/251/258 214/272/278 213/271/277
f 194/251/258 195/252/259 215/273/279 214/272/278
f 195/252/259 196/253/260 216/274/280 215/273/279
f 196/253/260 197/254/261 217/275/281 216/274/280
f 197/254/261 198/255/262 218/276/282 217/275/281
f 198/255/262 179/256/244 199/277/264 218/276/282
f 199/257/264 200/258/263 220/279/283 219/278/284
f 200/258/263 201/259/265 221/280/285 220/279/283
f 201/259/265 202/260/266 222/281/286 221/280/285
f 202/260/266 203/261/267 223/282/287 222/281/286
f 203/261/267 204/262/268 224/283/288 223/282/287
f 204/262/268 205/263/269 225/284/289 224/283/288
f 205/263/269 206/264/270 226/285/290 225/284/289
f 206/264/270 207/265/271 227/286/291 226/285/290
f 207/265/271 208/266/272 228/287/292 227/286/291
f 208/266/272 209/267/273 229/288/293 228/287/292
f 209/267/273 210/268/274 230/289/294 229/288/293
f 210/268/274 211/269/275 231/290/295 230/289/294
f 211/269/275 212/270/276 232/291/296 231/290/295
f 212/270/276 213/271/277 233/292/297 232/291/296
f 213/271/277 214/272/278 234/293/298 233/292/297
f 214/272/278 215/273/279 235/294/299 234/293/298
f 215/273/279 216/274/280 236/295/300 235/294/299
f 216/274/280 217/275/281 237/296/301 236/295/300
f 217/275/281 218/276/282 238/297/302 237/296/301
f 218/276/282 199/277/264 219/298/284 238/297/302
f 219/278/284 220/279/283 240/300/303 239/299/304
f 220/279/283 221/280/285 241/301/305 240/300/303
f 221/280/285 222/281/286 242/302/306 241/301/305
f 222/281/286 223/282/287 243/303/307 242/302/306
f 223/282/287 224/283/288 244/304/308 243/303/307
f 224/283/288 225/284/289 245/305/309 244/304/308
f 225/284/289 226/285/290 246/306/310 245/305/309
f 226/285/290 227/286/291 247/307/311 246/306/310
f 227/286/291 228/287/292 248/308/312 247/307/311
f 228/287/292 229/288/293 249/309/313 248/308/312
f 229/288/293 230/289/294 250/310/314 249/309/313
f 230/289/294 231/290/295 251/311/315 250/310/314
f 231/290/295 232/291/296 252/312/316 251/311/315
f 232/291/296 233/292/297 253/313/317 252/312/316
f 233/292/297 234/293/298 254/314/318 253/313/317
f 234/293/298 235/294/299 255/315/319 254/314/318
f 235/294/299 236/295/300 256/316/320 255/315/319
f 236/295/300 237/296/301 257/317/321 256/316/320
f 237/296/301 238/297/302 258/318/322 257/317/321
f 238/297/302 219/298/284 239/319/304 258/318/322
f 239/299/304 240/300/303 260/321/323 259/320/324
f 240/300/303 241/301/305 261/322/325 260/321/323
f 241/301/305 242/302/306 262/323/326 261/322/325
f 242/302/306 243/303/307 263/324/327 262/323/326
f 243/303/307 244/304/308 264/325/328 263/324/327
f 244/304/308 245/305/309 265/326/329 264/325/328
f 245/305/309 246/306/310 266/327/330 265/326/329
f 246/306/310 247/307/311 267/328/331 266/327/330
f 247/307/311 248/308/312 268/329/332 267/328/331
f 248/308/312 249/309/313 269/330/333 268/329/332
f 249/309/313 250/310/314 270/331/334 269/330/333
f 250/310/314 251/311/315 271/332/335 270/331/334
f 251/311/315 252/312/316 272/333/336 271/332/335
f 252/312/316 253/313/317 273/334/337 272/333/336
f 253/313/317 254/314/318 274/335/338 273/334/337
f 254/314/318 255/315/319 275/336/339 274/335/338
f 255/315/319 256/316/320 276/337/340 275/336/339
f 256/316/320 257/317/321 277/338/341 276/337/340
f 257/317/321 258/318/322 278/339/342 277/338/341
f 258/318/322 239/319/304 259/340/324 278/339/342
f 259/320/324 260/321/323 280/342/343 279/341/344
f 260/321/323 261/322/325 281/343/345 280/342/343
f 261/322/325 262/323/326 282/344/346 281/343/345
f 262/323/326 263/324/327 283/345/347 282/344/346
f 263/324/327 264/325/328 284/346/348 283/345/347
f 264/325/328 265/326/329 285/347/349 284/346/348
f 265/326/329 266/327/330 286/348/350 285/347/349
f 266/327/330 267/328/331 287/349/351 286/348/350
f 267/328/331 268/329/332 288/350/352 287/349/351
f 268/329/332 269/330/333 289/351/353 288/350/352
f 269/330/333 270/331/334 290/352/354 289/351/353
f 270/331/334 271/332/335 291/353/355 290/352/354
f 271/332/335 272/333/336 292/354/356 291/353/355
f 272/333/336 273/334/337 293/355/357 292/354/356
f 273/334/337 274/335/338 294/356/358 293/355/357
f 274/335/338 275/336/339 295/357/359 294/356/358
f 275/336/339 276/337/340 296/358/360 295/357/359
f 276/337/340 277/338/341 297/359/361 296/358/360
f 277/338/341 278/339/342 298/360/362 297/359/361
f 278/339/342 259/340/324 279/361/344 298/360/362
f 279/341/344 280/342/343 300/363/363 299/362/364
f 280/342/343 281/343/345 301/364/365 300/363/363
f 281/343/345 282/344/346 302/365/366 301/364/365
f 282/344/346 283/345/347 303/366/367 302/365/366
f 283/345/347 284/346/348 304/367/368 303/366/367
f 284/346/348 285/347/349 305/368/369 304/367/368
f 285/347/349 286/348/350 306/369/370 305/368/369
f 286/348/350 287/349/351 307/370/371 306/369/370
f 287/349/351 288/350/352 308/371/372 307/370/371
f 288/350/352 289/351/353 309/372/373 308/371/372
f 289/351/353 290/352/354 310/373/374 309/372/373
f 290/352/354 291/353/355 311/374/375 310/373/374
f 291/353/355 292/354/356 312/375/376 311/374/375
f 292/354/356 293/355/357 313/376/377 312/375/376
f 293/355/357 294/356/358 314/377/378 313/376/377
f 294/356/358 295/357/359 315/378/379 314/377/378
f 295/357/359 296/358/360 316/379/380 315/378/379
f 296/358/360 297/359/361 317/380/381 316/379/380
f 297/359/361 298/360/362 318/381/382 317/380/381
f 298/360/362 279/361/344 299/382/364 318/381/382
f 299/362/364 300/363/363 320/384/383 319/383/384
f 300/363/363 301/364/365 321/385/385 320/384/383
f 301/364/365 302/365/366 322/386/386 321/385/385
f 302/365/366 303/366/367 323/387/387 322/386/386
f 303/366/367 304/367/368 324/388/388 323/387/387
f 304/367/368 305/368/369 325/389/389 324/388/388
f 305/368/369 306/369/370 326/390/390 325/389/389
f 306/369/370 307/370/371 327/391/391 326/390/390
f 307/370/371 308/371/372 328/392/392 327/391/391
f 308/371/372 309/372/373 329/393/393 328/392/392
f 309/372/373 310/373/374 330/394/394 329/393/393
f 310/373/374 311/374/375 331/395/395 330/394/394
f 311/374/375 312/375/376 332/396/396 331/395/395
f 312/375/376 313/376/377 333/397/397 332/396/396
f 313/376/377 314/377/378 334/398/398 333/397/397
f 314/377/378 315/378/379 335/399/399 334/398/398
f 315/378/379 316/379/380 336/400/400 335/399/399
f 316/379/380 317/380/381 337/401/401 336/400/400
f 317/380/381 318/381/382 338/402/402 337/401/401
f 318/381/382 299/382/364 319/403/384 338/402/402
f 319/383/384 320/384/383 340/405/403 339/404/404
f 320/384/383 321/385/385 341/406/405 340/405/403
f 321/385/385 322/386/386 342/407/406 341/406/405
f 322/386/386 323/387/387 343/408/407 342/407/406
f 323/387/387 324/388/388 344/409/408 343/408/407
f 324/388/388 325/389/389 345/410/409 344/409/408
f 325/389/389 326/390/390 346/411/410 345/410/409
f 326/390/390 327/391/391 347/412/411 346/411/410
f 327/391/391 328/392/392 348/413/412 347/412/411
f 328/392/392 329/393/393 349/414/413 348/413/412
f 329/393/393 330/394/394 350/415/414 349/414/413
f 330/394/394 331/395/395 351/416/415 350/415/414
f 331/395/395 332/396/396 352/417/416 351/416/415
f 332/396/396 333/397/397 353/418/417 352/417/416
f 333/397/397 334/398/398 354/419/418 353/418/417
f 334/398/398 335/399/399 355/420/419 354/419/418
f 335/399/399 336/400/400 356/421/420 355/420/419
f 336/400/400 337/401/401 357/422/421 356/421/420
f 337/401/401 338/402/402 358/423/422 357/422/421
f 338/402/402 319/403/384 339/424/404 358/423/422
f 339/404/404 340/405/403 360/426/423 359/425/424
f 340/405/403 341/406/405 361/427/425 360/426/423
f 341/406/405 342/407/406 362/428/426 361/427/425
f 342/407/406 343/408/407 363/429/427 362/428/426
f 343/408/407 344/409/408 364/430/428 363/429/427
f 344/409/408 345/410/409 365/431/429 364/430/428
f 345/410/409 346/411/410 366/432/430 365/431/429
f 346/411/410 347/412/411 367/433/431 366/432/430
f 347/412/411 348/413/412 368/434/432 367/433/431
f 348/413/412 349/414/413 369/435/433 368/434/432
f 349/414/413 350/415/414 370/436/434 369/435/433
f 350/415/414 351/416/415 371/437/435 370/436/434
f 351/416/415 352/417/416 372/438/436 371/437/435
f 352/417/416 353/418/417 373/439/437 372/438/436
f 353/418/417 354/419/418 374/440/438 373/439/437
f 354/419/418 355/420/419 375/441/439 374/440/438
f 355/420/419 356/421/420 376/442/440 375/441/439
f 356/421/420 357/422/421 377/443/441 376/442/440
f 357/422/421 358/423/422 378/444/442 377/443/441
f 358/423/422 339/424/404 359/445/424 378/444/442
f 359/425/424 360/426/423 380/447/443 379/446/444
f 360/426/423 361/427/425 381/448/445 380/447/443
f 361/427/425 362/428/426 382/449/446 381/448/445
f 362/428/426 363/429/427 383/450/447 382/449/446
f 363/429/427 364/430/428 384/451/448 383/450/447
f 364/430/428 365/431/429 385/452/449 384/451/448
f 365/431/429 366/432/430 386/453/450 385/452/449
f 366/432/430 367/433/431 387/454/451 386/453/450
f 367/433/431 368/434/432 388/455/452 387/454/451
f 368/434/432 369/435/433 389/456/453 388/455/452
f 369/435/433 370/436/434 390/457/454 389/456/453
f 370/436/434 371/437/435 391/458/455 390/457/454
f 371/437/435 372/438/436 392/459/456 391/458/455
f 372/438/436 373/439/437 393/460/457 392/459/456
f 373/439/437 374/440/438 394/461/458 393/460/457
f 374/440/438 375/441/439 395/462/459 394/461/458
f 375/441/439 376/442/440 396/463/460 395/462/459
f 376/442/440 377/443/441 397/464/461 396/463/460
f 377/443/441 378/444/442 398/465/462 397/464/461
f 378/444/442 359/445/424 379/466/444 398/465/462
f 379/446/444 380/447/443 400/468/463 399/467/464
f 380/447/443 381/448/445 401/469/465 400/468/463
f 381/448/445 382/449/446 402/470/466 401/469/465
f 382/449/446 383/450/447 403/471/467 402/470/466
f 383/450/447 384/451/448 404/472/468 403/471/467
f 384/451/448 385/452/449 405/473/469 404/472/468
f 385/452/449 386/453/450 406/474/470 405/473/469
f 386/453/450 387/454/451 407/475/471 406/474/470
f 387/454/451 388/455/452 408/476/472 407/475/471
f 388/455/452 389/456/453 409/477/473 408/476/472
f 389/456/453 390/457/454 410/478/474 409/477/473
f 390/457/454 391/458/455 411/479/475 410/478/474
f 391/458/455 392/459/456 412/480/476 411/479/475
f 392/459/456 393/460/457 413/481/477 412/480/476
f 393/460/457 394/461/458 414/482/478 413/481/477
f 394/461/458 395/462/459 415/483/479 414/482/478
f 395/462/459 396/463/460 416/484/480 415/483/479
f 396/463/460 397/464/461 417/485/481 416/484/480
f 397/464/461 398/465/462 418/486/482 417/485/481
f 398/465/462 379/466/444 399/487/464 418/486/482
f 399/467/464 400/468/463 420/489/483 419/488/484
f 400/468/463 401/469/465 421/490/485 420/489/483
f 401/469/465 402/470/466 422/491/486 421/490/485
f 402/470/466 403/471/467 423/492/487 422/491/486
f 403/471/467 404/472/468 424/493/488 423/492/487
f 404/472/468 405/473/469 425/494/489 424/493/488
f 405/473/469 406/474/470 426/495/490 425/494/489
f 406/474/470 407/475/471 427/496/491 426/495/490
f 407/475/471 408/476/472 428/497/492 427/496/491
f 408/476/472 409/477/473 429/498/493 428/497/492
f 409/477/473 410/478/474 430/499/494 429/498/493
f 410/478/474 411/479/475 431/500/495 430/499/494
f 411/479/475 412/480/476 432/501/496 431/500/495
f 412/480/476 413/481/477 433/502/497 432/501/496
f 413/481/477 414/482/478 434/503/498 433/502/497
f 414/482/478 415/483/479 435/504/499 434/503/498
f 415/483/479 416/484/480 436/505/500 435/504/499
f 416/484/480 417/485/481 437/506/501 436/505/500
f 417/485/481 418/486/482 438/507/502 437/506/501
f 418/486/482 399/487/464 419/508/484 438/507/502
f 419/488/484 420/489/483 440/510/503 439/509/504
f 420/489/483 421/490/485 441/511/505 440/510/503
f 421/490/485 422/491/486 442/512/506 441/511/505
f 422/491/486 423/492/487 443/513/507 442/512/506
f 423/492/487 424/493/488 444/514/508 443/513/507
f 424/493/488 425/494/489 445/515/509 444/514/508
f 425/494/489 426/495/490 446/516/510 445/515/509
f 426/495/490 427/496/491 447/517/511 446/516/510
f 427/496/491 428/497/492 448/518/512 447/517/511
f 428/497/492 429/498/493 449/519/513 448/518/512
f 429/498/493 430/499/494 450/520/514 449/519/513
f 430/499/494 431/500/495 451/521/515 450/520/514
f 431/500/495 432/501/496 452/522/516 451/521/515
f 432/501/496 433/502/497 453/523/517 452/522/516
f 433/502/497 434/503/498 454/524/518 453/523/517
f 434/503/498 435/504/499 455/525/519 454/524/518
f 435/504/499 436/505/500 456/526/520 455/525/519
f 436/505/500 437/506/501 457/527/521 456/526/520
f 437/506/501 438/507/502 458/528/522 457/527/521
f 438/507/502 419/508/484 439/529/504 458/528/522
f 439/509/504 440/510/503 460/531/523 459/530/524
f 440/510/503 441/511/505 461/532/525 460/531/523
f 441/511/505 442/512/506 462/533/526 461/532/525
f 442/512/506 443/513/507 463/534/527 462/533/526
f 443/513/507 444/514/508 464/535/528 463/534/527
f 444/514/508 445/515/509 465/536/529 464/535/528
f 445/515/509 446/516/510 466/537/530 465/536/529
f 446/516/510 447/517/511 467/538/531 466/537/530
f 447/517/511 448/518/512 468/539/532 467/538/531
f 448/518/512 449/519/513 469/540/533 468/539/532
f 449/519/513 450/520/514 470/541/534 469/540/533
f 450/520/514 451/521/515 471/542/535 470/541/534
f 451/521/515 452/522/516 472/543/536 471/542/535
f 452/522/516 453/523/517 473/544/537 472/543/536
f 453/523/517 454/524/518 474/545/538 473/544/537
f 454/524/518 455/525/519 475/546/539 474/545/538
f 455/525/519 456/526/520 476/547/540 475/546/539
f 456/526/520 457/527/521 477/548/541 476/547/540
f 457/527/521 458/528/522 478/549/542 477/548/541
f 458/528/522 439/529/504 459/550/524 478/549/542
f 459/530/524 460/531/523 480/552/543 479/551/544
f 460/531/523 461/532/525 481/553/545 480/552/543
f 461/532/525 462/533/526 482/554/546 481/553/545
f 462/533/526 463/534/527 483/555/547 482/554/546
f 463/534/527 464/535/528 484/556/548 483/555/547
f 464/535/528 465/536/529 485/557/549 484/556/548
f 465/536/529 466/537/530 486/558/550 485/557/549
f 466/537/530 467/538/531 487/559/551 486/558/550
f 467/538/531 468/539/532 488/560/552 487/559/551
f 468/539/532 469/540/533 489/561/553 488/560/552
f 469/540/533 470/541/534 490/562/554 489/561/553
f 470/541/534 471/542/535 491/563/555 490/562/554
f 471/542/535 472/543/536 492/564/556 491/563/555
f 472/543/536 473/544/537 493/565/557 492/564/556
f 473/544/537 474/545/538 494/566/558 493/565/557
f 474/545/538 475/546/539 495/567/559 494/566/558
f 475/546/539 476/547/540 496/568/560 495/567/559
f 476/547/540 477/548/541 497/569/561 496/568/560
f 477/548/541 478/549/542 498/570/562 497/569/561
f 478/549/542 459/550/524 479/571/544 498/570/562
s 2
f 499/572/563 500/573/564 520/594/565 519/593/566
f 500/573/564 501/574/567 521/595/568 520/594/565
f 501/574/567 502/575/569 522/596/570 521/595/568
f 502/575/569 503/576/571 523/597/572 522/596/570
f 503/576/571 504/577/573 524/598/574 523/597/572
f 504/577/573 505/578/575 525/599/576 524/598/574
f 505/578/575 506/579/577 526/600/578 525/599/576
f 506/579/577 507/580/579 527/601/580 526/600/578
f 507/580/579 508/581/581 528/602/582 527/601/580
f 508/581/581 509/582/583 529/603/584 528/602/582
f 509/582/583 510/583/585 530/604/586 529/603/584
f 510/583/585 511/584/587 531/605/588 530/604/586
f 511/584/587 512/585/589 532/606/590 531/605/588
f 512/585/589 513/586/591 533/607/592 532/606/590
f 513/586/591 514/587/593 534/608/594 533/607/592
f 514/587/593 515/588/595 535/609/596 534/608/594
f 515/588/595 516/589/597 536/610/598 535/609/596
f 516/589/597 517/590/599 537/611/600 536/610/598
f 517/590/599 518/591/601 538/612/602 537/611/600
f 518/591/601 499/592/563 519/613/566 538/612/602
f 519/593/566 520/594/565 540/615/603 539/614/604
f 520/594/565 521/595/568 541/616/605 540/615/603
f 521/595/568 522/596/570 542/617/606 541/616/605
f 522/596/570 523/597/572 543/618/607 542/617/606
f 523/597/572 524/598/574 544/619/608 543/618/607
f 524/598/574 525/599/576 545/620/609 544/619/608
f 525/599/576 526/600/578 546/621/610 545/620/609
f 526/600/578 527/601/580 547/622/611 546/621/610
f 527/601/580 528/602/582 548/623/612 547/622/611
f 528/602/582 529/603/584 549/624/613 548/623/612
f 529/603/584 530/604/586 550/625/614 549/624/613
f 530/604/586 531/605/588 551/626/615 550/625/614
f 531/605/588 532/606/590 552/627/616 551/626/615
f 532/606/590 533/607/592 553/628/617 552/627/616
f 533/607/592 534/608/594 554/629/618 553/628/617
f 534/608/594 535/609/596 555/630/619 554/629/618
f 535/609/596 536/610/598 556/631/620 555/630/619
f 536/610/598 537/611/600 557/632/621 556/631/620
f 537/611/600 538/612/602 558/633/622 557/632/621
f 538/612/602 519/613/566 539/634/604 558/633/622
f 539/614/604 540/615/603 560/636/623 559/635/624
f 540/615/603 541/616/605 561/637/625 560/636/623
f 541/616/605 542/617/606 562/638/626 561/637/625
f 542/617/606 543/618/607 563/639/627 562/638/626
f 543/618/607 544/619/608 564/640/628 563/639/627
f 544/619/608 545/620/609 565/641/629 564/640/628
f 545/620/609 546/621/610 566/642/630 565/641/629
f 546/621/610 547/622/611 567/643/631 566/642/630
f 547/622/611 548/623/612 568/644/632 567/643/631
f 548/623/612 549/624/613 569/645/633 568/644/632
f 549/624/613 550/625/614 570/646/634 569/645/633
f 550/625/614 551/626/615 571/647/635 570/646/634
f 551/626/615 552/627/616 572/648/636 571/647/635
f 552/627/616 553/628/617 573/649/637 572/648/636
f 553/628/617 554/629/618 574/650/638 573/649/637
f 554/629/618 555/630/619 575/651/639 574/650/638
f 555/630/619 556/631/620 576/652/640 575/651/639
f 556/631/620 557/632/621 577/653/641 576/652/640
f 557/632/621 558/633/622 578/654/642 577/653/641
f 558/633/622 539/634/604 559/655/624 578/654/642
f 559/635/624 560/636/623 580/657/643 579/656/644
f 560/636/623 561/637/625 581/658/645 580/657/643
f 561/637/625 562/638/626 582/659/646 581/658/645
f 562/638/626 563/639/627 583/660/647 582/659/646
f 563/639/627 564/640/628 584/661/648 583/660/647
f 564/640/628 565/641/629 585/662/649 584/661/648
f 565/641/629 566/642/630 586/663/650 585/662/649
f 566/642/630 567/643/631 587/664/651 586/663/650
f 567/643/631 568/644/632 588/665/652 587/664/651
f 568/644/632 569/645/633 589/666/653 588/665/652
f 569/645/633 570/646/634 590/667/654 589/666/653
f 570/646/634 571/647/635 591/668/655 590/667/654
f 571/647/635 572/648/636 592/669/656 591/668/655
f 572/648/636 573/649/637 593/670/657 592/669/656
f 573/649/637 574/650/638 594/671/658 593/670/657
f 574/650/638 575/651/639 595/672/659 594/671/658
f 575/651/639 576/652/640 596/673/660 595/672/659
f 576/652/640 577/653/641 597/674/661 596/673/660
f 577/653/641 578/654/642 598/675/662 597/674/661
f 578/654/642 559/655/624 579/676/644 598/675/662
f 579/656/644 580/657/643 600/678/663 599/677/664
f 580/657/643 581/658/645 601/679/665 600/678/663
f 581/658/645 582/659/646 602/680/666 601/679/665
f 582/659/646 583/660/647 603/681/667 602/680/666
f 583/660/647 584/661/648 604/682/668 603/681/667
f 584/661/648 585/662/649 605/683/669 604/682/668
f 585/662/649 586/663/650 606/684/670 605/683/669
f 586/663/650 587/664/651 607/685/671 606/684/670
f 587/664/651 588/665/652 608/686/672 607/685/671
f 588/665/652 589/666/653 609/687/673 608/686/672
f 589/666/653 590/667/654 610/688/674 609/687/673
f 590/667/654 591/668/655 611/689/675 610/688/674
f 591/668/655 592/669/656 612/690/676 611/689/675
f 592/669/656 593/670/657 613/691/677 612/690/676
f 593/670/657 594/671/658 614/692/678 613/691/677
f 594/671/658 595/672/659 615/693/679 614/692/678
f 595/672/659 596/673/660 616/694/680 615/693/679
f 596/673/660 597/674/661 617/695/681 616/694/680
f 597/674/661 598/675/662 618/696/682 617/695/681
f 598/675/662 579/676/644 599/697/664 618/696/682
f 599/677/664 600/678/663 620/699/683 619/698/684
f 600/678/663 601/679/665 621/700/685 620/699/683
f 601/679/665 602/680/666 622/701/686 621/700/685
f 602/680/666 603/681/667 623/702/687 622/701/686
f 603/681/667 604/682/668 624/703/688 623/702/687
f 604/682/668 605/683/669 625/704/689 624/703/688
f 605/683/669 606/684/670 626/705/690 625/704/689
f 606/684/670 607/685/671 627/706/691 626/705/690
f 607/685/671 608/686/672 628/707/692 627/706/691
f 608/686/672 609/687/673 629/708/693 628/707/692
f 609/687/673 610/688/674 630/709/694 629/708/693
f 610/688/674 611/689/675 631/710/695 630/709/694
f 611/689/675 612/690/676 632/711/696 631/710/695
f 612/690/676 613/691/677 633/712/697 632/711/696
f 613/691/677 614/692/678 634/713/698 633/712/697
f 614/692/678 615/693/679 635/714/699 634/713/698
f 615/693/679 616/694/680 636/715/700 635/714/699
f 616/694/680 617/695/681 637/716/701 636/715/700
f 617/695/681 618/696/682 638/717/702 637/716/701
f 618/696/682 599/697/664 619/718/684 638/717/702
f 619/698/684 620/699/683 640/720/703 639/719/704
f 620/699/683 621/700/685 641/721/705 640/720/703
f 621/700/685 622/701/686 642/722/706 641/721/705
f 622/701/686 623/702/687 643/723/707 642/722/706
f 623/702/687 624/703/688 644/724/708 643/723/707
f 624/703/688 625/704/689 645/725/709 644/724/708
f 625/704/689 626/705/690 646/726/710 645/725/709
f 626/705/690 627/706/691 647/727/711 646/726/710
f 627/706/691 628/707/692 648/728/712 647/727/711
f 628/707/692 629/708/693 649/729/713 648/728/712
f 629/708/693 630/709/694 650/730/714 649/729/713
f 630/709/694 631/710/695 651/731/715 650/730/714
f 631/710/695 632/711/696 652/732/716 651/731/715
f 632/711/696 633/712/697 653/733/717 652/732/716
f 633/712/697 634/713/698 654/734/718 653/733/717
f 634/713/698 635/714/699 655/735/719 654/734/718
f 635/714/699 636/715/700 656/736/720 655/735/719
f 636/715/700 637/716/701 657/737/721 656/736/720
f 637/716/701 638/717/702 658/738/722 657/737/721
f 638/717/702 619/718/684 639/739/704 658/738/722
f 639/719/704 640/720/703 660/741/723 659/740/724
f 640/720/703 641/721/705 661/742/725 660/741/723
f 641/721/705 642/722/706 662/743/726 661/742/725
f 642/722/706 643/723/707 663/744/727 662/743/726
f 643/723/707 644/724/708 664/745/728 663/744/727
f 644/724/708 645/725/709 665/746/729 664/745/728
f 645/725/709 646/726/710 666/747/730 665/746/729
f 646/726/710 647/727/711 667/748/731 666/747/730
f 647/727/711 648/728/712 668/749/732 667/748/731
f 648/728/712 649/729/713 669/750/733 668/749/732
f 649/729/713 650/730/714 670/751/734 669/750/733
f 650/730/714 651/731/715 671/752/735 670/751/734
f 651/731/715 652/732/716 672/753/736 671/752/735
f 652/732/716 653/733/717 673/754/737 672/753/736
f 653/733/717 654/734/718 674/755/738 673/754/737
f 654/734/718 655/735/719 675/756/739 674/755/738
f 655/735/719 656/736/720 676/757/740 675/756/739
f 656/736/720 657/737/721 677/758/741 676/757/740
f 657/737/721 658/738/722 678/759/742 677/758/741
f 658/738/722 639/739/704 659/760/724 678/759/742
f 659/740/724 660/741/723 680/762/743 679/761/744
f 660/741/723 661/742/725 681/763/745 680/762/743
f 661/742/725 662/743/726 682/764/746 681/763/745
f 662/743/726 663/744/727 683/765/747 682/764/746
f 663/744/727 664/745/728 684/766/748 683/765/747
f 664/745/728 665/746/729 685/767/749 684/766/748
f 665/746/729 666/747/730 686/768/750 685/767/749
f 666/747/730 667/748/731 687/769/751 686/768/750
f 667/748/731 668/749/732 688/770/752 687/769/751
f 668/749/732 669/750/733 689/771/753 688/770/752
f 669/750/733 670/751/734 690/772/754 689/771/753
f 670/751/734 671/752/735 691/773/755 690/772/754
f 671/752/735 672/753/736 692/774/756 691/773/755
f 672/753/736 673/754/737 693/775/757 692/774/756
f 673/754/737 674/755/738 694/776/758 693/775/757
f 674/755/738 675/756/739 695/777/759 694/776/758
f 675/756/739 676/757/740 696/778/760 695/777/759
f 676/757/740 677/758/741 697/779/761 696/778/760
f 677/758/741 678/759/742 698/780/762 697/779/761
f 678/759/742 659/760/724 679/781/744 698/780/762
f 679/761/744 680/762/743 700/783/763 699/782/764
f 680/762/743 681/763/745 701/784/765 700/783/763
f 681/763/745 682/764/746 702/785/766 701/784/765
f 682/764/746 683/765/747 703/786/767 702/785/766
f 683/765/747 684/766/748 704/787/768 703/786/767
f 684/766/748 685/767/749 705/788/769 704/787/768
f 685/767/749 686/768/750 706/789/770 705/788/769
f 686/768/750 687/769/751 707/790/771 706/789/770
f 687/769/751 688/770/752 708/791/772 707/790/771
f 688/770/752 689/771/753 709/792/773 708/791/772
f 689/771/753 690/772/754 710/793/774 709/792/773
f 690/772/754 691/773/755 711/794/775 710/793/774
f 691/773/755 692/774/756 712/795/776 711/794/775
f 692/774/756 693/775/757 713/796/777 712/795/776
f 693/775/757 694/776/758 714/797/778 713/796/777
f 694/776/758 695/777/759 715/798/779 714/797/778
f 695/777/759 696/778/760 716/799/780 715/798/779
f 696/778/760 697/779/761 717/800/781 716/799/780
f 697/779/761 698/780/762 718/801/782 717/800/781
f 698/780/762 679/781/744 699/802/764 718/801/782
f 699/782/764 700/783/763 720/804/783 719/803/784
f 700/783/763 701/784/765 721/805/785 720/804/783
f 701/784/765 702/785/766 722/806/786 721/805/785
f 702/785/766 703/786/767 723/807/787 722/806/786
f 703/786/767 704/787/768 724/808/788 723/807/787
f 704/787/768 705/788/769 725/809/789 724/808/788
f 705/788/769 706/789/770 726/810/790 725/809/789
f 706/789/770 707/790/771 727/811/791 726/810/790
f 707/790/771 708/791/772 728/812/792 727/811/791
f 708/791/772 709/792/773 729/813/793 728/812/792
f 709/792/773 710/793/774 730/814/794 729/813/793
f 710/793/774 711/794/775 731/815/795 730/814/794
f 711/794/775 712/795/776 732/816/796 731/815/795
f 712/795/776 713/796/777 733/817/797 732/816/796
f 713/796/777 714/797/778 734/818/798 733/817/797
f 714/797/778 715/798/779 735/819/799 734/818/798
f 715/798/779 716/799/780 736/820/800 735/819/799
f 716/799/780 717/800/781 737/821/801 736/820/800
f 717/800/781 718/801/782 738/822/802 737/821/801
f 718/801/782 699/802/764 719/823/784 738/822/802
f 719/803/784 720/804/783 740/825/803 739/824/804
f 720/804/783 721/805/785 741/826/805 740/825/803
f 721/805/785 722/806/786 742/827/806 741/826/805
f 722/806/786 723/807/787 743/828/807 742/827/806
f 723/807/787 724/808/788 744/829/808 743/828/807
f 724/808/788 725/809/789 745/830/809 744/829/808
f 725/809/789 726/810/790 746/831/810 745/830/809
f 726/810/790 727/811/791 747/832/811 746/831/810
f 727/811/791 728/812/792 748/833/812 747/832/811
f 728/812/792 729/813/793 749/834/813 748/833/812
f 729/813/793 730/814/794 750/835/814 749/834/813
f 730/814/794 731/815/795 751/836/815 750/835/814
f 731/815/795 732/816/796 752/837/816 751/836/815
f 732/816/796 733/817/797 753/838/817 752/837/816
f 733/817/797 734/818/798 754/839/818 753/838/817
f 734/818/798 735/819/799 755/840/819 754/839/818
f 735/819/799 736/820/800 756/841/820 755/840/819
f 736/820/800 737/821/801 757/842/821 756/841/820
f 737/821/801 738/822/802 758/843/822 757/842/821
f 738/822/802 719/823/784 739/844/804 758/843/822
f 739/824/804 740/825/803 760/846/823 759/845/824
f 740/825/803 741/826/805 761/847/825 760/846/823
f 741/826/805 742/827/806 762/848/826 761/847/825
f 742/827/806 743/828/807 763/849/827 762/848/826
f 743/828/807 744/829/808 764/850/828 763/849/827
f 744/829/808 745/830/809 765/851/829 764/850/828
f 745/830/809 746/831/810 766/852/830 765/851/829
f 746/831/810 747/832/811 767/853/831 766/852/830
f 747/832/811 748/833/812 768/854/832 767/853/831
f 748/833/812 749/834/813 769/855/833 768/854/832
f 749/834/813 750/835/814 770/856/834 769/855/833
f 750/835/814 751/836/815 771/857/835 770/856/834
f 751/836/815 752/837/816 772/858/836 771/857/835
f 752/837/816 753/838/817 773/859/837 772/858/836
f 753/838/817 754/839/818 774/860/838 773/859/837
f 754/839/818 755/840/819 775/861/839 774/860/838
f 755/840/819 756/841/820 776/862/840 775/861/839
f 756/841/820 757/842/821 777/863/841 776/862/840
f 757/842/821 758/843/822 778/864/842 777/863/841
f 758/843/822 739/844/804 759/865/824 778/864/842
f 759/845/824 760/846/823 780/867/843 779/866/844
f 760/846/823 761/847/825 781/868/845 780/867/843
f 761/847/825 762/848/826 782/869/846 781/868/845
f 762/848/826 763/849/827 783/870/847 782/869/846
f 763/849/827 764/850/828 784/871/848 783/870/847
f 764/850/828 765/851/829 785/872/849 784/871/848
f 765/851/829 766/852/830 786/873/850 785/872/849
f 766/852/830 767/853/831 787/874/851 786/873/850
f 767/853/831 768/854/832 788/875/852 787/874/851
f 768/854/832 769/855/833 789/876/853 788/875/852
f 769/855/833 770/856/834 790/877/854 789/876/853
f 770/856/834 771/857/835 791/878/855 790/877/854
f 771/857/835 772/858/836 792/879/856 791/878/855
f 772/858/836 773/859/837 793/880/857 792/879/856
f 773/859/837 774/860/838 794/881/858 793/880/857
f 774/860/838 775/861/839 795/882/859 794/881/858
f 775/861/839 776/862/840 796/883/860 795/882/859
f 776/862/840 777/863/841 797/884/861 796/883/860
f 777/863/841 778/864/842 798/885/862 797/884/861
f 778/864/842 759/865/824 779/886/844 798/885/862
f 779/866/844 780/867/843 800/888/863 799/887/864
f 780/867/843 781/868/845 801/889/865 800/888/863
f 781/868/845 782/869/846 802/890/866 801/889/865
f 782/869/846 783/870/847 803/891/867 802/890/866
f 783/870/847 784/871/848 804/892/868 803/891/867
f 784/871/848 785/872/849 805/893/869 804/892/868
f 785/872/849 786/873/850 806/894/870 805/893/869
f 786/873/850 787/874/851 807/895/871 806/894/870
f 787/874/851 788/875/852 808/896/872 807/895/871
f 788/875/852 789/876/853 809/897/873 808/896/872
f 789/876/853 790/877/854 810/898/874 809/897/873
f 790/877/854 791/878/855 811/899/875 810/898/874
f 791/878/855 792/879/856 812/900/876 811/899/875
f 792/879/856 793/880/857 813/901/877 812/900/876
f 793/880/857 794/881/858 814/902/878 813/901/877
f 794/881/858 795/882/859 815/903/879 814/902/878
f 795/882/859 796/883/860 816/904/880 815/903/879
f 796/883/860 797/884/861 817/905/881 816/904/880
f 797/884/861 798/885/862 818/906/882 817/905/881
f 798/885/862 779/886/844 799/907/864 818/906/882
f 799/887/864 800/888/863 820/909/883 819/908/884
f 800/888/863 801/889/865 821/910/885 820/909/883
f 801/889/865 802/890/866 822/911/886 821/910/885
f 802/890/866 803/891/867 823/912/887 822/911/886
f 803/891/867 804/892/868 824/913/888 823/912/887
f 804/892/868 805/893/869 825/914/889 824/913/888
f 805/893/869 806/894/870 826/915/890 825/914/889
f 806/894/870 807/895/871 827/916/891 826/915/890
f 807/895/871 808/896/872 828/917/892 827/916/891
f 808/896/872 809/897/873 829/918/893 828/917/892
f 809/897/873 810/898/874 830/919/894 829/918/893
f 810/898/874 811/899/875 831/920/895 830/919/894
f 811/899/875 812/900/876 832/921/896 831/920/895
f 812/900/876 813/901/877 833/922/897 832/921/896
f 813/901/877 814/902/878 834/923/898 833/922/897
f 814/902/878 815/903/879 835/924/899 834/923/898
f 815/903/879 816/904/880 836/925/900 835/924/899
f 816/904/880 817/905/881 837/926/901 836/925/900
f 817/905/881 818/906/882 838/927/902 837/926/901
f 818/906/882 799/907/864 819/928/884 838/927/902
f 819/908/884 820/909/883 840/930/903 839/929/904
f 820/909/883 821/910/885 841/931/905 840/930/903
f 821/910/885 822/911/886 842/932/906 841/931/905
f 822/911/886 823/912/887 843/933/907 842/932/906
f 823/912/887 824/913/888 844/934/908 843/933/907
f 824/913/888 825/914/889 845/935/909 844/934/908
f 825/914/889 826/915/890 846/936/910 845/935/909
f 826/915/890 827/916/891 847/937/911 846/936/910
f 827/916/891 828/917/892 848/938/912 847/937/911
f 828/917/892 829/918/893 849/939/913 848/938/912
f 829/918/893 830/919/894 850/940/914 849/939/913
f 830/919/894 831/920/895 851/941/915 850/940/914
f 831/920/895 832/921/896 852/942/916 851/941/915
f 832/921/896 833/922/897 853/943/917 852/942/916
f 833/922/897 834/923/898 854/944/918 853/943/917
f 834/923/898 835/924/899 855/945/919 854/944/918
f 835/924/899 836/925/900 856/946/920 855/945/919
f 836/925/900 837/926/901 857/947/921 856/946/920
f 837/926/901 838/927/902 858/948/922 857/947/921
f 838/927/902 819/928/884 839/949/904 858/948/922
f 839/929/904 840/930/903 860/951/923 859/950/924
f 840/930/903 841/931/905 861/952/925 860/951/923
f 841/931/905 842/932/906 862/953/926 861/952/925
f 842/932/906 843/933/907 863/954/927 862/953/926
f 843/933/907 844/934/908 864/955/928 863/954/927
f 844/934/908 845/935/909 865/956/929 864/955/928
f 845/935/909 846/936/910 866/957/930 865/956/929
f 846/936/910 847/937/911 867/958/931 866/957/930
f 847/937/911 848/938/912 868/959/932 867/958/931
f 848/938/912 849/939/913 869/960/933 868/959/932
f 849/939/913 850/940/914 870/961/934 869/960/933
f 850/940/914 851/941/915 871/962/935 870/961/934
f 851/941/915 852/942/916 872/963/936 871/962/935
f 852/942/916 853/943/917 873/964/937 872/963/936
f 853/943/917 854/944/918 874/965/938 873/964/937
f 854/944/918 855/945/919 875/966/939 874/965/938
f 855/945/919 856/946/920 876/967/940 875/966/939
f 856/946/920 857/947/921 877/968/941 876/967/940
f 857/947/921 858/948/922 878/969/942 877/968/941
f 858/948/922 839/949/904 859/970/924 878/969/942
f 859/950/924 860/951/923 880/972/943 879/971/944
f 860/951/923 861/952/925 881/973/945 880/972/943
f 861/952/925 862/953/926 882/974/946 881/973/945
f 862/953/926 863/954/927 883/975/947 882/974/946
f 863/954/927 864/955/928 884/976/948 883/975/947
f 864/955/928 865/956/929 885/977/949 884/976/948
f 865/956/929 866/957/930 886/978/950 885/977/949
f 866/957/930 867/958/931 887/979/951 886/978/950
f 867/958/931 868/959/932 888/980/952 887/979/951
f 868/959/932 869/960/933 889/981/953 888/980/952
f 869/960/933 870/961/934 890/982/954 889/981/953
f 870/961/934 871/962/935 891/983/955 890/982/954
f 871/962/935 872/963/936 892/984/956 891/983/955
f 872/963/936 873/964/937 893/985/957 892/984/956
f 873/964/937 874/965/938 894/986/958 893/985/957
f 874/965/938 875/966/939 895/987/959 894/986/958
f 875/966/939 876/967/940 896/988/960 895/987/959
f 876/967/940 877/968/941 897/989/961 896/988/960
f 877/968/941 878/969/942 898/990/962 897/989/961
f 878/969/942 859/970/924 879/991/944 898/990/962
f 879/971/944 880/972/943 900/993/963 899/992/964
f 880/972/943 881/973/945 901/994/965 900/993/963
f 881/973/945 882/974/946 902/995/966 901/994/965
f 882/974/946 883/975/947 903/996/967 902/995/966
f 883/975/947 884/976/948 904/997/968 903/996/967
f 884/976/948 885/977/949 905/998/969 904/997/968
f 885/977/949 886/978/950 906/999/970 905/998/969
f 886/978/950 887/979/951 907/1000/971 906/999/970
f 887/979/951 888/980/952 908/1001/972 907/1000/971
f 888/980/952 889/981/953 909/1002/973 908/1001/972
f 889/981/953 890/982/954 910/1003/974 909/1002/973
f 890/982/954 891/983/955 911/1004/975 910/1003/974
f 891/983/955 892/984/956 912/1005/976 911/1004/975
f 892/984/956 893/985/957 913/1006/977 912/1005/976
f 893/985/957 894/986/958 914/1007/978 913/1006/977
f 894/986/958 895/987/959 915/1008/979 914/1007/978
f 895/987/959 896/988/960 916/1009/980 915/1008/979
f 896/988/960 897/989/961 917/1010/981 916/1009/980
f 897/989/961 898/990/962 918/1011/982 917/1010/981
f 898/990/962 879/991/944 899/1012/964 918/1011/982
s 3
f 919/1013/983 920/1014/984 940/1035/985 939/1034/986
f 920/1014/984 921/1015/987 941/1036/988 940/1035/985
f 921/1015/987 922/1016/989 942/1037/990 941/1036/988
f 922/1016/989 923/1017/991 943/1038/992 942/1037/990
f 923/1017/991 924/1018/993 944/1039/994 943/1038/992
f 924/1018/993 925/1019/995 945/1040/996 944/1039/994
f 925/1019/995 926/1020/997 946/1041/998 945/1040/996
f 926/1020/997 927/1021/999 947/1042/1000 946/1041/998
f 927/1021/999 928/1022/1001 948/1043/1002 947/1042/1000
f 928/1022/1001 929/1023/1003 949/1044/1004 948/1043/1002
f 929/1023/1003 930/1024/1005 950/1045/1006 949/1044/1004
f 930/1024/1005 931/1025/1007 951/1046/1008 950/1045/1006
f 931/1025/1007 932/1026/1009 952/1047/1010 951/1046/1008
f 932/1026/1009 933/1027/1011 953/1048/1012 952/1047/1010
f 933/1027/1011 934/1028/1013 954/1049/1014 953/1048/1012
f 934/1028/1013 935/1029/1015 955/1050/1016 954/1049/1014
f 935/1029/1015 936/1030/1017 956/1051/1018 955/1050/1016
f 936/1030/1017 937/1031/1019 957/1052/1020 956/1051/1018
f 937/1031/1019 938/1032/1021 958/1053/1022 957/1052/1020
f 938/1032/1021 919/1033/983 939/1054/986 958/1053/1022
f 939/1034/986 940/1035/985 960/1056/1023 959/1055/1024
f 940/1035/985 941/1036/988 961/1057/1025 960/1056/1023
f 941/1036/988 942/1037/990 962/1058/1026 961/1057/1025
f 942/1037/990 943/1038/992 963/1059/1027 962/1058/1026
f 943/1038/992 944/1039/994 964/1060/1028 963/1059/1027
f 944/1039/994 945/1040/996 965/1061/1029 964/1060/1028
f 945/1040/996 946/1041/998 966/1062/1030 965/1061/1029
f 946/1041/998 947/1042/1000 967/1063/1031 966/1062/1030
f 947/1042/1000 948/1043/1002 968/1064/1032 967/1063/1031
f 948/1043/1002 949/1044/1004 969/1065/1033 968/1064/1032
f 949/1044/1004 950/1045/1006 970/1066/1034 969/1065/1033
f 950/1045/1006 951/1046/1008 971/1067/1035 970/1066/1034
f 951/1046/1008 952/1047/1010 972/1068/1036 971/1067/1035
f 952/1047/1010 953/1048/1012 973/1069/1037 972/1068/1036
f 953/1048/1012 954/1049/1014 974/1070/1038 973/1069/1037
f 954/1049/1014 955/1050/1016 975/1071/1039 974/1070/1038
f 955/1050/1016 956/1051/1018 976/1072/1040 975/1071/1039
f 956/1051/1018 957/1052/1020 977/1073/1041 976/1072/1040
f 957/1052/1020 958/1053/1022 978/1074/1042 977/1073/1041
f 958/1053/1022 939/1054/986 959/1075/1024 978/1074/1042
f 959/1055/1024 960/1056/1023 980/1077/1043 979/1076/1044
f 960/1056/1023 961/1057/1025 981/1078/1045 980/1077/1043
f 961/1057/1025 962/1058/1026 982/1079/1046 981/1078/1045
f 962/1058/1026 963/1059/1027 983/1080/1047 982/1079/1046
f 963/1059/1027 964/1060/1028 984/1081/1048 983/1080/1047
f 964/1060/1028 965/1061/1029 985/1082/1049 984/1081/1048
f 965/1061/1029 966/1062/1030 986/1083/1050 985/1082/1049
f 966/1062/1030 967/1063/1031 987/1084/1051 986/1083/1050
f 967/1063/1031 968/1064/1032 988/1085/1052 987/1084/1051
f 968/1064/1032 969/1065/1033 989/1086/1053 988/1085/1052
f 969/1065/1033 970/1066/1034 990/1087/1054 989/1086/1053
f 970/1066/1034 971/1067/1035 991/1088/1055 990/1087/1054
f 971/1067/1035 972/1068/1036 992/1089/1056 991/1088/1055
f 972/1068/1036 973/1069/1037 993/1090/1057 992/1089/1056
f 973/1069/1037 974/1070/1038 994/1091/1058 993/1090/1057
f 974/1070/1038 975/1071/1039 995/1092/1059 994/1091/1058
f 975/1071/1039 976/1072/1040 996/1093/1060 995/1092/1059
f 976/1072/1040 977/1073/1041 997/1094/1061 996/1093/1060
f 977/1073/1041 978/1074/1042 998/1095/1062 997/1094/1061
f 978/1074/1042 959/1075/1024 979/1096/1044 998/1095/1062
f 979/1076/1044 980/1077/1043 1000/1098/1063 999/1097/1064
f 980/1077/1043 981/1078/1045 1001/1099/1065 1000/1098/1063
f 981/1078/1045 982/1079/1046 1002/1100/1066 1001/1099/1065
f 982/1079/1046 983/1080/1047 1003/1101/1067 1002/1100/1066
f 983/1080/1047 984/1081/1048 1004/1102/1068 1003/1101/1067
f 984/1081/1048 985/1082/1049 1005/1103/1069 1004/1102/1068
f 985/1082/1049 986/1083/1050 1006/1104/1070 1005/1103/1069
f 986/1083/1050 987/1084/1051 1007/1105/1071 1006/1104/1070
f 987/1084/1051 988/1085/1052 1008/1106/1072 1007/1105/1071
f 988/1085/1052 989/1086/1053 1009/1107/1073 1008/1106/1072
f 989/1086/1053 990/1087/1054 1010/1108/1074 1009/1107/1073
f 990/1087/1054 991/1088/1055 1011/1109/1075 1010/1108/1074
f 991/1088/1055 992/1089/1056 1012/1110/1076 1011/1109/1075
f 992/1089/1056 993/1090/1057 1013/1111/1077 1012/1110/1076
f 993/1090/1057 994/1091/1058 1014/1112/1078 1013/1111/1077
f 994/1091/1058 995/1092/1059 1015/1113/1079 1014/1112/1078
f 995/1092/1059 996/1093/1060 1016/1114/1080 1015/1113/1079
f 996/1093/1060 997/1094/1061 1017/1115/1081 1016/1114/1080
f 997/1094/1061 998/1095/1062 1018/1116/1082 1017/1115/1081
f 998/1095/1062 979/1096/1044 999/1117/1064 1018/1116/1082
f 999/1097/1064 1000/1098/1063 1020/1119/1083 1019/1118/1084
f 1000/1098/1063 1001/1099/1065 1021/1120/1085 1020/1119/1083
f 1001/1099/1065 1002/1100/1066 1022/1121/1086 1021/1120/1085
f 1002/1100/1066 1003/1101/1067 1023/1122/1087 1022/1121/1086
f 1003/1101/1067 1004/1102/1068 1024/1123/1088 1023/1122/1087
f 1004/1102/1068 1005/1103/1069 1025/1124/1089 1024/1123/1088
f 1005/1103/1069 1006/1104/1070 1026/1125/1090 1025/1124/1089
f 1006/1104/1070 1007/1105/1071 1027/1126/1091 1026/1125/1090
f 1007/1105/1071 1008/1106/1072 1028/1127/1092 1027/1126/1091
f 1008/1106/1072 1009/1107/1073 1029/1128/1093 1028/1127/1092
f 1009/1107/1073 1010/1108/1074 1030/1129/1094 1029/1128/1093
f 1010/1108/1074 1011/1109/1075 1031/1130/1095 1030/1129/1094
f 1011/1109/1075 1012/1110/1076 1032/1131/1096 1031/1130/1095
f 1012/1110/1076 1013/1111/1077 1033/1132/1097 1032/1131/1096
f 1013/1111/1077 1014/1112/1078 1034/1133/1098 1033/1132/1097
f 1014/1112/1078 1015/1113/1079 1035/1134/1099 1034/1133/1098
f 1015/1113/1079 1016/1114/1080 1036/1135/1100 1035/1134/1099
f 1016/1114/1080 1017/1115/1081 1037/1136/1101 1036/1135/1100
f 1017/1115/1081 1018/1116/1082 1038/1137/1102 1037/1136/1101
f 1018/1116/1082 999/1117/1064 1019/1138/1084 1038/1137/1102
f 1019/1118/1084 1020/1119/1083 1040/1140/1103 1039/1139/1104
f 1020/1119/1083 1021/1120/1085 1041/1141/1105 1040/1140/1103
f 1021/1120/1085 1022/1121/1086 1042/1142/1106 1041/1141/1105
f 1022/1121/1086 1023/1122/1087 1043/1143/1107 1042/1142/1106
f 1023/1122/1087 1024/1123/1088 1044/1144/1108 1043/1143/1107
f 1024/1123/1088 1025/1124/1089 1045/1145/1109 1044/1144/1108
f 1025/1124/1089 1026/1125/1090 1046/1146/1110 1045/1145/1109
f 1026/1125/1090 1027/1126/1091 1047/1147/1111 1046/1146/1110
f 1027/1126/1091 1028/1127/1092 1048/1148/1112 1047/1147/1111
f 1028/1127/1092 1029/1128/1093 1049/1149/1113 1048/1148/1112
f 1029/1128/1093 1030/1129/1094 1050/1150/1114 1049/1149/1113
f 1030/1129/1094 1031/1130/1095 1051/1151/1115 1050/1150/1114
f 1031/1130/1095 1032/1131/1096 1052/1152/1116 1051/1151/1115
f 1032/1131/1096 1033/1132/1097 1053/1153/1117 1052/1152/1116
f 1033/1132/1097 1034/1133/1098 1054/1154/1118 1053/1153/1117
f 1034/1133/1098 1035/1134/1099 1055/1155/1119 1054/1154/1118
f 1035/1134/1099 1036/1135/1100 1056/1156/1120 1055/1155/1119
f 1036/1135/1100 1037/1136/1101 1057/1157/1121 1056/1156/1120
f 1037/1136/1101 1038/1137/1102 1058/1158/1122 1057/1157/1121
f 1038/1137/1102 1019/1138/1084 1039/1159/1104 1058/1158/1122
f 1039/1139/1104 1040/1140/1103 1060/1161/1123 1059/1160/1124
f 1040/1140/1103 1041/1141/1105 1061/1162/1125 1060/1161/1123
f 1041/1141/1105 1042/1142/1106 1062/1163/1126 1061/1162/1125
f 1042/1142/1106 1043/1143/1107 1063/1164/1127 1062/1163/1126
f 1043/1143/1107 1044/1144/1108 1064/1165/1128 1063/1164/1127
f 1044/1144/1108 1045/1145/1109 1065/1166/1129 1064/1165/1128
f 1045/1145/1109 1046/1146/1110 1066/1167/1130 1065/1166/1129
f 1046/1146/1110 1047/1147/1111 1067/1168/1131 1066/1167/1130
f 1047/1147/1111 1048/1148/1112 1068/1169/1132 1067/1168/1131
f 1048/1148/1112 1049/1149/1113 1069/1170/1133 1068/1169/1132
f 1049/1149/1113 1050/1150/1114 1070/1171/1134 1069/1170/1133
f 1050/1150/1114 1051/1151/1115 1071/1172/1135 1070/1171/1134
f 1051/1151/1115 1052/1152/1116 1072/1173/1136 1071/1172/1135
f 1052/1152/1116 1053/1153/1117 1073/1174/1137 1072/1173/1136
f 1053/1153/1117 1054/1154/1118 1074/1175/1138 1073/1174/1137
f 1054/1154/1118 1055/1155/1119 1075/1176/1139 1074/1175/1138
f 1055/1155/1119 1056/1156/1120 1076/1177/1140 1075/1176/1139
f 1056/1156/1120 1057/1157/1121 1077/1178/1141 1076/1177/1140
f 1057/1157/1121 1058/1158/1122 1078/1179/1142 1077/1178/1141
f 1058/1158/1122 1039/1159/1104 1059/1180/1124 1078/1179/1142
f 1059/1160/1124 1060/1161/1123 1080/1182/1143 1079/1181/1144
f 1060/1161/1123 1061/1162/1125 1081/1183/1145 1080/1182/1143
f 1061/1162/1125 1062/1163/1126 1082/1184/1146 1081/1183/1145
f 1062/1163/1126 1063/1164/1127 1083/1185/1147 1082/1184/1146
f 1063/1164/1127 1064/1165/1128 1084/1186/1148 1083/1185/1147
f 1064/1165/1128 1065/1166/1129 1085/1187/1149 1084/1186/1148
f 1065/1166/1129 1066/1167/1130 1086/1188/1150 1085/1187/1149
f 1066/1167/1130 1067/1168/1131 1087/1189/1151 1086/1188/1150
f 1067/1168/1131 1068/1169/1132 1088/1190/1152 1087/1189/1151
f 1068/1169/1132 1069/1170/1133 1089/1191/1153 1088/1190/1152
f 1069/1170/1133 1070/1171/1134 1090/1192/1154 1089/1191/1153
f 1070/1171/1134 1071/1172/1135 1091/1193/1155 1090/1192/1154
f 1071/1172/1135 1072/1173/1136 1092/1194/1156 1091/1193/1155
f 1072/1173/1136 1073/1174/1137 1093/1195/1157 1092/1194/1156
f 1073/1174/1137 1074/1175/1138 1094/1196/1158 1093/1195/1157
f 1074/1175/1138 1075/1176/1139 1095/1197/1159 1094/1196/1158
f 1075/1176/1139 1076/1177/1140 1096/1198/1160 1095/1197/1159
f 1076/1177/1140 1077/1178/1141 1097/1199/1161 1096/1198/1160
f 1077/1178/1141 1078/1179/1142 1098/1200/1162 1097/1199/1161
f 1078/1179/1142 1059/1180/1124 1079/1201/1144 1098/1200/1162
f 1079/1181/1144 1080/1182/1143 1100/1203/1163 1099/1202/1164
f 1080/1182/1143 1081/1183/1145 1101/1204/1165 1100/1203/1163
f 1081/1183/1145 1082/1184/1146 1102/1205/1166 1101/1204/1165
f 1082/1184/1146 1083/1185/1147 1103/1206/1167 1102/1205/1166
f 1083/1185/1147 1084/1186/1148 1104/1207/1168 1103/1206/1167
f 1084/1186/1148 1085/1187/1149 1105/1208/1169 1104/1207/1168
f 1085/1187/1149 1086/1188/1150 1106/1209/1170 1105/1208/1169
f 1086/1188/1150 1087/1189/1151 1107/1210/1171 1106/1209/1170
f 1087/1189/1151 1088/1190/1152 1108/1211/1172 1107/1210/1171
f 1088/1190/1152 1089/1191/1153 1109/1212/1173 1108/1211/1172
f 1089/1191/1153 1090/1192/1154 1110/1213/1174 1109/1212/1173
f 1090/1192/1154 1091/1193/1155 1111/1214/1175 1110/1213/1174
f 1091/1193/1155 1092/1194/1156 1112/1215/1176 1111/1214/1175
f 1092/1194/1156 1093/1195/1157 1113/1216/1177 1112/1215/1176
f 1093/1195/1157 1094/1196/1158 1114/1217/1178 1113/1216/1177
f 1094/1196/1158 1095/1197/1159 1115/1218/1179 1114/1217/1178
f 1095/1197/1159 1096/1198/1160 1116/1219/1180 1115/1218/1179
f 1096/1198/1160 1097/1199/1161 1117/1220/1181 1116/1219/1180
f 1097/1199/1161 1098/1200/1162 1118/1221/1182 1117/1220/1181
f 1098/1200/1162 1079/1201/1144 1099/1222/1164 1118/1221/1182
f 1099/1202/1164 1100/1203/1163 1120/1224/1183 1119/1223/1184
f 1100/1203/1163 1101/1204/1165 1121/1225/1185 1120/1224/1183
f 1101/1204/1165 1102/1205/1166 1122/1226/1186 1121/1225/1185
f 1102/1205/1166 1103/1206/1167 1123/1227/1187 1122/1226/1186
f 1103/1206/1167 1104/1207/1168 1124/1228/1188 1123/1227/1187
f 1104/1207/1168 1105/1208/1169 1125/1229/1189 1124/1228/1188
f 1105/1208/1169 1106/1209/1170 1126/1230/1190 1125/1229/1189
f 1106/1209/1170 1107/1210/1171 1127/1231/1191 1126/1230/1190
f 1107/1210/1171 1108/1211/1172 1128/1232/1192 1127/1231/1191
f 1108/1211/1172 1109/1212/1173 1129/1233/1193 1128/1232/1192
f 1109/1212/1173 1110/1213/1174 1130/1234/1194 1129/1233/1193
f 1110/1213/1174 1111/1214/1175 1131/1235/1195 1130/1234/1194
f 1111/1214/1175 1112/1215/1176 1132/1236/1196 1131/1235/1195
f 1112/1215/1176 1113/1216/1177 1133/1237/1197 1132/1236/1196
f 1113/1216/1177 1114/1217/1178 1134/1238/1198 1133/1237/1197
f 1114/1217/1178 1115/1218/1179 1135/1239/1199 1134/1238/1198
f 1115/1218/1179 1116/1219/1180 1136/1240/1200 1135/1239/1199
f 1116/1219/1180 1117/1220/1181 1137/1241/1201 1136/1240/1200
f 1117/1220/1181 1118/1221/1182 1138/1242/1202 1137/1241/1201
f 1118/1221/1182 1099/1222/1164 1119/1243/1184 1138/1242/1202
f 1119/1223/1184 1120/1224/1183 1140/1245/1203 1139/1244/1204
f 1120/1224/1183 1121/1225/1185 1141/1246/1205 1140/1245/1203
f 1121/1225/1185 1122/1226/1186 1142/1247/1206 1141/1246/1205
f 1122/1226/1186 1123/1227/1187 1143/1248/1207 1142/1247/1206
f 1123/1227/1187 1124/1228/1188 1144/1249/1208 1143/1248/1207
f 1124/1228/1188 1125/1229/1189 1145/1250/1209 1144/1249/1208
f 1125/1229/1189 1126/1230/1190 1146/1251/1210 1145/1250/1209
f 1126/1230/1190 1127/1231/1191 1147/1252/1211 1146/1251/1210
f 1127/1231/1191 1128/1232/1192 1148/1253/1212 1147/1252/1211
f 1128/1232/1192 1129/1233/1193 1149/1254/1213 1148/1253/1212
f 1129/1233/1193 1130/1234/1194 1150/1255/1214 1149/1254/1213
f 1130/1234/1194 1131/1235/1195 1151/1256/1215 1150/1255/1214
f 1131/1235/1195 1132/1236/1196 1152/1257/1216 1151/1256/1215
f 1132/1236/1196 1133/1237/1197 1153/1258/1217 1152/1257/1216
f 1133/1237/1197 1134/1238/1198 1154/1259/1218 1153/1258/1217
f 1134/1238/1198 1135/1239/1199 1155/1260/1219 1154/1259/1218
f 1135/1239/1199 1136/1240/1200 1156/1261/1220 1155/1260/1219
f 1136/1240/1200 1137/1241/1201 1157/1262/1221 1156/1261/1220
f 1137/1241/1201 1138/1242/1202 1158/1263/1222 1157/1262/1221
f 1138/1242/1202 1119/1243/1184 1139/1264/1204 1158/1263/1222
f 1139/1244/1204 1140/1245/1203 1160/1266/1223 1159/1265/1224
f 1140/1245/1203 1141/1246/1205 1161/1267/1225 1160/1266/1223
f 1141/1246/1205 1142/1247/1206 1162/1268/1226 1161/1267/1225
f 1142/1247/1206 1143/1248/1207 1163/1269/1227 1162/1268/1226
f 1143/1248/1207 1144/1249/1208 1164/1270/1228 1163/1269/1227
f 1144/1249/1208 1145/1250/1209 1165/1271/1229 1164/1270/1228
f 1145/1250/1209 1146/1251/1210 1166/1272/1230 1165/1271/1229
f 1146/1251/1210 1147/1252/1211 1167/1273/1231 1166/1272/1230
f 1147/1252/1211 1148/1253/1212 1168/1274/1232 1167/1273/1231
f 1148/1253/1212 1149/1254/1213 1169/1275/1233 1168/1274/1232
f 1149/1254/1213 1150/1255/1214 1170/1276/1234 1169/1275/1233
f 1150/1255/1214 1151/1256/1215 1171/1277/1235 1170/1276/1234
f 1151/1256/1215 1152/1257/1216 1172/1278/1236 1171/1277/1235
f 1152/1257/1216 1153/1258/1217 1173/1279/1237 1172/1278/1236
f 1153/1258/1217 1154/1259/1218 1174/1280/1238 1173/1279/1237
f 1154/1259/1218 1155/1260/1219 1175/1281/1239 1174/1280/1238
f 1155/1260/1219 1156/1261/1220 1176/1282/1240 1175/1281/1239
f 1156/1261/1220 1157/1262/1221 1177/1283/1241 1176/1282/1240
f 1157/1262/1221 1158/1263/1222 1178/1284/1242 1177/1283/1241
f 1158/1263/1222 1139/1264/1204 1159/1285/1224 1178/1284/1242
f 1159/1265/1224 1160/1266/1223 1180/1287/1243 1179/1286/1244
f 1160/1266/1223 1161/1267/1225 1181/1288/1245 1180/1287/1243
f 1161/1267/1225 1162/1268/1226 1182/1289/1246 1181/1288/1245
f 1162/1268/1226 1163/1269/1227 1183/1290/1247 1182/1289/1246
f 1163/1269/1227 1164/1270/1228 1184/1291/1248 1183/1290/1247
f 1164/1270/1228 1165/1271/1229 1185/1292/1249 1184/1291/1248
f 1165/1271/1229 1166/1272/1230 1186/1293/1250 1185/1292/1249
f 1166/1272/1230 1167/1273/1231 1187/1294/1251 1186/1293/1250
f 1167/1273/1231 1168/1274/1232 1188/1295/1252 1187/1294/1251
f 1168/1274/1232 1169/1275/1233 1189/1296/1253 1188/1295/1252
f 1169/1275/1233 1170/1276/1234 1190/1297/1254 1189/1296/1253
f 1170/1276/1234 1171/1277/1235 1191/1298/1255 1190/1297/1254
f 1171/1277/1235 1172/1278/1236 1192/1299/1256 1191/1298/1255
f 1172/1278/1236 1173/1279/1237 1193/1300/1257 1192/1299/1256
f 1173/1279/1237 1174/1280/1238 1194/1301/1258 1193/1300/1257
f 1174/1280/1238 1175/1281/1239 1195/1302/1259 1194/1301/1258
f 1175/1281/1239 1176/1282/1240 1196/1303/1260 1195/1302/1259
f 1176/1282/1240 1177/1283/1241 1197/1304/1261 1196/1303/1260
f 1177/1283/1241 1178/1284/1242 1198/1305/1262 1197/1304/1261
f 1178/1284/1242 1159/1285/1224 1179/1306/1244 1198/1305/1262
f 1179/1286/1244 1180/1287/1243 1200/1308/1263 1199/1307/1264
f 1180/1287/1243 1181/1288/1245 1201/1309/1265 1200/1308/1263
f 1181/1288/1245 1182/1289/1246 1202/1310/1266 1201/1309/1265
f 1182/1289/1246 1183/1290/1247 1203/1311/1267 1202/1310/1266
f 1183/1290/1247 1184/1291/1248 1204/1312/1268 1203/1311/1267
f 1184/1291/1248 1185/1292/1249 1205/1313/1269 1204/1312/1268
f 1185/1292/1249 1186/1293/1250 1206/1314/1270 1205/1313/1269
f 1186/1293/1250 1187/1294/1251 1207/1315/1271 1206/1314/1270
f 1187/1294/1251 1188/1295/1252 1208/1316/1272 1207/1315/1271
f 1188/1295/1252 1189/1296/1253 1209/1317/1273 1208/1316/1272
f 1189/1296/1253 1190/1297/1254 1210/1318/1274 1209/1317/1273
f 1190/1297/1254 1191/1298/1255 1211/1319/1275 1210/1318/1274
f 1191/1298/1255 1192/1299/1256 1212/1320/1276 1211/1319/1275
f 1192/1299/1256 1193/1300/1257 1213/1321/1277 1212/1320/1276
f 1193/1300/1257 1194/1301/1258 1214/1322/1278 1213/1321/1277
f 1194/1301/1258 1195/1302/1259 1215/1323/1279 1214/1322/1278
f 1195/1302/1259 1196/1303/1260 1216/1324/1280 1215/1323/1279
f 1196/1303/1260 1197/1304/1261 1217/1325/1281 1216/1324/1280
f 1197/1304/1261 1198/1305/1262 1218/1326/1282 1217/1325/1281
f 1198/1305/1262 1179/1306/1244 1199/1327/1264 1218/1326/1282
f 1199/1307/1264 1200/1308/1263 1220/1329/1283 1219/1328/1284
f 1200/1308/1263 1201/1309/1265 1221/1330/1285 1220/1329/1283
f 1201/1309/1265 1202/1310/1266 1222/1331/1286 1221/1330/1285
f 1202/1310/1266 1203/1311/1267 1223/1332/1287 1222/1331/1286
f 1203/1311/1267 1204/1312/1268 1224/1333/1288 1223/1332/1287
f 1204/1312/1268 1205/1313/1269 1225/1334/1289 1224/1333/1288
f 1205/1313/1269 1206/1314/1270 1226/1335/1290 1225/1334/1289
f 1206/1314/1270 1207/1315/1271 1227/1336/1291 1226/1335/1290
f 1207/1315/1271 1208/1316/1272 1228/1337/1292 1227/1336/1291
f 1208/1316/1272 1209/1317/1273 1229/1338/1293 1228/1337/1292
f 1209/1317/1273 1210/1318/1274 1230/1339/1294 1229/1338/1293
f 1210/1318/1274 1211/1319/1275 1231/1340/1295 1230/1339/1294
f 1211/1319/1275 1212/1320/1276 1232/1341/1296 1231/1340/1295
f 1212/1320/1276 1213/1321/1277 1233/1342/1297 1232/1341/1296
f 1213/1321/1277 1214/1322/1278 1234/1343/1298 1233/1342/1297
f 1214/1322/1278 1215/1323/1279 1235/1344/1299 1234/1343/1298
f 1215/1323/1279 1216/1324/1280 1236/1345/1300 1235/1344/1299
f 1216/1324/1280 1217/1325/1281 1237/1346/1301 1236/1345/1300
f 1217/1325/1281 1218/1326/1282 1238/1347/1302 1237/1346/1301
f 1218/1326/1282 1199/1327/1264 1219/1348/1284 1238/1347/1302
f 1219/1328/1284 1220/1329/1283 1240/1350/1303 1239/1349/1304
f 1220/1329/1283 1221/1330/1285 1241/1351/1305 1240/1350/1303
f 1221/1330/1285 1222/1331/1286 1242/1352/1306 1241/1351/1305
f 1222/1331/1286 1223/1332/1287 1243/1353/1307 1242/1352/1306
f 1223/1332/1287 1224/1333/1288 1244/1354/1308 1243/1353/1307
f 1224/1333/1288 1225/1334/1289 1245/1355/1309 1244/1354/1308
f 1225/1334/1289 1226/1335/1290 1246/1356/1310 1245/1355/1309
f 1226/1335/1290 1227/1336/1291 1247/1357/1311 1246/1356/1310
f 1227/1336/1291 1228/1337/1292 1248/1358/1312 1247/1357/1311
f 1228/1337/1292 1229/1338/1293 1249/1359/1313 1248/1358/1312
f 1229/1338/1293 1230/1339/1294 1250/1360/1314 1249/1359/1313
f 1230/1339/1294 1231/1340/1295 1251/1361/1315 1250/1360/1314
f 1231/1340/1295 1232/1341/1296 1252/1362/1316 1251/1361/1315
f 1232/1341/1296 1233/1342/1297 1253/1363/1317 1252/1362/1316
f 1233/1342/1297 1234/1343/1298 1254/1364/1318 1253/1363/1317
f 1234/1343/1298 1235/1344/1299 1255/1365/1319 1254/1364/1318
f 1235/1344/1299 1236/1345/1300 1256/1366/1320 1255/1365/1319
f 1236/1345/1300 1237/1346/1301 1257/1367/1321 1256/1366/1320
f 1237/1346/1301 1238/1347/1302 1258/1368/1322 1257/1367/1321
f 1238/1347/1302 1219/1348/1284 1239/1369/1304 1258/1368/1322
f 1239/1349/1304 1240/1350/1303 1260/1371/1323 1259/1370/1324
f 1240/1350/1303 1241/1351/1305 1261/1372/1325 1260/1371/1323
f 1241/1351/1305 1242/1352/1306 1262/1373/1326 1261/1372/1325
f 1242/1352/1306 1243/1353/1307 1263/1374/1327 1262/1373/1326
f 1243/1353/1307 1244/1354/1308 1264/1375/1328 1263/1374/1327
f 1244/1354/1308 1245/1355/1309 1265/1376/1329 1264/1375/1328
f 1245/1355/1309 1246/1356/1310 1266/1377/1330 1265/1376/1329
f 1246/1356/1310 1247/1357/1311 1267/1378/1331 1266/1377/1330
f 1247/1357/1311 1248/1358/1312 1268/1379/1332 1267/1378/1331
f 1248/1358/1312 1249/1359/1313 1269/1380/1333 1268/1379/1332
f 1249/1359/1313 1250/1360/1314 1270/1381/1334 1269/1380/1333
f 1250/1360/1314 1251/1361/1315 1271/1382/1335 1270/1381/1334
f 1251/1361/1315 1252/1362/1316 1272/1383/1336 1271/1382/1335
f 1252/1362/1316 1253/1363/1317 1273/1384/1337 1272/1383/1336
f 1253/1363/1317 1254/1364/1318 1274/1385/1338 1273/1384/1337
f 1254/1364/1318 1255/1365/1319 1275/1386/1339 1274/1385/1338
f 1255/1365/1319 1256/1366/1320 1276/1387/1340 1275/1386/1339
f 1256/1366/1320 1257/1367/1321 1277/1388/1341 1276/1387/1340
f 1257/1367/1321 1258/1368/1322 1278/1389/1342 1277/1388/1341
f 1258/1368/1322 1239/1369/1304 1259/1390/1324 1278/1389/1342
f 1259/1370/1324 1260/1371/1323 1280/1392/1343 1279/1391/1344
f 1260/1371/1323 1261/1372/1325 1281/1393/1345 1280/1392/1343
f 1261/1372/1325 1262/1373/1326 1282/1394/1346 1281/1393/1345
f 1262/1373/1326 1263/1374/1327 1283/1395/1347 1282/1394/1346
f 1263/1374/1327 1264/1375/1328 1284/1396/1348 1283/1395/1347
f 1264/1375/1328 1265/1376/1329 1285/1397/1349 1284/1396/1348
f 1265/1376/1329 1266/1377/1330 1286/1398/1350 1285/1397/1349
f 1266/1377/1330 1267/1378/1331 1287/1399/1351 1286/1398/1350
f 1267/1378/1331 1268/1379/1332 1288/1400/1352 1287/1399/1351
f 1268/1379/1332 1269/1380/1333 1289/1401/1353 1288/1400/1352
f 1269/1380/1333 1270/1381/1334 1290/1402/1354 1289/1401/1353
f 1270/1381/1334 1271/1382/1335 1291/1403/1355 1290/1402/1354
f 1271/1382/1335 1272/1383/1336 1292/1404/1356 1291/1403/1355
f 1272/1383/1336 1273/1384/1337 1293/1405/1357 1292/1404/1356
f 1273/1384/1337 1274/1385/1338 1294/1406/1358 1293/1405/1357
f 1274/1385/1338 1275/1386/1339 1295/1407/1359 1294/1406/1358
f 1275/1386/1339 1276/1387/1340 1296/1408/1360 1295/1407/1359
f 1276/1387/1340 1277/1388/1341 1297/1409/1361 1296/1408/1360
f 1277/1388/1341 1278/1389/1342 1298/1410/1362 1297/1409/1361
f 1278/1389/1342 1259/1390/1324 1279/1411/1344 1298/1410/1362
f 1279/1391/1344 1280/1392/1343 1300/1413/1363 1299/1412/1364
f 1280/1392/1343 1281/1393/1345 1301/1414/1365 1300/1413/1363
f 1281/1393/1345 1282/1394/1346 1302/1415/1366 1301/1414/1365
f 1282/1394/1346 1283/1395/1347 1303/1416/1367 1302/1415/1366
f 1283/1395/1347 1284/1396/1348 1304/1417/1368 1303/1416/1367
f 1284/1396/1348 1285/1397/1349 1305/1418/1369 1304/1417/1368
f 1285/1397/1349 1286/1398/1350 1306/1419/1370 1305/1418/1369
f 1286/1398/1350 1287/1399/1351 1307/1420/1371 1306/1419/1370
f 1287/1399/1351 1288/1400/1352 1308/1421/1372 1307/1420/1371
f 1288/1400/1352 1289/1401/1353 1309/1422/1373 1308/1421/1372
f 1289/1401/1353 1290/1402/1354 1310/1423/1374 1309/1422/1373
f 1290/1402/1354 1291/1403/1355 1311/1424/1375 1310/1423/1374
f 1291/1403/1355 1292/1404/1356 1312/1425/1376 1311/1424/1375
f 1292/1404/1356 1293/1405/1357 1313/1426/1377 1312/1425/1376
f 1293/1405/1357 1294/1406/1358 1314/1427/1378 1313/1426/1377
f 1294/1406/1358 1295/1407/1359 1315/1428/1379 1314/1427/1378
f 1295/1407/1359 1296/1408/1360 1316/1429/1380 1315/1428/1379
f 1296/1408/1360 1297/1409/1361 1317/1430/1381 1316/1429/1380
f 1297/1409/1361 1298/1410/1362 1318/1431/1382 1317/1430/1381
f 1298/1410/1362 1279/1411/1344 1299/1432/1364 1318/1431/1382
f 1299/1412/1364 1300/1413/1363 1320/1434/1383 1319/1433/1384
f 1300/1413/1363 1301/1414/1365 1321/1435/1385 1320/1434/1383
f 1301/1414/1365 1302/1415/1366 1322/1436/1386 1321/1435/1385
f 1302/1415/1366 1303/1416/1367 1323/1437/1387 1322/1436/1386
f 1303/1416/1367 1304/1417/1368 1324/1438/1388 1323/1437/1387
f 1304/1417/1368 1305/1418/1369 1325/1439/1389 1324/1438/1388
f 1305/1418/1369 1306/1419/1370 1326/1440/1390 1325/1439/1389
f 1306/1419/1370 1307/1420/1371 1327/1441/1391 1326/1440/1390
f 1307/1420/1371 1308/1421/1372 1328/1442/1392 1327/1441/1391
f 1308/1421/1372 1309/1422/1373 1329/1443/1393 1328/1442/1392
f 1309/1422/1373 1310/1423/1374 1330/1444/1394 1329/1443/1393
f 1310/1423/1374 1311/1424/1375 1331/1445/1395 1330/1444/1394
f 1311/1424/1375 1312/1425/1376 1332/1446/1396 1331/1445/1395
f 1312/1425/1376 1313/1426/1377 1333/1447/1397 1332/1446/1396
f 1313/1426/1377 1314/1427/1378 1334/1448/1398 1333/1447/1397
f 1314/1427/1378 1315/1428/1379 1335/1449/1399 1334/1448/1398
f 1315/1428/1379 1316/1429/1380 1336/1450/1400 1335/1449/1399
f 1316/1429/1380 1317/1430/1381 1337/1451/1401 1336/1450/1400
f 1317/1430/1381 1318/1431/1382 1338/1452/1402 1337/1451/1401
f 1318/1431/1382 1299/1432/1364 1319/1453/1384 1338/1452/1402
